sector,N_foot,N_split,D_foot,D_split,Celec_foot,Celec_split,Lelec_foot,Lelec_split,dN,dN_pct,dD,dD_pct,elec_share_N,Crest_foot,Crest_split,dCelec,dCrest,eff_int_foot,eff_int_split,N_mixed,D_mixed,Celec_mixed,dN_mixed_vs_foot,dN_pct_mixed_vs_foot,dN_mixed_vs_split,dN_pct_mixed_vs_split,Celec_ratio_mixed_split,dD_pct_mixed_vs_foot,end_use,end_use_rule
1111A0,1.0845971592157708,1.0918744810034047,0.7050950779396016,0.7049770006560052,0.027476294001903594,0.03505784538322342,0.011516096571468315,0.01172208687777002,0.00727732178763385,0.006709700210625476,-0.00011807728359636283,-0.00016746292420789997,0.025333179022680286,1.0571208652138673,1.0568166356201814,0.007581551381319829,-0.00030422959368592295,2.385903403239726,2.9907511988934123,1.1042682195267555,0.7049770006560052,0.0468384986774529,0.019671060310984645,0.018136743346449484,0.012393738523350795,0.011350882119674843,1.3360347210575294,-0.00016746292420789997,Industrial,naics_11
1111B0,2.508183672540384,2.5189956410050645,1.7845449726351263,1.7842519771412801,0.04630990431141228,0.05908765443612879,0.01940979850589502,0.019756793697179302,0.010811968464680355,0.004310676519845766,-0.00029299549384620427,-0.00016418498739964848,0.018463521957507938,2.4618737682289717,2.4599079865689357,0.012777750124716512,-0.0019657816600360256,2.385903403239726,2.9907511988934115,2.540304178209268,1.7842519771412801,0.07934211506856197,0.032120505668884025,0.012806281302497736,0.02130853720420367,0.008459140165761339,1.3427866755876623,-0.00016418498739964848,Industrial,naics_11
111200,1.1453325927331992,1.1610102359539218,0.8421114608530681,0.841924321357902,0.058252623076372655,0.07432628515068704,0.024415331734417105,0.024852045592487937,0.015677643220722626,0.013688288729573133,-0.00018713949516613315,-0.0002222265149752965,0.05086087957853337,1.0870799696568265,1.0866839508032349,0.016073662074314383,-0.0003960188535916398,2.385903403239726,2.9907511988934123,1.195093887484188,0.841924321357902,0.10672390923504796,0.049761294750988894,0.04344702583922764,0.03408365153026627,0.02935689150256465,1.4358838063637767,-0.0002222265149752965,Industrial,naics_11
111300,0.8352600870597722,0.8434414810850704,0.6696528036709768,0.66953381516486,0.030912381133081226,0.039441980672783886,0.012956258451665101,0.013187984573032201,0.008181394025298272,0.009795025707618664,-0.00011898850611680167,-0.0001776868631991344,0.03700928801937246,0.8043477059266909,0.8039995004122865,0.00852959953970266,-0.0003482055144043983,2.385903403239726,2.9907511988934123,0.8617262636349868,0.66953381516486,0.056822263738711395,0.02646617657521466,0.03168615020068678,0.01828478254991639,0.021678780282887423,1.440654418704698,-0.0001776868631991344,Industrial,naics_11
111400,1.3344748600262928,1.3398399850198706,1.0081554455576507,1.007875421886494,0.02673854297482553,0.03411585413782329,0.011206884125534293,0.011407118770175959,0.0053651249935777745,0.004020401698292066,-0.0002800236711566484,-0.00027775842742361643,0.020036752864942473,1.3077363170514673,1.3057241308820473,0.007377311162997759,-0.002012186169420005,2.385903403239726,2.990751198893412,1.3526400584441234,1.007875421886494,0.04628274202784062,0.018165198417830597,0.01361224475781634,0.012800073424252822,0.009553434415575372,1.3566344210778016,-0.00027775842742361643,Industrial,naics_11
111900,1.8117854170497312,1.826398128268399,1.4115861994579812,1.4111887516667219,0.05715752050398752,0.0729288355458286,0.023956343088481928,0.024384788535005017,0.014612711218667807,0.008065365291692656,-0.00039744779125938656,-0.00028156111997410996,0.031547621460085204,1.7546278965457436,1.7534692927225703,0.01577131504184108,-0.001158603823173232,2.385903403239726,2.990751198893413,1.8587920812850167,1.411188751666722,0.10372034600082915,0.047006664235285545,0.025944940163957216,0.03239395301661774,0.01773652333258265,1.4222131098699788,-0.00028156111997395264,Industrial,naics_11
112120,3.0091541241756423,3.036194212564013,2.135456965193991,2.13515419951228,0.09912114052490896,0.12647180832618152,0.041544490187790585,0.042287639430848165,0.027040088388370798,0.008985943315807538,-0.0003027656817109481,-0.00014178027777930145,0.03293986829340727,2.9100329836507335,2.9097224042378316,0.027350667801272557,-0.0003105794129019124,2.385903403239726,2.9907511988934132,3.0913313154124937,2.13515419951228,0.1788814255762442,0.08217719123685141,0.02730906688249604,0.05513710284848061,0.018159939380794184,1.4143976269786056,-0.00014178027777930145,Industrial,naics_11
1121A0,3.2008932872986517,3.2072334769657553,1.7014728564401376,1.701391439493538,0.025146317155351594,0.03208482492462129,0.010539536982598031,0.010728015401780252,0.006340189667103591,0.0019807563383202643,-8.14169465994663e-05,-4.7850864203504715e-05,0.007856031082052557,3.1757469701433,3.175148652041134,0.006938507769269693,-0.00059831810216604,2.385903403239726,2.990751198893413,3.2175929033906017,1.701391439493538,0.04193179812066285,0.01669961609194992,0.00521717364281248,0.01035942642484633,0.0032300194230471175,1.3069043767318542,-4.7850864203504715e-05,Industrial,naics_11
112300,1.1938128816719613,1.2090673942941597,0.41029102653439137,0.4101791338294884,0.05955911086344574,0.07599294036934744,0.024962917938158236,0.025409315357782042,0.015254512622198346,0.012777976227592773,-0.00011189270490297165,-0.0002727154572404293,0.049889820907303234,1.1342537708085156,1.1330744539248123,0.0164338295059017,-0.0011793168837033186,2.385903403239726,2.9907511988934123,1.2346610318120763,0.4101791338294884,0.10032052881803671,0.040848150140115,0.03421654328516398,0.025593637517916656,0.021168081811401375,1.3201295848068286,-0.0002727154572404293,Industrial,naics_11
112A00,1.4945408714310064,1.4991315077440597,1.2127633150360397,1.2126919878057367,0.017338960527007313,0.022123284937887407,0.007267251684818174,0.007397233493067925,0.004590636313053231,0.0030716030593781938,-7.13272303030088e-05,-5.881380927233041e-05,0.011601529846691612,1.477201910903999,1.4770082228061723,0.004784324410880093,-0.0001936880978268274,2.385903403239726,2.9907511988934132,1.5078604190724652,1.2126919878057367,0.030420400275787157,0.013319547641458707,0.00891213341573281,0.008728911328405475,0.005822645500621234,1.3750399346749116,-5.881380927233041e-05,Industrial,naics_11
113000,0.27912031820651845,0.283253248065847,0.11678819372013886,0.1167485205878585,0.01575020534678896,0.020096136544197677,0.006601359185540523,0.0067194277316124824,0.00413292985932856,0.014806983188771822,-3.967313228035729e-05,-0.00033970156585713245,0.05642801444191366,0.2633701128597295,0.26315711152164933,0.004345931197408719,-0.00021300133808016541,2.3859034032397255,2.990751198893413,0.29011700550534764,0.1167485205878585,0.026620362187500895,0.010996687298829189,0.03939765965261205,0.0068637574395006284,0.024231875490815315,1.3246507421441136,-0.00033970156585713245,Industrial,naics_11
114000,0.21048964290378758,0.2134733336911159,0.14742056350212782,0.14707991226062883,0.01226988666008404,0.015655623687269287,0.005142658601946431,0.005234679398627983,0.0029836907873283247,0.014175000471125963,-0.00034065124149898485,-0.002310744399603845,0.058292115900887655,0.19821975624370353,0.19781771000384663,0.003385737027185247,-0.00040204623985690136,2.385903403239726,2.9907511988934123,0.2194752786373347,0.14707991226062883,0.021360668405554555,0.008985635733547132,0.0426892060321199,0.006001944946218807,0.02811566598244673,1.3644086516287721,-0.002310744399603845,Industrial,naics_11
115000,0.30103787254234216,0.30545612862611743,0.13351976716551503,0.13349022952554537,0.01725734579131463,0.022019072355849448,0.007233044626987642,0.007362388541044995,0.004418256083775274,0.014676744977175018,-2.9537639969656748e-05,-0.00022122297392146453,0.057326161806725215,0.28378052675102755,0.283437056270268,0.004761726564534819,-0.00034347048075955566,2.385903403239726,2.9907511988934132,0.3143797118479672,0.13349022952554535,0.030501229687210234,0.013341839305625047,0.044319471144775864,0.008923583221849773,0.029213960322178916,1.3852186501902053,-0.0002212229739216724,Industrial,naics_11
211000,0.9052679146716862,0.9335768310092307,0.553534820403624,0.5534770762161734,0.10160016700387559,0.12964248040873108,0.042583520718364645,0.04334779852523313,0.02830891633754451,0.03127131303202248,-5.774418745063681e-05,-0.00010431897926228229,0.11223215288782543,0.8036677476678107,0.8039343506004997,0.028042313404855496,0.00026660293268898627,2.385903403239726,2.990751198893413,0.9932972039247386,0.5534770762161734,0.18640864556495926,0.08802928925305242,0.09724114577172221,0.05972037291550791,0.06396942483132106,1.4378670091567078,-0.00010431897926228229,Industrial,naics_21
212100,1.991279866035584,2.0180710294546635,1.6730620431651453,1.6727635238947631,0.09574711397611009,0.12216705583616612,0.04013033966341587,0.04084828449834553,0.02679116341907961,0.013454243110697357,-0.0002985192703821582,-0.0001784268979155197,0.04808320297373966,1.8955327520594738,1.8959039736184975,0.02641994186005603,0.00037122155902369336,2.385903403239726,2.9907511988934132,2.0768878014935845,1.6727635238947631,0.17807431884407462,0.0856079354580006,0.04299141317008164,0.058816772038920995,0.029145045531333378,1.4576296172912913,-0.0001784268979155197,Industrial,naics_21
212230,0.4763694493048122,0.5041273569301954,0.19958076771788102,0.1992661040130954,0.09956099218923765,0.12703329100908767,0.04172884453496635,0.0424753791141471,0.027757907625383216,0.05826970572082573,-0.00031466370478561156,-0.00157662338101839,0.2089995324732339,0.37680845711557454,0.3770940659211077,0.027472298819850013,0.00028560880553318846,2.385903403239726,2.990751198893413,0.5675941711176312,0.1992661040130954,0.18736057096765135,0.09122472181281904,0.1914999417908673,0.06346681418743583,0.1258944060760897,1.4748934667389513,-0.00157662338101839,Industrial,naics_21
2122A0,0.8884497656315605,0.9446412305616041,0.504426904743282,0.5040132111446343,0.1991265206869134,0.2540724245792588,0.0834595903658661,0.08495271177129896,0.056191464930043566,0.06324664275205193,-0.00041369359864773525,-0.0008201259583056465,0.2241280580960736,0.6893232449446471,0.6905688059823453,0.05494590389234544,0.0012455610376981285,2.385903403239726,2.990751198893412,1.0750437654773064,0.5040132111446342,0.378024293471448,0.18659399984574587,0.21002200356607023,0.1304025349157023,0.1380445090652839,1.4878603772032801,-0.0008201259583058666,Industrial,naics_21
212310,0.3204197277065042,0.34549078134577954,0.15027811432824348,0.150024003146454,0.08938242938689679,0.11404613121972189,0.03746271926412773,0.03813293839417981,0.025071053639275365,0.07824441340965052,-0.00025411118178947367,-0.0016909393821274191,0.2789542018110966,0.2310372983196074,0.23144465012605764,0.024663701832825097,0.00040735180645024016,2.385903403239726,2.990751198893412,0.4008520449034663,0.150024003146454,0.1666688205458482,0.08043231719696214,0.25102173880703116,0.05536126355768678,0.16023948118684894,1.4614158215042223,-0.0016909393821274191,Industrial,naics_21
2123A0,0.6065986418090205,0.634239165405156,0.395019479353203,0.39474464657120023,0.10027905958647108,0.12794927667413541,0.04202980701159403,0.04278165188781904,0.027640523596135558,0.04556641194201323,-0.00027483278200274297,-0.0006957448844111401,0.1653136896044067,0.5063195822225494,0.5062898887310205,0.02767021708766433,-2.9693491528814953e-05,2.385903403239726,2.990751198893413,0.6974196619105516,0.39474464657120023,0.18800440232366872,0.09082102010153115,0.1497217663242394,0.06318049650539559,0.09961620150820469,1.4693666678748274,-0.0006957448844111401,Industrial,naics_21
213111,0.13670339354452055,0.14128365135726415,0.07515025971280606,0.07500765580532603,0.016848749984665196,0.021497900510384995,0.007061790499056639,0.007188127356879194,0.004580257812743599,0.033505077628171204,-0.00014260390748002671,-0.0018975836946539008,0.12325041498825719,0.11985464355985535,0.11978575084687915,0.004649150525719799,-6.88927129762068e-05,2.385903403239726,2.990751198893414,0.1495054312075152,0.07500765580532603,0.029312970813409025,0.012802037662994648,0.09364827990773597,0.008221779850251049,0.058193426990789075,1.3635271406735185,-0.0018975836946539008,Industrial,naics_21
21311A,0.15123159796326338,0.155922521829059,0.08335947177134168,0.0832131633135851,0.017338333437477448,0.022122574540269252,0.007266988853754261,0.007396995961568009,0.004690923865795615,0.03101814653135595,-0.0001463084577565804,-0.0017551509702210001,0.11464755825491714,0.13389326452578593,0.13379994728878974,0.004784241102791804,-9.331723699618211e-05,2.385903403239726,2.9907511988934123,0.16420914267120804,0.0832131633135851,0.029999278324051727,0.012977544707944655,0.0858123889631657,0.00828662084214904,0.05314575947683702,1.356048242461323,-0.0017551509702210001,Industrial,naics_21
221200,0.6295371185536109,0.44420279960664094,0.4572964670769585,0.25943203524392267,0.044905750439788956,0.05720484181721416,0.018821277667324325,0.01912724864521667,-0.18533431894697,-0.2943977622364567,-0.19786443183303581,-0.43268305372614474,0.07133137843080942,0.584631368113822,0.3869979577894268,0.0122990913774252,-0.1976334103243952,2.385903403239726,2.9907511988934123,0.46873870446353577,0.2594320352439226,0.08052702082193297,-0.16079841409007517,-0.2554232456690029,0.02453590485689483,0.05523581769097885,1.4076958918834153,-0.4326830537261449,Industrial,naics_22
221300,0.5194960599480001,0.5355366678223242,0.353029951520028,0.353029951520028,0.058860008266910284,0.07510134282144845,0.02466990414908942,0.02511119709631353,0.016040607874324153,0.030877246452898542,0.0,0.0,0.11330212643538044,0.4606360516810898,0.4604353250008758,0.01624133455453817,-0.00020072668021398066,2.385903403239726,2.990751198893412,0.5705169750056795,0.353029951520028,0.10835126739233707,0.05102091505767947,0.0982123234251026,0.03498030718335532,0.06531822989002274,1.4427340886559041,0.0,Industrial,naics_22
233210,0.13380678954434208,0.14131179516484038,0.03537804359520788,0.03530306302294561,0.027110727807268344,0.034591484945008494,0.011362877378210592,0.011566152663520603,0.007505005620498301,0.0560883767262888,-7.498057226226762e-05,-0.0021194097989190135,0.20261100277190455,0.10669606173707374,0.10672031021983189,0.00748075713774015,2.4248482758143508e-05,2.385903403239726,2.9907511988934137,0.15554703990439042,0.035303063022945606,0.048122550048501855,0.02174025036004834,0.16247494192246398,0.01423524473955004,0.10073642276601617,1.3911675120337925,-0.0021194097989192095,Industrial,naics_23
233262,0.1669031471685741,0.1762664289557226,0.048142908510448314,0.048045158526818565,0.033767793389040936,0.043085465500766626,0.014153042970301713,0.014406235301922933,0.009363281787148486,0.056100091256466623,-9.774998362974824e-05,-0.002030412923816887,0.20231969235987549,0.13313535377953317,0.13318096345495595,0.00931767211172569,4.5609675422775275e-05,2.385903403239726,2.9907511988934132,0.19422099444074414,0.048045158526818565,0.0601518664603357,0.027317847272170043,0.16367484817154887,0.017954565485021556,0.10186038028563947,1.396105757735527,-0.002030412923816887,Industrial,naics_23
230301,0.23892683800478703,0.24989402319069656,0.08278425651614789,0.08260492052930858,0.03989812891888176,0.050907391110545916,0.016722441011109517,0.0170216068556227,0.010967185185909528,0.04590185546962202,-0.0001793359868393074,-0.0021663054593517566,0.16698889606567505,0.19902870908590528,0.19898663208015066,0.011009262191664156,-4.207700575462048e-05,2.385903403239726,2.9907511988934123,0.26952599019573314,0.08260492052930857,0.06956821700535812,0.03059915219094611,0.1280691296401497,0.019631967005036582,0.07856117066895689,1.3665641763941514,-0.0021663054593519244,Industrial,naics_23
230302,0.20424839643169423,0.21462554830269676,0.05552472557201884,0.05540983250170817,0.03748750406455338,0.04783157440082728,0.015712079547583756,0.015993163997902966,0.010377151871002521,0.05080652799383372,-0.00011489307031067181,-0.0020692235599012324,0.183538792565699,0.16676089236714087,0.16679397390186948,0.010344070336273901,3.308153472861286e-05,2.385903403239726,2.990751198893414,0.23199694972301646,0.05540983250170817,0.06434365886848713,0.027748553291322225,0.13585689668120374,0.017371401420319704,0.0809381807417446,1.3452130663584065,-0.0020692235599012324,Industrial,naics_23
2332A0,0.2111564802404407,0.22163281776001906,0.058405769087779,0.058298629258584686,0.037861555443820326,0.04830883188865384,0.015868855123141023,0.016152741794947124,0.010476337519578355,0.049614094285191285,-0.00010713982919431653,-0.001834404903277522,0.17930567605932787,0.17329492479662037,0.17332398587136522,0.010447276444833516,2.9061074744846094e-05,2.385903403239726,2.9907511988934123,0.24177829358881706,0.058298629258584686,0.06745776469364953,0.030621813348376353,0.1450195291828494,0.020145475828798,0.09089572578827762,1.3963857550754222,-0.001834404903277522,Industrial,naics_23
233412,0.17471955735718503,0.18535722539611552,0.02955833798912061,0.02949661906422166,0.03809296458641659,0.048604097288528124,0.015965845278853967,0.016251467961130233,0.010637668038930487,0.060884243297294686,-6.17189248989479e-05,-0.00208803772802329,0.2180234723725969,0.13662659277076844,0.13675312810758739,0.010511132702111535,0.0001265353368189448,2.385903403239726,2.9907511988934123,0.20331971282669367,0.029496619064221664,0.06567802831611073,0.028600155469508642,0.16369178071485374,0.017962487430578156,0.0969074034863849,1.3512858376162562,-0.0020880377280231726,Industrial,naics_23
2334A0,0.2364138155074082,0.24943010180701666,0.05514400148077776,0.05502870990175302,0.04694789753951242,0.059902404577129656,0.019677199619969395,0.020029216940310422,0.013016286299608465,0.05505721512793989,-0.00011529157902474135,-0.0020907365430296167,0.19858356178867761,0.18946591796789577,0.189527697229887,0.012954507037617233,6.17792619912183e-05,2.385903403239726,2.9907511988934132,0.2712632935126594,0.05502870990175303,0.08065556645044192,0.03484947800525118,0.14740880489769492,0.021833191705642713,0.08753230483197649,1.3464495627481987,-0.0020907365430294905,Industrial,naics_23
233230,0.14781460797652216,0.15586759354324828,0.025365065607990327,0.025307442762918124,0.02902884475325286,0.03703888050598588,0.012166814764518847,0.012384474014317989,0.008052985566726123,0.05448030933454969,-5.7622845072203416e-05,-0.002271740430825121,0.1963868466766397,0.1187857632232693,0.11882871303726239,0.00801003575273302,4.294981399309561e-05,2.385903403239726,2.990751198893416,0.17099970297694744,0.025307442762918127,0.05142244479636281,0.023185095000425288,0.15685252843283154,0.015132109433699165,0.09708310168720535,1.3883369068903793,-0.0022717404308249846,Industrial,naics_23
2332D0,0.17747720541674553,0.1858782050040957,0.05422495932199032,0.054104412165544666,0.030480000082777233,0.03889046024669476,0.012775035251380932,0.013003575911324332,0.00840099958735016,0.047335653993555056,-0.00012054715644565367,-0.0022230935339174543,0.17174036525538705,0.1469972053339683,0.14698774475740092,0.008410460163917523,-9.460576567366097e-06,2.385903403239726,2.9907511988934132,0.20098155628463402,0.054104412165544666,0.05324668897313917,0.02350435086788849,0.13243588557018593,0.01510335128053833,0.0812540194274285,1.3691452514415672,-0.0022230935339174543,Industrial,naics_23
233240,0.1260631243750011,0.13187600844438346,0.045500579942024555,0.04538518833757916,0.021151819396569002,0.02698833815030677,0.008865329320477839,0.009023932903643915,0.005812884069382351,0.04611089958464549,-0.00011539160444539592,-0.0025360468941807855,0.16778752312729053,0.10491130497843211,0.1048876702940767,0.005836518753737769,-2.363468435541416e-05,2.385903403239726,2.9907511988934146,0.1426681185485584,0.04538518833757916,0.037246591316685,0.01660499417355729,0.13171967818409977,0.01079211010417494,0.08183528021115634,1.3800994751602231,-0.0025360468941807855,Industrial,naics_23
233411,0.1749055729913666,0.1858760579197487,0.036298374195818876,0.03621827742767306,0.039379366929579405,0.05024546547611918,0.016505013101581433,0.01680028264962668,0.010970484928382096,0.0627223292017322,-8.009676814581951e-05,-0.0022066213685968798,0.2251464390532781,0.1355262060617872,0.13563059244362952,0.010866098546539776,0.00010438638184231963,2.385903403239726,2.9907511988934123,0.20474901586407582,0.03621827742767306,0.06818482846653394,0.029843442872709208,0.17062602615973985,0.018872957944327112,0.10153517432823674,1.357034467099146,-0.0022066213685968798,Industrial,naics_23
2332C0,0.246168268258778,0.25626820820073964,0.08425501958876912,0.08406737773148147,0.03692282985616252,0.04711109998402289,0.015475408520741635,0.01575226317771072,0.01009993994196165,0.04102860215657182,-0.00018764185728764593,-0.0022270703657002993,0.14999020839415564,0.20924543840261547,0.20915710821671676,0.010188270127860367,-8.833018589871067e-05,2.385903403239726,2.9907511988934123,0.2758048488301745,0.08406737773148147,0.06568131504509465,0.02963658057139648,0.12039155485402285,0.01953664062943483,0.07623513180429864,1.3941791863779367,-0.0022270703657002993,Industrial,naics_23
321100,0.2746595457774825,0.29447120962611834,0.03532607472162742,0.03529186338883825,0.07134477396592087,0.09103108915834253,0.029902624669986454,0.030437533283284916,0.019811663848635808,0.07213171416472951,-3.421133278917049e-05,-0.0009684442174444459,0.25975712500348114,0.20331477181156166,0.20344012046777582,0.019686315192421658,0.0001253486562141637,2.385903403239726,2.9907511988934132,0.3338981531139852,0.03529186338883825,0.128507686781134,0.05923860733650266,0.21568013290350102,0.03942694348786685,0.13389065619666557,1.4116900936734198,-0.0009684442174444459,Industrial,naics_31-33
321200,0.35919152161271406,0.382479940972778,0.0828255864917721,0.08270144778539579,0.0842566691945193,0.10750581084116531,0.0353143673294193,0.035946089691761315,0.023288419360063928,0.06483565997187948,-0.0001241387063763144,-0.0014987965873160024,0.23457310132549888,0.27493485241819476,0.27497413013161265,0.023249141646646015,3.927771341788455e-05,2.385903403239726,2.9907511988934132,0.43190644458229405,0.08270144778539579,0.15448731698417406,0.07271492296957999,0.20244053268045217,0.04942650360951606,0.12922639415757978,1.4370136439640615,-0.0014987965873160024,Industrial,naics_31-33
321910,0.21029781731863392,0.2256477856000667,0.016341089275994692,0.016323978353670367,0.05515156178645346,0.07036976950404246,0.023115588716443963,0.023529128578157744,0.015349968281432785,0.07299157203412718,-1.711092232432529e-05,-0.0010471102651315597,0.2622545611250461,0.15514625553218048,0.15527801609602426,0.015218207717589,0.00013176056384378576,2.385903403239726,2.9907511988934097,0.2552339489590604,0.016323978353670367,0.0984923841761234,0.04493613164042645,0.21367854509084713,0.029586163358993667,0.1311165685952334,1.3996405682480657,-0.0010471102651315597,Industrial,naics_31-33
3219A0,0.22006836913971423,0.23562199547833848,0.028726802035340494,0.028688810724652368,0.05612508930801468,0.07161180785154793,0.023523621799526582,0.023944421681764947,0.015553626338624255,0.07067633753740304,-3.799131068812564e-05,-0.0013225040031044073,0.2550347854506192,0.16394327983169954,0.16401018762679054,0.01548671854353325,6.690779509099798e-05,2.385903403239726,2.9907511988934123,0.26523045245177024,0.028688810724652365,0.0997556133323486,0.04516208331205601,0.2052184213869649,0.029608456973431757,0.12566083617670473,1.393005096856975,-0.001322504003104528,Industrial,naics_31-33
327100,0.45324176028124524,0.47918555883544584,0.20374190353298083,0.20369794627498833,0.09447210969809294,0.12053981715215448,0.0395959490940886,0.040304194209386135,0.025943798554200592,0.057240529950510224,-4.395725799249961e-05,-0.00021574971682437435,0.2084364636644937,0.3587696505831523,0.35864574168329133,0.026067707454061534,-0.00012390889986096942,2.385903403239726,2.9907511988934115,0.5372955020532936,0.20369794627498833,0.17577521627784956,0.08405374177204833,0.1854501264841337,0.05810994321784774,0.12126814372092318,1.4582336395613806,-0.00021574971682437435,Industrial,naics_31-33
327200,0.5669686148648265,0.6029452893106811,0.256333221959981,0.2562967166647458,0.129354078651662,0.165046960455166,0.054215974743997225,0.05518578760955904,0.03597667444585462,0.06345443734029611,-3.650529523518964e-05,-0.0001424134373065731,0.22815033365206977,0.4376145362131645,0.43789832885551516,0.035692881803503995,0.0002837926423506776,2.385903403239726,2.9907511988934137,0.684249409840887,0.2562967166647458,0.24232918272844775,0.11728079497606048,0.2068558856719466,0.08130412053020586,0.13484493862313282,1.4682438383606282,-0.0001424134373065731,Industrial,naics_31-33
327310,4.739119099409015,4.792923748604246,4.338541891395031,4.338440747013489,0.1967324848567509,0.25101674122725137,0.08245618183435904,0.08393100078673496,0.05380464919523131,0.011353301756425776,-0.00010114438154218419,-2.3312989496031315e-05,0.04151245848227029,4.542386614552264,4.541907007376995,0.05428425637050047,-0.00047960717526862595,2.385903403239726,2.9907511988934106,4.922403436832881,4.338440747013489,0.37409141419961567,0.18328433742386618,0.03867476920905457,0.12947968822863487,0.027014760722271207,1.4903046401233528,-2.3312989496031315e-05,Industrial,naics_31-33
327320,0.9908053462663826,1.01045137379543,0.0807275286136818,0.08071128358582302,0.07185891112244863,0.0916869457342377,0.03011811418051301,0.030656828213648204,0.019646027529047316,0.01982834227033469,-1.624502785878279e-05,-0.00020123281534509358,0.07252576037587208,0.918946435143934,0.9187644280611922,0.019828034611789072,-0.00018200708274185295,2.385903403239726,2.9907511988934106,1.052026648924264,0.08071128358582302,0.13120560275465004,0.061221302657881393,0.06178943511818896,0.04157527512883408,0.04114525073351146,1.4310172697317292,-0.00020123281534509358,Industrial,naics_31-33
327330,0.5204399455539068,0.5373815807504277,0.045349085777762435,0.04533829863651831,0.06131011186196893,0.0782274781067217,0.02569681227610401,0.026156464682072555,0.01694163519652092,0.03255252664837219,-1.078714124412572e-05,-0.0002378689902810642,0.11780439296740812,0.4591298336919379,0.45915410264370604,0.016917366244752777,2.4268951768158242e-05,2.385903403239726,2.990751198893413,0.572713565368291,0.04533829863651831,0.1118116835662646,0.052273619814384165,0.10044121374801293,0.035331984617863244,0.0657484102237442,1.42931468931832,-0.0002378689902810642,Industrial,naics_31-33
327390,0.3827586302691559,0.3970052798242907,0.025936438711914152,0.025928206967351153,0.05133593416035966,0.06550114086961069,0.021516350616145055,0.0219012336746187,0.014246649555134772,0.0372209753836681,-8.231744562998966e-06,-0.0003173814514179094,0.13412090571089208,0.33142269610879627,0.33150413895468,0.014165206709251026,8.144284588373907e-05,2.385903403239726,2.990751198893414,0.4252909425858598,0.025928206967351153,0.09238758724442353,0.0425323123167039,0.11112045282112953,0.02828566276156913,0.07124757326675352,1.4104729477664233,-0.0003173814514179094,Industrial,naics_31-33
327400,2.0860845200645572,2.1121830618712902,1.7252877471034178,1.7252025278777248,0.09987787280827376,0.12743662278676257,0.04186165821828891,0.042610238803520134,0.02609854180673299,0.012510778712803702,-8.521922569304508e-05,-4.939421023311588e-05,0.047878152513773926,1.9862066472562834,1.9847464390845277,0.02755874997848881,-0.0014602081717556281,2.385903403239726,2.9907511988934155,2.174841266560998,1.725202527877725,0.18699529300539824,0.08875674649644072,0.04254705197356721,0.06265820468970773,0.029665139267898325,1.4673591383404292,-4.9394210232987176e-05,Industrial,naics_31-33
327910,0.1945260625302377,0.2088682154948298,0.04555054638400352,0.04553009185469746,0.05117306941151263,0.06529340670741439,0.02144808936607689,0.021831774816833023,0.014342152964592125,0.07372869618621279,-2.04545293060604e-05,-0.0004490512393336216,0.2630653638175509,0.14335299311872507,0.1435748087874154,0.014120337295901758,0.00022181566869033942,2.385903403239726,2.9907511988934132,0.2395955555821654,0.04553009185469747,0.09450074713506203,0.0450694930519277,0.23168871289379012,0.030727340087335575,0.14711352809013767,1.447324498758785,-0.0004490512393334693,Industrial,naics_31-33
327991,0.21411554115955284,0.22885532669874908,0.02956586581384859,0.02955211287590613,0.052976871424363595,0.06759491513631023,0.02220411411142142,0.02260131673986141,0.014739785539196248,0.06884033479948369,-1.3752937942458632e-05,-0.0004651626990749848,0.24742188790904593,0.16113866973518925,0.16126041156243887,0.014618043711946638,0.00012174182724961069,2.385903403239726,2.990751198893411,0.25751893633048006,0.02955211287590613,0.09484061235642871,0.04340339517092723,0.20271015796365874,0.02866360963173098,0.1252477276592385,1.4030731774006295,-0.0004651626990749848,Industrial,naics_31-33
327992,0.5049124289547166,0.5430443767734018,0.15763660450441622,0.1575998405382938,0.13692873624965246,0.174711727648286,0.057390729257405064,0.05841733933365299,0.03813194781868523,0.07552190366481377,-3.676396612242727e-05,-0.0002332197286157437,0.2711930394209666,0.3679836927050641,0.36833264912511576,0.03778299139863353,0.0003489564200516715,2.385903403239726,2.9907511988934123,0.6308031370195398,0.1575998405382938,0.258129295805241,0.12589070806482328,0.24933176694708356,0.08775876024613805,0.1616051357857214,1.4774583210858279,-0.0002332197286157437,Industrial,naics_31-33
327993,0.4018671919383953,0.43572714811356067,0.1121235434056192,0.11210390405434327,0.12114304465105846,0.1545703128747656,0.05077449677407853,0.05168277218511429,0.03385995617516535,0.08425658240933476,-1.9639351275926864e-05,-0.00017515813966812805,0.3014504470164094,0.28072414728733686,0.2811568352387951,0.033427268223707146,0.0004326879514582327,2.385903403239726,2.9907511988934115,0.5123936559982374,0.11210390405434327,0.22744433284597604,0.11052646405984207,0.2750323148469043,0.07666650788467672,0.17595072562404496,1.4714619425675464,-0.00017515813966812805,Industrial,naics_31-33
327999,0.8436182319400396,0.8674164204720567,0.10335695470751939,0.10333095221502403,0.08609688629029336,0.1098537105727794,0.03608565467209851,0.03673114320356224,0.023798188532017095,0.028209665973303145,-2.600249249536113e-05,-0.00025157951459525154,0.10205669226979523,0.7575213456497463,0.7575627098992773,0.023756824282486044,4.136424953105067e-05,2.385903403239726,2.9907511988934132,0.9198136385744508,0.10333095221502403,0.15965897787637823,0.07619540663441116,0.09031977232069442,0.05239721810239406,0.06040607125454112,1.4533781066102656,-0.00025157951459525154,Industrial,naics_31-33
331110,0.8702390587528757,0.9027695305113332,0.4650736961497159,0.46506138977429173,0.11585966650835951,0.14782916589764977,0.04856008267184587,0.04942877426659466,0.03253047175845758,0.037381075270370455,-1.2306375424153693e-05,-2.646112976510295e-05,0.13313544748772363,0.7543793922445161,0.7549403646136834,0.031969499389290265,0.0005609723691673008,2.385903403239726,2.9907511988934115,0.9727238609852742,0.4650613897742918,0.2143230419940918,0.10248480223239853,0.11776626342107387,0.06995433047394095,0.07748858164754238,1.4498021462319512,-2.6461129764983592e-05,Industrial,naics_31-33
331200,0.486386260819551,0.5142818526921102,0.06592296257288835,0.06591314126126525,0.09958950170127515,0.12706949021573882,0.041740793682613644,0.04248748283132173,0.027895591872559244,0.05735275463076555,-9.821311623095519e-06,-0.00014898164827220094,0.20475393678569137,0.3867967591182758,0.3872123624763714,0.027479988514463677,0.00041560335809559534,2.385903403239726,2.9907511988934146,0.5733110356612675,0.06591314126126525,0.18317865675100442,0.08692477484171651,0.17871552271079785,0.05902918296915727,0.11477982872651896,1.4415628522629889,-0.00014898164827220094,Industrial,naics_31-33
331313,1.0012669453331369,1.055360387884922,0.5198340846733276,0.5198219397672301,0.19192901456980874,0.24488856010881868,0.08044291076880805,0.08188195668012374,0.054093442551785165,0.05402499583543872,-1.2144906097466546e-05,-2.336304304689564e-05,0.19168615868563504,0.8093379307633282,0.8104718277761034,0.052959545539009945,0.0011338970127752201,2.385903403239726,2.990751198893414,1.1756544636200115,0.5198219397672302,0.3592320083681774,0.1743875182868746,0.1741668583984396,0.12029407573508943,0.11398388371973506,1.466920333920658,-2.3363043046682067e-05,Industrial,naics_31-33
33131B,0.6954279820389336,0.7364079516706653,0.10706760651925394,0.10706753224971875,0.14569769358903278,0.18590046180564015,0.06106604877263493,0.062158450985298805,0.04097996963173167,0.05892769731753101,-7.426953518852031e-08,-6.936695196895472e-07,0.20950795388166574,0.5497302884499009,0.5505074898650252,0.04020276821660737,0.0007772014151242734,2.385903403239726,2.990751198893418,0.8254905000650596,0.10706753224971875,0.2705763338375913,0.130062518026126,0.18702514334380702,0.08908254839439433,0.12096902021806744,1.4554903802255217,-6.936695196895472e-07,Industrial,naics_31-33
331410,0.5112565965192025,0.548933255917559,0.11476968013570246,0.11476316191212975,0.13354861988448155,0.1703991501691985,0.05597402631772143,0.056975368005284625,0.037676659398356516,0.07369422645081002,-6.518223572712922e-06,-5.679395085013606e-05,0.2612164239908551,0.377707976634721,0.37853410574836055,0.03685053028471694,0.000826129113639551,2.385903403239726,2.9907511988934146,0.6324846312189139,0.11476316191212975,0.24981746150655368,0.12122803469971133,0.23711779080225143,0.08355137530135481,0.1522068018300259,1.4660722266425419,-5.679395085013606e-05,Industrial,naics_31-33
331420,0.4310160187314046,0.46228959982249035,0.046001079091319994,0.04599864252656683,0.11089394595410278,0.14149329060424107,0.0464788079029202,0.04731028467249099,0.031273581091085745,0.07255781625734528,-2.4365647531623957e-06,-5.2967556441999956e-05,0.25728497581248444,0.3201220727773018,0.3207963092182493,0.03059934465013829,0.0006742364409474955,2.385903403239726,2.990751198893413,0.527777860938942,0.04599864252656683,0.20374202189716628,0.09676184220753736,0.22449709060079331,0.06548826111645162,0.14166068443157223,1.439941222845936,-5.2967556441999956e-05,Industrial,naics_31-33
331490,0.5045201396857464,0.5343082839726595,0.13803986494605625,0.13803399751773765,0.10582201778743637,0.13502184964879535,0.0443530185018156,0.045146466780236955,0.02978814428691312,0.05904252762925866,-5.867428318595547e-06,-4.25053177275162e-05,0.20974785635584417,0.39869812189831,0.3992864343238641,0.02919983186135898,0.0005883124255541272,2.385903403239726,2.9907511988934137,0.5991231720765492,0.13803399751773765,0.19663051789829436,0.09460303239080281,0.18751091373622625,0.06481488810388969,0.12130616359151614,1.4562866558986491,-4.25053177275162e-05,Industrial,naics_31-33
331510,0.24172789098947917,0.26641247989372263,0.03620027487224504,0.036194923436962505,0.08730703157421789,0.11139796473855607,0.03659286099163405,0.03724748644413266,0.024684588904243465,0.10211725590787463,-5.3514352825329015e-06,-0.00014782858145190157,0.36117897366679047,0.1544208594152613,0.15501451515516657,0.024090933164338177,0.0005936557399052744,2.385903403239726,2.9907511988934177,0.3199054827077414,0.036194923436962505,0.16224481120315157,0.07817759171826222,0.3234115492351885,0.05349300281401875,0.20079015380720228,1.456443226623842,-0.00014782858145190157,Industrial,naics_31-33
331520,0.3998734324141594,0.42876295457158775,0.12105846251978852,0.12104537540736145,0.10265445672799704,0.13098019564074537,0.04302540353838572,0.043795082549564296,0.02888952215742835,0.07224666560869869,-1.3087112427076497e-05,-0.00010810572143964942,0.2567173720650566,0.29721897568616235,0.2977827589308424,0.028325738912748324,0.0005637832446800384,2.385903403239726,2.990751198893412,0.49162708118884774,0.12104537540736145,0.19073460137773274,0.09175364877468833,0.22945672639650808,0.06286412661725999,0.1466174396528093,1.4562094707881086,-0.00010810572143964942,Industrial,naics_31-33
332114,0.6370606095995621,0.6726143450005587,0.06065683756781962,0.06062137560366326,0.12938470684120226,0.16508584334200443,0.05422881188966652,0.0551987886531941,0.0355537354009966,0.05580903114280547,-3.546196415635944e-05,-0.0005846325917784599,0.20309638500884516,0.5076759027583598,0.5075285016585542,0.03570113650080217,-0.00014740109980559968,2.385903403239726,2.990751198893414,0.7496936284861413,0.060621375603663256,0.2383522200047349,0.11263301888657917,0.17680110367736757,0.07707928348558257,0.11459655010111112,1.4438077498319843,-0.0005846325917785742,Industrial,naics_31-33
33211A,0.44918736937777964,0.479866777820892,0.07765106153306889,0.07761162314590737,0.11099578737127946,0.14162294029919498,0.04652149253845004,0.04735363488330152,0.030679408443112344,0.06829980211956954,-3.943838716151393e-05,-0.0005078924406554119,0.2471035361591585,0.3381915820065002,0.338243837521697,0.030627152927915513,5.225551519683069e-05,2.385903403239726,2.9907511988934132,0.5480529894826637,0.07761162314590737,0.20643616171102205,0.09886562010488403,0.22009884258730164,0.06818621166177169,0.1420940452919245,1.4576463479355928,-0.0005078924406554119,Industrial,naics_31-33
332119,0.39223353063853783,0.4162371947169314,0.01826782877158037,0.018257434786087483,0.08604923426420659,0.10979297148737052,0.03606568235217053,0.03671083423054189,0.02400366407839355,0.061197379120843415,-1.0393985492886115e-05,-0.0005689776066357842,0.21938265737792093,0.30618429637433126,0.3064442232295609,0.023743737223163933,0.00025992685522963077,2.385903403239726,2.9907511988934137,0.4665177157928285,0.018257434786087483,0.15758624912771238,0.0742841851542907,0.18938764626614027,0.050280521075897144,0.12079776078178502,1.4353036172797229,-0.0005689776066357842,Industrial,naics_31-33
332200,0.2732346264763831,0.290408377183915,0.03064456709795476,0.030622244685445645,0.06216497279675347,0.07931821936065621,0.026055108816367863,0.026521169460704107,0.01717375070753191,0.06285349309128034,-2.2322412509115375e-05,-0.0007284296899271645,0.2275149881200239,0.2110696536796296,0.2110901578232588,0.01715324656390274,2.0504143629196392e-05,2.385903403239726,2.990751198893414,0.3261372659003154,0.030622244685445645,0.11327969513029336,0.05290263942393231,0.19361616097550113,0.0357288887164004,0.12302981430102951,1.4281674001683764,-0.0007284296899271645,Industrial,naics_31-33
332310,0.3723329027740639,0.39224119012928327,0.01039358059010424,0.010386224044184728,0.07131503654380741,0.09099315200865313,0.02989016087028984,0.030424848460253354,0.01990828735521938,0.0534690520415811,-7.356545919511015e-06,-0.0007077970729851468,0.19153568221469333,0.3010178662302565,0.30124803812063017,0.019678115464845714,0.00023017189037366492,2.385903403239726,2.990751198893413,0.43230133752087546,0.010386224044184728,0.12907163062484164,0.05996843474681157,0.1610613359711622,0.040060147391592194,0.10213141403733839,1.4184763114104169,-0.0007077970729851468,Industrial,naics_31-33
332320,0.32678455091791314,0.3451192181964142,0.011433801115138862,0.011427476437537458,0.0657643378702097,0.08391083428111962,0.02756370512775616,0.02805677527176681,0.018334667278501082,0.05610628540119288,-6.324677601404066e-06,-0.000553156167202341,0.2012467776872641,0.26102021304770345,0.2612083839152946,0.018146496410909915,0.0001881708675911531,2.3859034032397255,2.990751198893412,0.3822544652651058,0.011427476437537458,0.11920909960175147,0.05546991434719267,0.16974460448445886,0.03713524706869159,0.10760121462594754,1.4206639776977423,-0.000553156167202341,Industrial,naics_31-33
332410,0.27267390466775926,0.2897966146444035,0.01570230366419624,0.015691412374842124,0.06132320606018091,0.07824425561789675,0.02570230042713066,0.026162074480434,0.017122709976644224,0.06279555793029577,-1.089128935411604e-05,-0.0006936109240423059,0.2248957638058561,0.21135069860757835,0.21155235902650674,0.01692104955771584,0.00020166041892838438,2.385903403239726,2.990751198893413,0.3250496901501312,0.015691412374842124,0.11175345538887602,0.05237578548237193,0.19208213395480378,0.035253075505727705,0.12164764432802358,1.4282640240661288,-0.0006936109240423059,Industrial,naics_31-33
332420,0.30430805372516934,0.3214687336027,0.017955288374538976,0.01794350995630365,0.061784143958773005,0.07883234003903193,0.025895492615031566,0.026358708831480254,0.01716067987753067,0.05639246042771201,-1.1778418235325328e-05,-0.0006559860242638822,0.20303157672774677,0.24252390976639632,0.24263639356366806,0.017048196080258926,0.00011248379727174518,2.385903403239726,2.990751198893412,0.35688864904434453,0.01794350995630365,0.11250012661874322,0.052580595319175194,0.1727873931547749,0.03541991544164452,0.11018152541522014,1.4270808980558167,-0.0006559860242638822,Industrial,naics_31-33
332430,0.4541884673158799,0.4850585226898985,0.00886217955476075,0.008857079797473914,0.10993602616766517,0.1402709626980477,0.04607731646569903,0.0469015820339547,0.0308700553740186,0.06796750158904637,-5.099757286837134e-06,-0.0005754518124266114,0.24204935633296615,0.34425244114821474,0.34478755999185084,0.030334936530382536,0.0005351188436361065,2.385903403239726,2.9907511988934115,0.5512238273777722,0.008857079797473914,0.20316324602049007,0.09703536006189228,0.2136455833749868,0.06616530468787368,0.13640684905597183,1.4483628123222234,-0.0005754518124266114,Industrial,naics_31-33
332500,0.27838924777063245,0.2967635747883102,0.015212794527280457,0.01520282031457702,0.0658912641606651,0.08407278054895097,0.027616903547391693,0.028110924298904626,0.018374327017677772,0.06600228695907305,-9.974212703437596e-06,-0.0006556463170229024,0.23668753261244319,0.21249798360996736,0.21269079423935927,0.01818151638828587,0.00019281062939191518,2.385903403239726,2.9907511988934123,0.33353300194827007,0.01520282031457702,0.11902332209723018,0.055143754177637616,0.19808147986760996,0.036769427159959844,0.12390141608918313,1.4157176831796283,-0.0006556463170229024,Industrial,naics_31-33
332600,0.29265115400913955,0.3123775030812648,0.02315942751713684,0.0231456721816976,0.07096195448078849,0.09054260398359183,0.029742174131790918,0.030274201350180156,0.019726349072125227,0.0674056766969358,-1.3755335439239597e-05,-0.0005939410820522797,0.24247966737411988,0.22168919952835106,0.22183489909767296,0.019580649502803346,0.00014569956932189432,2.3859034032397255,2.9907511988934115,0.35335888926342474,0.0231456721816976,0.12949675016146364,0.06070773525428519,0.20744061461103713,0.04098138618215996,0.13119186169914,1.4302300184003003,-0.0005939410820522797,Industrial,naics_31-33
332710,0.2051799267571174,0.2209799834565725,0.024244918919678806,0.024216268890431474,0.056780631986046125,0.07244821375049144,0.023798378387383957,0.02422408583412004,0.015800056699455084,0.07700585992585166,-2.8650029247331843e-05,-0.0011816921039103808,0.27673580395250086,0.14839929477107128,0.14853176970608106,0.01566758176444532,0.00013247493500978536,2.385903403239726,2.990751198893413,0.2535766594560459,0.024216268890431474,0.1034324190224195,0.048396732698928496,0.23587459779249423,0.03259667599947341,0.14750963182092638,1.4276738330448882,-0.0011816921039103808,Industrial,naics_31-33
332720,0.2541026674054214,0.2746076879724246,0.01791524711876934,0.01790068467577709,0.07322156748272152,0.0934257705799003,0.030689242231389913,0.031238228915353484,0.02050502056700315,0.08069580999040574,-1.4562442992249736e-05,-0.0008128519185757165,0.28815741381374926,0.1808810999226999,0.18118191739252426,0.020204203097178783,0.00030081746982435487,2.385903403239726,2.990751198893413,0.31731914490377494,0.01790068467577709,0.13402440551572728,0.06321647749835352,0.24878321091171968,0.04271145693135037,0.15553627521032604,1.4345549914528766,-0.0008128519185757165,Industrial,naics_31-33
332800,0.2989492079440691,0.31965663878138156,0.08557701575974085,0.08546229124839048,0.0762842585544404,0.09733332326915153,0.031972903199206204,0.032544774471766555,0.020707430837312468,0.06926738819521026,-0.00011472451135036144,-0.0013405995795933425,0.2551746468206484,0.2226649493896287,0.22232331551223003,0.02104906471471113,-0.0003416338773986616,2.385903403239726,2.990751198893412,0.36600650880301167,0.08546229124839048,0.1413903886920365,0.06705730085894257,0.22431001346385382,0.0463498700216301,0.14499892821975627,1.4526411299145299,-0.0013405995795933425,Industrial,naics_31-33
332913,0.2560019211696451,0.2762386377164649,0.018745060566223937,0.018725220301010422,0.07264329024582228,0.09268789950895226,0.030446869788266686,0.030991511277583712,0.0202367165468198,0.07904908078173957,-1.984026521351448e-05,-0.0010584263061418939,0.2837607230208388,0.18335863092382282,0.18355073820751264,0.02004460926312998,0.00019210728368981855,2.385903403239726,2.9907511988934146,0.3175469161617974,0.018725220301010422,0.1319527674605441,0.061544994992152324,0.24040833252719315,0.041308278445332525,0.14953838024545973,1.4236245309216382,-0.0010584263061418939,Industrial,naics_31-33
33291A,0.16453721520675063,0.17862592316946932,0.008902836439820955,0.008897564955561911,0.050306974565322744,0.06418830407921382,0.021085084373915913,0.021462268109418023,0.014088707962718688,0.0856262696862555,-5.271484259043724e-06,-0.0005921128951066902,0.3057483044313658,0.1142302406414279,0.1144376190902555,0.013881329513891073,0.00020737844882760814,2.385903403239726,2.9907511988934132,0.20658756917450968,0.008897564955561911,0.09076676194329637,0.04205035396775905,0.2555674344853857,0.027961646005040364,0.1565374471347704,1.4140701058448668,-0.0005921128951066902,Industrial,naics_31-33
332991,0.17910920438109257,0.1962618287305543,0.023759276507972712,0.023746005074589772,0.06151077258714884,0.07848354691996236,0.025780914895224067,0.02624208491465338,0.017152624349461743,0.09576629190404934,-1.3271433382939374e-05,-0.0005585790197982663,0.3434260835432651,0.11759843179394372,0.11777828181059195,0.016972774332813516,0.00017985001664823363,2.385903403239726,2.9907511988934137,0.23272702028803052,0.02374600507458977,0.11314490259056104,0.053617815906937955,0.2993582384122189,0.03646519155747621,0.18579869449570283,1.4416384966131357,-0.0005585790197984124,Industrial,naics_31-33
332996,0.2847913963158229,0.30182870361750497,0.014437878954581634,0.014427368177928276,0.06111080146545066,0.07797322526894901,0.02561327561814559,0.026071451646596137,0.01703730730168207,0.059823813226395156,-1.0510776653357978e-05,-0.0007280000536382491,0.21458092574426332,0.22368059485037223,0.22385547834855596,0.016862423803498346,0.00017488349818373106,2.385903403239726,2.990751198893412,0.3372724913107226,0.014427368177928274,0.11166370320354076,0.052481094994899724,0.18427907469753818,0.035443787693217654,0.1174301425557395,1.4320775217183197,-0.0007280000536383694,Industrial,naics_31-33
33299A,0.17995740365074248,0.1942956398910099,0.01001916641785354,0.010011683584699846,0.051711568160756,0.06598041658566159,0.02167378951324637,0.022061486294839408,0.014338236240267421,0.07967572297328077,-7.482833153693233e-06,-0.0007468518678718904,0.287354491183462,0.12824583548998647,0.1283152233053483,0.01426884842490559,6.938781536183769e-05,2.385903403239726,2.990751198893414,0.22439542494687642,0.010011683584699846,0.09459124545750541,0.044438021296133945,0.24693633268002865,0.030099785055866524,0.15491744988591094,1.4336260719830214,-0.0007468518678718904,Industrial,naics_31-33
332999,0.3469205873831043,0.369103464948754,0.02239813777575195,0.02237421398102032,0.07969868285627096,0.10169008488559601,0.033403985571273005,0.03400151939192456,0.02218287756564974,0.06394223454128191,-2.392379473162981e-05,-0.0010681153483004969,0.22973177653553242,0.2672219045268333,0.267413380063158,0.02199140202932505,0.00019147553632470338,2.385903403239726,2.990751198893413,0.4154920751260082,0.02237421398102032,0.14578397409180585,0.06857148774290395,0.19765759149710097,0.04638861017725421,0.12567915119326978,1.433610506430559,-0.0010681153483004969,Industrial,naics_31-33
333111,0.2117264200971958,0.2247601790240938,0.0092758505463914,0.00926860571429098,0.046748573122847144,0.059648009732797325,0.019593657085768462,0.019944156422930577,0.013033758926897981,0.06155943561939347,-7.244832100419818e-06,-0.0007810423490747474,0.22079706964008836,0.16497784697434867,0.16511216929129646,0.012899436609950181,0.00013432231694779362,2.385903403239726,2.9907511988934097,0.24991884698144998,0.00926860571429098,0.08356214540637326,0.03819242688425417,0.1803857396102075,0.02515866795735619,0.11193561095472894,1.4009209323278862,-0.0007810423490747474,Industrial,naics_31-33
333112,0.1653596326617426,0.17676937217215677,0.0022710026482445555,0.002269603583830957,0.04080558322480127,0.0520651756185233,0.017102780929602157,0.0174087284952983,0.011409739510414157,0.0689995455768444,-1.3990644135986052e-06,-0.0006160558265663217,0.24676870992010855,0.12455404943694134,0.12470419655363346,0.011259592393722033,0.00015014711669211755,2.385903403239726,2.9907511988934123,0.19775422428982983,0.002269603583830957,0.07201196300339494,0.03239459162808722,0.195903867870541,0.020984852117673064,0.11871316767044796,1.3831118813661534,-0.0006160558265663217,Industrial,naics_31-33
333120,0.20079226610754916,0.21305727815256936,0.01869182840964752,0.01865304370281997,0.044060767631230124,0.056218561308992256,0.01846712133081403,0.018797471795645622,0.012265012045020202,0.06108308991567816,-3.878470682755139e-05,-0.00207495521452215,0.219434585232631,0.15673149847631904,0.15683871684357711,0.012157793677762131,0.00010721836725807732,2.385903403239726,2.990751198893413,0.23626697130996707,0.018653043702819973,0.07828013277409798,0.03547470520241791,0.17667366323470252,0.02320969315739771,0.10893640132198325,1.3924250452417206,-0.0020749552145219643,Industrial,naics_31-33
333130,0.23531874957134544,0.2505181279868912,0.020760288713547265,0.02074785995747224,0.054569016652337696,0.06962636090565999,0.022871427476167116,0.023280559389701805,0.015199378415545778,0.06459059655566261,-1.2428756075023861e-05,-0.0005986793462517404,0.23189404478708192,0.18074973291900776,0.18089176708123123,0.015057344253322294,0.00014203416222346998,2.385903403239726,2.9907511988934137,0.2811101900665061,0.02074785995747224,0.09870511516826241,0.04579144049516068,0.19459325097797758,0.0305920620796149,0.12211516318378238,1.417640012839427,-0.0005986793462517404,Industrial,naics_31-33
333242,0.11749670963721912,0.1267611516980523,0.007654421222598277,0.00764776016710574,0.033099896927229824,0.042233236125828966,0.013873108560172535,0.014121280346374315,0.009264442060833183,0.07884852341344639,-6.661055492537468e-06,-0.0008702232734294687,0.281709139170182,0.08439681270998929,0.08452791557222333,0.009133339198599141,0.0001311028622340421,2.385903403239726,2.990751198893413,0.14404573450644514,0.007647760167105741,0.05866279666701838,0.02654902486922603,0.22595547527414475,0.017284582808392845,0.13635552041657906,1.389019692742452,-0.0008702232734293553,Industrial,naics_31-33
33329A,0.16863730576674413,0.1817229568997544,0.016010732743843577,0.015997510362185663,0.04685151836914823,0.0597793647447353,0.01963680436749047,0.019988076830614945,0.013085651133010273,0.07759641956750717,-1.322238165791384e-05,-0.0008258448797727943,0.27782416326048487,0.12178578739759591,0.1219435921550191,0.012927846375587075,0.0001578047574231911,2.385903403239726,2.9907511988934132,0.20666936730754,0.015997510362185663,0.0834917426842859,0.03803206154079586,0.22552578961028394,0.024946410407785585,0.13727715437487084,1.3966649368190036,-0.0008258448797727943,Industrial,naics_31-33
333314,0.12672544469754252,0.13777228060091454,0.008565668343836659,0.008558003032859654,0.039478520376332975,0.05037192901334066,0.01654657113222883,0.01684256752349659,0.011046835903372021,0.08717141162722031,-7.665310977005013e-06,-0.000894887668925509,0.3115279687560532,0.08724692432120953,0.08740035158757388,0.010893408637007683,0.0001534272663643449,2.385903403239726,2.9907511988934115,0.15921429689954436,0.008558003032859654,0.0707532658849747,0.032488852202001844,0.2563719723339182,0.021442016298629824,0.15563374726111262,1.4046169616858664,-0.000894887668925509,Industrial,naics_31-33
333316,0.12262567608320626,0.13033846845300417,0.0053085804544467695,0.005306701146535974,0.027621201424141362,0.03524281499600835,0.011576831395032842,0.011783934086208273,0.007712792369797911,0.06289704257829724,-1.8793079107955885e-06,-0.00035401326718546253,0.22524810713703475,0.0950044746590649,0.09509565345699583,0.007621613571866987,9.117879793092698e-05,2.385903403239726,2.9907511988934132,0.1442515195734278,0.005306701146535975,0.04846762454042314,0.021625843490221536,0.17635656887671358,0.013913051120423625,0.10674554707875994,1.3752483888109577,-0.00035401326718529914,Industrial,naics_31-33
333318,0.22262815949257786,0.2348059497071179,0.06189872232878642,0.061751823942858386,0.04414820351750473,0.05633014731013621,0.018503768198476767,0.018834782154723707,0.012177790214540046,0.05470013426107508,-0.00014689838592803206,-0.002373205462105572,0.19830466917630235,0.17847995597507313,0.1784758023969817,0.012181943792631482,-4.153578091442567e-06,2.385903403239726,2.990751198893414,0.2585486450484919,0.061751823942858386,0.0788983547610393,0.03592048555591404,0.16134744875843787,0.023742695341373993,0.10111624245888629,1.4006417261195783,-0.002373205462105572,Industrial,naics_31-33
333414,0.21363280547700864,0.22737299174589998,0.01556699613112485,0.015555528640038908,0.04943278029468093,0.06307285426128112,0.02071868468252238,0.02108930167264275,0.013740186268891341,0.06431683672463906,-1.1467491085942125e-05,-0.0007366540718163266,0.2313913361026424,0.1642000251823277,0.16430013748461886,0.013640073966600191,0.00010011230229114987,2.385903403239726,2.990751198893411,0.2544596285550866,0.015555528640038908,0.08881958730349536,0.040826823078077945,0.1911074611734749,0.027086636809186604,0.11912864672800363,1.4082062456783335,-0.0007366540718163266,Industrial,naics_31-33
333415,0.31811653973872556,0.33108829220347896,0.12761280289591545,0.12760774303719213,0.046373319203243064,0.0591692270366977,0.019436377491341236,0.01978406865090968,0.012971752464753405,0.04077673067677438,-5.0598587233163794e-06,-3.965008689169958e-05,0.1457746247376205,0.2717432205354825,0.27191906516678127,0.012795907833454634,0.0001758446312987716,2.385903403239726,2.9907511988934123,0.3553503896262884,0.12760774303719213,0.08223114313170067,0.03723384988756284,0.11704468405869002,0.024262097422809437,0.07327984103979893,1.3897619970715454,-3.965008689169958e-05,Industrial,naics_31-33
333413,0.21183530721118474,0.2263397105840045,0.00974413357909913,0.009738301197202343,0.051949562185075696,0.06628412227937391,0.021773539580242602,0.022163034592746888,0.014504403372819774,0.06847018829755284,-5.832381896787517e-06,-0.0005985531550283546,0.24523561661647686,0.15988574502610903,0.1600555883046306,0.014334560094298218,0.00016984327852156977,2.385903403239726,2.990751198893412,0.25508700365179265,0.009738301197202343,0.09360936333889204,0.04325169644060792,0.20417605077273096,0.028747293067788143,0.12700949821670277,1.4122441411285174,-0.0005985531550283546,Industrial,naics_31-33
333511,0.1932892204647547,0.21061261066106773,0.022873015158757937,0.02285893903995057,0.06187269585182438,0.07894537453925114,0.025932607232887064,0.026396503516728908,0.017323390196313043,0.08962419194748564,-1.4076118807368476e-05,-0.0006154028539599344,0.320104223624341,0.1314165246129303,0.13166723612181658,0.017072678687426762,0.000250711508886281,2.385903403239726,2.990751198893412,0.2465537722943598,0.02285893903995057,0.11310862265005431,0.0532645518296051,0.27556917918926377,0.03594116163329206,0.1706505679810932,1.4327454054172282,-0.0006154028539599344,Industrial,naics_31-33
333514,0.17840463315628158,0.19315641819103174,0.013965869883997655,0.013957747511048172,0.05249877395169674,0.0669849096671301,0.02200372985780174,0.022397352776090056,0.014751785034750164,0.08268723055991306,-8.122372949483092e-06,-0.0005815873280324524,0.29426799642421886,0.12590585920458483,0.12617150852390163,0.014486135715433356,0.0002656493193168019,2.385903403239726,2.9907511988934155,0.22323072832007235,0.01395774751104817,0.09557152378891579,0.04482609516379077,0.2512608241767092,0.030074310129040605,0.15569925354122638,1.4267620015290297,-0.0005815873280325766,Industrial,naics_31-33
333517,0.14933501226008494,0.1605078819908109,0.008062581760706447,0.008056661073270452,0.03989849197513007,0.050907786481152954,0.016722593178312855,0.01702173905338198,0.011172869730725954,0.07481748293070786,-5.9206874359948175e-06,-0.0007343413824154565,0.267174397827363,0.10943652028495487,0.10960009550965794,0.011009294506022886,0.00016357522470306085,2.385903403239726,2.990751198893411,0.18182684734380833,0.00805666107327045,0.07117215940963995,0.032491835083723386,0.21757680661742562,0.021318965352997432,0.13282192181825656,1.3980603819022706,-0.0007343413824156716,Industrial,naics_31-33
33351B,0.16488840062569585,0.1796401513977922,0.01715572916686871,0.0171448863919048,0.05262465760079915,0.06714551199530766,0.022056491276781016,0.02245105243798004,0.014751750772096367,0.08946506070844554,-1.0842774963912977e-05,-0.0006320206421101958,0.3191531811886484,0.1122637430248967,0.11249463940248455,0.014520854394508509,0.00023089637758785808,2.385903403239726,2.990751198893412,0.20891188885023979,0.017144886391904802,0.09496925457284139,0.04402348822454394,0.2669896005873649,0.02927173745244757,0.16294651960979878,1.4143797813244485,-0.0006320206421099935,Industrial,naics_31-33
333611,0.15152808578482535,0.16318921461661726,0.01040608670483374,0.010399181294702254,0.04180522291041504,0.053340626470249265,0.017521758363582256,0.017835193542674314,0.011661128831791906,0.07695688077490186,-6.905410131485823e-06,-0.0006635933687039322,0.2758909194548908,0.10972286287441031,0.109848588146368,0.011535403559834227,0.00012572527195768568,2.385903403239726,2.9907511988934132,0.18579882630507913,0.010399181294702254,0.07483180089813281,0.03427074052025378,0.22616758037133333,0.022609611688461873,0.13854844354499135,1.4029044248265483,-0.0006635933687039322,Industrial,naics_31-33
333612,0.13786568377730532,0.15093007670630898,0.011276713971478121,0.0112682748394216,0.04672711152401194,0.059620625129116304,0.01958466191907141,0.019934999993037245,0.01306439292900366,0.09476174615074333,-8.439132056520943e-06,-0.0007483680155287972,0.3389321420948401,0.09113857225329339,0.09130945157719267,0.012893513605104365,0.00017087932389928118,2.385903403239726,2.9907511988934123,0.17691639986512925,0.0112682748394216,0.08432147410612693,0.03905071608782393,0.28325189429229264,0.025986323158820268,0.17217458392594867,1.4143004023107388,-0.0007483680155287972,Industrial,naics_31-33
333613,0.179311904606236,0.19468522891978585,0.014716094152374624,0.014706929043883203,0.054891291945756225,0.07003757661115532,0.023006502221012578,0.023418055181945403,0.015373324313549847,0.08573510134371302,-9.165108491420923e-06,-0.0006227949071623749,0.3061218498922087,0.12442061266047977,0.12464765230863052,0.0151462846653991,0.00022703964815075361,2.385903403239726,2.9907511988934132,0.22627365204684488,0.014706929043883205,0.1000634045943866,0.04696174744060888,0.2618997748294269,0.031588423127059034,0.16225382532782745,1.4287102643475655,-0.0006227949071622571,Industrial,naics_31-33
333618,0.21543064033904286,0.23190813599228094,0.01023044171004384,0.010224356234637853,0.05896425460934811,0.07523440296129379,0.024713596757221113,0.025155687637651282,0.016477495653238083,0.07648631423694394,-6.085475405986571e-06,-0.0005948399471366024,0.27370412359426066,0.15646638572969473,0.15667373303098714,0.01627014835194568,0.0002073473012924043,2.385903403239726,2.9907511988934132,0.26426214924982944,0.010224356234637853,0.1059879493707116,0.04883150891078658,0.226669283598359,0.0323540132575485,0.13951219571971119,1.4087697276635496,-0.0005948399471366024,Industrial,naics_31-33
333912,0.15289738496576108,0.16533230272314162,0.008556988094657157,0.008551370543367184,0.04442986486910397,0.05668951101403701,0.01862182048475826,0.018954940496224593,0.012434917757380537,0.0813285182095504,-5.617551289973169e-06,-0.0006564869820820104,0.2905861658723158,0.10846752009665711,0.1086427917091046,0.012259646144933044,0.00017527161244748624,2.385903403239726,2.9907511988934132,0.18857058963841483,0.008551370543367184,0.07877826177998658,0.03567320467265375,0.2333146814815845,0.023238286915273215,0.14055503088339036,1.3896444045968244,-0.0006564869820820104,Industrial,naics_31-33
333914,0.16264029476141,0.17543823679661777,0.011215174928987397,0.011208789752516395,0.04579894077261957,0.058436350871532275,0.019195639148856972,0.019539021130595538,0.01279794203520776,0.07868863035437854,-6.385176471002119e-06,-0.0005693336494019918,0.28159651849995526,0.11684135398879045,0.1170018859250855,0.012637410098912706,0.00016053193629504692,2.385903403239726,2.99075119889341,0.19961806416521488,0.011208789752516395,0.08142006659274549,0.03697776940380487,0.2273592129063127,0.024179827368597112,0.1378252985786008,1.3933119604223938,-0.0005693336494019918,Industrial,naics_31-33
333920,0.22961128206225692,0.24307771210806262,0.007809330342889273,0.007804012246043756,0.048260049462320063,0.06157655283475112,0.020227159824152817,0.020588992109251535,0.013466430045805694,0.058648816925966206,-5.318096845517532e-06,-0.0006809926859298359,0.2101815251797375,0.18135123259993685,0.1815011592733115,0.013316503372431059,0.00014992667337465626,2.385903403239726,2.9907511988934163,0.26918011907488815,0.007804012246043756,0.08638774326302036,0.039568837012631225,0.1723296723803951,0.02610240696682553,0.10738297123358412,1.4029324359038637,-0.0006809926859298359,Industrial,naics_31-33
333991,0.18251537889935543,0.19624027545033423,0.011537522733966209,0.011532281465808297,0.04914367466363049,0.06270399833880806,0.02059751228691832,0.020965969473491726,0.013724896550978805,0.07519857577890536,-5.241268157912121e-06,-0.00045428020197801607,0.2692577193219965,0.13337170423572495,0.13353627711152616,0.013560323675177573,0.00016457287580121105,2.385903403239726,2.9907511988934123,0.22372218410927036,0.011532281465808297,0.08882645018532798,0.04120680520991493,0.2257716881635362,0.027481908658936127,0.14004214270424536,1.4165994599797713,-0.00045428020197801607,Industrial,naics_31-33
333993,0.0992904941586407,0.10773690657738873,0.008942648888080927,0.00893810295415741,0.03044843073011396,0.038850108495554245,0.012761803637468816,0.012990083732116832,0.008446412418748023,0.08506768437724588,-4.545933923518278e-06,-0.0005083431073288873,0.3066600784710084,0.06884206342852675,0.06888679808183448,0.008401677765440284,4.4734653307731964e-05,2.385903403239726,2.9907511988934137,0.12224276025412988,0.00893810295415741,0.052638396232989916,0.02295226609548917,0.23116277434189567,0.014505853676741148,0.13464145331035116,1.3549098901233059,-0.0005083431073288873,Industrial,naics_31-33
333994,0.1599776925252551,0.17218175468990096,0.00882149170864418,0.008817693598105435,0.04369419564994711,0.05575082612244778,0.018313480583755593,0.018641077914831477,0.012204062164645868,0.07628602445756152,-3.798110538745861e-06,-0.0004305519592592364,0.27312680261999195,0.11628349687530798,0.11643092856745318,0.01205663047250067,0.00014743169214520568,2.385903403239726,2.9907511988934137,0.19557440592076572,0.008817693598105435,0.07798630521250711,0.035596713395510626,0.22251048151535943,0.02339265123086476,0.13586022092175146,1.3988367641624297,-0.0004305519592592364,Industrial,naics_31-33
33399A,0.20564134224597655,0.21921626688886606,0.014743538018886193,0.01472368473186944,0.0486220460495154,0.06203844600759093,0.020378882893370035,0.020743432630084824,0.013574924642889508,0.06601262418649237,-1.985328701675261e-05,-0.0013465754957406374,0.23644100703912183,0.15701929619646116,0.15717782088127513,0.013416399958075531,0.00015852468481397652,2.385903403239726,2.9907511988934132,0.2457054497152955,0.014723684731869443,0.08721727952401978,0.04006410746931896,0.19482516030943106,0.026489182826429453,0.12083584490496965,1.4058585463818356,-0.0013465754957405196,Industrial,naics_31-33
33399B,0.17761311011022624,0.19217624076461198,0.009680156326799784,0.009673673652465915,0.05196188214142596,0.06629987323816319,0.021778703224476285,0.022168301148786408,0.014563130654385747,0.08199355692464315,-6.482674333868621e-06,-0.0006696869466788625,0.2925565692148432,0.12565122796880027,0.1258763675264488,0.01433799109673723,0.00022513955764852378,2.385903403239726,2.9907511988934137,0.22087734012249866,0.009673673652465915,0.09358120566755333,0.04326423001227242,0.24358691757282303,0.028701099357886672,0.14934780305668147,1.4114839304652937,-0.0006696869466788625,Industrial,naics_31-33
334111,0.012955702431400838,0.014070760762026303,7.4573378672749604e-06,7.453414027134523e-06,0.003968348221183599,0.005063347788904028,0.001663247646906045,0.0016930020092535553,0.0011150583306254649,0.08606699146801097,-3.923840140437379e-09,-0.0005261716996431621,0.3063012786991373,0.008987354210217239,0.009007412973122275,0.001094999567720429,2.00587629050359e-05,2.385903403239726,2.9907511988934132,0.01598194614116008,7.453414027134523e-06,0.006879991918530787,0.0030262437097592423,0.2335839161004896,0.0019111853791337775,0.13582672688825898,1.3587832014241263,-0.0005261716996431621,Industrial,naics_31-33
334112,0.041557167994333885,0.044744857987458135,0.0041950225916837555,0.004194911966165115,0.011452299825042594,0.014612353124451161,0.004799984697407262,0.004885847117559551,0.00318768999312425,0.07670614112970536,-1.1062551864057107e-07,-2.637066099712453e-05,0.2755794097086707,0.03010486816929129,0.030132504863006976,0.003160053299408567,2.763669371568661e-05,2.385903403239726,2.9907511988934146,0.050275070388864085,0.004194911966165115,0.019869000650269183,0.0087179023945302,0.20978095513435474,0.00553021240140595,0.12359436704338303,1.3597399735037858,-2.637066099712453e-05,Industrial,naics_31-33
334118,0.08663846573511454,0.09200689361761134,0.011192296123244648,0.011174382206183308,0.019316699600886465,0.024646812154016474,0.008096178401295319,0.008241010540474202,0.005368427882496807,0.06196356129978171,-1.791391706133967e-05,-0.0016005578179919015,0.22295754474628715,0.06732176613422808,0.06736008146359487,0.0053301125531300085,3.8315329366794826e-05,2.385903403239726,2.9907511988934132,0.10196168151369958,0.011174382206183307,0.034109163211403,0.015323215778585045,0.17686388659551888,0.009954787896088238,0.10819610905962332,1.3839178469920106,-0.0016005578179920563,Industrial,naics_31-33
334210,0.04569021113186,0.049421717062996834,0.0001796832180031586,0.00017967890844235927,0.0132533174326705,0.01691035081626429,0.005554842419300938,0.0056542151759468254,0.0037315059311368373,0.0816697020805588,-4.309560799339125e-09,-2.3984214259026505e-05,0.2900690783507652,0.03243689369918949,0.032511366246732544,0.003657033383593789,7.44725475430516e-05,2.385903403239726,2.9907511988934115,0.055436974862971646,0.00017967890844235924,0.022628049836894405,0.009746763731111649,0.2133227991217398,0.006015257799974812,0.12171284523172855,1.3381182970569043,-2.3984214259177355e-05,Industrial,naics_31-33
334220,0.045503708580540286,0.04979209855969821,0.0010139583924342773,0.0010138304004953637,0.015222870631349986,0.019423367802974597,0.006380338202577455,0.00649447797936562,0.004288389979157925,0.09424264775183314,-1.279919389135433e-07,-0.00012622997143528204,0.334541317756682,0.0302808379491903,0.030368730756723614,0.004200497171624611,8.789280753331366e-05,2.385903403239726,2.990751198893413,0.05780513840551438,0.0010138304004953637,0.027040023913521515,0.012301429824974092,0.2703390604570374,0.008013039845816167,0.160929948277013,1.3921387983694806,-0.00012622997143528204,Industrial,naics_31-33
334290,0.04549032117461436,0.049030270349271404,1.247743850004936e-05,1.247444520658942e-05,0.01263613610083358,0.016122862599659702,0.005296164163090367,0.005390907343153518,0.0035399491746570463,0.0778176342406766,-2.9932934599405148e-09,-0.0002398964707322479,0.2777763659291355,0.03285418507378078,0.032907407749611706,0.003486726498826122,5.322267583092455e-05,2.385903403239726,2.9907511988934155,0.05526151261325447,1.247444520658942e-05,0.022045861908223694,0.009771191438640109,0.2147971521487712,0.0062312422639830625,0.12708969825363525,1.367366481724468,-0.0002398964707322479,Industrial,naics_31-33
334413,0.19355067478117072,0.20925750737638035,0.0931742439332052,0.09316608687327183,0.055510833903879175,0.07082812710843785,0.023266169882864143,0.02368238693163257,0.015706832595209635,0.08115100922777899,-8.157059933372457e-06,-8.754629594011081e-05,0.28680258524874674,0.13803984087729154,0.1384293802679425,0.015317293204558671,0.00038953939065095033,2.385903403239726,2.990751198893415,0.2453432753211579,0.09316608687327181,0.10512882824171312,0.05179260053998719,0.26759193993275476,0.03608576794477755,0.17244670643941104,1.484280786935971,-8.754629594025976e-05,Industrial,naics_31-33
334418,0.06841868239037678,0.0737907970849266,0.003999252133798694,0.003998438076747002,0.019155481086835614,0.02444110669089681,0.008028607135068892,0.008172230006942768,0.005372114694549818,0.07851824248672488,-8.140570516923865e-07,-0.0002035523203982524,0.2799744224470752,0.04926320130354117,0.04934969039402979,0.0052856256040611956,8.648909048861869e-05,2.385903403239726,2.990751198893413,0.08453806505356423,0.003998438076747002,0.03465673594272802,0.01611938266318745,0.23559913900731116,0.010747267968637633,0.14564509929698266,1.4179691771337042,-0.0002035523203982524,Industrial,naics_31-33
33441A,0.07801920987149345,0.08465022061432044,0.0036233116819473165,0.003622755303775414,0.02353190542510109,0.03002514411442207,0.009862891093221974,0.010039331966340586,0.006631010742826987,0.08499202637080046,-5.563781719022942e-07,-0.00015355515085118865,0.30161681288314535,0.05448730444639237,0.05462507649989837,0.006493238689320981,0.00013777205350599953,2.385903403239726,2.990751198893413,0.0982886747689944,0.003622755303775414,0.0429889402734854,0.02026946489750095,0.25980095070030923,0.013638454154673962,0.16111540000365598,1.431764660634431,-0.00015355515085118865,Industrial,naics_31-33
334510,0.07332198465741535,0.07880348137422355,0.003302685796822719,0.0033009482288014597,0.019614342811389324,0.025026582137023804,0.008220929139359023,0.008367992010262752,0.0054814967168081985,0.07475925184539904,-1.7375680212592878e-06,-0.000526107576727668,0.2675097094416367,0.05370764184602603,0.05377689923719975,0.00541223932563448,6.925739117372154e-05,2.385903403239726,2.99075119889341,0.089094310314589,0.0033009482288014597,0.03480835118340546,0.015772325657173653,0.21511045740056264,0.010290828940365454,0.13058850650894674,1.390855171226546,-0.000526107576727668,Industrial,naics_31-33
334511,0.0490980290902316,0.05275535241874826,0.012401474490634008,0.012398085654830889,0.01328587093061624,0.016951847608354352,0.005568486516501829,0.005668090215804845,0.0036573233285166554,0.07449022692530657,-3.388835803119425e-06,-0.0002732607163510099,0.2705988646957635,0.03581215815961536,0.035803504810393905,0.0036659766777381118,-8.653349221454665e-06,2.385903403239726,2.990751198893411,0.05973430571251957,0.012398085654830889,0.023585570673887214,0.010636276622287971,0.21663347428347451,0.006978953293771316,0.13228900905401075,1.391327436324025,-0.0002732607163510099,Industrial,naics_31-33
334512,0.04088475799436948,0.04373612231543373,0.00019130996620023234,0.00019119713183336464,0.010178748862222906,0.012987400072943682,0.004266203253828959,0.004342521062182992,0.0028513643210642467,0.06974149930047104,-1.1283436686769922e-07,-0.0005897986869623011,0.24896194478207967,0.030706009132146578,0.030748722242490048,0.0028086512107207764,4.271311034347025e-05,2.385903403239726,2.9907511988934137,0.04859586583056309,0.00019119713183336464,0.01760674502223,0.007711107836193609,0.18860593077878945,0.0048597435151293625,0.11111509795221242,1.3556789598643135,-0.0005897986869623011,Industrial,naics_31-33
334513,0.0359433564141677,0.03866335519162867,0.0016872356530598068,0.0016862041368403626,0.009750536249506418,0.012441024508035917,0.004086727164338062,0.004159832657641043,0.002719998777460965,0.07567459048951894,-1.0315162194442229e-06,-0.0006113646410764052,0.2712750622716768,0.026192820164661283,0.02622233068359275,0.0026904882585294995,2.9510518931467195e-05,2.385903403239726,2.990751198893412,0.04359296844739719,0.0016862041368403626,0.017126782928017618,0.007649612033229489,0.21282408757503404,0.004929613255768524,0.1275009173760449,1.3766376649250285,-0.0006113646410764052,Industrial,naics_31-33
334514,0.057568737169200995,0.06230262671411783,3.663188544395785e-05,3.661112293548415e-05,0.01685237424472319,0.021502505071925263,0.007063309529564358,0.007189666957211705,0.004733889544916832,0.08223021344038516,-2.0762508473696215e-08,-0.0005667878740628906,0.2927348257647578,0.040716362924477806,0.040800121642192565,0.004650130827202073,8.37587177147589e-05,2.385903403239726,2.990751198893413,0.07062311033490146,3.661112293548415e-05,0.02941139653289019,0.013054373165700461,0.22676149951547817,0.00832048362078363,0.1335494835388409,1.36781256111834,-0.0005667878740628906,Industrial,naics_31-33
334515,0.038825952212750064,0.042330500773826975,0.0007082254692249483,0.000708040800947516,0.012477134855323853,0.01591999035009703,0.005229522217195228,0.005323074134681438,0.0035045485610769103,0.09026304214957671,-1.8466827743227662e-07,-0.000260747862731299,0.3213606916053042,0.02634881735742621,0.026410510423729945,0.003442855494773177,6.169306630373489e-05,2.385903403239726,2.9907511988934132,0.04825341470480573,0.000708040800947516,0.021549913506935865,0.009427462492055665,0.24281342645241752,0.005922913930978754,0.13992071491488006,1.3536386036065984,-0.000260747862731299,Industrial,naics_31-33
334516,0.06026727429654189,0.06462917480115149,0.006474648771966938,0.006472237307753974,0.015698237377010642,0.02002988236185211,0.0065795779308142205,0.006697274707860431,0.004361900504609599,0.07237593794514584,-2.411464212963982e-06,-0.00037244710839062263,0.2604769762735296,0.04456903691953125,0.04459929243929938,0.004331644984841468,3.0255519768131178e-05,2.385903403239726,2.990751198893412,0.0729391780472448,0.006472237307753974,0.027928811884343922,0.012671903750702908,0.21026176973512167,0.008310003246093309,0.12857975166263844,1.3943572598077616,-0.00037244710839062263,Industrial,naics_31-33
334517,0.06450220666466519,0.07015140511344911,5.0199098156971576e-05,5.0166804145375357e-05,0.020109589931258342,0.025658488190445895,0.00842850129806274,0.008579278744396936,0.005649198448783921,0.08758147574939627,-3.229401159621979e-08,-0.0006433185611270757,0.31176592199092207,0.044392616733406845,0.044492916923003216,0.005548898259187553,0.00010030018959637094,2.385903403239726,2.9907511988934115,0.08095116147763423,5.0166804145375357e-05,0.035924009376720425,0.01644895481296904,0.25501383074355977,0.01079975636418512,0.15394925228824305,1.4000828540668644,-0.0006433185611270757,Industrial,naics_31-33
33451A,0.048481406637616305,0.052419016877227206,0.0008622622248756514,0.0008603067649201254,0.014032640227357951,0.017904714534467604,0.005881478775839614,0.005986694761199934,0.003937610239610902,0.08121897677275197,-1.9554599555260226e-06,-0.0022678251454283796,0.28944375175100934,0.034448766410258354,0.0345143023427596,0.0038720743071096533,6.553593250124834e-05,2.385903403239726,2.990751198893411,0.059212257974390184,0.0008603067649201254,0.02436191209104042,0.01073085133677388,0.22133952129284765,0.0067932410971629775,0.12959497338673318,1.3606423070383133,-0.0022678251454283796,Industrial,naics_31-33
334300,0.05451751866332979,0.058490373837142166,0.0012435714350397752,0.0012431144985529667,0.01422967814506933,0.018156112182535274,0.00596406297327352,0.00607075312358082,0.0039728551738123785,0.072873000665099,-4.569364868084805e-07,-0.00036743887317889826,0.26101111154643697,0.040287840518260454,0.04033426165460689,0.003926434037465943,4.642113634643896e-05,2.385903403239726,2.9907511988934137,0.0642680519340705,0.0012431144985529667,0.02364798393514099,0.009750533270740706,0.1788513767648641,0.005777678096928328,0.09877998237821871,1.302480602531662,-0.00036743887317889826,Industrial,naics_31-33
334610,0.029143599188034563,0.032280305872327233,0.0003430527721769631,0.0003423086042988291,0.011122408844098926,0.014191455936622603,0.00466171800123854,0.004745114184648151,0.0031367066842926707,0.10762935161352695,-7.441678781339796e-07,-0.002169251900841956,0.38164156638090996,0.018021190343935636,0.01808884993570463,0.0030690470925236763,6.765959176899261e-05,2.385903403239726,2.990751198893414,0.036492708546737945,0.0003423086042988292,0.018195482272132114,0.0073491093587033825,0.2521689003230834,0.004212402674410712,0.13049450928598097,1.2821434497905662,-0.002169251900841798,Industrial,naics_31-33
335110,0.12403789148550738,0.1297920077793673,0.03760785707515869,0.037593865507774125,0.02110521851679389,0.02692878082874441,0.008845797565876275,0.00900401907009454,0.005754116293859926,0.046389987970186015,-1.3991567384567805e-05,-0.00037203841092583084,0.17015138087267334,0.10293267296871349,0.1028632269506229,0.005823562311950518,-6.944601809058537e-05,2.385903403239726,2.990751198893414,0.13909876953211125,0.03759386550777414,0.03577516186982374,0.015060878046603873,0.12142159034010659,0.009306761752743947,0.07170519904865374,1.328510269266869,-0.00037203841092546183,Industrial,naics_31-33
335120,0.20451250035221646,0.218244491556698,0.019763812496225944,0.01975990041280567,0.049377931340540186,0.0630028730098183,0.020695695925280044,0.021065902450571473,0.013731991204481542,0.06714499691134757,-3.912083420275908e-06,-0.00019794173927843888,0.24144211847931202,0.15513456901167627,0.1552416185468797,0.013624941669278114,0.00010704953520343508,2.385903403239726,2.990751198893412,0.24484200560825056,0.01975990041280567,0.08828467889424672,0.0403295052560341,0.19719824062870303,0.026597514051552557,0.12187026514088561,1.4012802063881837,-0.00019794173927843888,Industrial,naics_31-33
335210,0.13943769725876926,0.1487847906950446,0.00036575636138785515,0.0003655179708574719,0.03349210761684189,0.04273368310785326,0.014037495219363975,0.01428861187907067,0.00934709343627535,0.0670341924747148,-2.383905303832666e-07,-0.0006517741194676657,0.24019406713728964,0.10594558964192737,0.10605110758719134,0.009241575491011372,0.00010551794526397762,2.385903403239726,2.9907511988934123,0.166593394246938,0.0003655179708574719,0.059661342482298825,0.027155696988168748,0.1947514733965597,0.0178086035518934,0.1196937097447994,1.3961198320239037,-0.0006517741194676657,Industrial,naics_31-33
335220,0.220139051759374,0.23343037321807505,0.01867768905582108,0.018668882640724135,0.0476397651626213,0.060785124884953176,0.019967181025825734,0.020324366970894767,0.013291321458701044,0.06037693608869227,-8.80641509694649e-06,-0.0004714938272410037,0.21640760592852282,0.1724992865967527,0.1726452483331219,0.013145359722331877,0.00014596173636918786,2.385903403239726,2.9907511988934115,0.25986064232099937,0.018668882640724135,0.08590795898283911,0.03972159056162536,0.18043863750736777,0.026430269102924314,0.11322549306054812,1.413305626095783,-0.0004714938272410037,Industrial,naics_31-33
335311,0.20751399248883493,0.2208391472472628,0.010271050091872102,0.010264136987320486,0.04766852751880085,0.060821827662516544,0.019979236147646885,0.020336639064132363,0.013325154758427882,0.06421328315556758,-6.913104551616381e-06,-0.0006730669687890044,0.22971235311452845,0.15984546497003407,0.16001731958474627,0.013153300143715692,0.00017185461471219687,2.385903403239726,2.990751198893416,0.24789080614268144,0.010264136987320486,0.08653531305517931,0.040376813653846516,0.19457393291692823,0.027051658895418634,0.12249485307571041,1.4227673909330671,-0.0006730669687890044,Industrial,naics_31-33
335312,0.16789310382218192,0.18112204290515216,0.011926815723402212,0.011924105761276397,0.04744153694045451,0.060532176025229346,0.019884097937928034,0.020239789938937894,0.013228939082970237,0.07879382048342619,-2.709962125814827e-06,-0.00022721589640204405,0.2825698963234401,0.12045156688172741,0.12058986687992282,0.013090639084774834,0.00013829999819540972,2.385903403239726,2.9907511988934132,0.20619886814319668,0.011924105761276399,0.08436851752079762,0.03830576432101476,0.22815567434851264,0.025076825238044526,0.13845264130096224,1.393779689757617,-0.0002272158964018986,Industrial,naics_31-33
335313,0.21697400567438574,0.23127144605790728,0.012994747818606317,0.012991361821265023,0.05121407030054773,0.06534568211070005,0.02146527400522843,0.021849253837924777,0.014297440383521542,0.06589471554015462,-3.3859973412944666e-06,-0.0002605666064905301,0.236037815411884,0.165759935373838,0.16592576394720723,0.014131611810152316,0.00016582857336921997,2.385903403239726,2.9907511988934137,0.26000622685919283,0.012991361821265023,0.09265902985220822,0.043032221184807096,0.19832892447672198,0.028734780801285553,0.12424698894341997,1.4179824413683142,-0.0002605666064905301,Industrial,naics_31-33
335314,0.13486020379116453,0.14477209827643772,0.003670800202772425,0.003669424165934563,0.03535764145274003,0.04511397642282634,0.01481939352814085,0.01508449664402665,0.009911894485273187,0.07349754936320638,-1.3760368378617355e-06,-0.00037486018357045525,0.2621799497462758,0.0995025623384245,0.09965812185361138,0.009756334970086315,0.00015555951518687883,2.3859034032397264,2.990751198893411,0.16297396868214953,0.003669424165934563,0.06241544878745392,0.028113764890984994,0.20846598255568474,0.018201870405711806,0.12572775156547025,1.383505816522827,-0.00037486018357045525,Industrial,naics_31-33
335911,0.3750438079889015,0.40205768005887493,0.027550248704061097,0.027544128493692317,0.0980749752680556,0.1251368481129035,0.041106012563158836,0.04184127658603114,0.02701387206997341,0.07202857771424083,-6.1202103687797715e-06,-0.00022214719128388886,0.26150271829299976,0.27696883272084594,0.27692083194597145,0.027061872844847887,-4.800077487449039e-05,2.385903403239726,2.9907511988934123,0.46124454296380785,0.027544128493692317,0.18139589457756475,0.08620073497490632,0.22984177618380308,0.05918686290493291,0.14720988017506828,1.4495801781254878,-0.00022214719128388886,Industrial,naics_31-33
335912,0.12891242995583024,0.1363547169308292,0.0031159841881362865,0.0031157487817055876,0.027044927718791405,0.034507460148061476,0.011335298688986379,0.011538057783218264,0.007442286974998963,0.05773133729267955,-2.354064306988972e-07,-7.554801837415519e-05,0.20979301784985288,0.10186750223703883,0.10184725678276774,0.007462532429270072,-2.024545427109503e-05,2.385903403239726,2.990751198893411,0.15175149769683388,0.0031157487817055876,0.049142603184991716,0.022839067741003638,0.17716730457124324,0.015396780766004675,0.11291711143234774,1.424115335470507,-7.554801837415519e-05,Industrial,naics_31-33
335920,0.3342139199419462,0.3574177528963895,0.012570458857037607,0.01256715633319074,0.08275073233822945,0.10558438726129601,0.034683186346046294,0.035303634518432214,0.023203832954443282,0.06942808653354068,-3.302523846867092e-06,-0.0002627210258930337,0.2475981022950913,0.2514631876037168,0.2518333656350935,0.022833654923066563,0.00037017803137673333,2.385903403239726,2.990751198893413,0.4047001263741526,0.012567156333190738,0.1505278276784306,0.07048620643220638,0.21090146827053166,0.047282373477763096,0.13228882195862723,1.4256636950111796,-0.0002627210258931717,Industrial,naics_31-33
335930,0.1709930676745799,0.1834425755841988,0.012503083509030887,0.01250073321447514,0.044514125303916345,0.05679701738857737,0.01865713643036526,0.018990886774397156,0.012449507909618907,0.07280709141561106,-2.3502945557460353e-06,-0.0001879771941096318,0.26032707588258497,0.12647894237066354,0.12664555819562143,0.012282892084661025,0.00016661582495788863,2.385903403239726,2.9907511988934137,0.209245132977028,0.01250073321447514,0.08132319100250786,0.038252065302448096,0.22370535731452176,0.02580255739282919,0.14065740905925084,1.4318215065085975,-0.0001879771941096318,Industrial,naics_31-33
335991,0.3039426280173293,0.32068862660004827,0.06800601856894488,0.06799167455878537,0.06114554342549648,0.07801754951130363,0.02562783696207873,0.02608627208447507,0.01674599858271897,0.055095919555463585,-1.4344010159511589e-05,-0.00021092265745523026,0.2011746224093656,0.2427970845918328,0.24267107708874464,0.016872006085807148,-0.00012600750308816577,2.385903403239726,2.9907511988934146,0.3584439991400768,0.06799167455878537,0.1139052643481557,0.0545013711227475,0.1793146669760324,0.03775537254002853,0.1177321844566559,1.4599954120790792,-0.00021092265745523026,Industrial,naics_31-33
335999,0.15524907724594691,0.16876002584239025,0.007009789635903702,0.0070080335104501235,0.04807524119768856,0.06134078216382616,0.020149701422282666,0.020510158847891605,0.013510948596443334,0.08702756136217914,-1.7561254535784082e-06,-0.0002505247011384827,0.3096652299036042,0.10717383604825836,0.10741924367856409,0.0132655409661376,0.0002454076303057273,2.385903403239726,2.990751198893413,0.19499569761995875,0.0070080335104501235,0.0862786451476547,0.03974662037401183,0.2560184001032412,0.026235671777568498,0.1554614112353285,1.4065462177711663,-0.0002505247011384827,Industrial,naics_31-33
336111,0.2513335696615745,0.266720067752783,0.03969435741142601,0.03969402493598153,0.05507424195271459,0.07027101571770913,0.023083181774220786,0.023496108851752566,0.015386498091208511,0.061219430862048105,-3.324754444811173e-07,-8.375886805146123e-06,0.21912807758578817,0.1962593277088599,0.19644905203507387,0.015196773764994544,0.00018972432621397473,2.385903403239726,2.9907511988934137,0.2955606364157786,0.03969402493598152,0.09768491827721637,0.044227066754204125,0.17596959615763516,0.028840568662995614,0.1081304789174218,1.3901167825669924,-8.37588680532093e-06,Industrial,naics_31-33
336112,0.23333155165439606,0.2482636266052397,0.011673267491462044,0.01167233451755309,0.05355913813613388,0.06833783483943397,0.022448158656971612,0.02284972245926681,0.014932074950843643,0.063995095583818,-9.329739089538464e-07,-7.992397241271423e-05,0.22954091616149763,0.17977241351826218,0.17992579176580575,0.014778696703300086,0.00015337824754357854,2.385903403239726,2.9907511988934132,0.2764600266693206,0.01167233451755309,0.09513943410461691,0.04312847501492456,0.18483773287037156,0.028196400064080918,0.11357443073574203,1.3921926898643449,-7.992397241271423e-05,Industrial,naics_31-33
336120,0.21742581349531281,0.232849781047697,0.009511193742074419,0.009509118151611042,0.05533905017069576,0.07060887798627899,0.023194170432697735,0.02360907788397929,0.015423967552384177,0.0709389897382938,-2.0755904633767974e-06,-0.00021822607336816852,0.2545192278739651,0.16208676332461705,0.162240903061418,0.015269827815583233,0.00015413973680095117,2.385903403239726,2.9907511988934115,0.26153168643013847,0.009509118151611042,0.09787196591505833,0.04410587293482565,0.20285481390541732,0.028681905382441475,0.12317772107574483,1.386114164483356,-0.00021822607336816852,Industrial,naics_31-33
336211,0.26353945174935456,0.2807043876521858,0.015321556566689879,0.015315370905994233,0.061839434280038054,0.07890289091486999,0.025918666361793474,0.0263822985155249,0.017164935902831246,0.06513231999570358,-6.185660695646328e-06,-0.00040372273330859746,0.23464962786236618,0.2017000174693165,0.20180149673731582,0.017063456634831935,0.00010147926799930485,2.385903403239726,2.9907511988934123,0.3137622936688933,0.015315370905994233,0.11032551038374822,0.05022284191953874,0.19057048797120654,0.033057906016707495,0.11776768540457859,1.3982442101238186,-0.00040372273330859746,Industrial,naics_31-33
336212,0.3141315601055891,0.33402020912193736,0.01744864716167342,0.01744557660568775,0.07129559551605427,0.0909683484425537,0.02988201258242255,0.03041655503681226,0.019888649016348237,0.0633131195403068,-3.0705559856680775e-06,-0.00017597673660412277,0.22696094430018324,0.24283596458953485,0.24305186067938367,0.019672752926499434,0.00021589608984881603,2.385903403239726,2.990751198893412,0.37306606075810717,0.01744557660568775,0.1280827058123627,0.05893450065251804,0.18761088708408785,0.039045851636169804,0.11689667442222255,1.40799198847989,-0.00017597673660412277,Industrial,naics_31-33
336213,0.1298643254162116,0.1379418742396229,0.0007070744800579457,0.0007067926146054128,0.03013709781521997,0.038452770729115654,0.012631315154795441,0.012857228225251,0.008077548823411301,0.062199905921221856,-2.818654525328602e-07,-0.00039863615571270646,0.23206602520462336,0.09972722760099162,0.09948910351050724,0.008315672913895684,-0.00023812409048437622,2.385903403239726,2.990751198893413,0.14556782873787116,0.0007067926146054127,0.04570148957308379,0.015703503321659568,0.12092238011732838,0.007625954498248266,0.055283825453908184,1.1885096628025182,-0.0003986361557128598,Industrial,naics_31-33
336214,0.24250912717824055,0.2582026838432375,0.0052548801315803265,0.005252785107694356,0.056371082003928645,0.07192568570282284,0.023626724337366102,0.024049371184549077,0.01569355666499697,0.06471326191967383,-2.0950238859701598e-06,-0.0003986815747479501,0.23244932122697695,0.1861380451743119,0.18627699814041468,0.0155546036988942,0.00013895296610277885,2.385903403239726,2.990751198893413,0.2888645010304023,0.005252785107694356,0.10107074447362495,0.046355373852161735,0.19114898639708203,0.030661817187164764,0.11875096234778279,1.4052107183408924,-0.0003986815747479501,Industrial,naics_31-33
336310,0.25304815076235776,0.27479292794205173,0.01712909106207045,0.017123238460161488,0.07767021349162952,0.09910194715036294,0.0325537963465596,0.033136138902838536,0.021744777179693975,0.08593138149472153,-5.852601908960808e-06,-0.00034167615127696016,0.3069384749804833,0.17537793727072826,0.1756909807916888,0.021431733658733423,0.00031304352096053756,2.385903403239726,2.990751198893411,0.31802578249160085,0.017123238460161488,0.14019618755316587,0.06497763172924309,0.2567797137955171,0.043232854549549116,0.15732884711889691,1.4146663267922728,-0.00034167615127696016,Industrial,naics_31-33
336320,0.22629627868402014,0.24524335377262038,0.008562376994642299,0.008559304586415812,0.06753230235193167,0.08616668547682903,0.028304709344155413,0.028811051052561976,0.018947075088600246,0.08372685224336475,-3.0724082264871333e-06,-0.00035882655346869435,0.29842427257156856,0.15876397633208847,0.15907666829579137,0.01863438312489736,0.0003126919637028991,2.385903403239726,2.990751198893412,0.2829565207363949,0.008559304586415812,0.12201428253485289,0.05666024205237474,0.2503807945135944,0.0377131669637745,0.15377854846472458,1.4160261806480139,-0.00035882655346869435,Industrial,naics_31-33
336350,0.2420623748102805,0.26172546888592507,0.01089081751246462,0.010886716734555284,0.07026805312084966,0.08965729095015193,0.029451340328965285,0.029978184405083725,0.019663094075644566,0.08123151766587339,-4.100777909335843e-06,-0.0003765353615229043,0.29028903469993284,0.17179432168943085,0.17206817793577314,0.01938923782930227,0.00027385624634229666,2.385903403239726,2.990751198893412,0.3009824394799836,0.010886716734555286,0.12697232378540205,0.05892006466970309,0.24340860373646442,0.03925697059405853,0.14999293252262338,1.4161963008228378,-0.000376535361522745,Industrial,naics_31-33
336360,0.29496250142830416,0.3163569688703022,0.036299071832837496,0.03629235831677472,0.07683509844173626,0.09803637931656697,0.03220377586846343,0.03277985121358164,0.021394467441998022,0.0725328383723323,-6.713516062774316e-06,-0.0001849500751339052,0.2604910728301929,0.2181274029865679,0.2183205895537352,0.02120128087483071,0.0001931865671672972,2.385903403239726,2.990751198893413,0.35954612771502775,0.03629235831677472,0.13908908552466323,0.0645836262867236,0.218955378985426,0.04318915884472557,0.13652033334037905,1.4187497181585411,-0.0001849500751339052,Industrial,naics_31-33
336370,0.435443251650077,0.4594452786696653,0.01569335048536904,0.01568686658203649,0.08577131988468283,0.1094384160394457,0.035949200528494686,0.03659228359749157,0.024002027019588257,0.05512090709555037,-6.4839033325492235e-06,-0.00041316246257255184,0.19697473679901878,0.3496719317653942,0.3500068626302196,0.023667096154762868,0.00033493086482538903,2.385903403239726,2.990751198893413,0.5092890194305945,0.01568686658203649,0.15681651972346344,0.07384576778051744,0.16958758116168954,0.04984374076092918,0.10848678411769279,1.4329202248956245,-0.00041316246257255184,Industrial,naics_31-33
336390,0.277989906069527,0.2970895862666115,0.016206161818212408,0.016201204569420386,0.06847371533995171,0.08736783185020812,0.028699282312508505,0.029212671345759056,0.019099680197084523,0.06870638026802159,-4.957248792021585e-06,-0.00030588666506159727,0.24631727212003882,0.20951619072957528,0.2097217544164034,0.01889411651025641,0.0002055636868281141,2.385903403239726,2.990751198893412,0.3350401068283239,0.016201204569420386,0.12344104125596525,0.05705020075879691,0.20522400099134644,0.037950520561712386,0.12774099906569988,1.412888916227251,-0.00030588666506159727,Industrial,naics_31-33
3363A0,0.30855267140865206,0.3322545505583104,0.01348076825753173,0.013475869308912094,0.08462635424101903,0.10797752698221252,0.035469312850682964,0.03610381466106727,0.023701879149658323,0.07681631483354483,-4.898948619635676e-06,-0.0003634027769076607,0.27426874593135037,0.22392631716763303,0.22427702357609786,0.0233511727411935,0.0003507064084648237,2.385903403239726,2.9907511988934132,0.3801072622753612,0.013475869308912094,0.15346309252525908,0.07155459086670912,0.23190397457924156,0.0478527117170508,0.14402424778423822,1.4212502991528926,-0.0003634027769076607,Industrial,naics_31-33
336411,0.09066754443343829,0.0999746788807971,0.003485554243416362,0.0034837540322119886,0.03322504109143006,0.04239290657431304,0.013925560039989493,0.014174668421097204,0.009307134447358811,0.10265122437711383,-1.8002112043731533e-06,-0.0005164777474840496,0.3664491114107711,0.057442503342008226,0.05758177230648406,0.00916786548288298,0.00013926896447583048,2.385903403239726,2.9907511988934115,0.11903930170538951,0.0034837540322119886,0.06051445329394159,0.028371757271951223,0.31292076397613,0.01906462282459241,0.190694514231186,1.4274664839944913,-0.0005164777474840496,Industrial,naics_31-33
336412,0.1310260641865396,0.15225577682325744,0.009565102588029862,0.00955840286211149,0.07623393885670486,0.09726926741532531,0.03195181278218965,0.03252335649027417,0.021229712636717857,0.16202663774204096,-6.699725918371188e-06,-0.0007004342981909555,0.5818227032155365,0.054792125329834726,0.054986509407932135,0.021035328558620447,0.00019438407809740932,2.385903403239726,2.990751198893412,0.20017693825454003,0.009558402862111492,0.14281989664758332,0.06915087406800044,0.5277642619986777,0.04792116143128258,0.3147411706217935,1.4682941533605225,-0.0007004342981907742,Industrial,naics_31-33
336413,0.11288406357556297,0.1244799752551512,0.009192338576826727,0.009182318312684564,0.041866776545522295,0.053419119075399896,0.017547557243379183,0.017861438656336617,0.011595911679588233,0.10272408090470712,-1.0020264142162477e-05,-0.0010900669137038639,0.3708829680595018,0.07101728703004068,0.0710608561797513,0.0115523425298776,4.356914971062609e-05,2.385903403239726,2.9907511988934132,0.14917768814164872,0.009182318312684564,0.07689510189753619,0.03629362456608576,0.32151238550861816,0.024697712886497525,0.19840711597085162,1.4394678015749467,-0.0010900669137038639,Industrial,naics_31-33
336414,0.1545538976969777,0.17836406068555416,0.00935142169059536,0.009345863846518278,0.08562042474200822,0.1092457672462393,0.035885956080932514,0.036527868746373995,0.023810162988576467,0.15405734402932547,-5.557844077082319e-06,-0.0005943314568598475,0.5539842476821762,0.06893347295496947,0.06911829343931486,0.02362534250423108,0.00018482048434538545,2.385903403239726,2.990751198893414,0.2318544562694625,0.009345863846518278,0.16009013545345235,0.0773005585724848,0.5001527604566935,0.053490395583908334,0.2998944707712665,1.4654127064951648,-0.0005943314568598475,Industrial,naics_31-33
33641A,0.39293763896171563,0.45833313289226274,0.015593853782424675,0.015585727669427694,0.2354578296514473,0.30042793113596206,0.09868707565097909,0.10045233159051185,0.06539549393054711,0.1664271564906478,-8.126112996980489e-06,-0.0005211099905360897,0.5992244221592328,0.15747980931026834,0.15790520175630068,0.06497010148451476,0.0004253924460323466,2.385903403239726,2.9907511988934137,0.6105966062641218,0.015585727669427694,0.44515933609414376,0.2176589673024062,0.5539275083892204,0.15226347337185908,0.33221135991416667,1.4817508292618833,-0.0005211099905360897,Industrial,naics_31-33
336500,0.22500643817727206,0.24258293053706934,0.02743698545084274,0.027423532677349823,0.06368937726976504,0.08126322523653128,0.026694030103349406,0.02717150970853039,0.017576492359797274,0.0781155086146894,-1.3452773492916154e-05,-0.0004903152905416198,0.28305579958377525,0.16131706090750703,0.16131970530053807,0.01757384796676624,2.644393031048242e-06,2.385903403239726,2.990751198893413,0.2787500696022585,0.027423532677349823,0.11564127227765542,0.05374363142498645,0.23885374952091082,0.036167139065189174,0.14909185483544332,1.4230455650887672,-0.0004903152905416198,Industrial,naics_31-33
336611,0.11924388397249619,0.13147377768489713,0.01046666658765114,0.010461168509436817,0.04376359137528196,0.055839371197750745,0.018342566306689984,0.018670684214190547,0.012229893712400935,0.1025620208347271,-5.498078214323521e-06,-0.0005252941008754692,0.36700910702788003,0.07548029259721423,0.07563440648714638,0.012075779822468782,0.00015411388993215314,2.385903403239726,2.9907511988934155,0.15670228362642125,0.010461168509436817,0.07981989015645898,0.037458399653925056,0.31413267000398026,0.02522850594152412,0.19189002085259327,1.4294553904230602,-0.0005252941008754692,Industrial,naics_31-33
336612,0.18166368621654616,0.19684106053003667,0.012216748611323899,0.012212307314050552,0.05478590370927776,0.06990304663060051,0.022962331012599296,0.02337307317855957,0.015177374313490505,0.08354655038431193,-4.441297273347425e-06,-0.000363541676647968,0.30157872963103943,0.1268777825072684,0.12693801389943615,0.015117142921322754,6.023139216776441e-05,2.385903403239726,2.990751198893413,0.22678187955252305,0.012212307314050552,0.0983627730952667,0.045118193335976886,0.24836110218635135,0.02994081902248638,0.15210657238822184,1.4071314175340643,-0.000363541676647968,Industrial,naics_31-33
336991,0.16581956416766602,0.17871005050947983,0.026250097851724084,0.02625008263081516,0.04697169686369751,0.059932576344967285,0.019687174593873525,0.020039305297994203,0.012890486341813806,0.07773803053046129,-1.522090892214223e-08,-5.798419879468196e-07,0.2832699331919771,0.11884786730396851,0.11877747416451254,0.012960879481269776,-7.039313945597647e-05,2.385903403239726,2.9907511988934132,0.20582740409420675,0.02625008263081516,0.08570850668566275,0.04000783992654072,0.24127333904995302,0.027117353584726916,0.15173938738990203,1.4300821341690904,-5.798419879468196e-07,Industrial,naics_31-33
336992,0.2999872899109732,0.3181829444568908,0.0167600484043484,0.016755863616034268,0.06535275546589957,0.08338564460548456,0.027391199231770906,0.027881170669207624,0.01819565454591765,0.060654751577366994,-4.184788314133547e-06,-0.00024968831910102373,0.21785174793670165,0.2346345344450736,0.23479729985140627,0.018032889139584993,0.00016276540633267111,2.385903403239726,2.990751198893413,0.35703546751611887,0.01675586361603427,0.1203162368480458,0.05704817760514569,0.19016864888534377,0.03885252305922804,0.12210749738816372,1.4428890898102162,-0.0002496883191008167,Industrial,naics_31-33
336999,0.19037225449007011,0.20430224449041906,0.005635550740990336,0.005633318356232816,0.05001926854621995,0.06382119375410401,0.02096449859550086,0.021339519575455837,0.013929990000348946,0.07317237502734696,-2.232384757520564e-06,-0.0003961253939713915,0.2627445300797705,0.14035298594385015,0.14048105073631506,0.013801925207884064,0.00012806479246491032,2.385903403239726,2.9907511988934137,0.2316788346076618,0.005633318356232817,0.08984353688663027,0.041306580117591696,0.21697794265364578,0.02737659011724275,0.134000437369285,1.4077382700296623,-0.00039612539397123757,Industrial,naics_31-33
337110,0.18446438055774736,0.19903471504219356,0.017073072637160954,0.017054890130679682,0.05267428846743914,0.0672087907026907,0.02207729298508681,0.022472210569557963,0.014570334484446196,0.07898725184987619,-1.818250648127212e-05,-0.001064981498508733,0.2855526270609693,0.13179009209030823,0.13182592433950285,0.014534502235251559,3.58322491946228e-05,2.385903403239726,2.990751198893413,0.22778765746877067,0.017054890130679682,0.09453940166226796,0.043323276911023306,0.23485985088303143,0.02875294242657711,0.14446194685425479,1.4066523244031985,-0.001064981498508733,Industrial,naics_31-33
337121,0.23777498022581461,0.2532547784440833,0.026973843961844764,0.026968756570688326,0.055645953112503546,0.07100045934851751,0.02332280218760913,0.023740008655613973,0.01547979821826867,0.06510272108346944,-5.087391156437943e-06,-0.00018860460391311655,0.23402778988628933,0.18212902711331108,0.18225431909556578,0.015354506236013962,0.00012529198225469385,2.385903403239726,2.9907511988934137,0.28294168061940356,0.026968756570688326,0.09921882955603914,0.04516670039358894,0.18995564777544796,0.029686902175320273,0.11722148880154265,1.3974392625969796,-0.00018860460391311655,Industrial,naics_31-33
337122,0.1846188389982674,0.19844311102146622,0.019457598068099328,0.0194477968646386,0.049690872718163866,0.06340218268238376,0.020826858560447397,0.02119941729216485,0.01382427202319883,0.07488007235994247,-9.801203460727687e-06,-0.0005037211389825514,0.26915385768746064,0.13492796628010353,0.13504092833908246,0.013711309964219896,0.00011296205897892708,2.385903403239726,2.9907511988934123,0.2253226592311655,0.0194477968646386,0.08895207124646506,0.04070382023289812,0.2204749009026111,0.02687954820969929,0.1354521609308556,1.402981214259999,-0.0005037211389825514,Industrial,naics_31-33
337127,0.23396092221061848,0.24973647532699494,0.022134460803856233,0.02211666522916167,0.05690317963628639,0.07260457202648764,0.0238497415943243,0.024276366437084942,0.015775553116376462,0.06742815410077263,-1.7795574694563776e-05,-0.0008039759744887689,0.24321659830465397,0.1770577425743321,0.17713190330050732,0.015701392390201248,7.416072617522085e-05,2.385903403239726,2.9907511988934146,0.2813029636446609,0.02211666522916167,0.1026095502569145,0.047342041434042414,0.2023502086875163,0.03156648831766595,0.12639919049203388,1.413265685520196,-0.0008039759744887689,Industrial,naics_31-33
33712N,0.32922048121336156,0.349054360686687,0.028916741055946618,0.028901893085648472,0.07140187578269361,0.09110394584586683,0.02992655766605629,0.030461893948107624,0.019833879473325433,0.06024497443241227,-1.4847970298145774e-05,-0.0005134731562391034,0.21688163360778093,0.2578186054306679,0.25795041484082015,0.01970207006317322,0.00013180941015222825,2.385903403239726,2.9907511988934115,0.388866877660073,0.028901893085648472,0.1289470436609767,0.059646396446711436,0.18117462263247144,0.039812516973386,0.11405821401303715,1.415383740668426,-0.0005134731562391034,Industrial,naics_31-33
337215,0.2842634318950321,0.30308649719860015,0.02110679031831029,0.021092438760789065,0.06788848018006442,0.08662105850611292,0.02845399360589422,0.02896297710694324,0.018823065303568032,0.06621697760448726,-1.4351557521226355e-05,-0.0006799497841590948,0.23882241809116378,0.21637495171496768,0.21646543869248724,0.018732578326048493,9.048697751956603e-05,2.385903403239726,2.990751198893411,0.3420626066465669,0.021092438760789065,0.12366912364798334,0.05779917475153479,0.2033296170605506,0.038976109447966756,0.12859731399524313,1.4277027524346855,-0.0006799497841590948,Industrial,naics_31-33
33721A,0.22036080969592445,0.23526344265578042,0.02298862827824994,0.02297167682238754,0.053834510872148716,0.06868915425808914,0.022563575205538044,0.022967191080122042,0.014902632959855971,0.06762832728932197,-1.695145586240107e-05,-0.0007373843996790025,0.24430165666224807,0.16652629882377573,0.16657428839769128,0.01485464338594042,4.798957391555225e-05,2.385903403239726,2.9907511988934146,0.2641905192271731,0.022971676822387543,0.09618528541021311,0.04382970953124868,0.19889974806195906,0.028927076571392707,0.12295610505758264,1.4002980011780521,-0.0007373843996788515,Industrial,naics_31-33
337900,0.28443163897178914,0.29851829296506416,0.07703487840226822,0.0770263307334296,0.050780801717028645,0.06479285911381456,0.021283678814521728,0.021664409643232154,0.014086653993275022,0.049525622550985554,-8.547668838621014e-06,-0.00011095842579235299,0.17853429351460176,0.2336508372547605,0.2337254338512496,0.014012057396785918,7.45965964891182e-05,2.385903403239726,2.990751198893412,0.32507614000186336,0.0770263307334296,0.09003696020504048,0.04064450103007422,0.14289725705973755,0.026557847036799198,0.08896555977528414,1.389612396126591,-0.00011095842579235299,Industrial,naics_31-33
339112,0.11756417221054424,0.12553128527163124,0.00871079171415784,0.0087065673364878,0.028596536918206652,0.036487260965942445,0.011985622250832335,0.012200032212456476,0.007967113061086994,0.06776820617440141,-4.224377670039928e-06,-0.0004849590954142497,0.24324193655694237,0.08896763529233759,0.0890440243056888,0.007890724047735793,7.638901335120518e-05,2.385903403239726,2.9907511988934115,0.1412490775508058,0.0087065673364878,0.05142753593162719,0.023684905340261547,0.20146363381732096,0.015717792279174553,0.1252101597236383,1.4094655112541918,-0.0004849590954142497,Industrial,naics_31-33
339113,0.12338856905243212,0.1316445531851857,0.005922976947097821,0.005918902168660352,0.029599938364388033,0.037767534337400946,0.012406176345695899,0.012628109737571981,0.00825598413275358,0.06691044556360261,-4.074778437468743e-06,-0.0006879612184655437,0.23989206286856268,0.09378863068804408,0.09387701884778475,0.008167595973012913,8.838815974067382e-05,2.385903403239726,2.9907511988934097,0.14708633662013848,0.005918902168660352,0.05244545388112869,0.023697767567706363,0.19205804678419078,0.015441783434952783,0.117299068296663,1.3886385436920696,-0.0006879612184655437,Industrial,naics_31-33
339114,0.20245165492702577,0.2166258552020622,0.010410111321804132,0.01040614163101109,0.05075139650986046,0.06475539433409563,0.02127135425556085,0.02165188276378701,0.014174200275036436,0.07001276566568726,-3.9696907930420605e-06,-0.00038133029228299266,0.2506840288766912,0.1517002584171653,0.15187046086796657,0.014003997824235177,0.00017020245080126561,2.385903403239726,2.9907511988934132,0.2453697827074631,0.01040614163101109,0.09207743631663214,0.042918127780437326,0.21199198295468258,0.02874392750540089,0.13268927422624321,1.4219268875357716,-0.00038133029228299266,Industrial,naics_31-33
339115,0.12562436994747594,0.13464459030450826,0.0016651212866639505,0.0016642638862666465,0.03222456195406882,0.04111640135892776,0.013506230767897953,0.013747850832306275,0.009020220357032316,0.07180310922796036,-8.574003973040121e-07,-0.0005149176844779896,0.2565152125144352,0.09339980799340712,0.0935281889455805,0.008891839404858937,0.0001283809521733792,2.385903403239726,2.99075119889341,0.15161089456826052,0.0016642638862666465,0.05724342774721904,0.025986524620784573,0.2068589448977905,0.016966304263752258,0.12600806482742277,1.392228547618007,-0.0005149176844779896,Industrial,naics_31-33
339116,0.14986822756815565,0.16184459644408158,0.015360331800028527,0.015351818050951743,0.04289076561811501,0.05472571658204838,0.017976740198230697,0.01829831802869364,0.01197636887592593,0.07991266107740835,-8.513749076784899e-06,-0.0005542685657850885,0.28618985033775457,0.10697746195004065,0.1071188798620332,0.011834950963933374,0.00014141791199254183,2.385903403239726,2.9907511988934092,0.18556119447691713,0.015351818050951743,0.07726911768874548,0.035692966908761475,0.23816233425813596,0.023716598032835545,0.14653932571069675,1.4119343247502032,-0.0005542685657850885,Industrial,naics_31-33
339910,0.1378688265186448,0.1500069895531086,0.004570004287340295,0.004566358727577321,0.04312763988298893,0.05502798920970227,0.01807602094218382,0.01839938716067814,0.0121381630344638,0.08804138934788341,-3.6455597629738573e-06,-0.0007977147358641853,0.31281647180159705,0.09474118663565587,0.09497900034340633,0.011900349326713341,0.00023781370775045885,2.385903403239726,2.990751198893416,0.17002039904997873,0.004566358727577321,0.07405138865240005,0.03215157253133394,0.23320407769617083,0.020013409496870138,0.1334165131671053,1.3457040628943,-0.0007977147358641853,Industrial,naics_31-33
339920,0.19418569446807785,0.20820009772067757,0.024788244966170825,0.024775329426232697,0.05045426622332292,0.06437620867453012,0.02114681849852472,0.021525096670812843,0.014014403252599728,0.07217011166032909,-1.291553993812769e-05,-0.0005210348677671158,0.25982483602373235,0.14373142824475493,0.14382388904614746,0.013921942451207196,9.246080139252433e-05,2.385903403239726,2.990751198893413,0.2354748250839375,0.024775329426232697,0.09030172793216155,0.04128913061585965,0.2126270461321092,0.02727472736325992,0.13100247147747188,1.402718951479487,-0.0005210348677671158,Industrial,naics_31-33
339930,0.16677629222679535,0.1763017256823882,0.016488615364293007,0.016479920204413214,0.03460528775378362,0.044153983864351105,0.014504060686947524,0.014763509542581887,0.009525433455592841,0.05711503312856612,-8.695159879792969e-06,-0.0005273432418481185,0.2074952458274145,0.13217100447301172,0.1321477418180371,0.009548696110567488,-2.3262654974626207e-05,2.385903403239726,2.990751198893412,0.19574538825358798,0.016479920204413218,0.06263582024404471,0.028969096026792623,0.1737003241887534,0.019443662571199782,0.11028628617185522,1.418576870356095,-0.000527343241847908,Industrial,naics_31-33
339940,0.307101734652376,0.32433265065198674,0.015139608714556841,0.015135024664853036,0.06229276025199996,0.07948134228787697,0.026108668174669197,0.026575711920565407,0.01723091599961074,0.056108168907333875,-4.584049703805493e-06,-0.00030278521659532037,0.2028407958115648,0.24480897440037605,0.2448513083641098,0.01718858203587701,4.233396373373721e-05,2.385903403239726,2.9907511988934132,0.35904312172893366,0.015135024664853036,0.11247477882572582,0.051941387076557655,0.16913413769984967,0.034710471076946914,0.1070212049485937,1.4151092015827875,-0.00030278521659532037,Industrial,naics_31-33
339950,0.20883683128786307,0.22194085641161132,0.024116148622298442,0.024104731862090927,0.047343495224207235,0.06040707689340993,0.01984300586516677,0.0201979612733285,0.013104025123748253,0.06274767263484053,-1.1416760207515197e-05,-0.00047340727519646123,0.22670088859444731,0.16149333606365585,0.1615337795182014,0.013063581669202698,4.044345454554121e-05,2.385903403239726,2.990751198893413,0.24692918042296172,0.024104731862090924,0.08415929508221061,0.03809234913509865,0.1824024474044606,0.0249883240113504,0.11259001346289786,1.3932025751007977,-0.00047340727519660505,Industrial,naics_31-33
339990,0.21219237949813766,0.2249240058152491,0.018354236635003324,0.01834018274520255,0.04592393419592053,0.05859583088335086,0.019248027448874164,0.019592345530123505,0.012731626317111444,0.06000039373338186,-1.405388980077471e-05,-0.0007657027682629181,0.21642593529766035,0.16626844530221713,0.16632817493189825,0.01267189668743033,5.9729629681121166e-05,2.385903403239726,2.9907511988934123,0.25018759438142024,0.01834018274520255,0.08260969702272114,0.037995214883282585,0.1790602234309553,0.02526358856617114,0.11232055233322878,1.409822094462244,-0.0007657027682629181,Industrial,naics_31-33
311111,0.6287051705258556,0.6405331376927353,0.028925014332106327,0.028918560719294162,0.04361280372579163,0.055646876175647356,0.018279366912579732,0.01860632077861806,0.011827967166879727,0.018813217580168285,-6.45361281216561e-06,-0.0002231152848557865,0.06936924614332887,0.585092366800064,0.584886261517088,0.012034072449855729,-0.00020610528297604347,2.385903403239726,2.990751198893411,0.661697611354444,0.028918560719294162,0.07576439970526423,0.03299244082858843,0.05247680848718519,0.021164473661708705,0.033041965225944846,1.361521165466982,-0.0002231152848557865,Industrial,naics_31-33
311119,0.9752428190807433,0.9904959933792679,0.026524269923069253,0.026519348810756876,0.05717864379354769,0.07295587072290782,0.02396519646013624,0.024393828129167586,0.015253174298524574,0.015640386168546315,-4.921112312376158e-06,-0.00018553243224598854,0.05863016130428303,0.9180641752871956,0.91754012265636,0.015777226929360136,-0.0005240526308356586,2.385903403239726,2.9907511988934132,1.017011879151298,0.026519348810756876,0.09816008626135166,0.04176906007055481,0.04282939515507125,0.026515885772030234,0.026770310984869494,1.3454720680967738,-0.00018553243224598854,Industrial,naics_31-33
311210,1.1593168545550578,1.1761456053093167,0.03819997078966292,0.03819305216736804,0.06313762934754172,0.08055910692064806,0.026462776850818676,0.0269360777822158,0.016828750754258825,0.014516092548932748,-6.918622294876942e-06,-0.00018111590537522483,0.05446106394422579,1.0961792252075162,1.0955864983886685,0.017421477573106345,-0.0005927268188476997,2.385903403239726,2.9907511988934106,1.2080056534406785,0.03819305216736805,0.11084312334279962,0.04868879888562061,0.041997835789515214,0.031860048131361784,0.027088523723202498,1.375922941300501,-0.0001811159053750432,Industrial,naics_31-33
311221,1.194948457416506,1.2147102307056052,0.3663372156716802,0.3662821893305862,0.0743885945868012,0.0949145356569178,0.031178376494954405,0.03173601859360167,0.019761773289099338,0.016537762082077204,-5.502634109399995e-05,-0.0001502068005651815,0.06225255501616388,1.1205598628297047,1.1197956950486874,0.020525941070116613,-0.0007641677810172887,2.385903403239726,2.9907511988934115,1.2565922699993208,0.36628218933058626,0.1347247820361618,0.06164381258281493,0.051587005447992,0.04188203929371559,0.034479037251038056,1.4194325569177713,-0.00015020680056502996,Industrial,naics_31-33
311225,0.7656228554290494,0.7782557425979765,0.036189405294512644,0.036186434905531,0.04673055094420571,0.05962491861667429,0.01958610347793297,0.01993643558138025,0.012632887168927076,0.01650014374485686,-2.970388981643479e-06,-8.207896641213598e-05,0.06103599260763742,0.7188923044848436,0.7186308239813022,0.012894367672468578,-0.0002614805035414669,2.385903403239726,2.9907511988934137,0.7969742392853357,0.036186434905530994,0.0774174611370344,0.03135138385628633,0.04094886096199054,0.018718496687359254,0.024051858101134072,1.2984078290277847,-8.207896641232771e-05,Industrial,naics_31-33
311224,0.8525080255337201,0.8636321380507266,0.030559682668408628,0.03055634981876688,0.04134513855735692,0.05275351424670434,0.017328923920899714,0.017638884259654663,0.011124112517006512,0.01304868949479058,-3.3328496417475706e-06,-0.00010906034849612286,0.04849823968691959,0.8111628869763632,0.8108786238040222,0.011408375689347418,-0.00028426317234098164,2.385903403239726,2.9907511988934132,0.8791048782373995,0.030556349818766884,0.06746085919411007,0.026596852703679397,0.031198360492885924,0.015472740186672884,0.017915892085252707,1.2787936530375235,-0.00010906034849600933,Industrial,naics_31-33
311230,0.623217479938327,0.6357062806531624,0.2198763380216227,0.2198436242306676,0.047549657225699996,0.06066984025803497,0.019929414225711803,0.020285819923931823,0.01248880071483538,0.020039233681428927,-3.2713790955096744e-05,-0.00014878268052599485,0.07629705320589766,0.575667822712627,0.5750364403951274,0.013120183032334976,-0.0006313823174995958,2.385903403239726,2.9907511988934123,0.6594752724429718,0.2198436242306676,0.08326304334212019,0.03625779250464478,0.058178394656441305,0.0237689917898094,0.03738989610954878,1.3723959546950188,-0.00014878268052599485,Industrial,naics_31-33
311300,0.52076930921554,0.5365381783156918,0.09249037056797253,0.09247035871890481,0.058844105601648516,0.07508085908346564,0.024663238889615725,0.025104348068554085,0.01576886910015185,0.030279950874803396,-2.0011849067719245e-05,-0.00021636683845927768,0.1129945727606111,0.46192520361389144,0.4614573192322262,0.01623675348181712,-0.00046788438166522894,2.385903403239726,2.990751198893412,0.5679935732420028,0.09247035871890481,0.1049802394166676,0.04722426402646285,0.09068173410141823,0.031455394926311,0.05862657346222074,1.3982290652796543,-0.00021636683845927768,Industrial,naics_31-33
311410,0.6371050944504026,0.6514102642346049,0.04612761702465428,0.04612001127037672,0.052624280984064305,0.06714489357233634,0.022056333425991944,0.022450845659505274,0.014305169784202265,0.022453390984956086,-7.605754277557886e-06,-0.00016488504648945476,0.08259905852653797,0.5844808134663383,0.5842653706622686,0.014520612588272037,-0.00021544280406970984,2.385903403239726,2.9907511988934115,0.6783315243419755,0.046120011270376716,0.09273443065762753,0.04122642989157288,0.06470899424707437,0.026921260107370615,0.041327657216151795,1.381109206133794,-0.0001648850464896052,Industrial,naics_31-33
311420,0.5067341244037934,0.5210230329067267,0.08865772500053398,0.08864527048918393,0.0523984610037808,0.06685676408152658,0.021961685847227075,0.022354505485532788,0.014288908502933295,0.028198038803376724,-1.2454511350054598e-05,-0.00014047858040548168,0.10340424786949388,0.4543356634000126,0.4541662688252001,0.014458303077745774,-0.00016939457481246478,2.385903403239726,2.9907511988934137,0.5480062247535907,0.08864527048918393,0.09250516930813799,0.041272100349797336,0.08144724888689256,0.02698319184686404,0.05178886564059935,1.3836321661535278,-0.00014047858040548168,Industrial,naics_31-33
311513,1.514626605981685,1.5365928654733296,0.020972998894441024,0.020968691972605126,0.08006470919883203,0.10215708492199221,0.03355739762561857,0.034157667464879964,0.021966259491644546,0.014502755599890844,-4.306921835898342e-06,-0.0002053555553774386,0.05286102124618309,1.434561896782853,1.4344357805513375,0.022092375723160182,-0.00012611623151559392,2.385903403239726,2.990751198893411,1.5779602718308416,0.020968691972605126,0.141478155885457,0.06333366584915656,0.04181470574928115,0.041367406357512015,0.026921514011305308,1.3849079189513933,-0.0002053555553774386,Industrial,naics_31-33
311514,1.1621507429723237,1.1828469345055483,0.04308916112794558,0.04308047145345462,0.07569076946975778,0.09657618988886749,0.0317241550378696,0.032291616208195796,0.02069619153322466,0.01780852583744167,-8.689674490955368e-06,-0.00020166729320055522,0.0651299067074299,1.086459973502566,1.0862707446166808,0.020885420419109707,-0.00018922888588512876,2.385903403239726,2.990751198893411,1.222792922041386,0.04308047145345462,0.1345461558332563,0.06064217906906233,0.05218099238482912,0.03994598753583767,0.033771053862126144,1.3931607364929364,-0.00020166729320055522,Industrial,naics_31-33
31151A,1.3447086922565101,1.365929161770932,0.028262251233341924,0.028255595400021923,0.07732461991159183,0.09866091794123939,0.03240894824434037,0.03298867454362109,0.021220469514421803,0.01578071863193838,-6.655833320001053e-06,-0.0002355025884190338,0.05750287802619614,1.2673840723449183,1.2672682438296925,0.021336298029647566,-0.00011582851522584647,2.385903403239726,2.9907511988934132,1.4066496892580078,0.02825559540002192,0.1373671094087713,0.06194099700149769,0.04606276240957184,0.040720527487075886,0.029811595378988455,1.3923153389935476,-0.00023550258841915656,Industrial,naics_31-33
311520,0.6683126119298524,0.6882892743448993,0.03780147227195007,0.03779684937152671,0.07220339525540115,0.09212661405837413,0.03026249728189287,0.03080383754170565,0.01997666241504692,0.029891194717037176,-4.622900423356668e-06,-0.00012229418976326517,0.10803835505498403,0.5961092166744513,0.5961626602865251,0.019923218802972986,5.344361207382242e-05,2.385903403239726,2.990751198893414,0.7277480202974579,0.03779684937152671,0.12963344096264753,0.059435408367605524,0.08893354293580802,0.039458745952558605,0.057328724161966195,1.4071226028182038,-0.00012229418976326517,Industrial,naics_31-33
311615,0.8330298603287686,0.8492905130680712,0.02511161202062554,0.025107971809121183,0.060883720902404216,0.0776832674998641,0.025518099693278683,0.025974500161901507,0.01626065273930266,0.019519891799418973,-3.640211504358365e-06,-0.00014496128330465045,0.07308708103017518,0.7721461394263643,0.7716072455682071,0.01679954659745988,-0.0005388938581571967,2.385903403239726,2.9907511988934137,0.8773225263842284,0.025107971809121183,0.10432861179163329,0.044292666055459784,0.05317056226289292,0.028032013316157123,0.03300638931534884,1.3429997881051516,-0.00014496128330465045,Industrial,naics_31-33
31161A,1.9569813719264524,1.967060438612117,0.029413673475720457,0.029409908552438142,0.03771438603849064,0.04812088628452368,0.01580717223810475,0.016089899521674875,0.010079066685664717,0.005150313043472092,-3.764923282315036e-06,-0.00012799908469177763,0.019271714375781,1.9192669858879619,1.9189395523275934,0.01040650024603304,-0.00032743356036846194,2.385903403239726,2.990751198893413,1.983922007975631,0.029409908552438142,0.06414835872908595,0.026940636049178623,0.013766424369516743,0.016861569363513906,0.008571963033027489,1.3330668589476276,-0.00012799908469177763,Industrial,naics_31-33
311700,0.32136434540623654,0.33104674777458126,0.08250653042742048,0.0824877651145884,0.03682381495974453,0.046984540133033194,0.01543390856048191,0.015709946099969008,0.009682402368344722,0.03012904980515247,-1.8765312832083603e-05,-0.0002274403339332165,0.11458587577036762,0.284540530446492,0.28406220764154805,0.010160725173288664,-0.00047832280494397583,2.385903403239726,2.990751198893412,0.34882701749073863,0.08248776511458841,0.06388526727111792,0.027462672084502093,0.08545649969285342,0.01778026971615737,0.05370924147626558,1.3597082591471914,-0.0002274403339330483,Industrial,naics_31-33
311810,0.3672055030293667,0.379618555859455,0.0387570974796602,0.038743913324116835,0.045508946424488404,0.0580662328774614,0.01907409426663861,0.019415266939940064,0.012413052830088256,0.033804103499765745,-1.318415554336233e-05,-0.00034017396556285985,0.1239331819622782,0.32169655660487834,0.3215523229819936,0.012557286452972993,-0.0001442336228847374,2.385903403239726,2.9907511988934132,0.4020878696514822,0.038743913324116835,0.07942404957210773,0.03488236662211547,0.09499412817711994,0.022469313792027212,0.05918918726498174,1.3678181903020687,-0.00034017396556285985,Industrial,naics_31-33
3118A0,0.4943056515148476,0.5097212012616605,0.03822452002779396,0.038215841752882625,0.05642037528372008,0.07198846708652383,0.023647384553418648,0.02407036302891387,0.015415549746812918,0.031186270477730673,-8.678274911334827e-06,-0.00022703424150321956,0.1141406640017454,0.43788527623112755,0.4377327341751367,0.015568091802803753,-0.00015254205599085635,2.385903403239726,2.990751198893413,0.5388691407672221,0.038215841752882625,0.09969453567181923,0.04456348925237452,0.09015371180929327,0.029147939505561604,0.05718408305052782,1.3848681560616527,-0.00022703424150321956,Industrial,naics_31-33
311910,0.49726225386110123,0.5095218340378851,0.04227115889246949,0.04226124728823828,0.04520644528378359,0.05768026402020385,0.01894730743180948,0.019286212788795595,0.012259580176783857,0.02465415398331901,-9.911604231208071e-06,-0.00023447675651432876,0.09091067124594374,0.45205580857731764,0.4518415700176812,0.012473818736420256,-0.00021423855963642602,2.385903403239726,2.99075119889341,0.5321080878206464,0.042261247288238275,0.07914923599575857,0.034845833959545214,0.07007536503922655,0.022586253782761356,0.04432833349607148,1.372206548292406,-0.0002344767565144929,Industrial,naics_31-33
311920,0.44023672986166645,0.45426224082571104,0.016240118983456276,0.016235996241006582,0.050964690697488865,0.06502746274806129,0.021360751918240228,0.021742852689358334,0.014025510964044585,0.031859020414883955,-4.122742449694239e-06,-0.0002538615914017659,0.11576655749170058,0.3892720391641776,0.3892347780776497,0.014062772050572422,-3.7261086527851095e-05,2.385903403239726,2.990751198893412,0.48070132068378013,0.01623599624100658,0.09015867175650553,0.04046459082211368,0.09191552652780398,0.026439079858069092,0.058202239767960594,1.386470699399901,-0.00025386159140197955,Industrial,naics_31-33
311930,0.20967140118387786,0.21761243004435696,0.01951891798666482,0.019512395370813607,0.028920429760423305,0.03690047616972578,0.012121374956401577,0.012338196565257267,0.007941028860479094,0.037873686233035476,-6.522615851212166e-06,-0.0003341689255351331,0.13793216240807507,0.18075097142345456,0.18071195387463118,0.007980046409302471,-3.9017548823377934e-05,2.385903403239726,2.990751198893414,0.2318415024755322,0.019512395370813607,0.05042567429249708,0.022170101291654337,0.10573736411582224,0.014229072431175244,0.06538722272562678,1.3665318046455934,-0.0003341689255351331,Industrial,naics_31-33
311940,0.4415056030490986,0.4558871480761139,0.016798839896756877,0.016793977211803132,0.05230485761543552,0.06673741705093415,0.021922454003968802,0.022314600116394575,0.01438154502701533,0.032573867528960895,-4.8626849537443395e-06,-0.00028946552164492694,0.11846929518948561,0.38920074543366306,0.38914973102517975,0.014432559435498635,-5.101440848331862e-05,2.385903403239726,2.9907511988934123,0.48324933806886256,0.016793977211803132,0.09274607239476466,0.04174373501976397,0.09454859628388854,0.027362189992748642,0.06001965641764551,1.3897162415497837,-0.00028946552164492694,Industrial,naics_31-33
311990,0.6266963721929262,0.6413399837926863,0.02394970879014288,0.023943782318733228,0.05368484462518425,0.06849813006154486,0.02250084582313252,0.022903319435896033,0.014643611599760131,0.02336635769650211,-5.9264714096507465e-06,-0.00024745484221043803,0.08566324460652465,0.5730115275677419,0.5728418537311415,0.01481328543636061,-0.00016967383660038138,2.385903403239726,2.9907511988934123,0.6678151081287339,0.02394378231873323,0.09366360052366081,0.041118735935807726,0.06561189398931046,0.026475124336047595,0.04128095082967056,1.3673891599596228,-0.0002474548422102932,Industrial,naics_31-33
312110,0.27396993697986394,0.2901349306317661,0.036910445433017865,0.03690185393684006,0.058040106859749946,0.07405525126640405,0.02432626014152104,0.02476142157656067,0.01616499365190216,0.05900280092808228,-8.591496177802471e-06,-0.00023276598472358274,0.21184845132849645,0.215929830120114,0.21607967936536204,0.016015144406654108,0.00014984924524805154,2.385903403239726,2.9907511988934132,0.32230917342309034,0.03690185393684006,0.10463791997567178,0.04833923644322641,0.17643992978243891,0.03217424279132425,0.11089406822289594,1.4129709667617032,-0.00023276598472358274,Industrial,naics_31-33
312120,0.3567173315025603,0.37053584171259857,0.03532043184851997,0.03530914867379927,0.05027404960024243,0.06414620543708272,0.021071284584269944,0.021448191832479084,0.01381851021003827,0.03873798380311973,-1.1283174720697065e-05,-0.0003194517770645509,0.14093525926671044,0.30644328190231784,0.30638963627551585,0.013872155836840282,-5.3645626801990254e-05,2.385903403239726,2.9907511988934123,0.3983430583896111,0.03530914867379927,0.09057787318061127,0.041625726887050796,0.11669106940140932,0.027807216677012525,0.07504595654900462,1.4120534887983958,-0.0003194517770645509,Industrial,naics_31-33
312130,0.26802081552229123,0.2770130718000624,0.010792972024091383,0.010789394063304885,0.03258175186290899,0.04157208036423751,0.013655939221456952,0.01390021355825899,0.008992256277771171,0.03355058919676814,-3.5779607864983715e-06,-0.0003315083906927467,0.12156425910210386,0.23543906365938225,0.2354409914358249,0.00899032850132852,1.9277764426450794e-06,2.385903403239726,2.9907511988934106,0.2921645900475609,0.010789394063304885,0.05597409336609817,0.024143774525269668,0.090081714281112,0.015151518247498497,0.05469604069238397,1.3464347435989763,-0.0003315083906927467,Industrial,naics_31-33
312140,0.33841236635294814,0.3476792753062084,0.1103850622013392,0.11035719043296444,0.03440859873131033,0.04390297741848439,0.014421622721434666,0.014679581984194685,0.009266908953260267,0.027383482031490887,-2.787176837476535e-05,-0.00025249583429982615,0.10167654067175484,0.30400376762163783,0.30377629788772403,0.009494378687174058,-0.00022746973391379877,2.3859034032397264,2.9907511988934123,0.36439614582872165,0.11035719043296444,0.059792908888250104,0.025983779475773516,0.07678141244009287,0.01671687052251325,0.04808129707412198,1.361932889387033,-0.00025249583429982615,Industrial,naics_31-33
312200,0.11485596470335464,0.12049719152941828,0.006707670839272434,0.006697904323903528,0.02052192475924211,0.02618456131475561,0.008601322556217567,0.008755178740526452,0.005641226826063633,0.04911566274014211,-9.766515368906e-06,-0.0014560218595886484,0.17867530704430815,0.09433403994411253,0.09431263021466267,0.0056626365555134985,-2.1409729449861636e-05,2.385903403239726,2.9907511988934132,0.13168188348125837,0.006697904323903528,0.036815976350592215,0.016825918777903723,0.14649582040742096,0.01118469195184009,0.0928211837128955,1.4060184514088292,-0.0014560218595886484,Industrial,naics_31-33
313100,0.5981042417118312,0.6307569776546862,0.026553695362401396,0.026544387510122103,0.11690957677701008,0.1491688128532201,0.04900012993747487,0.04987670419004195,0.032652735942855005,0.05459372073570281,-9.307852279292345e-06,-0.00035052945182431226,0.19546689126029898,0.4811946649348211,0.4815881648014661,0.03225923607621001,0.00039349986664499736,2.385903403239726,2.9907511988934132,0.7028863173326408,0.026544387510122103,0.21773010624235237,0.10478207562080966,0.17519032354780398,0.07212933967795465,0.11435361356785899,1.459622169525446,-0.00035052945182431226,Industrial,naics_31-33
313200,0.4565987393488913,0.48628711826100873,0.05632167047204735,0.056301759066803576,0.10687820177134662,0.13636936251022325,0.04479569526000962,0.045597026780656434,0.029688378912117452,0.06502072028156058,-1.9911405243773495e-05,-0.0003535300902279807,0.23407467555375794,0.3497205375775447,0.3499177557507855,0.02949116073887663,0.0001972181732408096,2.385903403239726,2.990751198893412,0.5515617658449994,0.056301759066803576,0.1984150471630938,0.0949630264961081,0.20797916926254584,0.06527464758399065,0.1342306738813412,1.4549825819433537,-0.0003535300902279807,Industrial,naics_31-33
313300,0.46139868221178437,0.4902498383965541,0.08058371664241627,0.08055558302834703,0.10475334646914566,0.13365805618659896,0.0439051079464932,0.04469046313048469,0.028851156184769744,0.06252977586859886,-2.8133614069239532e-05,-0.0003491228158919521,0.22703434254947294,0.3566453357426387,0.35659178220995513,0.028904709717453292,-5.35535326835479e-05,2.385903403239726,2.990751198893413,0.5529251143340682,0.08055558302834703,0.19323295318388858,0.09152643212228384,0.19836734618213048,0.0626752759375141,0.12784354226919134,1.4457261963627361,-0.0003491228158919521,Industrial,naics_31-33
314110,0.3899789636218883,0.4096644030629241,0.037556952693526144,0.037540367971021775,0.07117834915471546,0.09081878840650985,0.029832871296493032,0.030366547521610318,0.019685439441035846,0.050478208512093614,-1.6584722504368876e-05,-0.0004415886091639074,0.18251843251660063,0.3188006144671728,0.31884561465641426,0.019640439251794387,4.500018924147309e-05,2.385903403239726,2.990751198893413,0.45210552878072985,0.037540367971021775,0.13116046469379258,0.062126565158841573,0.15930747797739572,0.04244112571780573,0.10359974017875995,1.444199674925316,-0.0004415886091639074,Industrial,naics_31-33
314120,0.34418131458629364,0.3656728924646685,0.042442279068177,0.04242924148061229,0.07773245178042484,0.09918130691900787,0.03257988218419696,0.03316267396489058,0.021491577878374857,0.06244260500953621,-1.3037587564705688e-05,-0.0003071839649271145,0.2258473905646486,0.26644886280586877,0.26649158554566066,0.021448855138583023,4.272273979188945e-05,2.385903403239726,2.990751198893413,0.40976391622879904,0.04242924148061229,0.14109126519142054,0.0655826016425054,0.1905466649789974,0.044091023764130544,0.12057504035082568,1.4225590443836018,-0.0003071839649271145,Industrial,naics_31-33
314900,0.3021830481205937,0.3225845062080869,0.029596933252107622,0.02958237867068104,0.07339456803901447,0.09364650465748121,0.030761751686742566,0.03131203447887297,0.020401458087493163,0.0675135756766589,-1.4554581426580449e-05,-0.0004917597814139749,0.2428811559598953,0.22878848008157926,0.22893800155060567,0.020251936618466748,0.0001495214690264146,2.385903403239726,2.990751198893413,0.3653242637855921,0.02958237867068104,0.13427204028188844,0.06314121566499836,0.2089502242356106,0.0427397575775052,0.13249166266508605,1.433817960136345,-0.0004917597814139749,Industrial,naics_31-33
315000,0.10613658200014615,0.1122262477117391,0.00975476036052691,0.009754551976505424,0.02201176182702013,0.028085507940771578,0.009225755660154225,0.009390787154465844,0.006089665711592945,0.057375747332663866,-2.0838402148629087e-07,-2.1362290182906644e-05,0.20739090530529633,0.08412482017312603,0.08414073977096752,0.006073746113751447,1.5919597841487776e-05,2.385903403239726,2.9907511988934123,0.12208321576905247,0.009754551976505424,0.037454878046225555,0.015946633768906315,0.1502463473798728,0.00985696805731337,0.08783121826038126,1.3336015900161988,-2.1362290182906644e-05,Industrial,naics_31-33
316000,0.4199929715584077,0.4292784714497948,0.01406317524875953,0.014058047106831437,0.033835126120741785,0.04317128483203328,0.014181264033907817,0.014434930210178217,0.009285499891387106,0.02210870305027423,-5.128141928092619e-06,-0.00036465036077431786,0.08056117223865589,0.3861578454376659,0.38610718661776156,0.009336158711291495,-5.065881990434784e-05,2.385903403239726,2.990751198893415,0.44343320030835914,0.014058047106831437,0.056625816960687574,0.02344022874995144,0.05581100241505268,0.014154728858564336,0.032973302413139456,1.3116546607542932,-0.00036465036077431786,Industrial,naics_31-33
322110,0.7342303079112326,0.7679550823297999,0.36371678890009185,0.3635851152945203,0.12553226949328009,0.16017012984622747,0.05261414578763946,0.053555150259737706,0.03372477441856736,0.04593214697784532,-0.00013167360557153618,-0.00036202234702920234,0.17097124450010687,0.6086980384179524,0.6077849524835724,0.034637860352947386,-0.000913085934379998,2.385903403239726,2.9907511988934137,0.8461128854185072,0.3635851152945203,0.23446167462038012,0.1118825775072746,0.1523807670451014,0.07815780308870723,0.1017739251774913,1.4638289601530372,-0.00036202234702920234,Industrial,naics_31-33
322120,0.8103444252866248,0.8393553066779447,0.4901184879300865,0.4899545877970549,0.1085563175722476,0.1385099929814362,0.04549904133790294,0.04631277688116796,0.02901088139131991,0.0358006799158994,-0.00016390013303158035,-0.00033440920321895726,0.13396318180858766,0.7017881077143772,0.7008453136965085,0.029953675409188613,-0.0009427940178686756,2.385903403239726,2.990751198893413,0.9066366066146971,0.4899545877970549,0.20246306624069074,0.09629218132807238,0.11882870829155533,0.06728129993675247,0.08015830650197804,1.461721727672211,-0.00033440920321895726,Industrial,naics_31-33
322130,0.7970131484198926,0.8499324872738684,0.41088952297711606,0.4107628680048059,0.1922623129390896,0.24531331834331088,0.08058260559837588,0.08202398060864358,0.05291933885397582,0.06639707131418136,-0.00012665497231018064,-0.00030824580629970096,0.24122853345676493,0.604750835480803,0.6046191689305576,0.05305100540422128,-0.00013166655024543505,2.385903403239726,2.9907511988934137,0.9738229837618728,0.4107628680048059,0.36307528200142747,0.17680983534198025,0.22184055017475202,0.12389049648800443,0.14576510292644454,1.4800471676523945,-0.00030824580629970096,Industrial,naics_31-33
322210,0.47897000643619964,0.510108788084505,0.0467599329240771,0.04669102297495067,0.1131454157539148,0.14436572294606936,0.04742246295481997,0.0482707230877263,0.031138781648305358,0.06501196573872135,-6.890994912642917e-05,-0.0014736964922151725,0.23622651571813222,0.36582459068228484,0.36574306513843563,0.03122030719215456,-8.152554384921462e-05,2.385903403239726,2.990751198893413,0.5783151476648792,0.046691022974950674,0.20919809561263764,0.0993451412286796,0.20741411757254302,0.06820635958037424,0.1337094384052743,1.4490842517429685,-0.0014736964922150242,Industrial,naics_31-33
322220,0.3831496429690966,0.4044577836623381,0.05085105069749802,0.05082444958709242,0.07758125971606632,0.09898832243960605,0.03251651328830904,0.03309814687234163,0.021308140693241495,0.05561310335074521,-2.6601110405602424e-05,-0.0005231182058330853,0.2024829231599303,0.30556838325303026,0.30546946122273205,0.021407062723539733,-9.892203029820967e-05,2.385903403239726,2.9907511988934146,0.4504736466380622,0.05082444958709242,0.14272790325538587,0.06732400366896563,0.1757120355046128,0.04601586297572413,0.1137717330077161,1.4418660680149,-0.0005231182058330853,Industrial,naics_31-33
322230,0.35318421274188455,0.37922133762888577,0.010420534987776597,0.010414079566708404,0.09379892471138337,0.11968101132831965,0.03931379811270542,0.040017040325053446,0.026037124887001217,0.07372108930030168,-6.455421068193162e-06,-0.0006194903693299282,0.26558074038245266,0.2593852880305012,0.2595403263005661,0.02588208661693628,0.0001550382700649111,2.385903403239726,2.9907511988934132,0.4343435295021416,0.010414079566708404,0.17207645520938147,0.08115931676025706,0.2297931612803153,0.055122191873255844,0.14535625083206583,1.4377924559588318,-0.0006194903693299282,Industrial,naics_31-33
322291,0.5839585734369847,0.6089813026084341,0.27836426018171184,0.27826864535996976,0.09249928001559972,0.11802251130338866,0.03876908004322326,0.03946249736422652,0.02502272917144943,0.042850178608003005,-9.561482174208491e-05,-0.0003434881391729996,0.1584004143841573,0.49145929342138495,0.49095879130504544,0.02552323128778894,-0.0005005021163395074,2.385903403239726,2.9907511988934137,0.6653574344264989,0.27826864535996976,0.17160986606055445,0.08139886098951421,0.13939149914424198,0.05637613181806478,0.09257448722414027,1.454043505475105,-0.0003434881391729996,Industrial,naics_31-33
322299,0.35716941990645595,0.38552751305740807,0.04374474540394191,0.04372171938993534,0.10249174477044827,0.13077240800489937,0.042957206327497874,0.04372560581210687,0.028358093150952113,0.07939675563036501,-2.3026014006569118e-05,-0.0005263721115289473,0.28695554282696223,0.2546776751360077,0.2547551050525087,0.028280663234451095,7.742991650100395e-05,2.385903403239726,2.990751198893412,0.447620094112888,0.04372171938993534,0.18979343448373093,0.09045067420643205,0.2532430526390569,0.062092581055479934,0.16105875444026704,1.4513262956557347,-0.0005263721115289473,Industrial,naics_31-33
323110,0.2500452979716067,0.2689887918252991,0.03991197796268168,0.039833428026010254,0.06808675474395516,0.08687411302974968,0.028537096116926945,0.029047589469125154,0.018943493853692428,0.07576024827246906,-7.854993667142512e-05,-0.001968079275471402,0.27229768084535866,0.18195854322765154,0.18211467879554943,0.018787358285794517,0.00015613556789789707,2.385903403239726,2.990751198893411,0.30844296317382125,0.039833428026010254,0.124376591623462,0.058397665202214566,0.23354834374388347,0.03945417134852214,0.14667589337382705,1.4316876142478687,-0.001968079275471402,Industrial,naics_31-33
323120,0.1810366742970503,0.19723628474657903,0.025275282978642146,0.025238119253051226,0.05798423650851929,0.07398397862747035,0.02430284328769754,0.024737590560807807,0.016199610449528723,0.08948247924035505,-3.716372559092046e-05,-0.001470358437621615,0.3202900005408686,0.12305243778853102,0.12325230611910869,0.015999742118951055,0.00019986833057766829,2.385903403239726,2.9907511988934137,0.2303402606232527,0.025238119253051222,0.10545038900306757,0.04930358632620238,0.2723403228525045,0.03310397587667366,0.1678391778632802,1.4253138444208204,-0.0014703584376217522,Industrial,naics_31-33
324110,0.7811047026351267,0.806843618068946,0.15789133224819007,0.1577740769119077,0.09507477641938594,0.12131229531798784,0.03984854386405065,0.0405624832192239,0.025738915433819343,0.03295194017778514,-0.00011725533628237361,-0.0007426331427621336,0.12171835107206841,0.6860299262157408,0.6855313227509582,0.026237518898601903,-0.0004986034647825877,2.385903403239726,2.9907511988934137,0.863697766213804,0.15777407691190773,0.1753540202076483,0.08259306357867735,0.10573878674656836,0.05685414814485801,0.07046489167371679,1.445476072709732,-0.0007426331427619579,Industrial,naics_31-33
324121,0.5671910468904934,0.6001925746395845,0.1414050349230406,0.1413580031843289,0.12253009666065706,0.15634053566658235,0.05135584973569265,0.05227467123458108,0.03300152774909115,0.058184147881062555,-4.703173871170585e-05,-0.00033260299915984447,0.21602967348021934,0.4446609502298363,0.4438520389730022,0.033810439005925286,-0.0008089112568341328,2.385903403239726,2.9907511988934123,0.6759912957189943,0.1413580031843289,0.22838969593408942,0.10880024882850092,0.1918229306068486,0.07579872107940977,0.12629066783261503,1.4608475975876263,-0.00033260299915984447,Industrial,naics_31-33
324122,0.3389048271338007,0.3578407106553764,0.04894770604397419,0.04894686958077811,0.06870325984048462,0.08766104845959881,0.028795490943679915,0.029310712469841585,0.018935883521575714,0.055873749812656893,-8.364631960827706e-07,-1.708891516450841e-05,0.20272139650982413,0.2702015672933161,0.2701796621957776,0.018957788619114194,-2.1905097538521545e-05,2.385903403239726,2.9907511988934123,0.398730196987137,0.04894686958077811,0.12652784082785837,0.05982536985333631,0.17652557610139044,0.040889486331760594,0.11426728461631017,1.443375855653523,-1.708891516450841e-05,Industrial,naics_31-33
324190,0.7829453524066226,0.8062377731171668,0.2521364827118052,0.2518975726068043,0.08679660270530705,0.11074793271916139,0.036378925729955915,0.03703013903668701,0.02329242071054427,0.02974974005394869,-0.00023891010500093346,-0.0009475427848892869,0.11085908159300145,0.6961487497013155,0.6954898403980054,0.02395133001385434,-0.0006589093033100291,2.385903403239726,2.9907511988934115,0.8575430666409468,0.2518975726068043,0.15951529004427634,0.07459771423432426,0.09527831540863653,0.05130529352377999,0.06363543762706343,1.440345531765193,-0.0009475427848892869,Industrial,naics_31-33
325110,1.3767959971025752,1.3970836644442335,0.7267839603681187,0.7266883875230462,0.08067027365197221,0.10293112984130014,0.033811206917444006,0.03441648034092068,0.020287667341658322,0.014735420050866718,-9.557284507244468e-05,-0.0001315010378380347,0.05859275725796728,1.296125723450603,1.2941525346029334,0.022260856189327924,-0.0019731888476695048,2.385903403239726,2.990751198893414,1.4446835939023273,0.7266883875230462,0.1481764175903559,0.06788759679975209,0.04930839205126936,0.04759992945809377,0.03407092264372674,1.4395685524759636,-0.0001315010378380347,Industrial,naics_31-33
325120,1.5705739558357545,1.660920373951953,1.0565691833870856,1.0559638123325126,0.32217900283655637,0.4110790206121514,0.1350343867229,0.13745008971801195,0.09034641811619837,0.05752445962859612,-0.000605371054573034,-0.0005729592194165384,0.2051345634756271,1.2483949529991982,1.2498413533398014,0.08890001777559503,0.0014464003406031711,2.385903403239726,2.990751198893413,1.8751284233969032,1.0559638123325126,0.614690768478984,0.3045544675611487,0.1939128472298429,0.2142080494449503,0.12896948752291415,1.4953104820665077,-0.0005729592194165384,Industrial,naics_31-33
325130,1.139037705887591,1.1623918680241947,0.8249056709479463,0.8247713124314973,0.08451627053958762,0.10783708508132854,0.03542317363931257,0.036056855923431066,0.023354162136603795,0.0205034144312239,-0.00013435851644905128,-0.00016287743093662118,0.07419971270725285,1.0545214353480032,1.054554782942866,0.023320814541740925,3.3347594862842556e-05,2.385903403239726,2.9907511988934137,1.2147802374129217,0.8247713124314974,0.1576339413935526,0.07574253152533084,0.06649694837477636,0.05238836938872704,0.045069456204795647,1.4617785827080572,-0.0001628774309364866,Industrial,naics_31-33
325180,0.927293028621939,0.9635921927018765,0.589795847012364,0.5896116363273709,0.13386234605303027,0.1707989617360382,0.05610551788109433,0.05710905066233336,0.036299164079937496,0.03914530030909658,-0.00018421068499308024,-0.00031232957289578644,0.14435819306434847,0.7934306825689087,0.7927932309658383,0.036936615683007934,-0.0006374516030703825,2.385903403239726,2.9907511988934137,1.0502804898689257,0.5896116363273708,0.2531990197708235,0.12298746124698678,0.13263063287530577,0.08668829716704929,0.0899636773975706,1.4824388696351136,-0.00031232957289597466,Industrial,naics_31-33
325190,1.1903226546072638,1.21094675912603,0.5480386147282361,0.5479015591583931,0.07829034869067988,0.09989334567113661,0.032813712652562735,0.03340075420118447,0.020624104518766062,0.017326482394448586,-0.00013705556984300316,-0.0002500837827111268,0.06577237557199235,1.112032305916584,1.1110534134548933,0.02160299698045673,-0.0009788924616906947,2.385903403239726,2.990751198893412,1.2569884420869022,0.5479015591583931,0.14365746922617997,0.06666578747963836,0.056006484646496234,0.0460416829608723,0.038021228112540405,1.4381084972278455,-0.0002500837827111268,Industrial,naics_31-33
325211,0.9311444388107899,0.9568190297714236,0.3267151285220423,0.32654212614463,0.09562460994545556,0.12201061080188604,0.04007899473868498,0.040795974886520245,0.025674590960633736,0.027573156097483665,-0.0001730023774123013,-0.0005295205587660121,0.10269578591650338,0.8355198288653344,0.8348084189695376,0.026386000856430475,-0.0007114098957967663,2.385903403239726,2.990751198893414,1.0151692730715218,0.32654212614463,0.17747442300489785,0.08402483426073193,0.09023823883654844,0.05835024330009819,0.060983573157023845,1.4545818747934214,-0.0005295205587660121,Industrial,naics_31-33
3252A0,0.7525597562989589,0.7748006949299284,0.22796251477633978,0.22779948798004895,0.08204183244543117,0.10467993110026197,0.034386066231361145,0.03500121679763729,0.022240938630969542,0.029553717754386796,-0.00016302679629082162,-0.0007151473848705856,0.10901703387503432,0.6705179238535277,0.6701207638296665,0.022638098654830796,-0.0003971600238612538,2.385903403239726,2.9907511988934123,0.824609742838487,0.22779948798004893,0.15202505809489816,0.0720499865395281,0.09573988767864144,0.04980904790855856,0.06428627159796649,1.452284659504497,-0.0007151473848707073,Industrial,naics_31-33
325411,0.2160776823010862,0.23001611228620839,0.054918835447744944,0.05488584345443303,0.04969147370937374,0.0634030153393763,0.020827110452962854,0.021199695702817278,0.01393842998512218,0.06450656928881782,-3.2991993311914936e-05,-0.0006007409487644123,0.2299704124007255,0.16638620859171246,0.16661309694683207,0.013711541630002558,0.0002268883551196088,2.385903403239726,2.9907511988934123,0.2588354798504908,0.05488584345443303,0.0907967655620459,0.04275779754940462,0.19788160023775708,0.02881936756428244,0.1252928209151826,1.4320575303246939,-0.0006007409487644123,Industrial,naics_31-33
325412,0.08605684368234376,0.09202257265925962,0.01263260854558686,0.012625431081752948,0.02124521775368813,0.02710748382081608,0.008904475229315685,0.00906377094518793,0.005965728976915857,0.06932312087736775,-7.177463833912823e-06,-0.0005681695754294733,0.2468742385220317,0.06481162592865564,0.06491508883844353,0.00586226606712795,0.0001034629097878964,2.385903403239726,2.9907511988934123,0.10296596975926531,0.012625431081752948,0.03750954021835423,0.01690912607692155,0.1964878718924104,0.010943397100005692,0.11892079066868526,1.3837337491851722,-0.0005681695754294733,Industrial,naics_31-33
325413,0.1532077119162857,0.16084329190043145,0.009699723896025473,0.009690346355312775,0.02739653763725721,0.03495616841851247,0.011482668409817645,0.01168808974529421,0.007635579984145741,0.049838091625034525,-9.377540712698224e-06,-0.0009667842933694982,0.17881957307884713,0.1258111742790285,0.125887123481919,0.00755963078125526,7.594920289050178e-05,2.385903403239726,2.9907511988934132,0.17536741573614514,0.009690346355312775,0.04876182253882602,0.022159703819859433,0.14463830536133668,0.014524123835713693,0.09029984193997172,1.394941858473316,-0.0009667842933694982,Industrial,naics_31-33
325414,0.15672764255865598,0.1657324937064135,0.03298993366140055,0.032966254967109886,0.03213006843579969,0.040995829730482554,0.013466625845862626,0.013707536001540729,0.009004851147757509,0.057455411188153394,-2.3678694290665825e-05,-0.0007177551350571759,0.20500575336462984,0.1245975741228563,0.12473666397593094,0.008865761294682861,0.0001390898530746476,2.385903403239726,2.990751198893413,0.18421750655073008,0.032966254967109886,0.05856643823153922,0.027489863992074093,0.17539895032738653,0.018485012844316584,0.11153523627697189,1.42859502092214,-0.0007177551350571759,Industrial,naics_31-33
325310,1.8563283845131846,1.8778578171544016,1.3385862873617425,1.3384239821263983,0.11187032396675389,0.14273458005411152,0.046888035707920744,0.047725327371572666,0.021529432641216983,0.011597857804056042,-0.0001623052353441068,-0.00012125123115073796,0.060264296392845106,1.7444580605464308,1.73512323710029,0.030864256087357628,-0.009334823446140783,2.385903403239726,2.990751198893412,1.947127209296995,1.3384239821263983,0.20857739989385277,0.0907988247838103,0.04891312633115932,0.06926939214259331,0.03688745309139549,1.4612955025669312,-0.00012125123115073796,Industrial,naics_31-33
325320,1.0367319556027323,1.0503199549544666,0.5527477786717594,0.5523825942814311,0.05158009852160175,0.06581281061687223,0.021618686846903833,0.022005444866568358,0.01358799935173427,0.013106569425492934,-0.0003651843903282881,-0.0006606709324202407,0.049752588644394836,0.9851518570811306,0.9845071443375943,0.01423271209527048,-0.0006447127435362798,2.385903403239726,2.9907511988934137,1.0796921992157014,0.552382594281431,0.09373208819910207,0.04296024361296902,0.041438139705062826,0.029372244261234748,0.027965044482572067,1.4242225384471312,-0.0006606709324204416,Industrial,naics_31-33
325510,0.47593208768282513,0.4888107350881415,0.13538438953880239,0.1353186468342333,0.0470671792669748,0.060054594207058644,0.019727193985751516,0.02008010369745201,0.012878647405316357,0.02705984265112013,-6.574270456907727e-05,-0.0004856003324536528,0.09889473831472721,0.42886490841585034,0.4287561408810828,0.012987414940083847,-0.00010876753476751766,2.385903403239726,2.9907511988934123,0.5153167595927658,0.1353186468342333,0.0852494362887267,0.03938467190994066,0.08275271394642283,0.026506024504624304,0.05422553680177417,1.4195323008061675,-0.0004856003324536528,Industrial,naics_31-33
325520,0.7764405565949813,0.7897835731407701,0.4698186127307111,0.469520156607068,0.049564411962368986,0.06324091093935563,0.020773855259633475,0.021145493801943457,0.013343016545788733,0.01718485263611612,-0.00029845612364315377,-0.0006352581944517846,0.06383542376988884,0.7268761446326124,0.7265426622014144,0.013676498976986647,-0.0003334824311980178,2.385903403239726,2.9907511988934132,0.8186148930996769,0.469520156607068,0.09064602230352763,0.0421743365046956,0.05431753422264264,0.028831319958906865,0.03650534265261048,1.4333446649820067,-0.0006352581944517846,Industrial,naics_31-33
325610,0.5176271741814203,0.529031873316123,0.3027097532336175,0.3025894942856042,0.04167157437100773,0.053170124762018676,0.017465742458149608,0.017778183882929406,0.011404699134702656,0.022032651498133066,-0.0001202589480132632,-0.00039727477138951935,0.0805049975146832,0.47595559981041263,0.47586174855410435,0.011498550391010949,-9.385125630828606e-05,2.385903403239726,2.9907511988934132,0.5528054682646714,0.3025894942856042,0.07576770329884244,0.035178294083251016,0.06796067872379816,0.02377359494854836,0.04493792557247765,1.4250051817250207,-0.00039727477138951935,Industrial,naics_31-33
325620,0.3144543394325162,0.3234658369631128,0.15017368559527916,0.1500767616623578,0.03275267297868226,0.04179022822948507,0.013727577124123579,0.013973154385074755,0.009011497530596602,0.028657570911119586,-9.692393292135004e-05,-0.0006454122274295233,0.1041571664674425,0.281701666453834,0.28167560873362774,0.009037555250802812,-2.6057720206251744e-05,2.385903403239726,2.990751198893413,0.3404978989908672,0.15007676166235778,0.05797975952036514,0.02604355955835097,0.08282143476013336,0.01703206202775437,0.05265490225385582,1.3873999252164304,-0.0006454122274297081,Industrial,naics_31-33
325910,0.5447313279272196,0.5583945958688197,0.19557804190012784,0.19543077948888485,0.04970117560743244,0.06341540387225238,0.02083117679447757,0.02120383798415471,0.01366326794160011,0.02508258152434668,-0.00014726241124299322,-0.0007529598405438221,0.09123979668390379,0.49503015231978714,0.4949791919965673,0.013714228264819939,-5.0960323219828574e-05,2.385903403239726,2.990751198893413,0.5865951106321858,0.19543077948888485,0.09022091429350768,0.04186378270496627,0.07685216648776919,0.028200514763366158,0.05050284327964939,1.4226971490279217,-0.0007529598405438221,Industrial,naics_31-33
3259A0,0.41528652902472435,0.4321834054562966,0.08713767693877172,0.08700614180589042,0.06175575109010535,0.07879622237424638,0.02588359235593931,0.026346632378982653,0.016896876431572228,0.04068727312502415,-0.00013153513288130525,-0.0015095092903811276,0.1487063672282726,0.353530777934619,0.3533871830820502,0.01704047128414103,-0.000143594852568818,2.385903403239726,2.9907511988934132,0.4684312750229971,0.08700614180589042,0.11325100639402993,0.053144745998272735,0.1279712735278941,0.03624786956670051,0.08387149786195569,1.437264414227105,-0.0015095092903811276,Industrial,naics_31-33
326110,0.5411301118380224,0.5706360542784241,0.03508860538886348,0.035066275417700014,0.10672009157978457,0.13616768479013552,0.04472942678017622,0.04552959298002388,0.029505942440401722,0.054526521061969285,-2.2329971163463636e-05,-0.0006363881070790801,0.19721706341067435,0.43441002025823783,0.4344683694882886,0.029447593210350953,5.834923005076931e-05,2.385903403239726,2.9907511988934123,0.6357615281330344,0.035066275417700014,0.1980715749406353,0.09463141629501204,0.17487738018049578,0.06512547385461032,0.1141278637519009,1.454615133141959,-0.0006363881070790801,Industrial,naics_31-33
326120,0.48304865001457625,0.5112030101833042,0.016882424952221094,0.01687054930270156,0.10156022607073302,0.129584057696842,0.042566780336885525,0.043328264064489405,0.02815436016872791,0.058284730053335905,-1.1875649519533377e-05,-0.0007034326853602264,0.2102484419895768,0.38148842394384325,0.38161895248646216,0.028023831626108983,0.0001305285426189129,2.385903403239726,2.9907511988934115,0.5733647355717904,0.01687054930270156,0.18867080812271952,0.0903160855572141,0.18697099257908859,0.06216172538848619,0.12159890327366539,1.4559723740408654,-0.0007034326853602264,Industrial,naics_31-33
326130,0.3845383017027485,0.40532176452264546,0.053010404188216856,0.05297397769402747,0.07576350474756277,0.09666905014707482,0.03175464046226115,0.03232266535004406,0.02078346281989696,0.054047835359617206,-3.6426494189382985e-05,-0.0006871574504515825,0.19702459914156648,0.3087747969551857,0.3086527143755706,0.020905545399512046,-0.0001220825796151015,2.385903403239726,2.9907511988934123,0.4507392033269954,0.05297397769402747,0.13983980924109848,0.06620090162424691,0.17215684713618148,0.04541743880434995,0.11205280046542496,1.4465830483318347,-0.0006871574504515825,Industrial,naics_31-33
326140,0.5131135461956898,0.5397993198043122,0.05006306317445484,0.05002772982631418,0.09738630210676218,0.12425827969282754,0.04081737004713815,0.04154751479788874,0.026685773608622343,0.052007540643733065,-3.5333348140660636e-05,-0.0007057767923136157,0.18979483747564377,0.41572724408892764,0.4155410401114846,0.026871977586065368,-0.00018620397744301131,2.385903403239726,2.9907511988934123,0.5979657713625834,0.05002772982631418,0.17954739184187798,0.08485222516689361,0.16536734568011757,0.05816645155827127,0.10775569628238463,1.444953143450302,-0.0007057767923136157,Industrial,naics_31-33
326150,0.5502705138295648,0.5728554183817922,0.10644436265599164,0.10636057227168981,0.0826267358091679,0.10542607401320175,0.03463121587276847,0.03525070024287201,0.02258490455222739,0.04104327596085334,-8.379038430182673e-05,-0.0007871754051703202,0.15015657523448525,0.4676437780203969,0.46742934436859046,0.022799338204033848,-0.00021443365180645602,2.385903403239726,2.990751198893412,0.6211412266014206,0.1063605722716898,0.1513233119285668,0.07087071277185575,0.128792495673876,0.04828580821962836,0.08428969452017508,1.4353499676903236,-0.0007871754051704507,Industrial,naics_31-33
326160,0.5735844848364212,0.6157916894229375,0.012256606923867408,0.012249328323895097,0.1506562143492245,0.19222735736088303,0.06314430590301948,0.06427393807683093,0.04220720458651628,0.07358498303620123,-7.278599972310867e-06,-0.0005938511382083389,0.26265740851095315,0.4229282704871967,0.42356433206205446,0.04157114301165854,0.0006360615748577381,2.385903403239726,2.990751198893412,0.710623591753015,0.012249328323895097,0.282368178104999,0.13703910691659382,0.23891703931928282,0.09483190233007754,0.1539999710274511,1.468928158726584,-0.0005938511382083389,Industrial,naics_31-33
326190,0.3971539955198576,0.42381258349451645,0.0201325138024664,0.02012160999476944,0.09583162250347302,0.12227472298936626,0.04016575959166954,0.04088428453513897,0.026658587974658865,0.06712405836371838,-1.0903807696961004e-05,-0.000541601898498398,0.24129587914137318,0.30132237301638454,0.3015378605051502,0.02644310048589324,0.00021548748876565327,2.385903403239726,2.9907511988934123,0.4814706981530386,0.02012160999476944,0.17708064431094134,0.08431670263318103,0.21230228975240215,0.057658114658522164,0.13604625465130432,1.448219550056485,-0.000541601898498398,Industrial,naics_31-33
326210,0.35110843809342945,0.37044507076265565,0.050810746587908455,0.05078464156449825,0.07061132242895095,0.09009517755658172,0.02959521426268581,0.030124597990604265,0.019336632669226195,0.05507310725491805,-2.610502341020282e-05,-0.0005137697271390831,0.2011097278447104,0.2804971156644785,0.28034989320607395,0.019483855127630775,-0.00014722245840453896,2.385903403239726,2.99075119889341,0.4109582245875366,0.05078464156449825,0.1286042535845664,0.05984978649410716,0.17045955038591587,0.040513153824880965,0.10936345769556147,1.4274266067548413,-0.0005137697271390831,Industrial,naics_31-33
326220,0.3139920079177486,0.3349916418003869,0.028090111659106354,0.028068746565855875,0.07593090027526835,0.0968826598266917,0.03182480069065861,0.032394088770252294,0.020999633882638258,0.06687951716318585,-2.136509325047914e-05,-0.0007605912539529876,0.24182430877399508,0.23806110764248029,0.23810898197369518,0.020951759551423352,4.787433121489215e-05,2.385903403239726,2.9907511988934132,0.3793841763236948,0.028068746565855875,0.13907921392421838,0.0653921684059462,0.20826061414619162,0.044392534523307936,0.13251833474030475,1.4355428946006425,-0.0007605912539529876,Industrial,naics_31-33
326290,0.34099277256778204,0.36307455502431185,0.031551775682817744,0.03153467021428052,0.07956066377954016,0.10151401364056718,0.03334613784929759,0.033942647478709606,0.022081782456529808,0.0647573328028248,-1.7105468537226276e-05,-0.0005421396472003146,0.23332067474751303,0.26143210878824186,0.2615605413837447,0.021953349861027024,0.00012843259550282538,2.385903403239726,2.9907511988934115,0.40993703106627305,0.03153467021428052,0.1460583278294861,0.068944258498491,0.20218686155521484,0.0468624760419612,0.1290712207547104,1.4387996552538838,-0.0005421396472003146,Industrial,naics_31-33
423100,0.11032842731036098,0.12161719659863314,0.00335719209588471,0.00335719209588471,0.04010292080038115,0.051168669759661445,0.016808275115382687,0.017108969070577986,0.01128876928827216,0.10231967919307074,0.0,0.0,0.3634867438794269,0.07022550650997983,0.0704485268389717,0.011065748959280294,0.00022302032899186586,2.385903403239726,2.9907511988934137,0.12543175712284152,0.00335719209588471,0.054794534136328885,0.01510332981248054,0.13689427267909746,0.0038145605242083797,0.031365305490451106,1.0708610247969719,0.0,Commercial,naics_catchall
423400,0.06023360660314368,0.06711243695676414,0.0033140259198862405,0.0033140259198862405,0.024382685380953645,0.031110689894155663,0.010219477179103454,0.010402299564626679,0.006878830353620455,0.11420253146955736,0.0,0.0,0.40480201595102683,0.03585092122219004,0.036001747062608475,0.006728004513202018,0.0001508258404184365,2.385903403239726,2.9907511988934123,0.06790091393951284,0.0033140259198862405,0.03186016302098827,0.007667307336369153,0.1272928481086335,0.0007884769827486982,0.01174859710811364,1.024090533812733,0.0,Commercial,naics_catchall
423600,0.08477693588247465,0.09288787905980794,0.006640680191422763,0.006640680191422763,0.028940317982022574,0.03692591854166553,0.012129710675933332,0.012346703582473941,0.008110943177333296,0.09567393646518918,0.0,0.0,0.3413701814151696,0.05583661790045207,0.055961960518142416,0.007985600559642952,0.00012534261769034383,2.385903403239726,2.9907511988934123,0.09410150228084155,0.006640680191422764,0.03807950705492052,0.009324566398366901,0.10998942461536293,0.001213623221033605,0.01306546379697384,1.0312406179403049,1.306133879340712e-16,Commercial,naics_catchall
423800,0.08408101308767212,0.09370766302894037,0.005384046718960691,0.005384046718960691,0.03405366065606531,0.043450219737044736,0.014272858075404547,0.014528196044231782,0.009626649941268259,0.11449255411837693,0.0,0.0,0.4050101135265487,0.0500273524316068,0.05025744329189564,0.009396559080979423,0.00023009086028883546,2.385903403239726,2.990751198893413,0.09513544786277915,0.005384046718960691,0.04480737585862357,0.011054434775107036,0.13147361537592875,0.0014277848338387772,0.015236585650394725,1.0312347355155433,0.0,Commercial,naics_catchall
423A00,0.1011924365088468,0.11300954361708775,0.004218645108841728,0.004218645108841728,0.041888009490985215,0.053446323234114836,0.017556456574942265,0.017870534751901174,0.011817107108240951,0.11677856088787658,0.0,0.0,0.4139440746376646,0.05930442701786158,0.05956322038297291,0.011558313743129621,0.0002587933651113303,2.385903403239726,2.990751198893413,0.11465654422711256,0.004218645108841729,0.05501185111139976,0.01346410771826577,0.13305448690415378,0.001647000610024818,0.014573995764511532,1.0292915916858738,2.0560196831217844e-16,Commercial,naics_catchall
424200,0.08942600265586918,0.09929514726477001,0.0010463591177734043,0.0010463591177734043,0.03492349484913692,0.0445600640372512,0.014637430334235516,0.014899288196804389,0.009869144608900829,0.11036101710684146,0.0,0.0,0.3905295306951175,0.05450250780673226,0.05473508322751881,0.009636569188114279,0.0002325754207865502,2.3859034032397264,2.990751198893413,0.10488244278641967,0.001046359117773404,0.04987097093341803,0.015456440130550489,0.17284055723736474,0.00558729552164966,0.05626957283975988,1.1191853515229924,-2.0723328235388787e-16,Commercial,naics_catchall
424400,0.10587231420832456,0.11897610749425615,0.008903684362709142,0.008903684362709142,0.04630494894490528,0.059082055751394864,0.019407721570801895,0.019754921697684332,0.013103793285931586,0.12376978234505483,0.0,0.0,0.43736598459339615,0.059567365263419284,0.05989405174286128,0.012777106806489587,0.00032668647944199963,2.385903403239726,2.9907511988934106,0.12086482929251095,0.008903684362709142,0.06087734751364833,0.014992515084186392,0.1416094018185498,0.0018887217982548055,0.0158747990502714,1.030386413259005,0.0,Commercial,naics_catchall
424700,0.029409980704055906,0.032592644666028944,0.002715772641569636,0.002715772641569636,0.011346262649408618,0.014477072423096806,0.004755541500130293,0.004840614100047294,0.003182663961973038,0.10821713873257045,0.0,0.0,0.3857963309661017,0.018063718054647286,0.018115572242932136,0.003130809773688188,5.185418828485e-05,2.385903403239726,2.9907511988934132,0.033239711636642244,0.002715772641569636,0.015092130714392844,0.003829730932586338,0.13021875026453802,0.0006470669706132998,0.019853159424271346,1.0424849909788922,0.0,Commercial,naics_catchall
424A00,0.09300823786244794,0.1030904590682559,0.005857418591212428,0.005857418591212428,0.03580037076983846,0.04567889094611036,0.015004953981467365,0.015273383811736558,0.010082221205807956,0.10840137860389086,0.0,0.0,0.38491612778197637,0.05720786709260948,0.05741156812214553,0.009878520176271902,0.00020370102953605473,2.385903403239726,2.9907511988934132,0.10469711711295059,0.005857418591212428,0.04720607189730372,0.011688879250502646,0.1256757414089449,0.0016066580446946893,0.015584934427645972,1.0334329691365547,0.0,Commercial,naics_catchall
425000,0.08881789747836373,0.09997907283453862,0.0033756819629460143,0.0033756819629460143,0.039494740105648254,0.05039267301480542,0.016553369282268457,0.016849503574035456,0.01116117535617489,0.12566358440193634,0.0,0.0,0.444670964151896,0.049323157372715476,0.0495863998197332,0.010897932909157165,0.00026324244701772526,2.385903403239726,2.990751198893415,0.10145195039412366,0.003375681962946014,0.05179269124511009,0.012634052915759933,0.1422467011092851,0.0014728775595850424,0.01473185855626603,1.0277821783713148,-1.284720757922708e-16,Commercial,naics_catchall
441000,0.09727501380602976,0.11109692240495167,0.008106253298651167,0.008106253298651167,0.049085132419734875,0.06262934194438911,0.02057297556685827,0.020941007051192402,0.013821908598921906,0.14209104741412157,0.0,0.0,0.5046016494802311,0.04818988138629489,0.04846758046056256,0.013544209524654238,0.0002776990742676677,2.385903403239726,2.990751198893414,0.11096857967262005,0.008106253298651167,0.06250734798513433,0.01369356586659029,0.14077166716106362,-0.00012834273233161553,-0.0011552321122254166,0.9980521277173388,0.0,Commercial,naics_catchall
445000,0.16085097800861214,0.19150814880885084,0.005284660974805623,0.005284660974805623,0.10748336702408492,0.13714172628221888,0.04504933723558859,0.045855277541295224,0.030657170800238692,0.19059362386094583,0.0,0.0,0.6682170562763389,0.05336761098452722,0.05436642252663196,0.029658359258133954,0.0009988115421047383,2.385903403239726,2.990751198893413,0.18880488195324474,0.005284660974805623,0.13457218283673833,0.027953903944632597,0.17378759079186892,-0.0027032668556060957,-0.014115675350735572,0.981263591212256,0.0,Commercial,naics_catchall
452000,0.14191204881301148,0.17002939687668628,0.004662645656359484,0.004662645656359484,0.09853289443686916,0.12572150984747454,0.04129793951552069,0.0420367665133736,0.028117348063674802,0.19813221145671184,0.0,0.0,0.6943236692093687,0.043379154376142315,0.044307887029211734,0.027188615410605382,0.0009287326530694195,2.385903403239726,2.990751198893413,0.16744963632861493,0.004662645656359484,0.12326936318150288,0.02553758751560345,0.17995362429903827,-0.0025797605480713526,-0.015172438386888606,0.9804954087097218,0.0,Commercial,naics_catchall
444000,0.10538693340792381,0.12231588559334529,0.006245828339145934,0.006245828339145934,0.059820906887171364,0.07632751247657583,0.025072644100319764,0.025521184277989162,0.01692895218542148,0.16063615894291342,0.0,0.0,0.5676311564700446,0.045566026520752444,0.045988373116769454,0.01650660558940447,0.0004223465960170106,2.385903403239726,2.990751198893414,0.12176793660197302,0.006245828339145934,0.07580666906212782,0.016381003194049212,0.15543675733160256,-0.0005479489913722685,-0.004479785996023399,0.9931762034743651,0.0,Commercial,naics_catchall
446000,0.11946709112754356,0.1394543974475084,0.002096984061652,0.002096984061652,0.0703795484519986,0.08979965282423075,0.029498071194513968,0.03002578511293648,0.019987306319964843,0.16730386695886243,0.0,0.0,0.5891124307769502,0.04908754267554495,0.04965474462327765,0.01942010437223214,0.0005672019477327012,2.385903403239726,2.9907511988934123,0.13839332164437887,0.002096984061652,0.08879106561448662,0.018926230516835313,0.15842212560971783,-0.0010610758031295298,-0.007608765464200769,0.9887684731730725,0.0,Commercial,naics_catchall
447000,0.2715071865250247,0.32410262122082395,0.006504364993098745,0.006504364993098745,0.184248561578302,0.23508909750782322,0.07722381439588795,0.07860536763967763,0.05259543469579925,0.19371654713438516,0.0,0.0,0.6786139399714191,0.08725862494672271,0.08901352371300073,0.05084053592952123,0.001754898766278018,2.385903403239726,2.9907511988934115,0.3189101285703741,0.006504364993098745,0.23015346363653177,0.047402942045349394,0.17459185022706677,-0.005192492650449854,-0.016021137474577854,0.9790052625850623,0.0,Commercial,naics_catchall
448000,0.12469034563683214,0.14316704610475192,0.0018199958635569174,0.0018199958635569174,0.06529770055320577,0.08331552877635871,0.027368124151439053,0.027857726449189664,0.018476700467919785,0.1481806821013573,0.0,0.0,0.5236788800264386,0.059392645083626364,0.05985151732839321,0.01801782822315294,0.00045887224476684474,2.385903403239726,2.9907511988934123,0.14273870566594452,0.0018199958635569174,0.08290837719800498,0.01804836002911238,0.14474544871083503,-0.00042834043880740635,-0.0029918926908221594,0.9951131369585778,0.0,Commercial,naics_catchall
454000,0.09292600821082189,0.10527137543242616,0.0008070511767629684,0.0008070511767629684,0.04365191547565901,0.05569695527388183,0.01829575975975631,0.018623065434025372,0.012345367221604273,0.13285158223515048,0.0,0.0,0.46974917266031274,0.04927409273516288,0.04957442015854433,0.012045039798222822,0.00030032742338145096,2.385903403239726,2.9907511988934115,0.10657862740450916,0.0008070511767629684,0.05693954097328896,0.013652619193687265,0.14691924743731025,0.0013072519720829928,0.01241792430955858,1.0223097599015403,0.0,Commercial,naics_catchall
4B0000,0.10215684516524251,0.11784712415549287,0.002695592927732166,0.002695592927732166,0.055405557850194194,0.07069381613101795,0.023222045693451432,0.023637478155045088,0.015690278990250356,0.15359008948319366,0.0,0.0,0.5423577613479903,0.046751287315048316,0.04715330802447491,0.015288258280823759,0.0004020207094265968,2.385903403239726,2.990751198893413,0.11755248723322209,0.002695592927732166,0.07041375411240976,0.015395642067979581,0.1507059271757713,-0.00029463692227077454,-0.002500162175209445,0.9960383802440492,0.0,Commercial,naics_catchall
481000,0.7118853503304542,0.7228341596292887,0.5607100956305533,0.5607100956305533,0.040161776439775455,0.05124402158460415,0.016832943188412965,0.017134164019917325,0.010948809298834461,0.01538001771458293,0.0,0.0,0.05641607376964918,0.6717235738906787,0.6715901380446845,0.011082245144828695,-0.0001334358459942342,2.385903403239726,2.9907511988934146,0.7292029504136814,0.5607100956305533,0.057297765254687806,0.017317600083227247,0.024326389179365034,0.006368790784392786,0.008810860277631416,1.1181356084648604,0.0,Transportation,naics_48-49
482000,0.44272668310318886,0.4476492175226413,0.34846500245309175,0.34846500245309175,0.018084222198382148,0.02307437413078787,0.007579612055469757,0.00771524362819798,0.004922534419452451,0.01111867571421063,0.0,0.0,0.04084737353444575,0.42464246090480673,0.4245748433918534,0.00499015193240572,-6.761751295331075e-05,2.385903403239726,2.9907511988934123,0.4543646480309703,0.34846500245309175,0.029457610181077478,0.011637964927781463,0.026287019445514054,0.006715430508329012,0.015001546401651775,1.2766374513175867,0.0,Transportation,naics_48-49
483000,0.56507134230589,0.5713775256864224,0.4535367515316274,0.4535367515316274,0.024052566007967107,0.030689472347724605,0.010081114757331356,0.010261459515281578,0.00630618338053246,0.011159977348698627,0.0,0.0,0.042565538556274436,0.5410187762979228,0.5406880533386978,0.006636906339757498,-0.00033072295922498274,2.385903403239726,2.9907511988934132,0.5773692702489748,0.4535367515316274,0.036384821268150985,0.012297927943084819,0.021763496079805766,0.005991744562552359,0.01048648974310671,1.1855798905857906,0.0,Transportation,naics_48-49
484000,0.4042045598731764,0.4181071259100361,0.24614019766815104,0.24614019766815104,0.05072746008551445,0.06472485946536846,0.021261321819078506,0.021641672998180806,0.013902566036859743,0.03439487679511044,0.0,0.0,0.1254994750713123,0.35347709978766195,0.35338226644466764,0.01399739937985401,-9.4833342994316e-05,2.385903403239726,2.9907511988934137,0.4211208842765247,0.24614019766815104,0.06758953523380538,0.016916324403348337,0.04185089947687878,0.0030137583664885947,0.007208100938076486,1.0442592813966585,0.0,Transportation,naics_48-49
485000,0.3210445111276852,0.330095876688095,0.16898724010327892,0.16898724010327892,0.03299015675767819,0.042093499021268,0.013827113332787126,0.014074557267365714,0.009051365560409808,0.028193491078904995,0.0,0.0,0.10275882506696217,0.288054354370007,0.28800237766682696,0.00910334226358981,-5.197670318002334e-05,2.385903403239726,2.9907511988934123,0.338322468780513,0.16898724010327892,0.0499131435176581,0.017277957652827802,0.05381795063911262,0.008226592092417995,0.0249218262734958,1.1857684601709915,0.0,Transportation,naics_48-49
486000,1.5874876820967183,1.6009573424944534,1.5062212556199568,1.5062212556199568,0.05088605519065739,0.06492679230325923,0.02132779353999042,0.02170919210106222,0.013469660397735117,0.00848489128428681,0.0,0.0,0.0320544567145543,1.536601626906061,1.5360305501911942,0.014040737112601842,-0.0005710767148667806,2.385903403239726,2.9907511988934123,1.599816233105217,1.5062212556199568,0.06384213055571251,0.012328551008498723,0.007766076642695865,-0.0011411093892363944,-0.0007127668920012763,0.9832940807782325,0.0,Transportation,naics_48-49
48A000,0.13463413676938618,0.1437724075005653,0.013894624799402637,0.013894624799402637,0.03475123794822857,0.04434005131554597,0.014565232566013029,0.014825723828833343,0.009138270731179121,0.06787484177829281,0.0,0.0,0.2581160973145593,0.09988289882115761,0.09943235618501933,0.0095888133673174,-0.00045054263613827916,2.385903403239726,2.9907511988934137,0.14718736905460064,0.013894624799402637,0.04758608381860501,0.01255323228521446,0.09323959425473793,0.0034149615540353395,0.023752551782385032,1.073207684852655,0.0,Transportation,naics_48-49
492000,0.30024398148166753,0.3072011681623969,0.1927108192527066,0.1927108192527066,0.02553151273475972,0.032576646972360866,0.010700983409509148,0.010892463065605165,0.006957186680729366,0.02317177732055276,0.0,0.0,0.08503588517833001,0.2747124687469078,0.27462452119003605,0.007045134237601145,-8.794755687174804e-05,2.385903403239726,2.990751198893413,0.3121520231892647,0.1927108192527066,0.03728259638961185,0.011908041707597183,0.03966121701701545,0.0049508550268678175,0.016116003257678462,1.144457758996611,0.0,Transportation,naics_48-49
493000,0.14926128905133418,0.1612535765722666,0.051672879191376815,0.051672879191376815,0.044425259675881235,0.056683494399769906,0.018619890317251694,0.01895292875607406,0.011992287520932426,0.08034425802666102,0.0,0.0,0.29763416863298314,0.10483602937545294,0.10457008217249669,0.012258234723888671,-0.0002659472029562515,2.385903403239726,2.9907511988934115,0.16214607862198818,0.051672879191376815,0.057531846750624255,0.012884789570654004,0.08632371897996034,0.0008925020497215774,0.005534773669479499,1.0149664793929465,0.0,Transportation,naics_48-49
511110,0.044119503880532075,0.048771948439926036,0.004564241963686289,0.004564241963686289,0.016615772417289797,0.02120061116403135,0.006964142971893951,0.007088724455540011,0.00465244455939396,0.10545097179678106,0.0,0.0,0.3766083241163004,0.027503731463242278,0.027571337275894687,0.004584838746741551,6.7605812652409e-05,2.385903403239726,2.9907511988934137,0.04996752634947659,0.004564241963686289,0.022337047019291418,0.0058480224689445165,0.13254959722076526,0.0011955779095505562,0.02451363842933582,1.0536039195505897,0.0,Commercial,naics_catchall
511120,0.04556017030660552,0.04971141915292017,0.0005951939267784495,0.0005951939267784495,0.01479626149973467,0.01887904669475,0.006201534177638289,0.006312476511498288,0.004151248846314647,0.09111574470371941,0.0,0.0,0.32476308583046365,0.030763908806870854,0.03083237245817017,0.0040827851950153305,6.846365129931434e-05,2.385903403239726,2.9907511988934106,0.05146816676127923,0.0005951939267784496,0.020548892678716117,0.005907996454673707,0.1296745910938164,0.0017567476083590605,0.03533891484680869,1.0884496982800766,1.82159481759813e-16,Commercial,naics_catchall
511130,0.29424041306680465,0.30751586496897665,0.0019052500768819208,0.0019052500768819208,0.04748699056735163,0.06059216349974325,0.0199031488462068,0.02025984760021582,0.013275451902171997,0.045117704137935415,0.0,0.0,0.16138840369480495,0.24675342249945303,0.2469237014692334,0.01310517293239162,0.00017027896978036305,2.385903403239726,2.9907511988934106,0.32523503070852827,0.0019052500768819206,0.07743480931217074,0.03099461764172362,0.10533773154636841,0.017719165739551623,0.05762033038958559,1.2779673944552064,-1.1381205917701676e-16,Commercial,naics_catchall
5111A0,0.08672633535670253,0.0940882905541742,0.0016566437356476788,0.0016566437356476788,0.02615803695359746,0.033376163931500454,0.0109635775354855,0.01115979287874222,0.007361955197471667,0.08488719334435371,0.0,0.0,0.3016158453601242,0.06056829840310507,0.060712126622673744,0.007218126977902993,0.00014382821956867436,2.385903403239726,2.990751198893412,0.09805054216644327,0.0016566437356476788,0.03714241351153602,0.011324206809740736,0.13057402648416597,0.003962251612269069,0.04211205867310005,1.112842494055495,0.0,Commercial,naics_catchall
511200,0.03673952227318418,0.04110180098624331,0.0007683350223999215,0.0007683350223999215,0.015431038213768964,0.019688998203126647,0.006467587159151436,0.006583295263882745,0.00436227871305913,0.11873531399299425,0.0,0.0,0.4200119451480165,0.02130848405941522,0.021412802783116663,0.004257959989357683,0.00010431872370144507,2.385903403239726,2.990751198893413,0.041801583668578446,0.0007683350223999215,0.02035416450031477,0.005062061395394266,0.1377824501297072,0.0006997826823351358,0.017025596580776393,1.0337836537098415,0.0,Commercial,naics_catchall
512100,0.05289195378949728,0.05937182849228739,0.0012993918038796026,0.0012993918038796026,0.022962178253884222,0.029298214931961147,0.00962410222589262,0.009796272903878325,0.006479874702790114,0.12251153981906449,0.0,0.0,0.4341336745711936,0.029929775535613056,0.030073613560326246,0.006336036678076924,0.00014383802471319013,2.385903403239726,2.990751198893412,0.060050973950662896,0.0012993918038796026,0.029943764873683543,0.007159020161165618,0.13535178128714126,0.0006791454583755033,0.011438850303620456,1.0220337636003267,0.0,Commercial,naics_catchall
512200,0.027660820125477947,0.03000231593997814,0.00023369359406364624,0.00023369359406364624,0.008369165342268652,0.010678497737149241,0.0035077553143620507,0.003570506881715978,0.002341495814500192,0.08465026719665036,0.0,0.0,0.3025638901631823,0.019291654783209294,0.0193238182028289,0.002309332394880589,3.216341961960467e-05,2.385903403239726,2.9907511988934123,0.031040374717022146,0.00023369359406364622,0.011665206511773343,0.003379554591544199,0.12217839442986524,0.001038058777044007,0.03459928823897197,1.0924014593542928,-1.1598543991221075e-16,Commercial,naics_catchall
515100,0.0756619850459528,0.08241087231817959,0.019715797910408065,0.019715797910408065,0.023862595195893736,0.030447089135314985,0.010001492584943565,0.010180415257070039,0.006748887272226792,0.08919786162268807,0.0,0.0,0.3153842075568193,0.051799389850059066,0.051963783182864605,0.006584493939421249,0.00016439333280553886,2.385903403239726,2.9907511988934106,0.08437982185053766,0.01971579791040807,0.03231863997938374,0.008717836804584864,0.11522083116495217,0.001968949532358072,0.02389186616974721,1.061468958025875,1.7597294148171787e-16,Commercial,naics_catchall
515200,0.08839809316766173,0.09404914600283792,0.03365619428093318,0.03365619428093318,0.0200832823435388,0.02562492883585604,0.008417475039546232,0.008568057699128351,0.005651052835176196,0.06392731599377412,0.0,0.0,0.22719135248141048,0.06831481082412293,0.06842421716698188,0.00554164649231724,0.0001094063428589559,2.385903403239726,2.9907511988934115,0.09719915497204927,0.03365619428093318,0.028619115252656212,0.008801061804387542,0.09956167026923149,0.003150008969211346,0.03349322245963078,1.116846623691322,0.0,Commercial,naics_catchall
517110,0.07753431625998419,0.09036116799647455,0.0015696894972171208,0.0015696894972171208,0.04507541156126152,0.05751325954367659,0.01889238747053018,0.019230372477977,0.012826851736490355,0.16543451151977656,0.0,0.0,0.5813607926858722,0.032458904698722674,0.03284790845279796,0.012437847982415068,0.0003890037540752872,2.385903403239726,2.990751198893412,0.09115396543926957,0.001569689497217121,0.05826683940890633,0.013619649179285376,0.17565962835883725,0.0007927974427950207,0.008773652005316619,1.0131027152905057,1.3814224716514578e-16,Commercial,naics_catchall
517210,0.08189545505424639,0.09214685688831593,0.0018556227364670116,0.0018556227364670116,0.03624771308217078,0.046249678416993824,0.015192447872345298,0.015464234682612975,0.010251401834069543,0.12517668809922552,0.0,0.0,0.4426095814250108,0.04564774197207561,0.04589717847132211,0.010001965334823046,0.000249436499246497,2.385903403239726,2.990751198893411,0.09441498879830228,0.0018556227364670114,0.04840561188346022,0.012519533744055886,0.15287214334132612,0.002268131909986343,0.0246143166091424,1.0466151017749397,-1.1685588359946019e-16,Commercial,naics_catchall
517A00,0.07594665117172396,0.08621991955611098,0.0030412593125446813,0.0030412593125446813,0.03648871201169515,0.04655715321956476,0.015293457380608343,0.015567043235422276,0.010273268384387024,0.1352695375752382,0.0,0.0,0.4804518889080448,0.03945793916002881,0.039662766336546224,0.010068441207869608,0.00020482717651741644,2.385903403239726,2.9907511988934123,0.08724136142675705,0.0030412593125446813,0.04752806708188465,0.011294710255033091,0.14871900315254816,0.001021441870646067,0.011846936020177145,1.0208542360341715,0.0,Commercial,naics_catchall
518200,0.08159460403749766,0.09419147808568304,0.002698497563225605,0.002698497563225605,0.04425525553066585,0.0564668057680664,0.018548636743035512,0.018880475844650437,0.01259687404818538,0.15438366540018203,0.0,0.0,0.5423796837144755,0.03733934850683181,0.03772467231761664,0.012211550237400545,0.000385323810784835,2.385903403239726,2.990751198893412,0.09434212544699781,0.0026984975632256053,0.056610001005725843,0.012747521409500154,0.15622995613339696,0.00015064736131477352,0.0015993735779125829,1.0025359188590834,1.6071197354568238e-16,Commercial,naics_catchall
519130,0.06668440863841484,0.07527256052363308,0.00036612977526861746,0.00036612977526861746,0.030315105622074186,0.03868007823346967,0.012705923291324568,0.012933231707064573,0.008588151885218248,0.12878800398135162,0.0,0.0,0.45460560033534714,0.03636930301634065,0.03659248229016342,0.008364972611395481,0.00022317927382276698,2.385903403239726,2.9907511988934123,0.07712257531814952,0.00036612977526861746,0.040438577724347995,0.010438166679734684,0.1565308427091843,0.0018500147945164358,0.024577545677293554,1.0454626663437487,0.0,Commercial,naics_catchall
5191A0,0.053708838501405926,0.05708411254155038,0.024391439242118926,0.024391439242118926,0.012419664485844441,0.0158466200781119,0.00520543475019997,0.005298541745624043,0.0033752740401444548,0.06284392167698992,0.0,0.0,0.23124060829428167,0.04128917401556148,0.04123749246343848,0.0034269555922674597,-5.1681552122997965e-05,2.385903403239726,2.9907511988934123,0.057604205373652816,0.024391439242118926,0.016340985303283373,0.00389536687224689,0.07252748301650429,0.0005200928321024353,0.009110990938571047,1.031196887584521,0.0,Commercial,naics_catchall
522A00,0.04262969117027154,0.04591717214303757,0.0072388141079226176,0.0072388141079226176,0.011735422635269199,0.014973628258190007,0.00491864952258089,0.005006644572684717,0.00328748097276603,0.07711716605300216,0.0,0.0,0.2752875358255721,0.030894268535002337,0.03094354388484756,0.003238205622920808,4.927534984522364e-05,2.385903403239726,2.990751198893411,0.046642324050289875,0.0072388141079226176,0.015662908832319685,0.004012632880018338,0.0941276553937742,0.0007251519072523083,0.015792608155253376,1.0460329695812147,0.0,Commercial,naics_52-81
52A000,0.03970173947078798,0.04344099872755532,0.006532372976945967,0.006532372976945967,0.01339469448819741,0.017090730984218237,0.005614097565730981,0.005714527838538311,0.0037392592567673452,0.09418376390078936,0.0,0.0,0.33738306348146413,0.026307044982590566,0.026350267743337086,0.0036960364960208266,4.3222760746520344e-05,2.385903403239726,2.990751198893413,0.04379815727947739,0.006532372976945967,0.017430221854009914,0.004096417808689412,0.10317980681182755,0.00035715855192206686,0.008221692925662766,1.0198640344936192,0.0,Commercial,naics_52-81
523900,0.06126234861032905,0.06664935477572059,0.0046091710478757845,0.0046091710478757845,0.019295174542293018,0.02461936005269761,0.008087156636808032,0.00823183154179019,0.0053870061653915405,0.08793339281940739,0.0,0.0,0.3149597588075457,0.04196717406803603,0.04202999472302298,0.005324185510404592,6.282065498695172e-05,2.385903403239726,2.9907511988934115,0.0675340310798607,0.0046091710478757845,0.025460273776757435,0.006271682469531643,0.10237417617505795,0.0008846763041401029,0.013273591426610146,1.034156603675313,0.0,Commercial,naics_52-81
523A00,0.03327326852392913,0.036581113328643916,0.0016822026414663373,0.0016822026414663373,0.011798220643362719,0.015053746346375569,0.004944969954501248,0.005033433189609856,0.003307844804714785,0.09941448350154969,0.0,0.0,0.35458556272816405,0.021475047880566412,0.02152736698226835,0.0032555257030128498,5.2319101701937126e-05,2.385903403239726,2.9907511988934123,0.037017940416219405,0.0016822026414663373,0.015468964761590534,0.0037446718922902744,0.1125429528991785,0.00043682708757548927,0.01194132840220155,1.0275823974750933,0.0,Commercial,naics_52-81
524113,0.026896965809460674,0.02876559371942645,0.0005057625670848142,0.0005057625670848142,0.006710374404142652,0.008561985431454727,0.0028125088362885497,0.002862821031258865,0.0018686279099657775,0.06947355784303785,0.0,0.0,0.24948443819571506,0.020186591405318022,0.020203608287971724,0.0018516110273120749,1.701688265370177e-05,2.385903403239726,2.990751198893413,0.029562658885115837,0.0005057625670848142,0.009319621906696014,0.002665693075655163,0.09910757572207414,0.0007970651656893854,0.027708976684569467,1.088488409762753,0.0,Commercial,naics_52-81
5241XX,0.02010181639293145,0.02182696138270871,0.0018949974283187674,0.0018949974283187674,0.006228639305642335,0.007947316293709813,0.0026105999501843647,0.0026572977038846783,0.0017251449897772615,0.08582035354695046,0.0,0.0,0.3098545516430325,0.013873177087289114,0.013879645088998898,0.0017186769880674782,6.468001709784149e-06,2.385903403239726,2.9907511988934123,0.022355581330759038,0.0018949974283187674,0.008449786821118549,0.0022537649378275883,0.11211747703655757,0.0005286199480503267,0.024218668773066082,1.0632251830478214,0.0,Commercial,naics_52-81
524200,0.0188995663115439,0.02058393799415573,0.0009627991381686396,0.0009627991381686396,0.006084851339684099,0.007763852720058296,0.0025503343225973503,0.0025959540609499523,0.0016843716826118287,0.08912223988880688,0.0,0.0,0.3219571941165368,0.012814714971859802,0.012820085274097434,0.0016790013803741968,5.370302237631824e-06,2.385903403239726,2.9907511988934137,0.021495152132575416,0.0009627991381686397,0.00862999152242988,0.0025955858210315146,0.1373357344949299,0.0009112141384196859,0.04426821236433968,1.1115604370152299,1.1260938335983433e-16,Commercial,naics_52-81
525000,0.10012158971820358,0.10270904461826234,0.060525004303255185,0.060525004303255185,0.011042948095196126,0.014089842480688371,0.004628413740556861,0.004711138287230868,0.0025874549000587665,0.02584312641600345,0.0,0.0,0.11029537311859477,0.08907864162300745,0.08861920213757397,0.0030468943854922454,-0.0004594394854334771,2.385903403239726,2.9907511988934115,0.1035290178473882,0.060525004303255185,0.014869253818492599,0.0034074281291846253,0.03403290078368686,0.0008199732291258588,0.007983456882238997,1.0553172499176264,0.0,Commercial,naics_52-81
531HSO,0.012165252072705563,0.012960502632836705,2.3282241787685365e-05,2.3282241787685365e-05,0.002862640405269068,0.0036525380834687574,0.0011998140416674033,0.0012212778130190867,0.0007952505601311419,0.06537066025252344,0.0,0.0,0.23531287211810434,0.009302611667436496,0.009307964549367949,0.0007898976781996895,5.352881931453349e-06,2.385903403239726,2.9907511988934115,0.013648422028885563,2.3282241787685365e-05,0.0043064279395406725,0.0014831699561799992,0.12191855518618455,0.0006879193960488573,0.05307814176172041,1.1790234190935325,0.0,Commercial,naics_52-81
531HST,0.013341784407119289,0.01538980441649203,0.0011882755779369638,0.0011882755779369638,0.00720114111480697,0.009188183881759673,0.0030182031280180156,0.0030721993474948127,0.0020480200093727415,0.15350420505070528,0.0,0.0,0.5397434777138491,0.006140643292312319,0.006201620534732357,0.0019870427669527032,6.097724242003829e-05,2.385903403239726,2.9907511988934132,0.015384824758216065,0.0011882755779369638,0.009183450553913336,0.002043040351096776,0.1531309672495227,-4.979658275965429e-06,-0.0003235686524143949,0.9994848461995048,0.0,Commercial,naics_52-81
531ORE,0.2112933051612504,0.23111790943321672,0.03182904070626095,0.031799767658639955,0.07181141313723856,0.09162639506754412,0.030098206423499217,0.03063658224109252,0.019824604271966334,0.09382504692629522,-2.9273047620993753e-05,-0.0009196961947783611,0.3398660127088979,0.13948189202401184,0.1394915143656726,0.019814981930305564,9.622341660742162e-06,2.385903403239726,2.9907511988934137,0.23157588642067706,0.03179976765863995,0.09206171715343775,0.02028258125942667,0.09599254100335945,0.00045797698746033455,0.0019815729061562425,1.004751055474492,-0.0009196961947785791,Commercial,naics_52-81
532100,0.09486928582720544,0.1007634900437472,0.025238487128427824,0.025238487128427824,0.022469079171741676,0.02866887774219538,0.009417430370916016,0.009585845105672097,0.005894204216541757,0.062129741624464614,0.0,0.0,0.23684250361773326,0.07240020665546376,0.07209461230155181,0.0061997985704537045,-0.00030559435391194767,2.385903403239726,2.9907511988934132,0.10291296649450253,0.025238487128427824,0.030712025318913122,0.00804368066729709,0.08478698450358127,0.0021494764507553332,0.021331897593286242,1.0712670930160129,0.0,Commercial,naics_52-81
532400,0.08595005916856259,0.09247919563776487,0.011697581112358,0.011697579718644357,0.023532186591764388,0.030025474030796907,0.009863008938170314,0.010039442278550758,0.006529136469202279,0.07596430453174603,-1.3937136427583097e-09,-1.1914545660093009e-07,0.2737890679704338,0.062417872576798206,0.062453721606967966,0.006493287439032519,3.584903016976004e-05,2.385903403239726,2.990751198893414,0.09506424233914808,0.011697579718644355,0.03248264535815776,0.009114183170585488,0.10604045254594921,0.002585046701383209,0.027952737732588773,1.081836220964923,-1.1914545674922772e-07,Commercial,naics_52-81
532A00,0.07181115211875501,0.0785641767802403,0.011131757029790496,0.011131757029790496,0.02444715881161778,0.031192901951167744,0.010246499828292264,0.010429788329670894,0.0067530246614852935,0.09403866199386039,0.0,0.0,0.34043679972143054,0.047363993307137225,0.04737127482907256,0.006745743139549964,7.281521935333102e-06,2.385903403239726,2.9907511988934123,0.07948232288445985,0.011131757029790496,0.03206562981345713,0.007671170765704838,0.10682422631263352,0.0009181461042195443,0.01168657449040397,1.0279784120007698,0.0,Commercial,naics_52-81
533000,0.04791688874565999,0.0515337719043724,0.0008187720882427531,0.0008187720882427531,0.01300977918825781,0.016599601344505797,0.005452768611919633,0.005550311691138902,0.0036168831587124126,0.07548242912661994,0.0,0.0,0.27150717688105647,0.03490710955740218,0.034934170559866605,0.003589822156247988,2.706100246442633e-05,2.385903403239726,2.9907511988934132,0.053047425811093306,0.0008187720882427531,0.018038378824677515,0.005130537065433316,0.10707158164349742,0.0015136539067209034,0.029372076810711325,1.0866754237232288,0.0,Commercial,naics_52-81
541100,0.03313580647757802,0.0369354953383517,0.0006996671672868759,0.0006996671672868759,0.013504139297199853,0.017230380908142856,0.0056599689991066295,0.005761221767467033,0.003799688860773677,0.11467017902053506,0.0,0.0,0.40753917688219504,0.01963166718037817,0.019705114430208844,0.0037262416109430027,7.34472498306743e-05,2.385903403239726,2.990751198893413,0.03719375897396175,0.0006996671672868759,0.017475868929686684,0.004057952496383729,0.12246427438335085,0.00025826363561005233,0.006992288400201477,1.0142473937664265,0.0,Commercial,naics_52-81
541511,0.0310900553377549,0.03410511215956835,0.0027461103193835647,0.0027461103193835647,0.010691721261157994,0.01364192975022271,0.0044812045813087484,0.004561372325210556,0.0030150568218134527,0.09697817482338321,0.0,0.0,0.34389521488481445,0.020398334076596907,0.020463182409345644,0.002950208489064715,6.484833274873758e-05,2.385903403239726,2.990751198893414,0.03489785478617596,0.002746110319383565,0.014395457510875809,0.003807799448421058,0.12247644486489453,0.0007927426266076051,0.023244099679208867,1.0552361560607508,1.5792550864873945e-16,Commercial,naics_52-81
541512,0.06286458155330739,0.0674278053366359,0.008955623371038317,0.008955623371038317,0.01623176281132345,0.02071065976192949,0.00680319362019559,0.0069249022685646654,0.004563223783328504,0.07258815171558916,0.0,0.0,0.2582020338043509,0.04663281874198394,0.0467171455747064,0.004478896950606041,8.432683272246305e-05,2.385903403239726,2.9907511988934132,0.0698828761282911,0.008955623371038317,0.023044284741574283,0.007018294574983708,0.11164147444507194,0.0024550707916552034,0.036410361858852866,1.112677481377705,0.0,Commercial,naics_52-81
54151A,0.05624020063255599,0.06086283057605888,0.004500493768962422,0.004500493768962422,0.01645263900295744,0.020992482318137214,0.006895769116476819,0.007019133629672874,0.00462262994350289,0.08219440705243447,0.0,0.0,0.29254232413661474,0.03978756162959855,0.03987034825792167,0.004539843315179773,8.278662832311712e-05,2.385903403239726,2.990751198893412,0.062387182421687025,0.004500493768962423,0.0224414285386766,0.006146981789131034,0.10929871728751811,0.001524351845628144,0.025045694247217053,1.069022147956629,1.9272590575952997e-16,Commercial,naics_52-81
541200,0.0447219105890638,0.04922473572080907,0.0024141562487431803,0.0024141562487431803,0.016079809762968612,0.02051675679971605,0.006739505774263309,0.006860068068285758,0.0045028251317452694,0.10068499025277289,0.0,0.0,0.35955104670552096,0.02864210082609519,0.02870797892109302,0.0044369470367474385,6.58780949978309e-05,2.385903403239726,2.9907511988934132,0.0496436784172681,0.0024141562487431803,0.02091497551700093,0.004921767828204297,0.11005271830689307,0.0004189426964590279,0.008510816570660138,1.0194094379132277,0.0,Commercial,naics_52-81
541300,0.0811417116458303,0.08703316985667518,0.005319778850292428,0.005319778850292428,0.021039100650336356,0.026844493862765204,0.00881808568685898,0.008975836529865056,0.005891458210844885,0.07260702407363667,0.0,0.0,0.25928835149754337,0.06010261099549394,0.06018867599390998,0.005805393212428848,8.60649984160411e-05,2.385903403239726,2.990751198893413,0.09047590015277081,0.005319778850292428,0.030116921462187758,0.00933418850694051,0.1150356372525471,0.003442730296095625,0.03955653116811737,1.1219031215917836,0.0,Commercial,naics_52-81
541610,0.04883332146405917,0.053305861122570554,0.002493981452013881,0.002493981452013881,0.01590905475326715,0.020298895693426525,0.006667937491377421,0.006787223123386921,0.004472539658511382,0.09158786509746476,0.0,0.0,0.32578277037690445,0.03292426671079202,0.033006965429144025,0.0043898409401593765,8.269871835200199e-05,2.385903403239726,2.990751198893413,0.05428755119285665,0.002493981452013881,0.021232024171055644,0.005454229728797479,0.11169073831710866,0.0009816900702860967,0.018416175062416044,1.0459694207863386,0.0,Commercial,naics_52-81
5416A0,0.05722690687542604,0.0624264715246715,0.001911355500474758,0.001911355500474758,0.018509322895234676,0.023616660281838397,0.007757783852481866,0.007896564679327601,0.00519956464924546,0.0908587399379123,0.0,0.0,0.3234374161707981,0.03871758398019136,0.0388098112428331,0.005107337386603721,9.222726264174197e-05,2.385903403239726,2.9907511988934123,0.06425936420504587,0.001911355500474758,0.025358884643949788,0.00703245732961983,0.12288725205659608,0.0018328926803743706,0.0293608245926569,1.073770987994064,0.0,Commercial,naics_52-81
541700,0.07039835630683283,0.07707765209841608,0.000897483988745259,0.000897483988745259,0.02378478050072923,0.03034778773945283,0.009968878232217112,0.010147212429667037,0.006679295791583245,0.09487857589275782,0.0,0.0,0.33785988407261563,0.046613575806103605,0.046729864358963244,0.006563007238723599,0.00011628855285963913,2.385903403239726,2.990751198893413,0.0787357264037086,0.0008974839887452589,0.03192384152579969,0.008337370096875768,0.11843131763669526,0.0016580743052925229,0.02151173861880772,1.051933070043783,-1.208046256068913e-16,Commercial,naics_52-81
541800,0.0667999071317314,0.07353427131905636,0.006182203543326532,0.0061788897980533195,0.023911917943975566,0.03051001685836358,0.010022165151995046,0.010201456032067256,0.006734364187324968,0.10081397529557343,-3.313745273212515e-06,-0.0005360136155318899,0.35796334112891137,0.042887989187755826,0.04302425446069279,0.006598098914388013,0.00013626527293696122,2.385903403239726,2.9907511988934123,0.07567397848139118,0.0061788897980533195,0.03254387840733462,0.008874071349659785,0.1328455641736126,0.002139707162334817,0.02909809431647027,1.0666620919422243,-0.0005360136155318899,Commercial,naics_52-81
541400,0.07162380408430928,0.07826213237999549,0.001523662906916536,0.001523662906916536,0.02363185455454304,0.030152669635867758,0.009904782617122831,0.010081971929669153,0.0066383282956862105,0.09268326892930946,0.0,0.0,0.3299441415695498,0.04799194952976624,0.04810946274412774,0.006520815081324717,0.00011751321436150042,2.385903403239726,2.9907511988934132,0.0820449452735905,0.0015236629069165363,0.033748356852636094,0.010421141189281224,0.14549829239751588,0.003782812893595014,0.04833516259469995,1.119249381901864,1.4231522833086798e-16,Commercial,naics_52-81
541920,0.08867228421842172,0.09903245225965761,0.0011373824967804312,0.0011373824967804312,0.0367282013833594,0.04686274521391386,0.015393834190222286,0.01566922224464985,0.010360168041235893,0.11683659818344413,0.0,0.0,0.4142015930579704,0.051944082835062313,0.052169707045743745,0.010134543830554461,0.0002256242106814313,2.385903403239726,2.9907511988934123,0.10126721794298683,0.0011373824967804312,0.04898696299207168,0.012594933724565119,0.142039125704044,0.002234765683329226,0.022565993594400695,1.0453284964092782,0.0,Commercial,naics_52-81
541940,0.09070900173261714,0.09581678689213259,0.0010257376878908405,0.0010257376878908405,0.01823127307382287,0.023261886065434764,0.007641245261257153,0.007777940897939541,0.005107785159515446,0.056309573051764594,0.0,0.0,0.20098637098403066,0.07247772865879427,0.07255490082669783,0.005030612991611894,7.717216790355252e-05,2.385903403239726,2.9907511988934097,0.09891087782864483,0.0010257376878908403,0.02620292056565361,0.008201876096027683,0.09041964898042144,0.0030940909365122365,0.03229174173827665,1.1264314721491555,-2.113995001421622e-16,Commercial,naics_52-81
5419A0,0.06118372972755622,0.06815582855498765,0.0013933415557921944,0.0013933415557921944,0.024752082419337736,0.0315820071891754,0.01037430198797145,0.010559891174117337,0.006972098827431432,0.11395347845705628,0.0,0.0,0.4045533433407178,0.03643164730821849,0.036573821365812255,0.0068299247698376635,0.00014217405759376495,2.385903403239726,2.9907511988934132,0.06995665427801781,0.0013933415557921944,0.03329375086089937,0.008772924550461587,0.14338656027552363,0.0018008257230301555,0.026422182243405076,1.0541999646023341,0.0,Commercial,naics_52-81
550000,0.06215542809978893,0.071403955964319,0.002256141779682898,0.002256141779682898,0.03265556608091742,0.041666338812599846,0.013686876860385753,0.013931730204778156,0.009248527864530072,0.14879678488710268,0.0,0.0,0.5253855870558845,0.02949986201887151,0.02973761715171916,0.009010772731682423,0.00023775513284764876,2.385903403239726,2.9907511988934132,0.07124759519074415,0.002256141779682898,0.041517712789964044,0.00909216709095522,0.14628114340002585,-0.00015636077357485123,-0.0021898054731447326,0.9964329473893958,0.0,Commercial,naics_52-81
561300,0.04211980336465485,0.046144781763844823,0.0003540169635855035,0.0003540169635855035,0.01438232472444462,0.018350880638872046,0.0060280414977888115,0.006135876714071679,0.004024978399189971,0.0955602371726066,0.0,0.0,0.3414622950617489,0.02773747864021023,0.027793901124972778,0.003968555914427425,5.642248476254649e-05,2.385903403239726,2.9907511988934123,0.047058022566003825,0.0003540169635855035,0.01921894585132687,0.004938219201348973,0.11724221878711134,0.0009132408021590016,0.019790770857530428,1.0473037359643675,0.0,Commercial,naics_52-81
561700,0.16849935927081666,0.17679274091360872,0.04319024519953508,0.04319024519953508,0.030234672189731592,0.038577384021781486,0.01267221135133849,0.01289889444366192,0.008293381642792058,0.049219069310896986,0.0,0.0,0.17943493862868418,0.13826468708108508,0.13821535689182723,0.008342711832049893,-4.9330189257845714e-05,2.385903403239726,2.990751198893414,0.18297578380613763,0.043190245199535085,0.04445456825339914,0.01447642453532097,0.08591382541730663,0.006183042892528912,0.03497339800591874,1.1523479204369922,1.6065882172815083e-16,Commercial,naics_52-81
561100,0.07787381062991072,0.0854894456994097,0.005333522508856443,0.005333522508856443,0.02731723581098348,0.03485494267330911,0.011449430758131474,0.011654243484448167,0.007615635069498972,0.09779456030078829,0.0,0.0,0.3507884819044818,0.05055657481892724,0.050634503026100584,0.007537706862325629,7.792820717334586e-05,2.385903403239726,2.9907511988934137,0.08652379274470132,0.005333522508856443,0.03583812332566289,0.008649982114790594,0.11107690820343911,0.0010343470452916226,0.01209911980162441,1.0282077827976654,0.0,Commercial,naics_52-81
561200,0.14165984245530122,0.1512411599650689,0.01925112704243803,0.01925112704243803,0.03488697905473366,0.044513379533012765,0.014622125525854056,0.014883678571953048,0.009581317509767678,0.0676360875721779,0.0,0.0,0.24627289180941844,0.10677286340056756,0.10672778043205614,0.009626400478279104,-4.508296851142568e-05,2.385903403239726,2.990751198893412,0.15497876670115152,0.01925112704243803,0.048066096820456185,0.013318924245850294,0.09402046490382689,0.003737606736082616,0.02471289387720819,1.0798123468654766,0.0,Commercial,naics_52-81
561400,0.08041635655206665,0.08872177258393044,0.003287558193917348,0.0032872570944893664,0.029551477303350754,0.03770571714726501,0.012385864936201502,0.012607440284974635,0.008305416031863785,0.1032801831364535,-3.010994279817672e-07,-9.158755837048374e-05,0.36748092764209295,0.0508648792487159,0.051016055436665424,0.008154239843914259,0.00015117618794952686,2.385903403239726,2.9907511988934137,0.09094814456648083,0.003287257094489366,0.03982195643866166,0.010531788014414178,0.13096574460688518,0.002226371982550393,0.025093862731881897,1.0561251569127137,-9.158755837061564e-05,Commercial,naics_52-81
561500,0.070436597826195,0.07778192708423802,0.002165857395253576,0.002165857395253576,0.026108571714689114,0.03331279857442792,0.010942845246474478,0.011138605774614004,0.007345329258043015,0.10428285131215304,0.0,0.0,0.370667700037316,0.044328026111505894,0.0444691285098101,0.0072042268597388055,0.00014110239830420618,2.385903403239726,2.9907511988934123,0.07889577738980232,0.0021658573952535757,0.034371549672557164,0.00845917956360731,0.12009636786377247,0.0011138503055642957,0.014320168544525684,1.031782112084152,-2.0023519089696434e-16,Commercial,naics_52-81
561600,0.06430270056367672,0.06919916456223965,0.010289862972031584,0.010289862972031584,0.017652090837747336,0.0225228743136092,0.00739849350723011,0.0075308418573710595,0.0048964639985629305,0.07614709733246947,0.0,0.0,0.2745155441841371,0.04665060972592938,0.04667629024863045,0.004870783475861864,2.5680522701070074e-05,2.385903403239726,2.9907511988934137,0.07134583896640996,0.010289862972031584,0.02456335845352216,0.00704313840273324,0.1095309892274068,0.0021466744041703095,0.031021680937195865,1.0905960807444555,0.0,Commercial,naics_52-81
561900,0.08441189043550217,0.09314217392335601,0.005495612339795818,0.005495612339795818,0.03108134733021967,0.03965772557941055,0.013027076992310548,0.013260121936617141,0.008730283487853846,0.10342480713098734,0.0,0.0,0.3682105349123587,0.0533305431052825,0.05348444834394546,0.008576378249190882,0.00015390523866296024,2.385903403239726,2.9907511988934123,0.09583711423249179,0.005495612339795819,0.042219354370493616,0.011425223796989625,0.1353508817068783,0.0026949403091357793,0.028933620460194192,1.0645934368059928,1.5782804251084225e-16,Commercial,naics_52-81
562111,0.17083618420907254,0.17983051980514295,0.05330043382491684,0.05330043382491684,0.03323424636418585,0.04240458306450852,0.01392941823170978,0.014178572620884799,0.008994335596070407,0.05264889073536652,0.0,0.0,0.19453868346481654,0.1376019378448867,0.1374259367406344,0.009170336700322669,-0.00017600110425228244,2.385903403239726,2.990751198893412,0.18522074961934176,0.05330043382491684,0.04752817256880961,0.014384565410269223,0.08420092895931884,0.005390229814198816,0.02997394335532951,1.1208263148468354,0.0,Commercial,naics_52-81
562HAZ,0.6971867131072016,0.7083866442242064,0.05219690687739236,0.05219690687739236,0.04118790676092282,0.052552893589256064,0.01726302360145652,0.01757180390287925,0.011199931117004791,0.016064464377253063,0.0,0.0,0.05907729735318355,0.6559988063462787,0.6558337506349503,0.011364986828333243,-0.00016505571132841013,2.385903403239726,2.9907511988934123,0.7150404384983664,0.052196906877392354,0.0588775423856875,0.01785372539116481,0.02560824102856872,0.006653794274160019,0.009392884985073312,1.1203482503906208,-1.329368791948976e-16,Commercial,naics_52-81
562212,7.537084366797453,7.546754149143048,7.3335054895490845,7.3335054895490845,0.03574648811208771,0.045610016720402984,0.014982370226535128,0.015250354739397518,0.009669782345595124,0.0012829606085070088,0.0,0.0,0.004742747509840676,7.501337878685365,7.501144132422645,0.009863528608315277,-0.00019374626271950746,2.385903403239726,2.990751198893414,7.552796830804857,7.3335054895490845,0.051353783017472995,0.01571246400740378,0.0020846872932218604,0.006042681661808658,0.0008006994189011468,1.125932124346287,0.0,Commercial,naics_52-81
562213,5.707628965039565,5.717440522161951,5.576090296806844,5.576090296806844,0.03626561587068527,0.04627238757799548,0.0151999514403817,0.015471827812061526,0.009811557122385572,0.0017190250421818649,0.0,0.0,0.006353884615278925,5.67136334916888,5.671168134583955,0.010006771707310215,-0.00019521458492466337,2.385903403239726,2.9907511988934146,5.723563822199829,5.576090296806844,0.052092784274835206,0.015934857160263327,0.002791852318689196,0.006123300037877755,0.0010709862243678111,1.1257855278599795,0.0,Commercial,naics_52-81
562910,0.15039020752470508,0.15912395847006744,0.026922737108057603,0.026922737108057603,0.03210347769456942,0.04096179754266758,0.013455480909653489,0.013696156857789962,0.008733750945362356,0.05807393372954575,0.0,0.0,0.21346787282872576,0.11828672983013566,0.11816216092739987,0.008858319848098158,-0.00012456890273579435,2.385903403239726,2.9907511988934137,0.16431206438288395,0.026922737108057607,0.04589326167655058,0.013921856858178872,0.0925715649131735,0.005188105912816515,0.03260417829407155,1.1203917901490084,1.288667990193039e-16,Commercial,naics_52-81
562920,0.19479001144214309,0.201857840071207,0.09854496981827948,0.09854496981827948,0.026178562208036077,0.03340201120115809,0.01097218025360508,0.011168435279242533,0.00706782862906391,0.0362843483438226,0.0,0.0,0.13439376082079899,0.168611449234107,0.1684558288700489,0.0072234489931220155,-0.0001556203640581122,2.385903403239726,2.990751198893413,0.20635599831153612,0.09854496981827948,0.03767765753596288,0.01156598686939303,0.05937669382409982,0.00449815824032912,0.02228379258760699,1.128005655379714,0.0,Commercial,naics_52-81
562OTH,0.4836946309701848,0.49166835525138164,0.3435310395521035,0.3435310395521035,0.02931529598288295,0.03740427138424306,0.012286874624964634,0.012506647626884762,0.007973724281196859,0.016485037812396897,0.0,0.0,0.060607032011256626,0.4543793349873018,0.45426408386713857,0.008088975401360107,-0.00011525112016325112,2.385903403239726,2.990751198893413,0.4963923439550089,0.3435310395521035,0.04189457695091568,0.012697712984824139,0.02625150698769454,0.00472398870362728,0.009608079619466225,1.1200479357168875,0.0,Commercial,naics_52-81
611100,0.17322526440660438,0.1770822017138639,0.0963652191302581,0.0963652191302581,0.019146875306432803,0.0244294482744679,0.008025000207650486,0.008168331850374874,0.003856937307259528,0.02226544332590136,0.0,0.0,0.11053165582989181,0.15407838910017158,0.152652753439396,0.005282572968035096,-0.0014256356607755816,2.385903403239726,2.9907511988934123,0.17920886597014166,0.0963652191302581,0.02645091211519955,0.0059836015635372775,0.03454231450611166,0.0021266642562777494,0.012009474897506039,1.0827470116402242,0.0,Commercial,naics_52-81
611A00,0.16356508159227262,0.1676677628826684,0.08443557749989831,0.08443557749989831,0.016935123076790706,0.0216078464096607,0.0070979919194528816,0.007224889324680593,0.004102681290395788,0.025082867629551638,0.0,0.0,0.10353752104013121,0.1466299585154819,0.1460599164730077,0.004672723332869996,-0.0005700420424742114,2.385903403239726,2.9907511988934123,0.1703700517723273,0.08443557749989833,0.024176460266564205,0.006804970180054687,0.0416040521229207,0.0027022888896588992,0.016116925777496797,1.1188741260098507,1.6435948232640642e-16,Commercial,naics_52-81
611B00,0.09255553965183048,0.09801745014403981,0.013990212485197405,0.013990212485197405,0.02013912970391233,0.02569623298480239,0.008440882257247375,0.008591899250699982,0.005461910492209329,0.05901224835115861,0.0,0.0,0.21758967404512383,0.07241640994791815,0.07232121715923742,0.0055571032808900585,-9.519278868072578e-05,2.385903403239726,2.9907511988934132,0.10182122903739162,0.013990212485197407,0.029311849069170615,0.009265689385561132,0.10010950636143671,0.003803778893351803,0.03880716023281596,1.140706074952956,1.2399550598765118e-16,Commercial,naics_52-81
621100,0.06262461988596822,0.06820487063213451,0.004887808594902735,0.004887808594902735,0.01983164732884806,0.025303863866666394,0.008312007645372162,0.008460705081729601,0.00558025074616629,0.08910634118541949,0.0,0.0,0.31667493335622743,0.04279297255712016,0.04290100676546812,0.0054722165378183335,0.00010803420834795685,2.385903403239726,2.990751198893413,0.0703999737156066,0.004887808594902735,0.027390381048124968,0.0077753538296383845,0.1241581001816275,0.002195103083472094,0.03218396374228849,1.082458441621922,0.0,Commercial,naics_52-81
621200,0.042834131319093104,0.04704189301950988,0.0022233372359901295,0.0022233372359901295,0.01494841704832426,0.01907318324045632,0.0062653068971804905,0.00637738881372461,0.0042077617004167775,0.09823385162339428,0.0,0.0,0.34898377970982863,0.027885714270768844,0.027968709779053563,0.004124766192132059,8.299550828471877e-05,2.385903403239726,2.9907511988934132,0.049114539343182266,0.0022233372359901295,0.021043301271810432,0.006280408024089162,0.14662158028379815,0.002072646323672385,0.04405958584219363,1.1032925656151238,0.0,Commercial,naics_52-81
621300,0.09558539645528187,0.10187460200652437,0.006873180790133392,0.006873180790133392,0.022452238852756597,0.028647564075806226,0.009410372114088765,0.009578718579601644,0.006289205551242502,0.06579671983873403,0.0,0.0,0.2348919362725092,0.07313315760252527,0.07322703793071815,0.006195325223049629,9.388032819288017e-05,2.385903403239726,2.990751198893413,0.10625930099204758,0.006873180790133392,0.03281536368289688,0.010673904536765713,0.11166877925499144,0.004384698985523211,0.043040158186261196,1.1454853053495913,0.0,Commercial,naics_52-81
621400,0.08029198019534974,0.08968118075210385,0.00501528918776495,0.00501528918776495,0.03319036972189831,0.04234872256253786,0.013911028282549238,0.01415989487129756,0.009389200556754115,0.11693821143668728,0.0,0.0,0.41337091999906356,0.047101610473451426,0.04733245818956599,0.009158352840639553,0.00023084771611456278,2.385903403239726,2.990751198893413,0.09134579048116674,0.00501528918776495,0.04393098848265089,0.011053810285817006,0.13767016654618774,0.0016646097290628908,0.018561416287149413,1.0373627780100436,0.0,Commercial,naics_52-81
621500,0.0741195987356801,0.07884003481444993,0.0027363601871853364,0.0027363601871853364,0.016862156390928754,0.021514990097217072,0.007067409505360647,0.007193841502154269,0.004720436078769832,0.0636867462761571,0.0,0.0,0.22749929409441821,0.057257442344751344,0.057325044717232855,0.004652833706288318,6.760237248151085e-05,2.385903403239726,2.9907511988934132,0.08345754611836464,0.0027363601871853364,0.02590408541749611,0.00933794738268455,0.12598486152070057,0.0046175113039147175,0.05856810330921382,1.2040017355549124,0.0,Commercial,naics_52-81
621600,0.09930788880077564,0.10420827259846886,0.011987690735896386,0.011987690735896386,0.01782634157204967,0.02274519371495745,0.007471526947756548,0.007605177496333781,0.004900383797693225,0.049345362758884376,0.0,0.0,0.17950579543395187,0.08148154722872597,0.08146307888351141,0.004918852142907781,-1.846834521455898e-05,2.385903403239726,2.990751198893412,0.10866037513322613,0.011987690735896384,0.02697706259725756,0.009352486332450491,0.09417667060884537,0.004452102534757266,0.04272311999558738,1.1860555216778474,-1.4470872782714411e-16,Commercial,naics_52-81
621900,0.15421945731436934,0.1625076058179055,0.018305865593033068,0.018305865593033068,0.029972799224324723,0.03824327463710793,0.01256245294072921,0.012787180241291237,0.008288148503536152,0.05374256042569998,0.0,0.0,0.19435160612208963,0.12424665809004462,0.12426433118079756,0.008270475412783206,1.7673090752942655e-05,2.385903403239726,2.990751198893413,0.17001480946647737,0.018305865593033065,0.045379116919593315,0.015795352152108033,0.10242126659744319,0.007507203648571881,0.04619601409292757,1.1865907757690128,-1.8952651729694948e-16,Commercial,naics_52-81
622000,0.1365712280631793,0.1468347498075682,0.020002065887207397,0.020002065887207397,0.036919031098974854,0.04710617918295645,0.015473816353522078,0.015750617838215995,0.010263521744388882,0.07515142017790795,0.0,0.0,0.2703280304537916,0.09965219696420446,0.09972857062461174,0.010187148083981593,7.637366040727511e-05,2.385903403239726,2.990751198893412,0.15039446100127887,0.020002065887207397,0.05048980094661396,0.013823232938099561,0.10121628936151021,0.0035597111937106796,0.0242429751702223,1.0718296797223952,0.0,Commercial,naics_52-81
623A00,0.1205146456848887,0.134613745176458,0.008700481847569623,0.008700481847569623,0.04988034383577431,0.06364400541346148,0.020906271296668475,0.02128027414550898,0.014099099491569289,0.11699075586575923,0.0,0.0,0.4138944569956844,0.0706343018491144,0.07096973976299652,0.013763661577687165,0.00033543791388211674,2.385903403239726,2.9907511988934123,0.13530304607654736,0.008700481847569623,0.06429920843424922,0.014788400391658657,0.12271040011457271,0.000689300900089368,0.005120583334085238,1.0102948112164096,0.0,Commercial,naics_52-81
623B00,0.1031424093767175,0.11246776017456322,0.011358089889935925,0.011358089889935925,0.033176556973976284,0.04233106354998351,0.01390523896689494,0.014153990330471537,0.00932535079784573,0.09041238084506834,0.0,0.0,0.3216577659418656,0.06996585240274121,0.07013669662457972,0.009154506576007228,0.00017084422183850922,2.385903403239726,2.990751198893412,0.11394830769298565,0.011358089889935927,0.043738372326693864,0.010805898316268159,0.10476678198199423,0.0014805475184224287,0.013164194931280257,1.0332452969212227,1.5273021192708603e-16,Commercial,naics_52-81
624100,0.10361852174090377,0.10933040091113144,0.003908070122422884,0.003908070122422884,0.020417831070459955,0.026051789073948173,0.008557693929576265,0.00871078446230747,0.005711879170227668,0.05512411366483415,0.0,0.0,0.1970480829818666,0.08320069067044382,0.08327861183718327,0.005633958003488218,7.792116673945026e-05,2.385903403239726,2.9907511988934123,0.11224197005076542,0.003908070122422884,0.028819330644361332,0.008623448309861642,0.08322303932712356,0.002911569139633974,0.026630919811595908,1.1062323037606927,0.0,Commercial,naics_52-81
624400,0.17788344649598947,0.19021748074670292,0.0072086637092777205,0.0072086637092777205,0.04401730424656865,0.056163123446019994,0.018448904589682572,0.01877893536139031,0.012334034250713444,0.06933772924728847,0.0,0.0,0.24745025528590178,0.13386614224942084,0.13405435730068294,0.012145819199451346,0.00018821505126209725,2.385903403239726,2.9907511988934137,0.19383377515783454,0.0072086637092777205,0.059600529406064515,0.015950328661845065,0.08966730168568371,0.003616294411131621,0.019011367393447633,1.0612039671074973,0.0,Commercial,naics_52-81
624A00,0.2026518590064285,0.21208652467876124,0.005898184170222156,0.005898184170222156,0.033797194782283616,0.0431229485566601,0.014165365930737896,0.014418768292265745,0.009434665672332754,0.04655602824760403,0.0,0.0,0.16677465949725884,0.16885466422414486,0.16896357612210114,0.009325753774376486,0.00010891189795628198,2.385903403239726,2.990751198893413,0.21877073852411982,0.005898184170222157,0.04947651214913801,0.016118879517691337,0.07953975649036615,0.006684213845358583,0.03151644761723022,1.1473360195704112,1.47055723076164e-16,Commercial,naics_52-81
711100,0.06690581542837469,0.07388953090015564,0.001857792601671525,0.001857792601671525,0.024933036502065405,0.03181288781096947,0.010450144992546555,0.010637089378327535,0.006983715471780949,0.10438129222499787,0.0,0.0,0.3726587344078812,0.04197277892630928,0.04207664308918617,0.006879851308904065,0.00010386416287688771,2.385903403239726,2.9907511988934137,0.07480738457080349,0.001857792601671525,0.03268533770559694,0.007901569142428802,0.11809988551574778,0.000917853670647853,0.012421971820177296,1.0274244167901865,0.0,Commercial,naics_52-81
711200,0.04977057774988199,0.05570039611225374,0.0016864606341734398,0.0016864606341734398,0.020947958712493102,0.02672821301875242,0.008779885507539274,0.008936956383614239,0.005929818362371747,0.11914304857322672,0.0,0.0,0.42089040673317824,0.02882261903738889,0.02897218309350132,0.0057802543062593185,0.00014956405611242854,2.385903403239726,2.9907511988934123,0.056013798007361885,0.0016864606341734398,0.027026111756979592,0.006243220257479892,0.1254399795970762,0.0003134018951081452,0.005626564925616368,1.011145479049354,0.0,Commercial,naics_52-81
711500,0.02579019390948788,0.028753298374860244,0.00037309755328603024,0.00037309755328603024,0.010534922832477754,0.013441859212299618,0.004415485898621373,0.0044944759086858,0.0029631044653723633,0.11489267881317772,0.0,0.0,0.4084855999706963,0.015255271077010127,0.015311439162560626,0.002906936379821864,5.6168085550499514e-05,2.385903403239726,2.9907511988934132,0.02907639127617409,0.00037309755328603024,0.013748969568471277,0.0032861973666862103,0.1274204210413967,0.000323092901313847,0.011236724813329086,1.0228473123636532,0.0,Commercial,naics_52-81
711A00,0.07091697804763111,0.07815483273842198,0.0035699565578474475,0.0035699565578474475,0.025785978983405258,0.03290119854438499,0.010807637454387916,0.011000981478017476,0.007237854690790871,0.10206095761623675,0.0,0.0,0.36360797785385335,0.04513099906422585,0.045253634194036996,0.0071152195609797304,0.00012263512981114388,2.385903403239726,2.9907511988934123,0.07877921975658553,0.003569956557847447,0.03349469880006192,0.007862241708954415,0.11086543625242704,0.0006243870181635441,0.00798910312115078,1.0180388642947544,-1.2148071327111481e-16,Commercial,naics_52-81
712000,0.10547947495674857,0.1177313106895105,0.01637141958757348,0.01637141958757348,0.043593638701508335,0.05562256918007399,0.018271334305619506,0.01859819339056171,0.012251835732761923,0.11615374211699232,0.0,0.0,0.4132902512017976,0.06188583625524024,0.06210874150943651,0.012028930478565653,0.0002229052541962706,2.385903403239726,2.9907511988934132,0.11831412558326411,0.016371419587573485,0.05617655377359169,0.012834650626515537,0.12167912887107499,0.0005828148937536137,0.004950381426489468,1.009959708831935,2.1192095977963047e-16,Commercial,naics_52-81
713100,0.1463964709370103,0.16374617109088485,0.005605193636580466,0.005605193636580466,0.06116277310822894,0.07803965969964645,0.025635058412330682,0.026093664938936206,0.017349700153874548,0.11851173763156878,0.0,0.0,0.41778857589091284,0.08523369782878136,0.0857065113912384,0.016876886591417506,0.00047281356245704176,2.385903403239726,2.990751198893412,0.16462109127523764,0.005605193636580466,0.07887129991317544,0.018224620338227332,0.12448811246323555,0.0008749201843527843,0.005343148963569798,1.0106566355713205,0.0,Commercial,naics_52-81
713200,0.11293899923662758,0.11990214480033544,0.0295742300347251,0.0295742300347251,0.025015985012934776,0.031918753061569584,0.010484911073502195,0.010672486923479165,0.006963145563707862,0.06165403988677831,0.0,0.0,0.2214999706215014,0.08792301422369281,0.08798339173876585,0.006902768048634808,6.037751507304012e-05,2.385903403239726,2.990751198893413,0.12340788110413814,0.0295742300347251,0.03525106992933946,0.010468881867510563,0.0926950118052345,0.0035057363038027006,0.02923831187207331,1.1043999701787226,0.0,Commercial,naics_52-81
713900,0.2240922925293839,0.25036382345068475,0.03366440892268923,0.03366139842765132,0.09285372650093131,0.1184751984577586,0.03891763864993395,0.03961385972246531,0.026271530921300856,0.11723531686327866,-3.010495037911176e-06,-8.94266417932606e-05,0.41435484216288226,0.13123856602845257,0.13188862499292614,0.02562147195682729,0.0006500589644735655,2.385903403239726,2.990751198893413,0.2506898303133778,0.03366139842765132,0.11878507862940262,0.02659753778399393,0.11869010524093038,0.00032600686269307344,0.0013021324654649573,1.0026155699731072,-8.94266417932606e-05,Commercial,naics_52-81
721000,0.11657950507145677,0.1336745479724496,0.008757529003015345,0.008757529003015345,0.06020893955804309,0.07682263072044748,0.025235279632984175,0.025686734071651326,0.017095042900992827,0.14663849267943377,0.0,0.0,0.5164624735809125,0.056370565513413684,0.056851917252002115,0.016613691162404395,0.0004813517385884314,2.385903403239726,2.990751198893413,0.13388865167882064,0.008757529003015343,0.07702614328681442,0.017309146607363865,0.14847503938839265,0.00021410370637103826,0.0016016789255585526,1.0026491225887266,-1.9808366896410122e-16,Commercial,naics_52-81
722110,0.166459123851895,0.18349092338416012,0.010283294067010751,0.010283294067010751,0.06038560736547654,0.07704800885251317,0.025309326137630407,0.02576209244052837,0.017031799532265107,0.10231820964898833,0.0,0.0,0.36276538028161137,0.10607351648641847,0.10644291453164695,0.016662401487036634,0.00036939804522848063,2.385903403239726,2.9907511988934137,0.18469205990004622,0.010283294067010751,0.07818972834466095,0.01823293604815121,0.10953401427472215,0.0012011365158861032,0.006546026875516783,1.0148182867948383,0.0,Commercial,naics_52-81
722211,0.22631364931993422,0.2510490159767833,0.011922418521109814,0.011922418521109814,0.08731587412136228,0.11140927470698563,0.036596567154730336,0.03725126809217945,0.024735366656849084,0.10929683972300444,0.0,0.0,0.3858179759981065,0.13899777519857193,0.13963974126979767,0.024093400585623342,0.0006419660712257413,2.385903403239726,2.990751198893413,0.25261860106418527,0.011922418521109816,0.11290121660132524,0.026304951744251043,0.11623228127555116,0.001569585087401959,0.0062521061128043304,1.013391541218301,1.4550097137634522e-16,Commercial,naics_52-81
722A00,0.12222712880543828,0.13974605783503977,0.0024354055625676867,0.0024354055625676867,0.0615297745088223,0.0785079466697339,0.025788879141239916,0.0262502433163889,0.01751892902960149,0.14333093807257966,0.0,0.0,0.5034052187118433,0.06069735429661598,0.061238111165305864,0.016978172160911603,0.0005407568686898873,2.385903403239726,2.990751198893413,0.13934484193605307,0.0024354055625676867,0.07812657785247298,0.01711771313061479,0.1400483943123858,-0.00040121589898670096,-0.0028710355426290997,0.9951422902592874,0.0,Commercial,naics_52-81
811100,0.0782374316463433,0.08842550328637364,0.0034968017625597357,0.0034968017625597357,0.036136236711277726,0.04610742553555093,0.015145724953579316,0.015416670417990906,0.010188071640030341,0.13021991424876378,0.0,0.0,0.4618791280703638,0.04210119493506557,0.042318077750822705,0.009971188824273204,0.00021688281575713703,2.385903403239726,2.9907511988934137,0.09200714096709084,0.0034968017625597357,0.04951188914131267,0.013769709320747545,0.17599899473938216,0.0035816376807172035,0.040504577837886434,1.0738376425536218,0.0,Commercial,naics_52-81
811200,0.04337134191217897,0.048142385460608374,0.000802613423019762,0.000802613423019762,0.016933841044283655,0.02160644977136451,0.0070974545831528,0.007224422338895649,0.004771043548429402,0.11000451768566699,0.0,0.0,0.39043848536142517,0.026437500867895317,0.026535935689243863,0.0046726087270808556,9.843482134854614e-05,2.385903403239726,2.9907511988934123,0.05093896487260954,0.0008026134230197619,0.024264689849650203,0.007567622960430571,0.17448440898494613,0.0027965794120011697,0.05808975573695698,1.1230299334881344,-1.3508398207524237e-16,Commercial,naics_52-81
811300,0.10217785382584768,0.10893261298818604,0.03535360754979483,0.03535360754979483,0.02416015828791249,0.030826732416157764,0.01012620974307105,0.01030735436219628,0.006754759162338364,0.06610785908511252,0.0,0.0,0.23645200386662216,0.0780176955379352,0.07810588057202827,0.0066665741282452735,8.81850340930801e-05,2.385903403239726,2.990751198893412,0.11292697636422297,0.03535360754979483,0.03462350527654999,0.010749122538375289,0.10520012053390879,0.003994363376036925,0.03666820492472829,1.1231649468758536,0.0,Commercial,naics_52-81
811400,0.05182227397617039,0.057346638321311684,0.0018932380507748969,0.0018931278369062248,0.01963193844353221,0.02504904081942062,0.008228303969420874,0.00837550138864405,0.005524364345141294,0.10660212146772219,-1.1021386867211824e-07,-5.821448001586912e-05,0.3788320530388078,0.032190335532638184,0.03229759750189107,0.005417102375888411,0.00010726196925288367,2.385903403239726,2.990751198893411,0.060013221860833355,0.001893127836906225,0.02758371557474289,0.008190947884662965,0.1580584419824849,0.0026665835395216705,0.04649938719303604,1.1011884955433953,-5.8214480015754584e-05,Commercial,naics_52-81
812100,0.1261259632751668,0.14321658670674933,0.0038802932858277455,0.0038802932858277455,0.060472339625052614,0.07715868346284062,0.025345678095324214,0.025799098063185463,0.01709062343158252,0.1355044035960796,0.0,0.0,0.4794598832368968,0.0656536236501142,0.06605790324390871,0.016686343837788005,0.00040427959379450706,2.385903403239726,2.9907511988934115,0.14390307008517478,0.0038802932858277455,0.07781120833725566,0.017777106810007964,0.14094724312411364,0.0006864833784254454,0.004793323135336904,1.0084569207914142,0.0,Commercial,naics_52-81
812200,0.033934082794461036,0.037034597359264315,0.0012743050326959225,0.0012743050326959225,0.011044423763426084,0.014091943962444613,0.004629032235097736,0.004711840947404343,0.003100514564803279,0.0913687452106225,0.0,0.0,0.32546698934879814,0.022889659031034952,0.022942653396819702,0.003047520199018529,5.2994365784750364e-05,2.385903403239726,2.9907511988934132,0.038420197364784844,0.0012743050326959225,0.015409002026786096,0.004486114570323808,0.13220084943790095,0.0013856000055205292,0.03741366463577651,1.0934617727583558,0.0,Commercial,naics_52-81
812300,0.15180270582257888,0.1734131462125826,0.01844453390050621,0.01844453390050621,0.0769150141988048,0.09813838557507122,0.03223727083601326,0.03281395845009867,0.021610440390003732,0.1423587298586178,0.0,0.0,0.506677491563952,0.07488769162377408,0.07527476063751139,0.021223371376266426,0.00038706901373730673,2.385903403239726,2.9907511988934123,0.17389343193602622,0.01844453390050621,0.09859491284320718,0.02209072611344734,0.14552261103478698,0.00048028572344360754,0.0027696038849029238,1.0046518726129516,0.0,Commercial,naics_52-81
812900,0.0898295921355208,0.10096454211615631,0.004610966503010267,0.004610966503010267,0.03961707234053506,0.050548730494370885,0.016604642202505168,0.016901683601455744,0.011134949980635508,0.12395636800662349,0.0,0.0,0.4410247380480926,0.05021251979498574,0.05041581162178543,0.010931658153835823,0.00020329182679968555,2.385903403239726,2.990751198893412,0.10155524969802726,0.004610966503010267,0.05111021734575012,0.011725657562506459,0.13053223646854173,0.0005907075818709501,0.005850643894282815,1.011107832894869,0.0,Commercial,naics_52-81
813100,0.06977411148750498,0.0749445287004265,0.009185162925625,0.009185162925625,0.019185404638118547,0.024479205005066677,0.008041148946796181,0.008184968717599798,0.005170417212921524,0.07410222936120703,0.0,0.0,0.2749645137588636,0.05058870684938643,0.05046532369535983,0.005293800366948129,-0.00012338315402660172,2.385903403239726,2.990751198893413,0.07597245875374521,0.009185162925625,0.025456286096946237,0.006198347266240231,0.08883448508477561,0.001027930053318707,0.013715878545685711,1.039914739538205,0.0,Commercial,naics_52-81
813A00,0.03950150315594902,0.043024959253611106,0.0012476342733640942,0.0012476342733640942,0.012581487677536024,0.016053142908722118,0.0052732594540299115,0.0053675955775464804,0.003523456097662088,0.08919802580048014,0.0,0.0,0.3185065547471761,0.026920015478412995,0.026971816344888988,0.0034716552311860934,5.18008664759928e-05,2.385903403239726,2.990751198893413,0.04462829245277012,0.0012476342733640942,0.01757716348563131,0.005126789296821102,0.12978719509940967,0.0016033331991590141,0.03726518809020012,1.094935962731706,0.0,Commercial,naics_52-81
813B00,0.10406877869356584,0.11676094687336622,0.01868710838097224,0.01868710838097224,0.045010153668301446,0.05742995804416269,0.01886503603087363,0.019202519442410304,0.012692168179800373,0.12195942278877804,0.0,0.0,0.43250390975410036,0.0590586250252644,0.059330988829203526,0.012419804375861244,0.00027236380393912824,2.385903403239726,2.9907511988934132,0.11745818573418942,0.01868710838097224,0.05809270635591268,0.01338940704062358,0.12865921180884765,0.0006972388608232072,0.005971507421735812,1.0115401148515615,0.0,Commercial,naics_52-81
S00500,0.08965222237083585,0.09455106414468109,0.015500092126306021,0.015500092126306021,0.01801732308779387,0.02298890652718028,0.007551572734809316,0.0076866663250645,0.004898841773845239,0.054642725459517975,0.0,0.0,0.20096906257680192,0.07163489928304198,0.07156215761750082,0.004971583439386407,-7.274166554116501e-05,2.385903403239726,2.9907511988934132,0.10016741362043344,0.015500092126306021,0.02832743015573702,0.010515191249597586,0.11728868478131793,0.005616349475752347,0.05940017202935194,1.2322217293043012,0.0,Commercial,naics_catchall
S00600,0.07804966323520636,0.08232389787691784,0.0037294923596671997,0.0037294923596671997,0.015903731818242065,0.0202920326004919,0.006665706497860308,0.006784928351111257,0.004274234641711477,0.054763011966251135,0.0,0.0,0.20376425930648048,0.0621459314169643,0.062031865276425936,0.004388300782249836,-0.00011406614053836167,2.385903403239726,2.9907511988934132,0.08562717451188176,0.0037294923596671997,0.023431904939908956,0.0075775112766754,0.0970857651728773,0.0033032766349639225,0.04012536724029564,1.1547342447764912,0.0,Commercial,naics_catchall
491000,0.07147032470400858,0.07333411866115648,0.020259663161957566,0.020259663161957566,0.009389383366456158,0.011979888076650782,0.003935357715533109,0.0040056451640254715,0.001863793957147905,0.02607787168823888,0.0,0.0,0.1313745726683334,0.06208094133755242,0.061354230584505696,0.002590504710194624,-0.0007267107530467207,2.385903403239726,2.9907511988934132,0.07575368443011785,0.020259663161957566,0.014279764372492718,0.00428335972610927,0.059932003161432795,0.0024195657689613653,0.03299372533733003,1.1919781120763953,0.0,Transportation,naics_48-49
S00102,0.43921145779699355,0.44956545458716635,0.3086181051062692,0.3086181051062692,0.04389747483971117,0.056009345258455,0.01839868067588339,0.01872751744751574,0.010353996790172793,0.023574058933040126,0.0,0.0,0.09994610582313376,0.3953139829572824,0.3935561093287113,0.012111870418743835,-0.0017578736285710495,2.385903403239726,2.990751198893413,0.4523724192835521,0.3086181051062692,0.0586774568887721,0.013160961486558542,0.029964977581804404,0.0028069646963857497,0.006243728622261181,1.0476369009136797,0.0,Commercial,naics_catchall
GSLGE,0.2527995234482834,0.25681537646737457,0.1438651012932179,0.1438651012932179,0.01745573447506083,0.02227212601789232,0.007316194968898726,0.0074470006151408,0.004015853019091187,0.015885524483248214,0.0,0.0,0.06904971274058533,0.23534378897322256,0.23454325044948224,0.004816391542831488,-0.0008005385237403184,2.385903403239726,2.9907511988934115,0.2621046363831878,0.1438651012932179,0.02729974033570753,0.009305112934904436,0.036808269287770375,0.005289259915813249,0.020595573320296063,1.2257357161941467,0.0,Commercial,naics_catchall
GSLGH,0.3079933316949884,0.3174893739123372,0.06869592227177737,0.06869592227177737,0.03723212448150019,0.04750535422103854,0.01560504269826856,0.015884087662863988,0.009496042217348843,0.030831973423219933,0.0,0.0,0.12088613826994109,0.2707612072134882,0.2699840196912987,0.010273229739538349,-0.0007771875221894708,2.385903403239726,2.990751198893413,0.3290921355398255,0.06869592227177737,0.058534158139363,0.021098803844837144,0.06850409302280508,0.0116027616274883,0.036545354209845046,1.2321591765637265,0.0,Commercial,naics_catchall
GSLGO,0.3256653749370186,0.3329076868372757,0.15816053646713507,0.15816053646713507,0.028515846772977957,0.03638419034517721,0.0119518027151717,0.012165569091350515,0.007242311900257092,0.02223850755290674,0.0,0.0,0.08756180106188054,0.2971495281640406,0.29652349649209847,0.007868343572199253,-0.0006260316719421399,2.385903403239726,2.9907511988934137,0.34045113248376346,0.15816053646713504,0.04355448183048645,0.014785757546744882,0.045401687390329244,0.00754344564648779,0.02265927145796127,1.197071624166557,-1.7548989296325747e-16,Commercial,naics_catchall
S00203,0.30140893185463924,0.3110607051706916,0.14743513588223678,0.14743513588223678,0.0354431249090097,0.04522306908573802,0.014855222076838002,0.015120973320171439,0.009651773316052381,0.032022187453645705,0.0,0.0,0.11759148838397028,0.26596580694562955,0.2658376360849536,0.009779944176728318,-0.00012817086067595795,2.385903403239726,2.9907511988934115,0.3197695980079265,0.14743513588223678,0.05350115619389805,0.01836066615328724,0.0609161315834597,0.00870889283723486,0.027997405948321046,1.1830500953499128,0.0,Commercial,naics_catchall
