napcs_code,bea_2017_commodity,weight,resolution,napcs_description
1000025000,211000,1.0,NAICS_2012_Code,Extraction of natural gas (volumes adjusted to pressure base of 14.73 lb absolute at 60 degrees F)
1000050000,211000,1.0,NAICS_2012_Code,Extraction of residue gas (volumes adjusted to a pressure base of 14.73 lb absolute at 60 degrees F) from natural gas liquids
1000075000,212100,1.0,NAICS_2012_Code,"Mining of run-of-mine (raw) lignite, for use without processing"
1000100000,212100,1.0,NAICS_2012_Code,"Mining of run-of-mine (raw) lignite, for processing at other establishments"
1000125000,212100,1.0,NAICS_2012_Code,"Mining of processed lignite, washed by wet-washing, pneumatic, or other methods"
1000150000,212100,1.0,NAICS_2012_Code,"Mining of processed lignite (mechanically crushed, screened, or sized only)"
1000175000,212100,1.0,NAICS_2012_Code,"Mining of run-of-mine (raw) bituminous coal, for use without processing "
1000200000,212100,1.0,NAICS_2012_Code,"Mining of run-of-mine (raw) bituminous coal, for processing at other establishments"
1000225000,212100,1.0,NAICS_2012_Code,"Mining of processed bituminous coal, washed by wet-washing, pneumatic, or other methods"
1000250000,212100,1.0,NAICS_2012_Code,"Mining of processed bituminous coal (mechanically crushed, screened, or sized only)"
1000275000,212100,1.0,NAICS_2012_Code,Mining of run-of-mine (raw) anthracite for use without processing or for further processing 
1000300000,212100,1.0,NAICS_2012_Code,"Mining of processed anthracite, washed by wet-washing, pneumatic, or other methods"
1000325000,212100,1.0,NAICS_2012_Code,"Mining of processed anthracite, mechanically crushed, screened, or sized only"
1000350000,211000,1.0,NAICS_2012_Code,"Extraction of crude petroleum, including lease condensate (volumes corrected to 60 degrees F)"
1000375000,2123A0,1.0,NAICS_2012_Code,Mining of potassium salts and boron compounds
1000400000,2123A0,1.0,NAICS_2012_Code,"Mining of sodium carbonate and sulfate, natural"
1000425000,211000,1.0,NAICS_2012_Code,Extraction of isopentane and natural gasoline
1000450000,211000,1.0,NAICS_2012_Code,Extraction of propane (C3) (at least 80 percent purity)
1000475000,211000,1.0,NAICS_2012_Code,Extraction of butane (C4) (at least 80 percent purity)
1000500000,211000,1.0,NAICS_2012_Code,Extraction of plant condensate from natural gas liquids plants
1000525000,211000,1.0,NAICS_2012_Code,Extraction of ethane (C2) (at  least 80 percent purity)
1000550000,211000,1.0,NAICS_2012_Code,"Extraction of gas mixtures (C2, C3, and C4) from natural gas liquids plants"
1000575000,211000,1.0,NAICS_2012_Code,"Extraction of other natural gas liquids, including raw or unfractionated natural gas liquid streams with less than 80 percent purity"
1000600000,2123A0,1.0,NAICS_2012_Code,Quarrying of industrial glass sand (unground and ground) for melting only
1000625000,2123A0,1.0,NAICS_2012_Code,Quarrying of industrial molding sand (unground and ground) 
1000650000,2123A0,1.0,NAICS_2012_Code,"Quarrying of other industrial sand (unground and ground), including grinding, blast, furnace, engine, filtration, oil, etc"
1000675000,2123A0,1.0,NAICS_2012_Code,"Mining of kaolin, including mined and/or basic preparation for transport"
1000700000,2123A0,1.0,NAICS_2012_Code,"Mining of ball clay, including mined and/or basic preparation for transport"
1000725000,2123A0,1.0,NAICS_2012_Code,"Mining of bentonite, including mined and/or basic preparation for transport)"
1000750000,2123A0,1.0,NAICS_2012_Code,"Mining of fire clay, including mined and/or basic preparation for transport"
1000775000,2123A0,1.0,NAICS_2012_Code,"Mining of fuller's earth, including mined and/or basic preparation for transport"
1000800000,2123A0,1.0,NAICS_2012_Code,"Mining of feldspar, including mined and/or basic preparation for transport"
1000825000,2123A0,1.0,NAICS_2012_Code,"Mining of common (miscellaneous) clay and shale, including mined and/or basic preparation for transport"
1000850000,2123A0,1.0,NAICS_2012_Code,"Mining of other clay, ceramic, and refractory minerals, including magnesite and brucite, mined and/or basic preparation for transport"
1000875000,2123A0,1.0,NAICS_2012_Code,"Mining of crude and prepared phosphate rock, including crude ore or matrix, washed, concentrated, dried, calcined, sintered or nodulized"
1000900000,2123A0,1.0,NAICS_2012_Code,Mining of rock salt
1000925000,2123A0,1.0,NAICS_2012_Code,Mining and/or benefication of diatomite
1000950000,2123A0,1.0,NAICS_2012_Code,Mining and/or benefication of gypsum
1000975000,2123A0,1.0,NAICS_2012_Code,"Mining and/or benefication of talc, soapstone, and pyrophyllite"
1001000000,2123A0,1.0,NAICS_2012_Code,Mining and/or benefication of mica
1001025000,2123A0,1.0,NAICS_2012_Code,Mining and/or benefication of pumice and pumicite
1001050000,2123A0,1.0,NAICS_2012_Code,Mining  and/or benefication  of perlite
1001075000,2123A0,1.0,NAICS_2012_Code,"Mining and/or benefication of all other nonmetallic minerals, including natural abrasives, shell and native asphalt and bitumens"
1001100000,211000,1.0,NAICS_2012_Code,Recovered elemental sulfur from natural gas
1001125000,2123A0,1.0,NAICS_2012_Code,"Mining of other chemical and fertilizer materials (ores, fines, and concentrates, including fluorspar, pyrites, spodumene, mineral pigments, native sulfur, etc.)"
1001150000,2123A0,1.0,NAICS_2012_Code,Mining of barite
1001175000,2122A0,1.0,NAICS_2012_Code,"Mining of iron ore, including crude, concentrates, agglomerates and pellets"
1001200000,2122A0,1.0,NAICS_2012_Code,Mining of gold ore
1001225000,2122A0,1.0,NAICS_2012_Code,Mining of silver ore
1001250000,212230,1.0,NAICS_2012_Code,Mining of lead ore and zinc ore
1001275000,212230,1.0,NAICS_2012_Code,Mining of copper ore and nickel ore
1001300000,2122A0,1.0,NAICS_2012_Code,"Mining of crude uranium ores and concentrates, including radium and vanadium"
1001325000,2122A0,1.0,NAICS_2012_Code,"Mining of crude ferroalloy ores and concentrates, including manganese and manganiferous ores, chromium, molybdenum, tungsten, etc."
1001350000,2122A0,1.0,NAICS_2012_Code,"Mining of miscellaneous metal ores and concentrates, including antimony, bauxite, beryllium, mercury, rare-earth metals, tin, and titanium"
1001375000,2123A0,1.0,NAICS_2012_Code,Mining and/or benefication of peat
1001400000,212310,1.0,NAICS_2012_Code,Quarrying of rough dimension limestone
1001425000,212310,1.0,NAICS_2012_Code,Quarrying of rough dimension granite
1001450000,212310,1.0,NAICS_2012_Code,"Quarrying of other rough dimension stone, including slate, marble, trap rock, sandstone, quartz, and miscellaneous stone"
1001475000,2123A0,1.0,NAICS_2012_Code,"Quarrying of construction sand and gravel (run of pit or bank, washed, screened, or otherwise treated)"
1001500000,212310,1.0,NAICS_2012_Code,"Quarrying of crushed and broken limestone, including dolomite, cement rock, marl, travertine, and calcareous tufa"
1001525000,212310,1.0,NAICS_2012_Code,"Quarrying of crushed and broken granite, including gneiss, syenite, and diorite"
1001550000,212310,1.0,NAICS_2012_Code,Quarrying of bituminous limestone and bituminous sandstone
1001575000,212310,1.0,NAICS_2012_Code,"Quarrying of other crushed and broken stone, including slate, marble, trap rock, quartz, and miscellaneous types of stone"
1001600000,213111,1.0,NAICS_2012_Code,Oil and gas well directional drilling control
1001625000,213111,1.0,NAICS_2012_Code,"Drilling oil and gas wells, including drilling in, spudding in, or tailing in"
1001650000,213111,1.0,NAICS_2012_Code,Reworking oil and gas wells
1001675000,21311A,1.0,NAICS_2012_Code,"Oil and gas field exploration services, excluding mapping and surveying services"
1001700000,21311A,1.0,NAICS_2012_Code,Cementing oil and gas wells
1001725000,21311A,1.0,NAICS_2012_Code,Oil and gas well logging
1001750000,21311A,1.0,NAICS_2012_Code,Hydraulic fracturing of oil and gas wells
1001775000,21311A,1.0,NAICS_2012_Code,"Running, cutting, and pulling casings, tubes, or rods for oil and gas wells"
1001800000,21311A,1.0,NAICS_2012_Code,Oil and gas field gathering services
1001825000,21311A,1.0,NAICS_2012_Code,Perforating oil and gas well casings
1001850000,21311A,1.0,NAICS_2012_Code,"Installing oil and gas field production equipment, including wellhead fittings, pumps, and engines"
1001875000,21311A,1.0,NAICS_2012_Code,Pumping oil and gas wells but not operating leases
1001900000,21311A,1.0,NAICS_2012_Code,Other oil and gas field repair and maintenance services
1001925000,21311A,1.0,NAICS_2012_Code,All other oil and gas field services 
1001950000,21311A,1.0,NAICS_2012_Code,Coal mining prospect and test drilling services
1001975000,21311A,1.0,NAICS_2012_Code,Sinking coal mine shafts and driving coal mine tunnels services
1002000000,21311A,1.0,NAICS_2012_Code,"Other coal mining services, including strip, auger or underground mining, drilling, overburden stripping, recovering culm bank, and repair and maintenance services not for your own account"
1002025000,21311A,1.0,NAICS_2012_Code,"Metal mining exploration work, excluding prospect services, test drilling, and geophysical surveying services"
1002050000,21311A,1.0,NAICS_2012_Code,Open-pit metal ores mining not for your own account
1002075000,21311A,1.0,NAICS_2012_Code,Metal mining prospect services and test drilling services
1002100000,21311A,1.0,NAICS_2012_Code,Sinking metal mine shafts and driving metal mine tunnels services
1002125000,21311A,1.0,NAICS_2012_Code,"Other metal mining services, including overburden stripping and repair and maintenance services"
1002150000,21311A,1.0,NAICS_2012_Code,Open-pit or quarry nonmetallic minerals mining not for your own account
1002175000,21311A,1.0,NAICS_2012_Code,Nonmetallic mineral prospect services and test drilling services
1002200000,21311A,1.0,NAICS_2012_Code,"Other nonmetallic mineral services, including overburden stripping, drilling services, blasting, and repair and maintenance services"
2000025000,31161A,1.0,NAICS_2012_Code,"Manufacturing of beef, fresh and frozen whole carcass and half carcass, not canned or made into sausage"
2000050000,31161A,1.0,NAICS_2012_Code,"Manufacturing of veal, fresh and frozen whole carcass and half carcass, not canned or made into sausage"
2000075000,31161A,1.0,NAICS_2012_Code,"Manufacturing of pork, fresh and frozen whole carcass and half carcass, not canned or made into sausage"
2000100000,31161A,1.0,NAICS_2012_Code,"Manufacturing of lamb, mutton, and other meat, fresh and frozen whole carcass and half carcass"
2000125000,31161A,1.0,NAICS_2012_Code,"Manufacturing of beef, fresh and frozen variety meats (edible organs), not canned or made into sausage"
2000150000,31161A,1.0,NAICS_2012_Code,"Manufacturing of beef, fresh and frozen primal cuts, subprimal cuts (boxed beef), boneless, and corned beef, not canned or made into sausage"
2000175000,31161A,1.0,NAICS_2012_Code,"Manufacturing of veal, not canned or made into sausage"
2000175003,31161A,1.0,NAICS_2012_Code,"Manufacturing of veal, fresh and frozen primal, subprimal, fabricated cuts, and boneless, not canned or made into sausage"
2000175006,31161A,1.0,NAICS_2012_Code,"Manufacturing of veal, other fresh and frozen edible meats (including edible organs), not canned or made into sausage"
2000200000,31161A,1.0,NAICS_2012_Code,"Manufacturing of pork, fresh and frozen cuts"
2000200003,31161A,1.0,NAICS_2012_Code,"Manufacturing of pork, fresh and frozen primal and fabricated cuts (including trimmings), not canned or made into sausage"
2000200006,31161A,1.0,NAICS_2012_Code,"Manufacturing of pork, fresh and frozen variety meats (edible organs), not canned or made into sausage"
2000225000,311615,1.0,NAICS_2012_Code,"Manufacturing of young chickens (usually under 20 weeks of age), including bulk, chilled, frozen, whole, and parts"
2000250000,311615,1.0,NAICS_2012_Code,"Manufacturing of hens and fowl, including frozen, whole, and parts"
2000275000,311615,1.0,NAICS_2012_Code,"Manufacturing of turkeys, including frozen, whole, and parts"
2000300000,311615,1.0,NAICS_2012_Code,"Manufacturing of other poultry and small game, including frozen, whole, and parts"
2000325000,31161A,1.0,NAICS_2012_Code,"Manufacturing of other meat, fresh and frozen cuts"
2000325003,31161A,1.0,NAICS_2012_Code,"Manufacturing of lamb and mutton, fresh and frozen primal cuts and all other edible meats, not canned or made into sausage"
2000325006,31161A,1.0,NAICS_2012_Code,"Manufacturing of other fresh and frozen meats, including horsemeat for human consumption"
2000350000,311615,1.0,NAICS_2012_Code,"Manufacturing of processed poultry and small game (excluding soups), containing 20 percent or more poultry or meat"
2000375000,31161A,1.0,NAICS_2012_Code,"Manufacturing of pork, processed or cured, not canned or made into sausage"
2000375003,31161A,1.0,NAICS_2012_Code,"Manufacturing of pork, sweet-pickled or dry-cured (excluding smoked, cooked, canned, or pork made into sausage)"
2000375006,31161A,1.0,NAICS_2012_Code,"Manufacturing of pork, dry salt, not canned or made into sausage"
2000375009,31161A,1.0,NAICS_2012_Code,"Manufacturing of pork, smoked hams and picnics, excluding canned"
2000375012,31161A,1.0,NAICS_2012_Code,"Manufacturing of pork, smoked slab bacon"
2000375015,31161A,1.0,NAICS_2012_Code,"Manufacturing of pork, smoked sliced bacon"
2000375018,31161A,1.0,NAICS_2012_Code,"Manufacturing of pork, other smoked meats, not canned or made into sausage"
2000375021,31161A,1.0,NAICS_2012_Code,"Manufacturing of pork, boiled ham, barbecue pork, and other cooked meats, excluding canned meats and sausage"
2000400000,31161A,1.0,NAICS_2012_Code,"Manufacturing of sausage and similar products, excluding canned"
2000400003,31161A,1.0,NAICS_2012_Code,"Manufacturing of sausage, fresh (pork sausage, breakfast links, etc.), excluding canned"
2000400006,31161A,1.0,NAICS_2012_Code,"Manufacturing of sausage, dry or semidry (salami, cervelat, beef jerky, pepperoni, summer sausage, pork roll, etc.)"
2000400009,31161A,1.0,NAICS_2012_Code,"Manufacturing of frankfurters, including wieners, excluding canned"
2000400012,31161A,1.0,NAICS_2012_Code,"Manufacturing of other sausage, smoked or cooked (bologna, liverwurst, Polish sausage, etc.), excluding canned"
2000400015,31161A,1.0,NAICS_2012_Code,"Manufacturing of jellied goods and similar preparations (headcheese, meat loaves, scrapple, puddings, chili con carne, etc.), excluding canned"
2000425000,31161A,1.0,NAICS_2012_Code,"Manufacturing of canned meats (excluding dog, cat, and baby food)"
2000430000,31161A,1.0,NAICS_2012_Code,"Manufacturing of natural sausage casings (beef, hog, etc.)"
2000435000,31161A,1.0,NAICS_2012_Code,Manufacturing of edible collagen sausage casings
2000450000,31161A,1.0,NAICS_2012_Code,"Manufacturing of boxed meat (beef, pork, lamb, etc.)"
2000475000,31161A,1.0,NAICS_2012_Code,"Manufacturing of frozen ground meat patties, portion control meats, pork rind pellets (including pork cracklings), and other processed, frozen, or cooked meats"
2000500000,311700,1.0,NAICS_2007_Code,"Manufacturing of prepared fresh seafood (including fresh surimi and surimi-based products, roe, and squid)"
2000525000,311700,1.0,NAICS_2007_Code,Manufacturing of prepared frozen fish
2000550000,311700,1.0,NAICS_2007_Code,Manufacturing of prepared frozen shellfish
2000575000,311700,1.0,NAICS_2007_Code,"Manufacturing of other prepared frozen seafood, including frozen surimi and surimi-based products, soups, stews, chowders, pies, fishcakes, crabcakes, shrimpcakes, etc."
2000600000,311700,1.0,NAICS_2007_Code,"Manufacturing of canned seafood (including soups, stews, and chowders); smoked, salted, and other cured seafood"
2000625000,311514,1.0,NAICS_2012_Code,"Manufacturing of dry and modified dry whey products (including dry lactose), food grade (bakeries, confectioners, meat packers, etc.), shipped in bulk (more than 3 lb)"
2000650000,311514,1.0,NAICS_2012_Code,"Manufacturing of dry milk products and mixtures (dry milk, dry buttermilk, dry whey, etc.), feed grade, shipped in bulk (more than 3 lb)"
2000675000,311514,1.0,NAICS_2012_Code,"Manufacturing of dry milk, nonfat, infants' formula, and other types (weight control products, whole milk powder, malted milk powder, etc.), shipped in consumer-type packages (3 lb or less)"
2000700000,311514,1.0,NAICS_2012_Code,"Manufacturing of dry milk (whole, nonfat, and other), food grade (bakeries, confectioners, meat packers, etc.), shipped in bulk (more than 3 lb)"
2000725000,31151A,1.0,NAICS_2012_Code,"Manufacturing of whole fluid milk, packaged, excluding U.H.T. and flavored"
2000750000,31151A,1.0,NAICS_2012_Code,"Manufacturing of 2% reduced fat milk, 1% lowfat milk, and 0.5% milk, packaged, excluding U.H.T. and flavored"
2000775000,31151A,1.0,NAICS_2012_Code,"Manufacturing of fat-free or skim milk, packaged, excluding U.H.T. and flavored"
2000800000,31151A,1.0,NAICS_2012_Code,"Manufacturing of fluid milk and cream, bulk sales (including whole milk, 2% reduced fat, 1% lowfat, skim or fat-free milk, flavored milk, buttermilk, eggnog, etc.)"
2000825000,311514,0.5,NAICS_2012_Code,"Manufacturing of U.H.T., lactose-free, and flavored fluid milk, packaged"
2000825000,31151A,0.5,NAICS_2012_Code,"Manufacturing of U.H.T., lactose-free, and flavored fluid milk, packaged"
2000850000,31151A,1.0,NAICS_2012_Code,"Manufacturing of yogurt, excluding frozen"
2000875000,31151A,1.0,NAICS_2012_Code,Manufacturing of creamery butter
2000875003,31151A,1.0,NAICS_2012_Code,"Manufacturing of creamery butter, shipped in commercial packages or in bulk"
2000875006,31151A,1.0,NAICS_2012_Code,"Manufacturing of creamery butter, shipped in consumer packages"
2000875009,31151A,1.0,NAICS_2012_Code,"Manufacturing of creamery butter, anhydrous milkfat (butteroil)"
2000900000,311513,1.0,NAICS_2012_Code,"Manufacturing of natural cheese (cheddar, Swiss, Italian, brick, cream, grated, dried, etc.), excluding cottage cheese"
2000900003,311513,1.0,NAICS_2012_Code,"Manufacturing of natural cheese, excluding lowfat and cottage cheese, shipped in consumer packages or containers"
2000900006,311513,1.0,NAICS_2012_Code,"Manufacturing of natural cheese, excluding lowfat and cottage cheese, shipped in commercial packages or containers, or in bulk"
2000900009,311513,1.0,NAICS_2012_Code,"Manufacturing of natural cheese, lowfat, excluding cottage cheese, shipped in consumer packages or containers"
2000900012,311513,1.0,NAICS_2012_Code,"Manufacturing of natural cheese, lowfat, excluding cottage cheese, shipped in commercial packages or containers, or in bulk"
2000925000,311513,1.0,NAICS_2012_Code,"Manufacturing of process cheese, shipped in consumer packages or containers"
2000950000,311513,1.0,NAICS_2012_Code,Manufacturing of all other process cheese and related products
2000950003,311513,1.0,NAICS_2012_Code,"Manufacturing of process cheese, shipped in commercial packages or containers, or in bulk"
2000950006,311513,1.0,NAICS_2012_Code,"Manufacturing of cheese food, cheese spread, and other related cheese products, including flavored cheese dips"
2000975000,31151A,1.0,NAICS_2012_Code,"Manufacturing of cottage cheese (including bakers', pot, and farmers' cheese)"
2001000000,311513,1.0,NAICS_2012_Code,Manufacturing of raw liquid whey
2001025000,311520,1.0,NAICS_2012_Code,"Manufacturing of ice cream, including custards (excluding lowfat and nonfat), shipped in bulk (containers 3 gallons or more)"
2001050000,311520,1.0,NAICS_2012_Code,"Manufacturing of ice cream, including custards (excluding lowfat and nonfat), shipped in consumer sizes less than 3 gallons"
2001075000,311520,1.0,NAICS_2012_Code,"Manufacturing of ice cream, including custards (excluding lowfat and nonfat), novelty forms"
2001100000,311520,1.0,NAICS_2012_Code,"Manufacturing of ice cream, including custards, lowfat and nonfat"
2001125000,311520,1.0,NAICS_2012_Code,"Manufacturing of other frozen desserts (yogurt, sherbet, water ices, mellorine, frozen pudding, etc.)"
2001150000,311514,1.0,NAICS_2012_Code,"Manufacturing of canned milk products, including evaporated, condensed, milk-based infants' formula (liquid), whole milk, and other, shipped in consumer-type cans, excluding substitutes"
2001175000,31151A,1.0,NAICS_2012_Code,"Manufacturing of other packaged milk products, including flavored sour cream dips, eggnog, buttermilk, acidophilus, reconstituted, reduced milk, etc."
2001200000,31151A,1.0,NAICS_2012_Code,"Manufacturing of other fluid milk related products, (including heavy cream, light coffee cream, unflavored sour cream, half and half, and whipped topping with butterfat base), packaged"
2001225000,311514,1.0,NAICS_2012_Code,"Manufacturing of ice cream mixes and related products, including lowfat and nonfat, sherbet,  yogurt, milkshake, and other milk-based mixes"
2001250000,311514,1.0,NAICS_2012_Code,"Manufacturing of concentrated milk products, shipped in bulk (barrels, drums, and tanks)"
2001250003,311514,1.0,NAICS_2012_Code,"Manufacturing of concentrated milk products, including concentrated whey and buttermilk, shipped in bulk (barrels, drums, and tanks), feed grade"
2001250006,311514,1.0,NAICS_2012_Code,"Manufacturing of concentrated milk products, whey (solids), shipped in bulk (barrels, drums, and tanks), food grade (excluding all types of ice cream mixes)"
2001250009,311514,1.0,NAICS_2012_Code,"Manufacturing of concentrated milk products, all other types, shipped in bulk (drums, barrels, and tanks), food grade (excluding ice cream and ice cream mixes)"
2001275000,31151A,1.0,NAICS_2012_Code,"Manufacturing of perishable dairy product substitutes, including soy milk, rice milk, almond milk, oat milk, flavored dip, whipped topping, coffee whitener, sour cream, flavored milk drink substitutes, etc."
2001300000,311514,1.0,NAICS_2012_Code,"Manufacturing of dry and/or canned dairy product substitutes, including dry coffee whitener, infants' formula, and sour cream, whipped topping, and canned liquid infants' formula, dietary supplements, and weight control products"
2001325000,311513,1.0,NAICS_2012_Code,Manufacturing of cheese substitutes and imitations
2001325003,311513,1.0,NAICS_2012_Code,Manufacturing of products substituting for natural cheese
2001325006,311513,1.0,NAICS_2012_Code,Manufacturing of products substituting for processed cheese and related products
2001350000,311410,1.0,NAICS_2012_Code,"Manufacturing of frozen whipped topping, dairy or nondairy base, and other frozen dairy product substitutes, excluding mellorine and similar products"
2001375000,311810,1.0,NAICS_2012_Code,"Manufacturing of bread (white, wheat, rye, etc.) and rolls, bread-type (including English muffins, bagels, and croissants), including frozen"
2001375003,311810,1.0,NAICS_2012_Code,Manufacturing of white pan bread
2001375006,311810,1.0,NAICS_2012_Code,"Manufacturing of white hearth bread (French, Italian, etc.)"
2001375009,311810,1.0,NAICS_2012_Code,"Manufacturing of dark wheat breads (whole wheat, cracked wheat, multigrain, etc.)"
2001375012,311810,1.0,NAICS_2012_Code,"Manufacturing of other variety breads (rye, unleavened)"
2001375015,311810,1.0,NAICS_2012_Code,"Manufacturing of rolls, hamburger and wiener"
2001375018,311810,1.0,NAICS_2012_Code,"Manufacturing of all other rolls, bread-type (including muffins, bagels, and croissants)"
2001400000,311810,1.0,NAICS_2012_Code,"Manufacturing of soft cakes, (snack, fruit, pound, layer, cheese, etc.), excluding frozen"
2001425000,311810,1.0,NAICS_2012_Code,"Manufacturing of pies (fruit, cream, and custard), excluding frozen"
2001450000,311810,1.0,NAICS_2012_Code,"Manufacturing of other sweet goods (doughnuts, pastries, coffee cakes. etc.), excluding cookies and frozen sweets"
2001475000,311810,1.0,NAICS_2012_Code,"Manufacturing of frozen cakes, pies, and other pastries"
2001500000,3118A0,1.0,NAICS_2012_Code,"Manufacturing of tortillas, sold in bulk or packages, excluding frozen or canned"
2001525000,3118A0,0.5,NAICS_2012_Code,Manufacturing of cracker sandwiches
2001525000,311990,0.5,NAICS_2012_Code,Manufacturing of cracker sandwiches
2001550000,3118A0,1.0,NAICS_2012_Code,"Manufacturing of saltines and all other crackers, cracker meal and crumbs, biscuits, and related products"
2001575000,311810,0.5,NAICS_2012_Code,"Manufacturing of cookies, wafers, and ice cream cones and cups (excluding frozen)"
2001575000,3118A0,0.5,NAICS_2012_Code,"Manufacturing of cookies, wafers, and ice cream cones and cups (excluding frozen)"
2001600000,311210,0.5,NAICS_2012_Code,"Manufacturing of cake mixes, including gingerbread"
2001600000,3118A0,0.5,NAICS_2007_Code,"Manufacturing of cake mixes, including gingerbread"
2001625000,311210,0.5,NAICS_2012_Code,"Manufacturing of flour mixes, including refrigerated and frozen doughs and batters, excluding cake mixes"
2001625000,3118A0,0.5,NAICS_2007_Code,"Manufacturing of flour mixes, including refrigerated and frozen doughs and batters, excluding cake mixes"
2001625003,311210,0.5,NAICS_2012_Code,Manufacturing of pancake and waffle mixes
2001625003,3118A0,0.5,NAICS_2007_Code,Manufacturing of pancake and waffle mixes
2001625006,311210,0.5,NAICS_2012_Code,Manufacturing of biscuit mixes
2001625006,3118A0,0.5,NAICS_2007_Code,Manufacturing of biscuit mixes
2001625009,311210,0.5,NAICS_2012_Code,"Manufacturing of other prepared flour mixes (including cookie, piecrust, doughnut, and other sweet yeast goods mixes)"
2001625009,3118A0,0.5,NAICS_2007_Code,"Manufacturing of other prepared flour mixes (including cookie, piecrust, doughnut, and other sweet yeast goods mixes)"
2001625012,311210,0.5,NAICS_2012_Code,Manufacturing of bread and bread-type roll mixes
2001625012,3118A0,0.5,NAICS_2007_Code,Manufacturing of bread and bread-type roll mixes
2001625015,311210,0.5,NAICS_2012_Code,"Manufacturing of refrigerated doughs and batters (cookie, biscuit, bread and bread-type roll, pasta, pizza, coffeecake, pancake, etc.)"
2001625015,3118A0,0.5,NAICS_2007_Code,"Manufacturing of refrigerated doughs and batters (cookie, biscuit, bread and bread-type roll, pasta, pizza, coffeecake, pancake, etc.)"
2001625018,311210,0.5,NAICS_2012_Code,"Manufacturing of frozen doughs and batters (cookie, biscuit, bread and bread-type roll, pasta, pizza, coffeecake, pancake, etc.)"
2001625018,3118A0,0.5,NAICS_2007_Code,"Manufacturing of frozen doughs and batters (cookie, biscuit, bread and bread-type roll, pasta, pizza, coffeecake, pancake, etc.)"
2001650000,311940,1.0,NAICS_2012_Code,Manufacturing of table salt
2001675000,311940,1.0,NAICS_2012_Code,"Manufacturing of pepper, white and black, and other spices in consumer sizes (less than 1 lb)"
2001700000,311940,1.0,NAICS_2012_Code,"Manufacturing of pepper, white and black, and other spices in commercial sizes (1 lb or more)"
2001710000,311300,1.0,NAICS_2007_Code,"Manufacturing of raw cane sugar, sugarcane molasses, syrup, and blackstrap and all other sugarcane mill products and byproducts without further processing"
2001725000,311300,1.0,NAICS_2007_Code,"Manufacturing of refined sugar, cube and tablet, shipped in small individual packets or consumer units"
2001750000,311300,1.0,NAICS_2007_Code,"Manufacturing of refined granulated sugar, including cube and tablet sugar, shipped in commercial units (bags and other containers greater than 25 lb)"
2001775000,311300,1.0,NAICS_2007_Code,"Manufacturing of refined granulated sugar, including cube and tablet sugar, shipped in bulk (rail cars, trucks, or bins)"
2001800000,311300,1.0,NAICS_2007_Code,Manufacturing of other sugar refining products and byproducts
2001800003,311300,1.0,NAICS_2007_Code,"Manufacturing of refined confectioners' powdered sugar and refined soft or brown sugar, shipped in consumer units (containers 10 lb or less)"
2001800006,311300,1.0,NAICS_2007_Code,"Manufacturing of refined confectioners' powdered sugar and refined soft or brown sugar, shipped in commercial units (containers greater than 10 lb)"
2001800009,311300,1.0,NAICS_2007_Code,"Manufacturing of refined liquid sugar or sugar syrup, sucrose-type or invert- and/or partially-invert-type"
2001800012,311300,1.0,NAICS_2007_Code,"Manufacturing of other refined cane sugar products and byproducts, including refiners' blackstrap and syrup"
2001800015,311300,1.0,NAICS_2012_Code,"Manufacturing of whole, straighthouse, or discard beet sugar molasses and molasses beet sugar pulp"
2001800018,311300,1.0,NAICS_2012_Code,"Manufacturing of molasses beet sugar pulp, pelletized"
2001800021,311300,1.0,NAICS_2012_Code,"Manufacturing of all other beet sugar pulp, including raw beet sugar, dried, and other beet pulp (plain)"
2001825000,311210,1.0,NAICS_2012_Code,Manufacturing of wheat flour (excluding flour mixes)
2001835000,311210,1.0,NAICS_2012_Code,"Manufacturing of wheat mill products, excluding flour and feed"
2001850000,311210,1.0,NAICS_2012_Code,"Manufacturing of milled rice (including second heads, screenings, brewers, bran, sharps, rice flour, residues, and byproducts)"
2001875000,311210,1.0,NAICS_2012_Code,"Manufacturing of corn mill products, for human consumption"
2001875003,311210,1.0,NAICS_2012_Code,"Manufacturing of corn grits and flakes for brewers' use, for human consumption"
2001875006,311210,1.0,NAICS_2012_Code,"Manufacturing of corn grits and hominy (excluding for brewers' use), for human consumption, and corn flour"
2001875009,311210,1.0,NAICS_2012_Code,"Manufacturing of other corn mill products, for human consumption"
2001875012,311210,1.0,NAICS_2012_Code,"Manufacturing of whole and degermed cornmeal, for human consumption"
2001900000,311210,1.0,NAICS_2012_Code,Manufacturing of other grain mill flour products
2001900003,311210,1.0,NAICS_2012_Code,"Manufacturing of rye, oat, buckwheat, and other flour"
2001900006,311210,1.0,NAICS_2012_Code,Manufacturing of fruit flour
2001925000,311221,1.0,NAICS_2012_Code,Manufacturing of corn sweeteners
2001950000,311221,1.0,NAICS_2012_Code,"Manufacturing of starch, including unmodified and modified corn, potato, rice, and wheat starch and dextrin"
2001975000,311221,1.0,NAICS_2012_Code,Manufacturing of wet process corn byproducts
2002000000,311224,1.0,NAICS_2007_Code,"Manufacturing of soybean cake, meal, flour, grits, and other byproducts"
2002000003,311224,1.0,NAICS_2007_Code,Manufacturing of soybean cake and meal
2002000006,311224,1.0,NAICS_2007_Code,Manufacturing of soy flour and grits
2002000009,311224,1.0,NAICS_2007_Code,"Manufacturing of other soybean products, including isolates and concentrates"
2002000012,311224,1.0,NAICS_2007_Code,Manufacturing of soybean lecithin
2002025000,311224,1.0,NAICS_2007_Code,"Manufacturing of cottonseed cake, meal, and other byproducts"
2002025003,311224,1.0,NAICS_2007_Code,Manufacturing of cottonseed cake and meal
2002025006,311224,1.0,NAICS_2007_Code,Manufacturing of cottonseed byproducts
2002050000,311224,1.0,NAICS_2007_Code,"Manufacturing of other vegetable oil mill products (excluding oils and products for animal feed), including linseed, peanut, sunflower seed, and all other oilseed cake and meal"
2002075000,311221,1.0,NAICS_2012_Code,Manufacturing of crude and partially refined corn oil
2002075003,311221,1.0,NAICS_2012_Code,Manufacturing of crude corn oil
2002075006,311221,1.0,NAICS_2012_Code,"Manufacturing of once-refined corn oil, after alkali or caustic wash, but before deodorizing or use in end products"
2002100000,311224,1.0,NAICS_2007_Code,"Manufacturing of crude soybean oil, degummed"
2002125000,311224,1.0,NAICS_2007_Code,"Manufacturing of soybean oil, other types"
2002125003,311224,1.0,NAICS_2007_Code,"Manufacturing of crude soybean oil, not degummed"
2002125006,311224,1.0,NAICS_2007_Code,"Manufacturing of soybean oil, once-refined (after alkali or caustic wash but before deodorizing or use in end products)"
2002150000,311224,1.0,NAICS_2007_Code,Manufacturing of crude cottonseed oil
2002175000,311224,1.0,NAICS_2007_Code,"Manufacturing of cottonseed oil, once-refined (after alkali or caustic wash but before deodorizing or use in end products)"
2002200000,311224,1.0,NAICS_2007_Code,Manufacturing of other crude and partially refined oils
2002200003,311224,1.0,NAICS_2007_Code,"Manufacturing of other crude vegetable oils, including linseed, peanut, sunflower, safflower, etc."
2002200006,311224,1.0,NAICS_2007_Code,"Manufacturing of other vegetable oils, once-refined (after alkali or caustic wash but before deodorizing or use in end products)"
2002225000,311225,1.0,NAICS_2012_Code,"Manufacturing of vegetable oils, once-refined and deodorized only"
2002250000,311221,0.5,NAICS_2012_Code,Manufacturing of fully refined fats and oils
2002250000,311225,0.5,NAICS_2012_Code,Manufacturing of fully refined fats and oils
2002250003,311225,1.0,NAICS_2012_Code,"Manufacturing of baking or frying fats (shortening), 100 percent vegetable oil, edible"
2002250006,311225,1.0,NAICS_2012_Code,"Manufacturing of baking or frying fats (shortening), 100 percent animal fat or blends of vegetable oil and animal fat, edible"
2002250009,311225,1.0,NAICS_2012_Code,"Manufacturing of hydrogenated oils (for confectionery fats, mellorine fats, whipped topping, etc.), excluding baking or frying fats, edible"
2002250012,311225,1.0,override,"Manufacturing of partially hydrogenated soybean cooking or salad oil, fully refined and deodorized, edible"
2002250015,311225,1.0,NAICS_2012_Code,"Manufacturing of other soybean cooking or salad oil, fully refined and deodorized, edible"
2002250018,311225,1.0,NAICS_2012_Code,"Manufacturing of cottonseed cooking or salad oil, fully refined and deodorized, edible"
2002250021,311225,1.0,NAICS_2012_Code,"Manufacturing of mixtures of vegetable cooking or salad oil, fully refined and deodorized, edible"
2002250024,311225,1.0,NAICS_2012_Code,"Manufacturing of all other cooking or salad oil, fully refined and deodorized, edible"
2002250027,311225,1.0,NAICS_2012_Code,"Manufacturing of all other fully refined shortening and cooking oils, edible, including oils used for margarine"
2002250033,311221,1.0,NAICS_2012_Code,"Manufacturing of fully-refined corn oil, including margarine oil"
2002275000,311225,1.0,NAICS_2012_Code,"Manufacturing of margarine, butter blends, and butter substitutes"
2002300000,31161A,1.0,NAICS_2012_Code,Manufacturing of lard
2002300003,31161A,1.0,NAICS_2012_Code,"Manufacturing of lard, consumer sizes (containers 3 pounds or less)"
2002300006,31161A,1.0,NAICS_2012_Code,"Manufacturing of lard, commercial sizes (containers 3 pounds or more)"
2002310000,311300,1.0,NAICS_2007_Code,Manufacturing of milk chocolate coatings
2002325000,311300,1.0,NAICS_2007_Code,Manufacturing of sweet and liquor chocolate coatings
2002325003,311300,1.0,NAICS_2007_Code,Manufacturing of sweet chocolate coatings
2002325006,311300,1.0,NAICS_2007_Code,Manufacturing of liquor chocolate coatings
2002350000,311300,1.0,NAICS_2007_Code,"Manufacturing of confectionery coatings (made chiefly from cocoa and fats (excluding coatings made from cocoa butter)), including ice cream coatings"
2002400000,311300,1.0,NAICS_2007_Code,"Manufacturing of sweetened chocolate, excluding coatings"
2002400003,311300,1.0,NAICS_2007_Code,"Manufacturing of sweetened chocolate, excluding coatings, in consumer-sized packaging"
2002400006,311300,1.0,NAICS_2007_Code,"Manufacturing of sweetened chocolate, excluding coatings, in commercial packaging and in bulk"
2002425000,311300,1.0,NAICS_2007_Code,"Manufacturing of unsweetened chocolate and sweetened and unsweetened cocoa powder, excluding coatings"
2002425003,311300,1.0,NAICS_2007_Code,"Manufacturing of unsweetened chocolate, excluding coatings"
2002425006,311300,1.0,NAICS_2007_Code,"Manufacturing of sweetened (or mixed with other substances) cocoa powder, in consumer-sized cans or packages"
2002425009,311300,1.0,NAICS_2007_Code,"Manufacturing of sweetened (or mixed with other substances) cocoa powder, in commercial packages and in bulk"
2002425012,311300,1.0,NAICS_2007_Code,Manufacturing of unsweetened cocoa powder
2002450000,311300,1.0,NAICS_2007_Code,"Manufacturing of cocoa butter, liquor, and cocoa base chocolate syrup"
2002450003,311300,1.0,NAICS_2007_Code,Manufacturing of cocoa butter
2002450006,311300,1.0,NAICS_2007_Code,Manufacturing of chocolate liquor base syrup
2002450009,311300,1.0,NAICS_2007_Code,Manufacturing of cocoa powder base chocolate syrup
2002475000,311300,1.0,NAICS_2007_Code,Manufacturing of chocolate candy and chocolate-type confectionery products
2002475003,311300,1.0,NAICS_2007_Code,Manufacturing of solid chocolate and chocolate-type confectionery products
2002475006,311300,1.0,NAICS_2007_Code,Manufacturing of solid with inclusions chocolate and chocolate-type confectionery products
2002475009,311300,1.0,NAICS_2007_Code,"Manufacturing of enrobed or molded with candy, fruit, nut, or granola center, chocolate and chocolate-type confectionery products"
2002475012,311300,1.0,NAICS_2007_Code,"Manufacturing of enrobed or molded with a bakery product center, chocolate and chocolate-type confectionery products"
2002475015,311300,1.0,NAICS_2007_Code,Manufacturing of panned chocolate and chocolate-type confectionery products
2002475018,311300,1.0,NAICS_2007_Code,Manufacturing of assortments and all other chocolate and chocolate-type confectionery products
2002500000,311300,1.0,NAICS_2012_Code,"Manufacturing of nonchocolate-type bar goods, granola bars, package goods, specialties, etc."
2002500003,311300,1.0,NAICS_2012_Code,"Manufacturing of hard candy, nonchocolate-type confectionery products"
2002500006,311300,1.0,NAICS_2012_Code,"Manufacturing of chewy candy (including granola bars), nonchocolate-type confectionery products"
2002500009,311300,1.0,NAICS_2012_Code,"Manufacturing of soft candy, nonchocolate-type confectionery products"
2002500012,311300,1.0,NAICS_2012_Code,Manufacturing of iced/coated nonchocolate-type confectionery products
2002500015,311300,1.0,NAICS_2012_Code,"Manufacturing of panned, nonchocolate-type confectionery products"
2002500018,311300,1.0,NAICS_2012_Code,"Manufacturing of licorice and licorice-type, nonchocolate-type confectionery products"
2002525000,311300,1.0,NAICS_2012_Code,"Manufacturing of other nonchocolate confectionary-type products, such as glace, candied, and crystallized fruits, fruit peels, nuts, marshmallow cream, and cough drops (excluding pharmaceutical-type)"
2002550000,311300,1.0,NAICS_2012_Code,"Manufacturing of chewing gum, bubble gum, and chewing gum base"
2002550003,311300,1.0,NAICS_2012_Code,"Manufacturing of chewing gum and bubble gum, nonmedicated, containing sugar"
2002550006,311300,1.0,NAICS_2012_Code,"Manufacturing of chewing gum and bubble gum, nonmedicated, not containing sugar"
2002550009,311300,1.0,NAICS_2012_Code,Manufacturing of chewing gum base
2002575000,311410,1.0,NAICS_2012_Code,Manufacturing of frozen fruits
2002600000,311410,1.0,NAICS_2012_Code,"Manufacturing of frozen vegetables, other than potato products, including frozen vegetables packaged with pasta"
2002625000,311410,1.0,NAICS_2012_Code,"Manufacturing of frozen potato products (French-fried, patties, puffs, etc.)"
2002650000,311420,1.0,NAICS_2012_Code,"Manufacturing of canned fruits, including canned fruit pie fillings, excluding baby foods"
2002675000,311420,1.0,NAICS_2012_Code,Manufacturing of canned vegetables
2002700000,311420,1.0,NAICS_2012_Code,"Manufacturing of canned tomato-based sauces, including canned salsa, chili sauce, and barbecue sauce, excluding catsup"
2002725000,311420,1.0,NAICS_2012_Code,"Manufacturing of canned jams, jellies, and preserves, including canned fruit butter"
2002750000,311910,1.0,NAICS_2012_Code,Manufacturing of peanut butter and other nut butters
2002750003,311910,1.0,NAICS_2012_Code,"Manufacturing of peanut butter and other nut butters, consumer sizes"
2002750006,311910,1.0,NAICS_2012_Code,"Manufacturing of peanut butter and other nut butters, commercial sizes and bulk"
2002775000,311420,1.0,NAICS_2012_Code,"Manufacturing of pickles and other pickled products, including horseradish (except sauce) and bulk unfinished pickled products"
2002800000,311420,1.0,NAICS_2012_Code,"Manufacturing of dried and dehydrated fruits and vegetables, including freeze-dried"
2002800003,311420,1.0,NAICS_2012_Code,"Manufacturing of dried and dehydrated fruits, including freeze-dried"
2002800006,311420,1.0,NAICS_2012_Code,Manufacturing of dried and dehydrated vegetables
2002825000,311420,1.0,NAICS_2012_Code,"Manufacturing of soup mixes (including oriental, dried and dehydrated, and freeze-dried) and bouillon"
2002850000,311210,1.0,NAICS_2012_Code,"Manufacturing of rice, processed, without other ingredients"
2002875000,3118A0,0.5,NAICS_2007_Code,"Manufacturing of dry macaroni, spaghetti and egg noodle products, including fried noodles, packaged without other ingredients, not frozen or canned"
2002875000,311990,0.5,NAICS_2012_Code,"Manufacturing of dry macaroni, spaghetti and egg noodle products, including fried noodles, packaged without other ingredients, not frozen or canned"
2002900000,311910,1.0,NAICS_2012_Code,"Manufacturing of nuts (salted, roasted, cooked, or blanched), sold in bulk"
2002925000,311910,1.0,NAICS_2012_Code,"Manufacturing of canned nuts (salted, roasted, cooked, or blanched)"
2002950000,311910,1.0,NAICS_2012_Code,"Manufacturing of all other packaged nuts, including all types of seeds (salted, roasted, cooked, or blanched)"
2002975000,311910,1.0,NAICS_2012_Code,"Manufacturing of potato chips and sticks, plain and flavored"
2003000000,311910,1.0,NAICS_2012_Code,"Manufacturing of corn chips and related products, such as tortilla chips, corn chips and curls"
2003025000,311910,1.0,NAICS_2012_Code,"Manufacturing of other chips and sticks (hard pretzels, popped popcorn (excluding candied), etc.), excluding crackers, soft pretzels, and nuts"
2003050000,311940,1.0,NAICS_2012_Code,Manufacturing of vinegar
2003075000,311940,1.0,NAICS_2012_Code,"Manufacturing of prepared sauces, including mustard, Worcestershire, soy, horseradish, and other sauces to be used as a condiment to meat, vegetable, and seafood, excluding tomato and meat-based sauces"
2003100000,311420,1.0,NAICS_2012_Code,Manufacturing of catsup
2003125000,311940,1.0,NAICS_2012_Code,"Manufacturing of spoon-type salad dressing including mayonnaise, sandwich spreads, refrigerated dressings, and all other semisolid-type dressings"
2003150000,311940,1.0,NAICS_2012_Code,"Manufacturing of pourable-type salad dressing (reduced calorie, cheese, vinegar and oil, etc.)"
2003175000,311410,1.0,NAICS_2012_Code,"Manufacturing of frozen dinners, including frozen pizza, rice dishes, meat or poultry pies, tortillas, and egg rolls"
2003200000,311410,1.0,NAICS_2012_Code,"Manufacturing of frozen specialties, not elsewhere classified, such as waffles, pancakes, French toast, soups, etc., excluding dairy and nondairy whipped topping, other frozen dairy product substitutes, and seafood"
2003225000,311230,1.0,NAICS_2012_Code,"Manufacturing of breakfast cereal, excluding infant cereal"
2003250000,311930,1.0,NAICS_2012_Code,"Manufacturing of liquid beverage bases, excluding use by soft drink bottlers"
2003275000,311930,1.0,NAICS_2012_Code,"Manufacturing of liquid beverage bases, concentrates and syrups, for sale by soft drink bottlers to trade or nonbottler distributors"
2003300000,311930,1.0,NAICS_2012_Code,"Manufacturing of soft drink flavoring syrup, sold in bulk"
2003325000,311930,1.0,NAICS_2012_Code,"Manufacturing of flavoring agents, excluding chocolate and soft drink flavoring syrups"
2003325003,311930,1.0,NAICS_2012_Code,"Manufacturing of flavoring syrups for fountain, ice cream, and home beverage use (excluding liquid beverage bases, soft drinks in bulk, and chocolate syrups)"
2003325006,311930,1.0,NAICS_2012_Code,"Manufacturing of fruit, crushed or whole, and concentrated fruit juice products (excluding frozen or hot pack), for fountain and ice cream flavoring agent use"
2003350000,311940,1.0,NAICS_2012_Code,"Manufacturing of flavoring extracts, emulsions, and other liquid flavors and food colorings (excluding synthetic)"
2003375000,311990,1.0,NAICS_2012_Code,"Manufacturing of perishable prepared foods, including salads and sandwiches, vegetables and potatoes peeled and cut, fresh fruits cut and packaged, Mexican specialties, pizza, and tofu (not frozen or canned), and fresh macaroni products"
2003400000,311990,1.0,NAICS_2012_Code,"Manufacturing of eggs (dried, frozen, or liquid)"
2003425000,311230,0.5,NAICS_2012_Code,Manufacturing of canned baby foods and infant cereal (excluding biscuits)
2003425000,311420,0.5,NAICS_2012_Code,Manufacturing of canned baby foods and infant cereal (excluding biscuits)
2003425003,311420,1.0,NAICS_2012_Code,"Manufacturing of canned baby foods, excluding infant cereal and biscuits"
2003425006,311230,1.0,NAICS_2012_Code,Manufacturing of infant cereal
2003450000,311420,1.0,NAICS_2012_Code,"Manufacturing of canned specialty foods, not elsewhere classified, including canned baked beans, spaghetti, ravioli, meat-based sauces, mincemeat, and rice"
2003475000,311420,1.0,NAICS_2012_Code,"Manufacturing of canned soups and stews, excluding frozen and seafood"
2003500000,311420,1.0,NAICS_2012_Code,"Manufacturing of canned dry beans, excluding baked beans"
2003525000,311990,1.0,NAICS_2012_Code,"Manufacturing of desserts, ready-to-mix"
2003525003,311990,1.0,NAICS_2012_Code,"Manufacturing of desserts, ready-to-mix, cornstarch or gelatin base, consumer sizes (less than 1 lb)"
2003525006,311990,1.0,NAICS_2012_Code,"Manufacturing of desserts, ready-to-mix, cornstarch or gelatin base, commercial sizes (1 lb or more)"
2003525009,311990,1.0,NAICS_2012_Code,"Manufacturing of desserts, ready-to-mix, other bases"
2003550000,311990,1.0,NAICS_2012_Code,"Manufacturing of sweetening syrups and molasses, excluding sugarcane products"
2003575000,311940,1.0,NAICS_2012_Code,"Manufacturing of dry mix food preparations, not elsewhere classified, including dip, salad dressing, seasoning, frosting, gravy, and sauce dry mixes"
2003600000,311990,1.0,NAICS_2012_Code,"Manufacturing of food preparations, not elsewhere classified, such as canned pudding, frosting, shredded coconut, honey,  pectin, and unpopped popcorn"
2003675000,311210,1.0,NAICS_2012_Code,Manufacturing of head rice packaged with other ingredients
2003700000,311420,0.3333333333333333,NAICS_2012_Code,"Manufacturing of macaroni and noodle products, packaged with other dried and dehydrated ingredients, not frozen or canned"
2003700000,3118A0,0.3333333333333333,NAICS_2007_Code,"Manufacturing of macaroni and noodle products, packaged with other dried and dehydrated ingredients, not frozen or canned"
2003700000,311990,0.3333333333333333,NAICS_2012_Code,"Manufacturing of macaroni and noodle products, packaged with other dried and dehydrated ingredients, not frozen or canned"
2003725000,311420,1.0,NAICS_2012_Code,"Manufacturing of products other than macaroni and noodle products, packaged with dried and dehydrated ingredients, not frozen or canned"
2003750000,311990,1.0,NAICS_2012_Code,Manufacturing of baking powder and yeast
2003750003,311990,1.0,NAICS_2012_Code,Manufacturing of baking powder
2003750006,311990,1.0,NAICS_2012_Code,Manufacturing of yeast
2003775000,312110,1.0,NAICS_2012_Code,"Manufacturing of soft drinks, carbonated"
2003775003,312110,1.0,NAICS_2012_Code,"Manufacturing of soft drinks, bottled (glass) or canned, carbonated, regular and diet, with or without some real juice, including kola extract, lemon, lime, lemon-lime combinations, sparkling waters and club soda, and other flavors"
2003775006,312110,1.0,NAICS_2012_Code,"Manufacturing of soft drinks, bottled (plastic), carbonated, regular and diet, with or without some real juice, including kola extract, lemon, lime, lemon-lime combinations, sparkling waters and club soda, and other flavors"
2003800000,312110,1.0,NAICS_2012_Code,"Manufacturing of soft drinks, non-carbonated, fruit drinks, cocktails, and ades, with or without some real juice or concentrates"
2003825000,313100,1.0,NAICS_2007_Code,"Manufacturing of soft drinks, non-carbonated, iced tea and other types, excluding fruit drinks, cocktails, and ades"
2003825003,312110,1.0,NAICS_2012_Code,"Manufacturing of iced tea, with or without flavorings, canned or bottled"
2003825006,312110,1.0,NAICS_2012_Code,"Manufacturing of soft drinks, non-carbonated, other types, excluding iced tea, fruit drinks, cocktails, and ades"
2003850000,312110,1.0,NAICS_2012_Code,"Manufacturing of bottled water, non-carbonated, processed or pasteurized, excluding artificially carbonated and sterile"
2003875000,312110,1.0,NAICS_2012_Code,"Manufacturing of ice, manufactured (cubed, crushed, etc.), including can or block"
2003900000,311920,1.0,NAICS_2012_Code,"Manufacturing of roasted coffee, including whole bean, ground, and ground mixtures (mixed with grain, chicory, etc.)"
2003925000,311920,1.0,NAICS_2012_Code,"Manufacturing of coffee, concentrated (freeze-dried, spray-dried, frozen or liquid concentrated, mixtures, etc.), including coffee extracts and substitutes"
2003925003,311920,1.0,NAICS_2012_Code,"Manufacturing of coffee substitutes, made from grain"
2003925006,311920,1.0,NAICS_2012_Code,"Manufacturing of coffee, concentrated (freeze-dried, spray-dried, frozen or liquid concentrated, mixtures, etc.), and extracts"
2003950000,311920,1.0,NAICS_2012_Code,"Manufacturing of tea, consumer packages, instant soluble, and other types"
2003975000,311990,1.0,NAICS_2012_Code,"Manufacturing of flavoring powders, tablets, and paste (including dry mix cocktails)"
2004000000,311420,1.0,NAICS_2012_Code,"Manufacturing of canned and fresh fruit juices, nectars, and concentrates"
2004025000,311420,1.0,NAICS_2012_Code,Manufacturing of canned vegetable juices
2004050000,311940,1.0,NAICS_2012_Code,Manufacturing of cider
2004075000,311410,1.0,NAICS_2012_Code,"Manufacturing of frozen concentrated juices and frozen citrus pulp, excluding orange juice"
2004100000,311410,1.0,NAICS_2012_Code,"Manufacturing of frozen concentrated orange juice, consumer and institutional"
2004125000,312120,1.0,NAICS_2012_Code,"Manufacturing of beer and ale, canned, case goods"
2004125003,312120,1.0,NAICS_2012_Code,"Manufacturing of beer and ale, canned, case goods, 12 oz"
2004125006,312120,1.0,NAICS_2012_Code,"Manufacturing of beer and ale, canned, case goods, 16 oz and all other sizes"
2004150000,312120,1.0,NAICS_2012_Code,"Manufacturing of beer and ale, bottled, case goods, all sizes"
2004175000,312120,1.0,NAICS_2012_Code,"Manufacturing of beer and ale, barrels and kegs, all sizes"
2004200000,311210,0.5,NAICS_2012_Code,"Manufacturing of malt, all other malt beverages, and brewing products"
2004200000,312120,0.5,NAICS_2012_Code,"Manufacturing of malt, all other malt beverages, and brewing products"
2004200003,312120,1.0,NAICS_2012_Code,"Manufacturing of beer (nonalcoholic), malt liquors (cans or bottles), and all other malt beverages"
2004200006,311210,0.5,NAICS_2012_Code,"Manufacturing of malt, including barley, rye, wheat, corn, rice, malt sprouts, and malt extracts and byproducts (screenings, chaff, skimmings, etc.)"
2004200006,312120,0.5,NAICS_2012_Code,"Manufacturing of malt, including barley, rye, wheat, corn, rice, malt sprouts, and malt extracts and byproducts (screenings, chaff, skimmings, etc.)"
2004225000,312130,1.0,NAICS_2012_Code,"Manufacturing of wines, white, red, and rose grape, other fruit and berry, 14 percent or less alcohol content"
2004225003,312130,1.0,NAICS_2012_Code,"Manufacturing of wines, white grape, 14 percent or less alcohol content"
2004225006,312130,1.0,NAICS_2012_Code,"Manufacturing of wines, red grape, 14 percent or less alcohol content"
2004225009,312130,1.0,NAICS_2012_Code,"Manufacturing of wines, rose grape and other fruit and berry, 14 percent or less alcohol content"
2004250000,312130,1.0,NAICS_2012_Code,"Manufacturing of wines, dessert, effervescent, and wine coolers"
2004250003,312130,1.0,NAICS_2012_Code,"Manufacturing of wines, dessert, excluding specialties"
2004250006,312130,1.0,NAICS_2012_Code,"Manufacturing of wines, effervescent, including sparkling (naturally and artificially carbonated), wine coolers"
2004275000,312130,1.0,NAICS_2012_Code,"Manufacturing of all other wines, brandy, and brandy spirits"
2004275003,312130,1.0,NAICS_2012_Code,"Manufacturing of brandy, beverage and neutral, including neutral fruit spirits, excluding neutral citrus residue brandy"
2004275006,312130,1.0,NAICS_2012_Code,"Manufacturing of all other wines, brandy, and brandy spirits, including vermouth, nonalcoholic wines, other specialty wines, and applejack"
2004300000,312140,1.0,NAICS_2012_Code,"Manufacturing of bottled whiskey, gin, cordials, cocktails, vodka, rum, all other types, excluding brandy"
2004300003,312140,1.0,NAICS_2012_Code,"Manufacturing of bottled whiskey, unprocessed, blends, with or without neutral spirits"
2004300006,312140,1.0,NAICS_2012_Code,"Manufacturing of bottled whiskey, other types"
2004300009,312140,1.0,NAICS_2012_Code,"Manufacturing of bottled cordials, cocktails and similar compounds"
2004300012,312140,1.0,NAICS_2012_Code,"Manufacturing of bottled gin, vodka, rum"
2004300015,312140,1.0,NAICS_2012_Code,"Manufacturing of bottled liquor, all other types, excluding bottled in bond"
2004300018,312140,1.0,NAICS_2012_Code,"Manufacturing of bottled liquor, bottled in bond"
2004325000,312140,1.0,NAICS_2012_Code,"Manufacturing of distilled whiskey, all other distilled liquor, excluding brandy"
2004325003,312140,1.0,NAICS_2012_Code,"Manufacturing of distilled whiskey, raw (bourbon, rye, etc.)"
2004325006,312140,1.0,NAICS_2012_Code,"Manufacturing of distilled grain neutral spirits, vodka, including neutral citrus residue brandy and the continuous distillation or processing operations"
2004325009,312140,1.0,NAICS_2012_Code,"Manufacturing of other distilled liquors (including rum, gin, and cane neutral spirits), excluding applejack"
2004350000,312200,1.0,NAICS_2007_Code,"Manufacturing of cigarettes, including nontobacco"
2004350003,312200,1.0,NAICS_2007_Code,"Manufacturing of cigarettes, including nontobacco, filter tip, 80 millimeters long or less"
2004350006,312200,1.0,NAICS_2007_Code,"Manufacturing of cigarettes, including nontobacco, filter tip, 85 millimeters long"
2004350009,312200,1.0,NAICS_2007_Code,"Manufacturing of cigarettes, including nontobacco, filter tip, 100 millimeters long or more"
2004350012,312200,1.0,NAICS_2007_Code,"Manufacturing of cigarettes, including nontobacco, nonfilter tip, including electronic cigarettes"
2004375000,312200,1.0,NAICS_2007_Code,"Manufacturing of cigars, all weights per 1,000 cigars"
2004400000,312200,1.0,NAICS_2007_Code,"Manufacturing of smoking and chewing tobacco (looseleaf), snuff, and all other chewing tobacco"
2004400003,312200,1.0,NAICS_2007_Code,Manufacturing of smoking tobacco
2004400006,312200,1.0,NAICS_2007_Code,"Manufacturing of chewing tobacco (looseleaf), snuff, dry and moist, and all other chewing tobacco (fine cut, twist, plug, etc.)"
2004425000,3259A0,0.6666666666666666,NAICS_2012_Code,"Manufacturing of smoking accessories, including matches, cigarette lighters, cigarette holders, tobacco pipes, etc."
2004425000,339990,0.3333333333333333,NAICS_2012_Code,"Manufacturing of smoking accessories, including matches, cigarette lighters, cigarette holders, tobacco pipes, etc."
2004425003,3259A0,1.0,NAICS_2012_Code,"Manufacturing of lighter fluids (cigarette, charcoal, etc.)"
2004425006,339990,1.0,NAICS_2012_Code,"Manufacturing of other smoking accessories, including cigarette lighters, cigarette holders, tobacco pipes, etc."
2004425009,3259A0,1.0,NAICS_2012_Code,Manufacturing of matches
2004450000,315000,1.0,NAICS_2007_Code,"Manufacturing of men's and boys' (including unisex) tailored suits, including dress uniforms (firefighter, military, police, etc.) (excluding leather, sheep-lined, and fur)"
2004475000,315000,1.0,NAICS_2007_Code,"Manufacturing of men's and boys' (including unisex) tailored coats (including water-repellent) and vests (excluding leather, sheep-lined, and fur)"
2004500000,315000,1.0,NAICS_2007_Code,"Manufacturing of men's and boys' (including unisex) nontailored coats, jackets, and vests, including down- and feather-filled (excluding ski apparel, work jackets, leather, sheep-lined, and fur)"
2004525000,315000,1.0,NAICS_2007_Code,"Manufacturing of men's and boys' (including unisex) plastic or rubber (50 percent or greater) apparel, including raincoats and rubber pants (excluding wet suits))"
2004550000,315000,1.0,NAICS_2007_Code,Manufacturing of men's and boys' (including unisex) dress shirts
2004550003,315000,1.0,NAICS_2007_Code,Manufacturing of men's and boys' (including unisex) knit dress shirts
2004550006,315000,1.0,NAICS_2007_Code,Manufacturing of men's and boys' (including unisex) woven dress shirts
2004575000,315000,1.0,NAICS_2007_Code,"Manufacturing of men's and boys' (including unisex) separate dress and sport trousers, pants, and slacks (excluding jeans, jean-cut casual slacks, workpants, and sweatpants)"
2004600000,315000,1.0,NAICS_2007_Code,Manufacturing of men's and boys' (including unisex) work shirts
2004625000,315000,1.0,NAICS_2007_Code,"Manufacturing of men's and boys' (including unisex) workpants (excluding jeans), work jackets, coveralls, overalls, jumpsuits, and washable service apparel, including hospital patient wear (excluding disposable)"
2004650000,315000,1.0,NAICS_2007_Code,Manufacturing of men's and boys' (including unisex) team sport uniforms
2004675000,315000,1.0,NAICS_2007_Code,"Manufacturing of men's and boys' (including unisex) sports and leisure wear (shorts, sweatpants, jogging and warm-up suits, sweatshirts, polo shirts, tank tops, t-shirts, jeans, jean-cut casual slacks, swimwear, woven sports/casual shirts) (excluding screen printing only on purchased garments)"
2004675003,315000,1.0,NAICS_2007_Code,"Manufacturing of men's and boys' (including unisex) knit sport shirts (including polo shirts, tank tops, sweatshirts, and t-shirts) (excluding screen printing only on purchased garments)"
2004675009,315000,1.0,NAICS_2007_Code,Manufacturing of men's and boys' (including unisex) woven sport shirts (excluding screen printing only on purchased garments)
2004675012,315000,1.0,NAICS_2007_Code,"Manufacturing of men's and boys' (including unisex) sweatpants, jogging and warm-up suits, playsuits, beachwear (excluding swimsuits), and ski apparel"
2004675015,315000,1.0,NAICS_2007_Code,Manufacturing of men's and boys' (including unisex) jeans and jean-cut casual slacks
2004675018,315000,1.0,NAICS_2007_Code,Manufacturing of men's and boys' (including unisex) shorts (including dress and athletic) and swimwear
2004700000,315000,1.0,NAICS_2007_Code,Manufacturing of men's and boys' (including unisex) sweaters and sweater vests
2004725000,315000,1.0,NAICS_2007_Code,"Manufacturing of men's and boys' (including unisex) underwear, nightwear, and robes (including thermal, undershirts, undershorts and briefs, and woven boxer shorts)"
2004750000,315000,1.0,NAICS_2007_Code,Manufacturing of men's and boys' (including unisex) leather and sheep-lined apparel
2004775000,315000,1.0,NAICS_2007_Code,Manufacturing of women's and girls' dresses
2004800000,315000,1.0,NAICS_2007_Code,"Manufacturing of women's and girls' tailored coats and capes (including water-repellent) and tailored jackets and vests (excluding fur, leather, down- and feather-filled, and sheep-lined)"
2004825000,315000,1.0,NAICS_2007_Code,"Manufacturing of women's and girls' nontailored coats, jackets, and vests (including water-repellent, down- and feather-filled, and ski apparel) (excluding fur, leather, and sheep-lined)"
2004850000,315000,1.0,NAICS_2007_Code,Manufacturing of women's and girls' sweaters and sweater vests
2004875000,315000,1.0,NAICS_2007_Code,"Manufacturing of women's and girls' knit shirts and blouses (including polo, tank tops, sweatshirts, and t-shirts) (excluding screen printing only on purchased garments)"
2004900000,315000,1.0,NAICS_2007_Code,Manufacturing of women's and girls' woven shirts and blouses (excluding screen printing only on purchased garments)
2004925000,315000,1.0,NAICS_2007_Code,Manufacturing of women's and girls' skirts (excluding tennis skirts)
2004950000,315000,1.0,NAICS_2007_Code,"Manufacturing of women's and girls' washable service apparel (including hospital patient wear (excluding disposable), coveralls, overalls, and jumpsuits)"
2004975000,315000,1.0,NAICS_2007_Code,"Manufacturing of women's and girls' underwear (including slips and teddies); foundation garments such as corsets (excluding surgical), girdles, and combinations; and brassieres, bra-lettes, and bandeaux"
2005000000,315000,1.0,NAICS_2007_Code,"Manufacturing of women's and girls' nightwear (including pajamas, gowns, peignoir and robe sets with nightgown or pajamas, robes, and dressing gowns)"
2005025000,315000,1.0,NAICS_2007_Code,Manufacturing of women's and girls' team sport uniforms
2005050000,315000,1.0,NAICS_2007_Code,Manufacturing of women's and girls' swimwear
2005075000,315000,1.0,NAICS_2007_Code,"Manufacturing of women's and girls' leisurewear (shorts, tennis skirts, sweatpants, jogging and warm-up suits, jeans, jean-cut casual slacks, slacks, bodysuits and bodyshirts, and beachwear (excluding swimwear))"
2005100000,315000,1.0,NAICS_2007_Code,Manufacturing of all other women's and girls' apparel
2005100003,315000,1.0,NAICS_2007_Code,"Manufacturing of women's and girls' plastic or rubber (50 percent or greater) apparel, including raincoats and rubber pants (excluding wet suits)"
2005100006,315000,1.0,NAICS_2007_Code,"Manufacturing of women's, girls', and infants' leather and sheep-lined apparel"
2005100009,315000,1.0,NAICS_2007_Code,"Manufacturing of women's and girls' tailored suits and pantsuits, including dress uniforms (firefighter, military, police, etc)"
2005125000,315000,1.0,NAICS_2007_Code,"Manufacturing of infants' clothing (excluding leather, sheep-lined, and fur clothing and excluding screen printing only on purchased garments for infants)"
2005150000,315000,1.0,NAICS_2007_Code,"Manufacturing of costumes, vestments, and academic caps and gowns"
2005150003,315000,1.0,NAICS_2007_Code,"Manufacturing of costumes, including theatrical and dancewear"
2005150006,315000,1.0,NAICS_2007_Code,"Manufacturing of academic caps and gowns and vestments (including judicial, burial, choir, fraternal, and ecclesiastical)"
2005175000,315000,1.0,NAICS_2007_Code,"Manufacturing of fur apparel, accessories, and trimmings (coats, capes, jackets, neck pieces, fur linings, etc.)"
2005200000,313300,0.3333333333333333,NAICS_2007_Code,Manufacturing of men's and boys' hosiery and socks
2005200000,315000,0.6666666666666666,NAICS_2007_Code,Manufacturing of men's and boys' hosiery and socks
2005225000,313300,0.25,NAICS_2007_Code,Manufacturing of women's and girls' hosiery and socks
2005225000,315000,0.75,NAICS_2007_Code,Manufacturing of women's and girls' hosiery and socks
2005250000,316000,1.0,NAICS_2007_Code,"Manufacturing of rubber and plastics footwear (including rubber or plastic soles molded or cemented to rubber, plastic, or fabric uppers), excluding infants'"
2005275000,316000,1.0,NAICS_2007_Code,"Manufacturing of men's footwear (size 6 and larger), excluding athletic"
2005300000,316000,1.0,NAICS_2007_Code,"Manufacturing of women's footwear (size 4 and larger), excluding athletic"
2005325000,316000,1.0,NAICS_2007_Code,Manufacturing of infants' footwear
2005325003,316000,1.0,NAICS_2007_Code,"Manufacturing of rubber and plastics footwear, infants' (including rubber or plastic soles molded or cemented to rubber, plastic, or fabric uppers)"
2005325006,316000,1.0,NAICS_2007_Code,"Manufacturing of other footwear, infants' (including athletic and slippers), excluding rubber- and plastic-soled footwear"
2005350000,316000,1.0,NAICS_2007_Code,"Manufacturing of other footwear (including house slippers and slipper socks), excluding infants' and rubber- and plastic-soled footwear"
2005375000,325610,1.0,NAICS_2012_Code,Manufacturing of shoe polishes and cleaners
2005400000,315000,1.0,NAICS_2007_Code,"Manufacturing of hats, caps, and millinery"
2005425000,315000,1.0,NAICS_2007_Code,Manufacturing of gloves and mittens
2005425003,315000,1.0,NAICS_2007_Code,"Manufacturing of gloves and mittens, all fabric or leather-and-fabric combinations"
2005425006,315000,1.0,NAICS_2007_Code,"Manufacturing of gloves and mittens, all leather"
2005450000,315000,1.0,NAICS_2007_Code,Manufacturing of neckwear
2005475000,315000,1.0,NAICS_2007_Code,Manufacturing of belts
2005475003,315000,1.0,NAICS_2007_Code,Manufacturing of women's and girls' leather belts
2005475006,315000,1.0,NAICS_2007_Code,Manufacturing of men's and boys' leather belts
2005475009,315000,1.0,NAICS_2007_Code,"Manufacturing of women's and girls' belts, excluding leather"
2005475012,315000,1.0,NAICS_2007_Code,"Manufacturing of men's and boys' belts, excluding leather"
2005500000,315000,1.0,NAICS_2007_Code,"Manufacturing of apparel accessories (including aprons, bibs, rainhats, and shower and bathing caps), plastic or rubber (50 percent or greater)"
2005525000,315000,1.0,NAICS_2007_Code,"Manufacturing of hose supporters, arm bands, suspenders, and handkerchiefs"
2005550000,316000,1.0,NAICS_2012_Code,Manufacturing of leather and leather-like personal goods (including women's and children's handbags and purses)
2005575000,33451A,1.0,NAICS_2007_Code,Manufacturing of watches (excluding watch bands and batteries)
2005600000,339910,1.0,NAICS_2007_Code,"Manufacturing of jewelry and personal goods (excluding costume), gold and platinum (excluding gold and platinum clad or plated to silver and nonprecious metals)"
2005625000,339910,1.0,NAICS_2007_Code,"Manufacturing of jewelry and personal goods (excluding costume), all other precious metals and types, including silver and silver-clad jewelry; jewelry made of precious stones, semi-precious stones, or pearls; and stamped metal coins"
2005650000,339910,1.0,NAICS_2007_Code,Manufacturing of costume jewelry
2005675000,337121,1.0,NAICS_2012_Code,"Manufacturing of upholstered indoor home davenports, sofas, loveseats, and settees (excluding chairs sold as part of suites and sectional sofa pieces), excluding custom-made"
2005700000,337121,1.0,NAICS_2012_Code,"Manufacturing of upholstered indoor home sectional sofa pieces, including pieces seating one person (excluding stock line dual-purpose sleep furniture), excluding custom-made"
2005725000,337121,1.0,NAICS_2012_Code,"Manufacturing of upholstered indoor home rocking chairs, including swivel rockers, excluding custom-made"
2005750000,337121,1.0,NAICS_2012_Code,"Manufacturing of upholstered indoor home reclining chairs, excluding custom-made"
2005775000,337121,1.0,NAICS_2012_Code,"Manufacturing of upholstered indoor home furniture, other types (excluding stock line dual-purpose sleep furniture), including custom-made"
2005800000,337121,1.0,NAICS_2012_Code,"Manufacturing of dual-purpose sleep furniture (including convertible sofas, jackknife sofa and chair beds, studio couches, and futons shipped with frames), excluding custom-made"
2005825000,337122,1.0,NAICS_2012_Code,"Manufacturing of nonupholstered wood den, library, family and living room furniture, excluding custom-made"
2005850000,337122,1.0,NAICS_2012_Code,"Manufacturing of nonupholstered wood dining room and kitchen furniture (excluding kitchen cabinets), excluding custom-made"
2005875000,337122,1.0,NAICS_2012_Code,"Manufacturing of nonupholstered wood bedroom furniture, excluding custom-made"
2005900000,337122,1.0,NAICS_2012_Code,"Manufacturing of nonupholstered wood infants' and children's furniture, excluding custom-made"
2005925000,337122,1.0,NAICS_2012_Code,"Manufacturing of nonupholstered wood household furniture, other types (including unpainted and ready-to-assemble), excluding outdoor and custom-made"
2005950000,337122,1.0,NAICS_2012_Code,"Manufacturing of nonupholstered wood household furniture (excluding kitchen cabinets, bathroom vanities, and related cabinetwork), custom-made"
2005975000,33712N,1.0,NAICS_2012_Code,"Manufacturing of  metal indoor household furniture, dining room and kitchen, including padded and plain seating, tables, cabinets, and carts"
2006025000,33712N,1.0,NAICS_2012_Code,"Manufacturing of metal indoor household furniture, beds (including army, folding, and rollable cots, and bed frames), nonupholstered"
2006050000,33712N,1.0,NAICS_2012_Code,"Metal household furniture, other types, nonupholstered"
2006050003,33712N,1.0,NAICS_2012_Code,"Manufacturing of metal indoor household furniture, infants' and children's (including chairs, car seats, playpens, play yards, portable cribs, and tables), nonupholstered"
2006050006,33712N,1.0,NAICS_2012_Code,"Manufacturing of metal indoor household furniture, other types, including medicine cabinets and folding trays, nonupholstered"
2006075000,33712N,1.0,NAICS_2012_Code,"Manufacturing of indoor household cabinets, including audio and television (excluding cabinets used as housings), plastics"
2006100000,33712N,1.0,NAICS_2012_Code,"Manufacturing of indoor household furniture (rattan, reed, wicker, and willow), nonupholstered, including seating and laundry hampers"
2006125000,33712N,1.0,NAICS_2012_Code,"Manufacturing of indoor household furniture, nonupholstered, other types, including infant car seats (excluding wood and metal), and outdoor plastics and rubber furniture"
2006150000,337122,0.5,NAICS_2012_Code,Manufacturing of wood and metal outdoor furniture
2006150000,33712N,0.5,NAICS_2012_Code,Manufacturing of wood and metal outdoor furniture
2006150003,337122,1.0,NAICS_2012_Code,"Manufacturing of nonupholstered wood furniture, outdoor, excluding custom-made"
2006150006,33712N,1.0,NAICS_2012_Code,"Manufacturing of metal household furniture, outdoor and casual (including beach, lawn, garden, and porch), nonupholstered, assembled and ready-to-assemble"
2006175000,337900,1.0,NAICS_2012_Code,"Manufacturing of mattresses, innerspring (including polyurethane, rubber topper pads, and mattresses sold as part of hollywood beds), excluding crib-size"
2006200000,337900,1.0,NAICS_2012_Code,"Manufacturing of foundations, excluding innerspring units and foundations incorporated into hybrid-type flotation sleep ensembles and electric adjustable sleep ensembles"
2006225000,337900,1.0,NAICS_2012_Code,"Manufacturing of sleep system ensembles and mattresses, excluding conventional waterbeds"
2006250000,337900,1.0,NAICS_2012_Code,"Manufacturing of mattresses, other types"
2006275000,326190,0.5,NAICS_2012_Code,Manufacturing of air mattresses
2006275000,326290,0.5,NAICS_2012_Code,Manufacturing of air mattresses
2006300000,314120,1.0,NAICS_2007_Code,"Manufacturing of curtains (including window) and draperies, woven and custom, all lengths, all fabrics (including glass), including knit and lace curtains"
2006325000,337900,1.0,NAICS_2012_Code,"Manufacturing of window shades, including accessories and rollers"
2006350000,337900,1.0,NAICS_2012_Code,"Manufacturing of venetian blinds, including components and parts"
2006375000,337900,1.0,NAICS_2012_Code,"Manufacturing of blinds and shades, all other types, excluding awnings"
2006400000,337900,1.0,NAICS_2012_Code,"Manufacturing of curtain and drapery fixtures, poles, and rods (excluding window shade accessories and rollers)"
2006425000,313200,0.6666666666666666,NAICS_2012_Code,Manufacturing of towels and washcloths
2006425000,314120,0.3333333333333333,NAICS_2007_Code,Manufacturing of towels and washcloths
2006450000,313200,0.5,NAICS_2012_Code,"Manufacturing of shower bath curtains, including plastics (unsupported film), coated fabrics, and all other types of materials"
2006450000,314120,0.5,NAICS_2007_Code,"Manufacturing of shower bath curtains, including plastics (unsupported film), coated fabrics, and all other types of materials"
2006475000,313200,0.5,NAICS_2012_Code,Manufacturing of bedspreads
2006475000,314120,0.5,NAICS_2007_Code,Manufacturing of bedspreads
2006500000,313200,0.5,NAICS_2012_Code,Manufacturing of sheets and pillowcases
2006500000,314120,0.5,NAICS_2007_Code,Manufacturing of sheets and pillowcases
2006525000,313200,0.5,NAICS_2012_Code,"Manufacturing of comforters and quilts, including down filled"
2006525000,314120,0.5,NAICS_2007_Code,"Manufacturing of comforters and quilts, including down filled"
2006550000,313200,0.6666666666666666,NAICS_2012_Code,Manufacturing of blankets
2006550000,314120,0.3333333333333333,NAICS_2007_Code,Manufacturing of blankets
2006575000,313200,0.5,NAICS_2012_Code,"Manufacturing of mattress protectors, including covers, quilted, wholly or chiefly cotton and all other fabrics"
2006575000,314120,0.5,NAICS_2007_Code,"Manufacturing of mattress protectors, including covers, quilted, wholly or chiefly cotton and all other fabrics"
2006600000,313200,0.5,NAICS_2012_Code,"Manufacturing of table linen (tablecloths, napkins, placemats, placemat sets, etc.), including knitted, crocheted, and plastics"
2006600000,314120,0.5,NAICS_2007_Code,"Manufacturing of table linen (tablecloths, napkins, placemats, placemat sets, etc.), including knitted, crocheted, and plastics"
2006625000,313200,0.5,NAICS_2012_Code,Manufacturing of pillows and cushions
2006625000,314120,0.5,NAICS_2007_Code,Manufacturing of pillows and cushions
2006625003,314120,1.0,NAICS_2007_Code,"Manufacturing of pillows and cushions, fancy, foam rubber and other materials"
2006625006,314120,1.0,NAICS_2007_Code,"Manufacturing of pillows, bed, manmade fiber-filled and other materials, including foam"
2006625009,313200,0.5,NAICS_2012_Code,"Manufacturing of pillows and cushions, all other types (excluding bed and fancy), foam rubber and other materials"
2006625009,314120,0.5,NAICS_2007_Code,"Manufacturing of pillows and cushions, all other types (excluding bed and fancy), foam rubber and other materials"
2006650000,313200,0.5,NAICS_2012_Code,"Manufacturing of slipcovers, including furniture and nonquilted mattress covers, fabrics, plastics, other materials (excluding paper), other types (including custom)"
2006650000,314120,0.5,NAICS_2007_Code,"Manufacturing of slipcovers, including furniture and nonquilted mattress covers, fabrics, plastics, other materials (excluding paper), other types (including custom)"
2006675000,313200,0.5,NAICS_2012_Code,"Manufacturing of quilted household products, excluding bed quilts"
2006675000,314120,0.5,NAICS_2007_Code,"Manufacturing of quilted household products, excluding bed quilts"
2006700000,313200,0.6666666666666666,NAICS_2012_Code,"Manufacturing of all other household textile products, excluding floor coverings and window treatments"
2006700000,314120,0.3333333333333333,NAICS_2007_Code,"Manufacturing of all other household textile products, excluding floor coverings and window treatments"
2006725000,326190,0.5,NAICS_2012_Code,"Manufacturing of household-type portable lighting fixtures, including parts and accessories"
2006725000,335120,0.5,NAICS_2012_Code,"Manufacturing of household-type portable lighting fixtures, including parts and accessories"
2006725003,335120,1.0,NAICS_2012_Code,"Manufacturing of residential-type portable lighting fixtures, including parts and accessories"
2006725006,326190,1.0,NAICS_2012_Code,Manufacturing of plastics lamp shades
2006750000,339990,1.0,NAICS_2012_Code,"Manufacturing of candles, including tapers"
2006775000,3219A0,0.3333333333333333,NAICS_2012_Code,Manufacturing of statuary and related art goods
2006775000,327100,0.3333333333333333,NAICS_2007_Code,Manufacturing of statuary and related art goods
2006775000,327400,0.3333333333333333,NAICS_2012_Code,Manufacturing of statuary and related art goods
2006775003,3219A0,1.0,NAICS_2012_Code,"Manufacturing of wood statuettes and other ornaments, including ashtrays, bookends, plaques, and trophies"
2006775006,327100,1.0,NAICS_2007_Code,Manufacturing of clay statuary and art goods
2006775009,327400,1.0,NAICS_2012_Code,Manufacturing of gypsum statuary and art goods
2006800000,327100,1.0,NAICS_2007_Code,"Manufacturing of china and porcelain art, decorative, and novelty potteryware, including earthenware and stoneware"
2006825000,327100,1.0,NAICS_2007_Code,"Manufacturing of red unglazed earthenware (flowerpots, etc.)"
2006850000,326190,1.0,NAICS_2012_Code,"Manufacturing of plastics decorative flowerpots, flower boxes, planters, and accessories (excluding foam and wire coated)"
2006875000,3219A0,1.0,NAICS_2012_Code,"Manufacturing of bamboo, rattan, willow, and chip basketwork, wickerwork, and related products of fibrous vegetable substances, excluding furniture and laundry hampers"
2006900000,339990,1.0,NAICS_2012_Code,"Manufacturing of mirror and picture frames, wood"
2006925000,339990,1.0,NAICS_2012_Code,"Manufacturing of framed pictures, wood"
2006950000,339990,1.0,NAICS_2012_Code,"Manufacturing of other mirror and picture frames, including framed pictures"
2006975000,327200,1.0,NAICS_2012_Code,"Manufacturing of unframed and framed mirrors (decorated and undecorated), excluding automotive"
2007000000,339990,1.0,NAICS_2012_Code,"Manufacturing of artificial trees, flowers, fruits, and wreaths, including feathers and plumes"
2007025000,339990,1.0,NAICS_2012_Code,"Manufacturing of Christmas tree ornaments and decorations, excluding glass and electric"
2007050000,339990,1.0,NAICS_2012_Code,"Manufacturing of potpourri, including potpourri made from dried and chemically preserved flowers, foliage, fruits, and vines"
2007075000,314900,0.25,NAICS_2007_Code,Manufacturing of other household furnishings
2007075000,326190,0.25,NAICS_2012_Code,Manufacturing of other household furnishings
2007075000,332999,0.25,NAICS_2012_Code,Manufacturing of other household furnishings
2007075000,33451A,0.25,NAICS_2007_Code,Manufacturing of other household furnishings
2007075003,326190,1.0,NAICS_2012_Code,"Manufacturing of plastics bathware (shower and bath caddies, shower and bathmats, tissue holders, toothbrush holders, toilet bowl brushes, etc.) (excluding foam and wire coated)"
2007075006,326190,1.0,NAICS_2012_Code,"Manufacturing of plastics organizers and holders for closets, drawers, and shelves (paper towel holders, dust mop and broom holders, etc.) (excluding foam and wire coated)"
2007075009,332999,1.0,NAICS_2012_Code,"Manufacturing of fireplace fixtures and equipment (including irons, screens, tongs, and other fire tools)"
2007075012,33451A,1.0,NAICS_2007_Code,"Manufacturing of alarm clocks, household clocks, and household timing mechanisms"
2007075015,33451A,1.0,NAICS_2007_Code,"Manufacturing of other complete clocks, excluding alarm clocks"
2007075018,314900,1.0,NAICS_2007_Code,Manufacturing of canvas awnings
2007100000,335220,1.0,NAICS_2012_Code,"Manufacturing of electric (including microwave) household ranges, ovens, surface cooking units, and equipment, excluding parts and accessories"
2007100003,335220,1.0,NAICS_2012_Code,"Manufacturing of free-standing electric ranges (all household types, including apartment-house-type)"
2007100006,335220,1.0,NAICS_2012_Code,"Manufacturing of built-in electric ranges (including single oven, two ovens, and surface cook tops)"
2007100009,335220,1.0,NAICS_2012_Code,"Manufacturing of microwave ranges and ovens (including combination microwave and electric ranges, ovens utilizing microwave and electrothermal energy in oven cavities, countertop, built-in, wall- or cabinet-hung ovens)"
2007100012,335220,1.0,NAICS_2012_Code,Manufacturing of all other electric and electronic ranges and ovens
2007125000,335220,1.0,NAICS_2012_Code,"Manufacturing of gas household ranges, ovens, surface cooking units, and equipment, excluding parts and accessories"
2007125003,335220,1.0,NAICS_2012_Code,"Manufacturing of standard free-standing gas ranges and ovens, built-in installation (including apartment ranges)"
2007125006,335220,1.0,NAICS_2012_Code,"Manufacturing of surface cooking tops, gas (one or more burners)"
2007125009,335220,1.0,NAICS_2012_Code,"Manufacturing of nonstandard gas ranges and ovens (including wall hung, slide-in or drop-in)"
2007125012,335220,1.0,NAICS_2012_Code,"Manufacturing of all other gas household ranges, ovens, hot plates, and surface cook tops"
2007150000,335220,1.0,NAICS_2012_Code,"Manufacturing of household refrigerators, including combination refrigerator-freezers"
2007175000,335220,1.0,NAICS_2012_Code,"Manufacturing of household food freezers, complete units"
2007200000,335220,1.0,NAICS_2012_Code,"Manufacturing of household laundry machines, including both coin- and non-coin operated washing machines, dryers, and combinations"
2007200003,335220,1.0,NAICS_2012_Code,"Manufacturing of household washing machines, mechanical (coin-operated and non-coin operated)"
2007200006,335220,1.0,NAICS_2012_Code,"Manufacturing of household dryers, mechanical (incorporating heat), gas (non-coin operated)"
2007200009,335220,1.0,NAICS_2012_Code,"Manufacturing of household dryers, mechanical (incorporating heat), electric (non-coin operated)"
2007200012,335220,1.0,NAICS_2012_Code,"Manufacturing of household dryers, mechanical (incorporating heat), gas and electric (coin-operated)"
2007225000,335220,1.0,NAICS_2012_Code,"Manufacturing of dishwashers and other miscellaneous major household appliances (including food waste disposers and trash compactors, etc.)"
2007225003,335220,1.0,NAICS_2012_Code,Manufacturing of food waste disposers
2007225006,335220,1.0,NAICS_2012_Code,Manufacturing of household dishwashing machines
2007250000,335210,1.0,NAICS_2007_Code,"Manufacturing of household vacuum cleaners, and floor waxing and floor polishing machines, excluding central vacuum systems"
2007275000,335210,1.0,NAICS_2007_Code,"Manufacturing of attachments and cleaning tools for household vacuum cleaners, including central system attachments"
2007300000,335210,1.0,NAICS_2007_Code,"Manufacturing of electric fans, excluding industrial-type"
2007325000,333415,1.0,NAICS_2012_Code,"Manufacturing of room air conditioners and dehumidifiers, excluding portable dehumidifiers"
2007350000,335210,1.0,NAICS_2007_Code,"Manufacturing of small electric household appliances, not elsewhere classified, excluding fans and wall and baseboard heating units for permanent installation (including electric personal care appliances, electric toothbrushes, portable hair dryers, electric razors, and curling irons)"
2007350003,335210,1.0,NAICS_2007_Code,"Manufacturing of small electrothermal appliances, including broilers, coffee makers, deep fryers, waffle irons, griddles, skillets, air space heaters, portable room heaters, portable humidifiers, vaporizers, etc."
2007350006,335210,1.0,NAICS_2007_Code,"Manufacturing of small electromechanical appliances, including juicers, ice crushers, coffee grinders, portable air purifiers, dehumidifiers, cordless (can openers, knife sharpeners, toothbrushes, scissors), etc."
2007375000,33329A,1.0,NAICS_2007_Code,Manufacturing of household sewing machines
2007400000,327100,1.0,NAICS_2007_Code,"Manufacturing of vitreous china, porcelain, and earthenware (semivitreous) table and kitchenware (including household, hotel, or commercial uses) (including bone and feldspar)"
2007425000,327100,1.0,NAICS_2007_Code,"Manufacturing of stoneware table and kitchen articles, household and commercial (for serving, cooking, preparing, and storing food and drink)"
2007450000,3219A0,1.0,NAICS_2012_Code,Manufacturing of wood tableware and kitchenware
2007475000,326190,1.0,NAICS_2012_Code,"Manufacturing of plastics dinnerware, tableware, kitchenware, and oven-microwave ware (excluding foam and cups)"
2007500000,327200,1.0,NAICS_2012_Code,"Manufacturing of machine-made pressed and blown table, kitchen, art, and novelty glassware"
2007500003,327200,1.0,NAICS_2012_Code,Manufacturing of tableware (items in which food and beverages are served but not prepared)
2007500006,327200,1.0,NAICS_2012_Code,"Manufacturing of cookware, ovenware, and kitchenware (including microwave specialty pieces)"
2007500009,327200,1.0,NAICS_2012_Code,"Manufacturing of ornamental, decorative, novelty glassware and smokers accessories"
2007500012,327200,1.0,NAICS_2012_Code,"Manufacturing of other table, kitchen, art, and novelty glassware"
2007525000,327200,1.0,NAICS_2012_Code,Manufacturing of handmade pressed and blown glassware
2007550000,332200,1.0,NAICS_2007_Code,"Manufacturing of table flatware and cutlery (knives, forks, spoons etc.) including plated and electroplated, whole metal utensils and carving sets, plated metal, base metal clad (excluding precious)"
2007575000,332200,1.0,NAICS_2007_Code,"Manufacturing of kitchen cutlery (including knives, forks, cleavers, butchers', and meat packing), excluding carving sets"
2007600000,339910,1.0,NAICS_2007_Code,Manufacturing of silverware and hollowware made of precious solid or clad metal
2007625000,332999,0.5,NAICS_2012_Code,"Manufacturing of hollowware, unplated, plated, and electroplated, precious and nonprecious metals, including baby goods, ecclesiastical ware, novelties, toiletware, and trophies"
2007625000,339910,0.5,NAICS_2007_Code,"Manufacturing of hollowware, unplated, plated, and electroplated, precious and nonprecious metals, including baby goods, ecclesiastical ware, novelties, toiletware, and trophies"
2007650000,332200,1.0,NAICS_2007_Code,"Manufacturing of top of range household stamped and spun aluminum utensils (items generally used directly on top of source of heat), including pressure cookers"
2007675000,332200,1.0,NAICS_2007_Code,"Manufacturing of other stamped and spun aluminum cooking and kitchen utensils, including commercial and hospital"
2007675003,332200,1.0,NAICS_2007_Code,"Manufacturing of household stamped and spun aluminum utensils, cooking and kitchen, excluding top of range"
2007675006,332200,1.0,NAICS_2007_Code,Manufacturing of camping and outdoor stamped and spun aluminum cooking equipment
2007675009,332200,1.0,NAICS_2007_Code,Manufacturing of other stamped and spun aluminum cooking and kitchen utensils (including commercial and hospital)
2007700000,332200,1.0,NAICS_2007_Code,Manufacturing of top of range household stamped and spun stainless steel utensils (items generally used directly on top of source of heat)
2007725000,332200,1.0,NAICS_2007_Code,"Manufacturing of other stamped and spun cooking and kitchen utensils, excluding aluminum (including copper and vitreous enamel)"
2007725003,332200,1.0,NAICS_2007_Code,"Manufacturing of other stamped and spun stainless steel cooking and kitchen utensils, excluding aluminum, including commercial, hospital, and outdoor cooking equipment"
2007725006,332200,1.0,NAICS_2007_Code,"Manufacturing of tinware (including household, commercial, hospital, and outdoor cooking equipment)"
2007725009,332200,1.0,NAICS_2007_Code,"Manufacturing of stamped and spun cooking and kitchen utensils, excluding aluminum (including copper and vitreous enamel), nec"
2007750000,331520,1.0,NAICS_2012_Code,Manufacturing of nonelectric cast aluminum pressure cookers (household-type) and nonelectric cast aluminum cooking utensils
2007775000,325610,1.0,NAICS_2012_Code,Manufacturing of household alkaline dishwashing detergents and hard surface cleaners
2007775003,325610,1.0,NAICS_2012_Code,Manufacturing of household liquid and dry alkaline automatic dishwashing detergents
2007775006,325610,1.0,NAICS_2012_Code,"Manufacturing of household liquid and dry alkaline hard surface cleaners, including degreasers, liquid and dry alkaline scouring cleaners."
2007800000,325610,1.0,NAICS_2012_Code,"Manufacturing of household soaps, excluding specialty cleaners (air/room fresheners, glass window cleaners, automotive windshield cleaners, oven cleaners, disinfectants, rug/upholstery cleaners) and bath, facial, and hand soaps"
2007825000,325610,1.0,NAICS_2012_Code,Manufacturing of household bleaches (chlorine and nonchlorine)
2007850000,325610,1.0,NAICS_2012_Code,"Manufacturing of air and room fresheners, household (excluding potpourri)"
2007875000,325610,1.0,NAICS_2012_Code,Manufacturing of other household specialty cleaning and sanitation products
2007875003,325610,1.0,NAICS_2012_Code,"Manufacturing of glass window cleaning preparations, excluding automotive windshield washer fluid, household"
2007875006,325610,1.0,NAICS_2012_Code,Manufacturing of oven cleaners
2007875009,325610,1.0,NAICS_2012_Code,"Manufacturing of toilet bowl cleaners, household"
2007875012,325610,1.0,NAICS_2012_Code,Manufacturing of drain pipe solvents
2007875015,325610,1.0,NAICS_2012_Code,"Manufacturing of bathroom, tub, and tile cleaners"
2007875018,325610,1.0,NAICS_2012_Code,"Manufacturing of disinfectants, nonagricultural, household"
2007875021,325610,1.0,NAICS_2012_Code,"Manufacturing of rug and upholstery cleaners, consumer-type preparations"
2007875024,325610,1.0,NAICS_2012_Code,Manufacturing of household ammonia
2007900000,325610,1.0,NAICS_2012_Code,"Manufacturing of polishing preparations and related products, household"
2007900003,325610,1.0,NAICS_2012_Code,"Manufacturing of furniture polish and cleaners, household"
2007900006,325610,1.0,NAICS_2012_Code,"Manufacturing of floor polish, water emulsion, household"
2007900009,325610,1.0,NAICS_2012_Code,"Manufacturing of floor polish, liquid (nonemulsion)"
2007900012,325610,1.0,NAICS_2012_Code,"Manufacturing of floor polish other than liquid form, including paste and cake"
2007925000,325610,1.0,NAICS_2012_Code,"Manufacturing of household dry laundry detergents, heavy-duty, phosphate-free, and household liquid laundry detergents, light-duty and heavy-duty"
2007950000,325610,1.0,NAICS_2012_Code,"Manufacturing of dry and liquid laundry fabric softeners and rinses, dryer sheets, and starch preparations, including permanent types"
2007975000,339990,1.0,NAICS_2012_Code,Manufacturing of brooms
2007975003,339990,1.0,NAICS_2012_Code,"Manufacturing of brooms, household floor"
2007975006,339990,1.0,NAICS_2012_Code,"Manufacturing of brooms, other types (hearth, industrial, stable, street, streetsweeping machine, etc.)"
2008000000,339990,1.0,NAICS_2012_Code,"Manufacturing of mops and dusters, including refills"
2008025000,339990,1.0,NAICS_2012_Code,"Manufacturing of brushes, maintenance (including dusting, floor, scrub, twisted-in-wire, and window), household"
2008050000,314900,1.0,NAICS_2012_Code,Manufacturing of fabricated dust rags
2008075000,332999,1.0,NAICS_2012_Code,Manufacturing of steel wool and metal scouring pads (including pads with soap)
2008100000,326190,1.0,NAICS_2012_Code,Manufacturing of plastics sponges and scrubbing pads (excluding foam)
2008125000,322120,0.5,NAICS_2012_Code,"Manufacturing of paper towels, retail packages (rolled, folded, and interfolded)"
2008125000,322291,0.5,NAICS_2012_Code,"Manufacturing of paper towels, retail packages (rolled, folded, and interfolded)"
2008150000,322120,0.5,NAICS_2012_Code,"Manufacturing of paper towels, industrial packages (rolled, folded, and interfolded)"
2008150000,322291,0.5,NAICS_2012_Code,"Manufacturing of paper towels, industrial packages (rolled, folded, and interfolded)"
2008175000,322120,0.5,NAICS_2012_Code,"Manufacturing of other paper products for cleaning, including paper wipers (excluding nonwoven)"
2008175000,322291,0.5,NAICS_2012_Code,"Manufacturing of other paper products for cleaning, including paper wipers (excluding nonwoven)"
2008200000,335220,1.0,NAICS_2012_Code,Manufacturing of outdoor cooking equipment and supplies
2008200003,335220,1.0,NAICS_2012_Code,"Manufacturing of gas fuel or both gas and other fuel barbecuers, grills, stoves, braziers, etc. for outdoor cooking and other portable cooking"
2008200006,335220,1.0,NAICS_2012_Code,"Manufacturing of solid fuel (including charcoal, wood, coal, etc.) barbecuers, grills, stoves, braziers, etc. for outdoor cooking and other portable cooking"
2008200009,335220,1.0,NAICS_2012_Code,Manufacturing of all other outdoor cooking and other portable cooking equipment
2008225000,326220,1.0,NAICS_2012_Code,Manufacturing of rubber and plastics garden hose (with or without fittings)
2008250000,333112,1.0,NAICS_2012_Code,"Manufacturing of consumer nonriding lawn, garden, and snow equipment"
2008250003,333112,1.0,NAICS_2012_Code,"Manufacturing of lawnmowers, push-type, reel (powered and nonpowered) and rotary, gas powered"
2008250006,333112,1.0,NAICS_2012_Code,"Manufacturing of lawnmowers, rotary, self-propelled, gas-powered"
2008250009,333112,1.0,NAICS_2012_Code,"Manufacturing of lawnmowers, electric, all types, including battery-powered"
2008250012,333112,1.0,NAICS_2012_Code,Manufacturing of rotary garden (motor) tillers
2008250015,333112,1.0,NAICS_2012_Code,"Manufacturing of two-wheel tractors, walking-type (excluding rotary tillers)"
2008250018,333112,1.0,NAICS_2012_Code,"Manufacturing of snow throwers (snow blower) (excluding attachment-type), single stage"
2008250021,333112,1.0,NAICS_2012_Code,"Manufacturing of snow throwers (snow blower) (excluding attachment-type), dual stage"
2008250024,333112,1.0,NAICS_2012_Code,"Manufacturing of powered lawn edger/trimmers, fixed blades"
2008250027,333112,1.0,NAICS_2012_Code,"Manufacturing of powered lawn edger/trimmers, other than fixed blades"
2008250031,333112,1.0,NAICS_2012_Code,Manufacturing of shredders and shredder-grinders
2008250034,333112,1.0,NAICS_2012_Code,Manufacturing of yard vacuums and blowers
2008250037,333112,1.0,NAICS_2012_Code,"Manufacturing of other consumer nonriding lawn, garden, and snow equipment"
2008275000,333112,1.0,NAICS_2012_Code,"Manufacturing of consumer riding lawn, garden, and snow equipment"
2008275003,333112,1.0,NAICS_2012_Code,"Manufacturing of lawn tractors and riding mowers, front engine"
2008275006,333112,1.0,NAICS_2012_Code,"Manufacturing of lawn tractors and riding mowers, rear engine"
2008275009,333112,1.0,NAICS_2012_Code,Manufacturing of garden tractors
2008275012,333112,1.0,NAICS_2012_Code,"Manufacturing of other consumer riding lawn, garden, and snow equipment"
2008300000,339920,1.0,NAICS_2012_Code,"Manufacturing of above-ground swimming pools, 15 feet or more in diameter, filtered, completely manufactured"
2008325000,333414,1.0,NAICS_2012_Code,"Manufacturing of domestic heating stoves, hearth appliances, and freestanding wood fireplaces (excluding electric and parts)"
2008350000,326190,1.0,NAICS_2012_Code,Manufacturing of household trash bags and trash and utility containers
2008350003,326190,1.0,NAICS_2012_Code,Manufacturing of plastics wastebaskets (excluding foam)
2008350006,326190,1.0,NAICS_2012_Code,Manufacturing of plastics garbage and trash containers (excluding trash bags) (excluding foam)
2008350009,326190,1.0,NAICS_2012_Code,"Manufacturing of plastics utility containers (buckets, pails, laundry baskets, vegetable bins, dishpans, etc.) (excluding foam)"
2008350012,326190,1.0,NAICS_2012_Code,"Manufacturing of plastics picnic jugs, cooler chests, and ice buckets (excluding foam)"
2008375000,332200,1.0,NAICS_2007_Code,"Manufacturing of nonelectric hair clippers for human use, and all other knives (including pocket, pen, and replacement blade knives)"
2008400000,332200,1.0,NAICS_2007_Code,"Manufacturing of household scissors and shears (including barber, pinking and tailoring shears, manicure and pedicure scissors and implements, tweezers) and all other scissors and shears, excluding tool-type"
2008425000,332200,1.0,NAICS_2007_Code,"Manufacturing of all other cutlery (including knife blades), excluding kitchen cutlery"
2008430000,322299,1.0,NAICS_2012_Code,Manufacturing of paper party and holiday goods and accessories
2008450000,326190,1.0,NAICS_2012_Code,"Manufacturing of plastics sinkware (flatware, dish drainers, drainer trays and mats, sink mats, sink strainers, dustpans, soapdishes, etc.) (excluding foam and wire coated)"
2008475000,322120,0.5,NAICS_2012_Code,"Manufacturing of paper table napkins, industrial and retail packages, bulk and dispenser types"
2008475000,322291,0.5,NAICS_2012_Code,"Manufacturing of paper table napkins, industrial and retail packages, bulk and dispenser types"
2008500000,322220,1.0,NAICS_2007_Code,"Manufacturing of waxed and wax-laminated paper for nonpackaging uses, including household use"
2008525000,33131B,1.0,NAICS_2012_Code,Manufacturing of plain aluminum foil
2008550000,334300,1.0,NAICS_2012_Code,"Manufacturing of television receivers, including combination models"
2008575000,333316,1.0,NAICS_2007_Code,"Manufacturing of still cameras (hand-type cameras, process cameras for photoengraving and photolithography, and other still cameras)"
2008600000,333316,1.0,NAICS_2007_Code,"Manufacturing of other still picture equipment, parts, attachments, and accessories, including photographic laser systems and equipment (excluding projection screens)"
2008610000,334118,1.0,override,Manufacturing of digital cameras
2008620000,334118,1.0,override,"Manufacturing of parts, subassemblies, and accessories for digital cameras"
2008625000,334300,1.0,NAICS_2012_Code,"Manufacturing of speakers, including loudspeaker systems and loudspeakers"
2008625003,334300,1.0,NAICS_2012_Code,Manufacturing of single loudspeakers mounted in an enclosure (excluding for automobiles)
2008625009,334300,1.0,NAICS_2012_Code,Manufacturing of unmounted speakers (excluding for automobiles)
2008650000,334300,1.0,NAICS_2012_Code,"Manufacturing of other consumer audio and video equipment, including audio and video recorders and players (camcorders)"
2008650003,334300,1.0,NAICS_2012_Code,"Manufacturing of power amplifiers, including preamplifiers"
2008650006,334300,1.0,NAICS_2012_Code,"Manufacturing of other consumer audio and video equipment (excluding speakers), portable digital music players, portable stereos/boom boxes, DVD players, including combinations and digital video recorders"
2008675000,339920,1.0,NAICS_2012_Code,"Manufacturing of team sports helmets, body protective equipment, baseball and softball bats, and other team sports equipment (excluding apparel and shoes)"
2008700000,336991,1.0,NAICS_2012_Code,"Manufacturing of bicycles and other cycles, all types, except children's sidewalk bikes"
2008725000,33299A,1.0,NAICS_2012_Code,Manufacturing of rimfire rifle/pistol cartridges
2008750000,33299A,1.0,NAICS_2012_Code,Manufacturing of centerfire rifle cartridges
2008775000,33299A,1.0,NAICS_2012_Code,"Manufacturing of centerfire pistol cartridges, including cartridges interchangeable between rifles and pistols (30 mm or less, 1.18 in. or less)"
2008800000,33299A,1.0,NAICS_2012_Code,Manufacturing of shotgun shells
2008825000,33299A,1.0,NAICS_2012_Code,"Manufacturing of primers (30 mm or less, 1.18 in. or less) and all other ammunition components"
2008850000,33299A,1.0,NAICS_2012_Code,Manufacturing of centerfire pistols and revolvers
2008875000,33299A,1.0,NAICS_2012_Code,Manufacturing of rimfire pistols and revolvers
2008900000,33299A,1.0,NAICS_2012_Code,"Manufacturing of rifles, excluding semiautomatic rifles"
2008900003,33299A,1.0,NAICS_2012_Code,Manufacturing of centerfire bolt repeater rifles
2008900006,33299A,1.0,NAICS_2012_Code,Manufacturing of all other centerfire rifles
2008900009,33299A,1.0,NAICS_2012_Code,Manufacturing of rimfire rifles
2008925000,33299A,1.0,NAICS_2012_Code,Manufacturing of single barrel shotguns and other small firearms
2008925003,33299A,1.0,NAICS_2012_Code,Manufacturing of single barrel shotguns
2008925006,33299A,1.0,NAICS_2012_Code,"Manufacturing of other small firearms (including double barrel shotguns, combination rifle-shotguns, and tranquilizer guns)"
2008950000,339920,1.0,NAICS_2012_Code,Manufacturing of golf balls and clubs
2008975000,316000,0.5,NAICS_2007_Code,"Manufacturing of other golf equipment (including golf bags, handcarts for golf bags, golf club shafts, tees, and training devices)"
2008975000,339920,0.5,NAICS_2012_Code,"Manufacturing of other golf equipment (including golf bags, handcarts for golf bags, golf club shafts, tees, and training devices)"
2009000000,339920,1.0,NAICS_2012_Code,Manufacturing of fishing tackle and equipment
2009025000,314900,1.0,NAICS_2007_Code,Manufacturing of camping tents and sleeping bags
2009025003,314900,1.0,NAICS_2007_Code,Manufacturing of camping tents
2009025006,314900,1.0,NAICS_2012_Code,Manufacturing of sleeping bags
2009050000,316000,0.5,NAICS_2007_Code,Manufacturing of other athletic goods
2009050000,339920,0.5,NAICS_2012_Code,Manufacturing of other athletic goods
2009050003,339920,1.0,NAICS_2012_Code,Manufacturing of billiard and pool equipment
2009050006,339920,1.0,NAICS_2012_Code,Manufacturing of bowling balls
2009050009,339920,1.0,NAICS_2012_Code,"Manufacturing of sailboards, surfboards, water skis, and underwater sports equipment (excluding cameras and watches)"
2009050012,339920,1.0,NAICS_2012_Code,"Manufacturing of other water sports equipment (excluding cameras, watches, shoes, and apparel)"
2009050015,339920,1.0,NAICS_2012_Code,"Manufacturing of archery and tennis equipment (excluding apparel, nets, and shoes)"
2009050018,339920,1.0,NAICS_2012_Code,"Manufacturing of skateboards, wood and plastics"
2009050021,339920,1.0,NAICS_2012_Code,"Manufacturing of snow skis, snowboards, and other snow ski equipment"
2009050024,339920,1.0,NAICS_2012_Code,Manufacturing of other winter sports equipment
2009050027,316000,0.5,NAICS_2007_Code,"Manufacturing of other sporting and athletic equipment (badminton, paint ball, racquetball, squash, table tennis, and roller skates) (excluding apparel and general-use athletic shoes)"
2009050027,339920,0.5,NAICS_2012_Code,"Manufacturing of other sporting and athletic equipment (badminton, paint ball, racquetball, squash, table tennis, and roller skates) (excluding apparel and general-use athletic shoes)"
2009075000,339920,1.0,NAICS_2012_Code,"Manufacturing of playground equipment for home use (including sandboxes, seesaws, slides, and swing sets)"
2009100000,339113,1.0,NAICS_2012_Code,"Manufacturing of personal safety equipment for sporting activities, such as life preservers and auto racing and motorcycle helmets"
2009125000,314900,1.0,NAICS_2007_Code,Manufacturing of canvas sails
2009130000,335120,1.0,NAICS_2012_Code,"Manufacturing of incandescent hand portable lighting equipment, including rechargeable battery-operated, flashlights, flashlight lanterns, emergency warning lights, and generator flashlights"
2009135000,335120,1.0,NAICS_2012_Code,"Manufacturing of nonelectric lighting fixtures and equipment, complete units (including lamps and lanterns using kerosene, gasoline, propane, butane, etc., and carbide lamps of all types)"
2009150000,339930,1.0,NAICS_2007_Code,"Manufacturing of dolls, action figures, toy animals, and stuffed toys, including parts and accessories"
2009175000,339930,1.0,NAICS_2007_Code,"Manufacturing of baby carriages and children's vehicles (including parts for children's vehicles), except bicycles with pneumatic tires"
2009200000,339930,1.0,NAICS_2007_Code,"Manufacturing of models (operating and static), craft kits and supplies, natural science kits and sets, and collectors' miniatures"
2009225000,323110,0.5,NAICS_2007_Code,"Manufacturing of nonelectronic games and puzzles, including parts"
2009225000,339930,0.5,NAICS_2007_Code,"Manufacturing of nonelectronic games and puzzles, including parts"
2009225003,323110,1.0,NAICS_2007_Code,Manufacturing of playing cards
2009225006,339930,1.0,NAICS_2007_Code,"Manufacturing of other nonelectronic games and puzzles, including parts"
2009250000,339930,1.0,NAICS_2007_Code,"Manufacturing of other nonelectronic, nonriding toys, including parts"
2009275000,339930,1.0,NAICS_2007_Code,"Manufacturing of electronic toys and games (including video game devices and hand-held electronic home video games), except cartridges, disks, and tapes"
2009300000,336612,1.0,NAICS_2012_Code,"Manufacturing of motorboats, outboard, wood or metal, including commercial and military (excluding sailboats and lifeboats)"
2009300003,336612,1.0,NAICS_2012_Code,"Manufacturing of motorboats, outboard, runabouts, wood or metal"
2009300006,336612,1.0,NAICS_2012_Code,"Manufacturing of motorboats, outboard, utility, wood or metal"
2009300009,336612,1.0,NAICS_2012_Code,"Manufacturing of motorboats, outboard, pontoon, wood or metal"
2009300012,336612,1.0,NAICS_2012_Code,"Manufacturing of motorboats, outboard, bass, wood or metal"
2009300015,336612,1.0,NAICS_2012_Code,"Manufacturing of motorboats, outboard, fish and ski, wood or metal"
2009300018,336612,1.0,NAICS_2012_Code,"Manufacturing of motorboats, outboard, other fishing types, wood or metal"
2009300021,336612,1.0,NAICS_2012_Code,"Manufacturing of motorboats, outboard, other types (including cabin cruisers and center consoles), wood or metal"
2009325000,336612,1.0,NAICS_2012_Code,"Manufacturing of motorboats, outboard, plastics (reinforced) fiberglass, including commercial and military (excluding sailboats, and lifeboats, and bass)"
2009325003,336612,1.0,NAICS_2012_Code,"Manufacturing of motorboats, outboard, runabouts, plastics (reinforced) fiberglass"
2009325006,336612,1.0,NAICS_2012_Code,"Manufacturing of motorboats, outboard, utility, plastics (reinforced) fiberglass"
2009325009,336612,1.0,NAICS_2012_Code,"Manufacturing of motorboats, outboard, cabin cruisers, plastics (reinforced) fiberglass"
2009325012,336612,1.0,NAICS_2012_Code,"Manufacturing of motorboats, outboard, center console, plastics (reinforced) fiberglass"
2009325015,336612,1.0,NAICS_2012_Code,"Manufacturing of motorboats, outboard, deck, plastics (reinforced) fiberglass"
2009325018,336612,1.0,NAICS_2012_Code,"Manufacturing of motorboats, outboard, fish and ski (excluding bass), plastics (reinforced) fiberglass"
2009325021,336612,1.0,NAICS_2012_Code,"Manufacturing of motorboats, outboard, other fishing types (excluding bass), plastics (reinforced) fiberglass"
2009325024,336612,1.0,NAICS_2012_Code,"Manufacturing of motorboats, outboard, other types (excluding bass), plastics (reinforced) fiberglass"
2009350000,336612,1.0,NAICS_2012_Code,"Manufacturing of motorboats, outboard, bass, plastics (reinforced) fiberglass"
2009375000,336612,1.0,NAICS_2012_Code,"Manufacturing of motorboats, inboard, cabin cruisers, including commercial and military (excluding sailboats and lifeboats)"
2009375003,336612,1.0,NAICS_2012_Code,"Manufacturing of motorboats, inboard, cabin cruisers, less than 40 ft (12.19 m) in length"
2009375006,336612,1.0,NAICS_2012_Code,"Manufacturing of motorboats, inboard, cabin cruisers, 40 ft (12.19 m) or more in length (professional crew not required by Coast Guard)"
2009400000,336612,1.0,NAICS_2012_Code,"Manufacturing of motorboats, inboard, other types, including commercial and military (excluding sailboats and lifeboats)"
2009400003,336612,1.0,NAICS_2012_Code,"Manufacturing of motorboats, inboard, runabouts"
2009400006,336612,1.0,NAICS_2012_Code,"Manufacturing of motorboats, inboard, all other types, including houseboats"
2009425000,336612,1.0,NAICS_2012_Code,"Manufacturing of inboard-outdrive boats, cabin cruisers"
2009450000,336612,1.0,NAICS_2012_Code,"Manufacturing of inboard-outdrive boats, other types, including commercial and military (excluding sailboats and lifeboats)"
2009450003,336612,1.0,NAICS_2012_Code,"Manufacturing of inboard-outdrive boats, houseboats"
2009450006,336612,1.0,NAICS_2012_Code,"Manufacturing of inboard-outdrive boats, runabouts"
2009450009,336612,1.0,NAICS_2012_Code,"Manufacturing of inboard-outdrive boats, fishing"
2009450012,336612,1.0,NAICS_2012_Code,"Manufacturing of inboard-outdrive boats, other types, including center consoles"
2009475000,326290,0.5,NAICS_2012_Code,"Manufacturing of boats, all other types, excluding military and commercial"
2009475000,336612,0.5,NAICS_2012_Code,"Manufacturing of boats, all other types, excluding military and commercial"
2009475003,336612,1.0,NAICS_2012_Code,"Manufacturing of sailboats, all sizes, excluding military and commercial"
2009475006,336612,1.0,NAICS_2012_Code,"Manufacturing of canoes, all types of materials, excluding military and commercial"
2009475009,336612,1.0,NAICS_2012_Code,"Manufacturing of hovercraft, heavy-duty rigid hull inflatable plastic and rubber boats, and similar Coast Guard approved boats (excluding military and commercial)"
2009475012,326290,1.0,NAICS_2012_Code,"Manufacturing of recreational light-weight rubber boats, life rafts, and pontoons (excluding heavy-duty rigid hull inflatable rubber boats)"
2009500000,336999,1.0,NAICS_2012_Code,Manufacturing of personal watercraft
2009525000,336991,1.0,NAICS_2012_Code,"Manufacturing of motorcycles, including three-wheel, motorbikes, motor scooters, mopeds, and parts (including sidecars)"
2009550000,336214,0.3333333333333333,NAICS_2012_Code,Manufacturing of other recreational vehicles
2009550000,336999,0.6666666666666666,NAICS_2012_Code,Manufacturing of other recreational vehicles
2009550003,336999,1.0,NAICS_2012_Code,"Manufacturing of all-terrain vehicles, gasoline and electric, for transport of people or goods, designed to traverse all types of terrain"
2009550006,336999,1.0,NAICS_2012_Code,"Manufacturing of other miscellaneous transportation equipment, including snowmobiles"
2009550009,336214,1.0,NAICS_2012_Code,"Manufacturing of automobile and light truck horse trailers, and other light trailers, 26,000 lbs or less"
2009550012,336214,1.0,NAICS_2012_Code,"Manufacturing of automobile and light truck boat trailers 26,000 lb or less GVW"
2009550015,336214,1.0,NAICS_2012_Code,"Manufacturing of automobile and light truck horse and boat trailers 26,001 lb or more GVW"
2009575000,339990,1.0,NAICS_2012_Code,"Manufacturing of pianos, nonelectronic"
2009625000,339990,1.0,NAICS_2012_Code,Manufacturing of organs
2009625003,339990,1.0,NAICS_2012_Code,"Manufacturing of organs, pipe and reed"
2009625006,339990,1.0,NAICS_2012_Code,"Manufacturing of organs, other types, including electronic"
2009650000,339990,1.0,NAICS_2012_Code,"Manufacturing of musical instruments, electronic, other types (including pianos and synthesizers), excluding electronic organs"
2009675000,339990,1.0,NAICS_2012_Code,"Manufacturing of musical instruments, nonelectronic, other types"
2009725000,311119,1.0,NAICS_2012_Code,Manufacturing of specialty pet feed
2009725003,311119,1.0,NAICS_2012_Code,"Manufacturing of specialty bird, fish and pet food and feed, excluding dog and cat"
2009725006,311119,1.0,NAICS_2012_Code,"Manufacturing of specialty laboratory (mouse, guinea pig, etc.) feed"
2009750000,311111,1.0,NAICS_2012_Code,Manufacturing of canned dog food
2009775000,311111,1.0,NAICS_2012_Code,Manufacturing of dry and semi moist dog food
2009800000,311111,1.0,NAICS_2012_Code,Manufacturing of canned cat food
2009825000,311111,1.0,NAICS_2012_Code,Manufacturing of dry and semi moist cat food
2009850000,316000,0.25,NAICS_2007_Code,Manufacturing of supplies and accessories for household pets
2009850000,3259A0,0.25,NAICS_2012_Code,Manufacturing of supplies and accessories for household pets
2009850000,327200,0.25,NAICS_2012_Code,Manufacturing of supplies and accessories for household pets
2009850000,339930,0.25,NAICS_2007_Code,Manufacturing of supplies and accessories for household pets
2009850003,316000,1.0,NAICS_2007_Code,"Manufacturing of household pet accessories (dog collars, leashes, etc.)"
2009850006,339930,1.0,NAICS_2007_Code,Manufacturing of pet toys
2009850009,327200,1.0,NAICS_2012_Code,Manufacturing of aquariums and related products
2009850012,3259A0,1.0,NAICS_2012_Code,"Manufacturing of cat litter, excluding natural and untreated materials"
2009875000,336111,1.0,NAICS_2012_Code,"Manufacturing of complete passenger vehicles, knockdown or assembled, including passenger car chassis and nonarmored military automobiles"
2009875003,336111,1.0,NAICS_2012_Code,"Manufacturing of manned complete passenger vehicles, knockdown or assembled, including passenger car chassis and nonarmored military automobiles"
2009875006,336111,1.0,NAICS_2012_Code,Manufacturing of unmanned robotic passenger vehicles
2009900000,336112,1.0,NAICS_2012_Code,"Manufacturing of trucks, truck tractors, and truck and bus chassis, 14,000 lb or less, including minivans and sport utility vehicles"
2009900003,336112,1.0,NAICS_2012_Code,"Manufacturing of trucks, truck tractors, and truck and bus chassis, 6,000 lb or less"
2009900006,336112,1.0,NAICS_2012_Code,"Manufacturing of trucks, truck tractors, and truck and bus chassis, 6,001 lb to 10,000 lb"
2009900009,336112,1.0,NAICS_2012_Code,"Manufacturing of trucks, truck tractors, and truck and bus chassis, 10,001 lb to 14,000 lb"
2009925000,336211,1.0,NAICS_2012_Code,Manufacturing of kit cars
2009950000,336213,1.0,NAICS_2012_Code,Manufacturing of motor homes
2009950003,336213,1.0,NAICS_2012_Code,Manufacturing of conventional (type A) motor homes
2009950006,336213,1.0,NAICS_2012_Code,"Manufacturing of other motor homes, including chopped vans (type C), van campers (type B), and converted vans"
2009975000,336214,1.0,NAICS_2012_Code,Manufacturing of conventional travel trailers
2010000000,336214,1.0,NAICS_2012_Code,Manufacturing of fifth wheel travel trailers
2010025000,336214,1.0,NAICS_2012_Code,Manufacturing of folddown camping trailers
2010050000,336214,1.0,NAICS_2012_Code,"Manufacturing of truck (pickup) campers (for sliding on and off trucks), caps, and box covers, excluding parts"
2010075000,336214,1.0,NAICS_2012_Code,"Manufacturing of other parts for travel and camping trailers (including bodies and chassis), and parts for truck (pickup) campers and caps (excluding appliances and furnishings)"
2010100000,314900,1.0,NAICS_2007_Code,"Manufacturing of duffle bags, wholly or chiefly cotton (including canvas and open-mesh) and wholly or chiefly manmade fibers"
2010125000,316000,1.0,NAICS_2007_Code,"Manufacturing of luggage (including suitcases, travel bags, backpacks, and other types)"
2010125003,316000,1.0,NAICS_2007_Code,Manufacturing of suitcases
2010125006,316000,1.0,NAICS_2007_Code,"Manufacturing of travel bags (including casual, unstructured totes, soft carry-ons, overnight, duffels, and roll), excluding suitcases"
2010125009,316000,1.0,NAICS_2007_Code,Manufacturing of garment bags (suit bags)
2010125012,316000,1.0,NAICS_2007_Code,"Manufacturing of sports bags, including bags dedicated to a particular sport and general purpose gym bags"
2010125015,316000,1.0,NAICS_2007_Code,Manufacturing of backpacks (daypacks)
2010125018,316000,1.0,NAICS_2007_Code,Manufacturing of computer bags
2010125021,316000,1.0,NAICS_2007_Code,"Manufacturing of business cases (including attaches, briefcases, and portfolios)"
2010125024,316000,1.0,NAICS_2007_Code,"Manufacturing of luggage, all other types"
2010150000,325412,1.0,NAICS_2012_Code,"Manufacturing of pharmaceutical preparations, affecting neoplasms, the endocrine system, and metabolic diseases, for human use"
2010150003,325412,1.0,NAICS_2012_Code,"Manufacturing of systemic, local, and topical corticoid hormone preparations, including anti-infective combinations"
2010150006,325412,1.0,NAICS_2012_Code,"Manufacturing of androgenic hormone preparations, excluding anabolic agents"
2010150009,325412,1.0,NAICS_2012_Code,Manufacturing of estrogenic hormone preparations
2010150012,325412,1.0,NAICS_2012_Code,Manufacturing of insulin and antidiabetic agents
2010150015,325412,1.0,NAICS_2012_Code,Manufacturing of oral contraceptive preparations
2010150018,325412,1.0,NAICS_2012_Code,"Manufacturing of progestogens, excluding premenstrual tension preparations"
2010150021,325412,1.0,NAICS_2012_Code,"Manufacturing of thyroid and anti-thyroid preparations, including iodides and propylthiouracil"
2010150024,325412,1.0,NAICS_2012_Code,"Manufacturing of other hormone preparations, including sex hormone combinations, ACTH and anabolic agents, excluding progestogen combinations"
2010150027,325412,1.0,NAICS_2012_Code,"Manufacturing of anti-neoplastic agents, including radioactive isotopes, and specific anti-neoplastic agents"
2010150031,325412,1.0,NAICS_2012_Code,"Manufacturing of other pharmaceutical preparations affecting neoplasms, the endocrine system, and metabolic diseases, for human use"
2010175000,325412,1.0,NAICS_2012_Code,"Manufacturing of pharmaceutical preparations, acting on the central nervous system and the sense organs, for human use"
2010175003,325412,1.0,NAICS_2012_Code,Manufacturing of parasympathomimetic cholinergic drugs
2010175006,325412,1.0,NAICS_2012_Code,Manufacturing of skeletal muscle relaxants
2010175009,325412,1.0,NAICS_2012_Code,"Manufacturing of narcotic internal analgesics and antipyretics, opium and derivatives"
2010175012,325412,1.0,NAICS_2012_Code,"Manufacturing of narcotic internal analgesics and antipyretics, synthetic narcotics"
2010175015,325412,1.0,NAICS_2012_Code,"Manufacturing of non-narcotic internal salicylates and anti-pyrectics, such as sodium salicylate, including aspirin"
2010175018,325412,1.0,NAICS_2012_Code,"Manufacturing of non-narcotic internal analgesics and anti-pyrectics, aspirin combinations"
2010175021,325412,1.0,NAICS_2012_Code,"Manufacturing of non-narcotic internal analgesics and anti-pyrectics, acetaminophen and combinations"
2010175024,325412,1.0,NAICS_2012_Code,"Manufacturing of non-narcotic internal analgesics and anti-pyrectics, anti-arthritics and anti-inflammatory"
2010175027,325412,1.0,NAICS_2012_Code,"Manufacturing of other internal analgesics and antipyretics, including effervescent types and suppositories"
2010175031,325412,1.0,NAICS_2012_Code,"Manufacturing of anticonvulsants, excluding barbiturates and analogs"
2010175033,325412,1.0,NAICS_2012_Code,"Manufacturing of psychotherapeutic agents, antidepressants"
2010175036,325412,1.0,NAICS_2012_Code,"Manufacturing of psychotherapeutic agents, tranquilizers, phenothiazine derivatives"
2010175039,325412,1.0,NAICS_2012_Code,Manufacturing of other psychotherapeutic agents
2010175042,325412,1.0,NAICS_2012_Code,"Manufacturing of central nervous system stimulants, excluding nondrug dietaries for weight control"
2010175045,325412,1.0,NAICS_2012_Code,"Manufacturing of prescription sedatives and hypnotics, barbiturates"
2010175048,325412,1.0,NAICS_2012_Code,"Manufacturing of prescription sedatives and hypnotics, non-barbiturates"
2010175051,325412,1.0,NAICS_2012_Code,"Manufacturing of nonprescription, sleep inducers, and calming agents, excluding antihistamines"
2010175054,325412,1.0,NAICS_2012_Code,"Manufacturing of anesthetics, including general, local, and topical"
2010175057,325412,1.0,NAICS_2012_Code,Manufacturing of contact lens solutions
2010175061,325412,1.0,NAICS_2012_Code,"Manufacturing of other eye and ear preparations, including mydriatics, and miotics"
2010175063,325412,1.0,NAICS_2012_Code,"Manufacturing of other pharmaceutical preparations acting on the central nervous system and the sense organs, for human use"
2010200000,325412,1.0,NAICS_2012_Code,"Manufacturing of pharmaceutical preparations, acting on the cardiovascular system, for human use"
2010200003,325412,1.0,NAICS_2012_Code,"Manufacturing of anticoagulants, hemostatics, and digitalis preparations"
2010200006,325412,1.0,NAICS_2012_Code,"Manufacturing of hypotensives, including rauwolfia-alkaloid preparations and beta receptor blocking agents"
2010200009,325412,1.0,NAICS_2012_Code,"Manufacturing of vasodilators, coronary and peripheral"
2010200012,325412,1.0,NAICS_2012_Code,"Manufacturing of vasodilators, anti-arrythmics"
2010200015,325412,1.0,NAICS_2012_Code,"Manufacturing of vasodilators, calcium channel blockers"
2010200018,325412,1.0,NAICS_2012_Code,"Manufacturing of vasodilators, ace inhibitors"
2010200021,325412,1.0,NAICS_2012_Code,"Manufacturing of other pharmaceutical preparations, acting on the cardiovascular system, including vasopressors and anti-heparin agents, for human use"
2010225000,325412,1.0,NAICS_2012_Code,"Manufacturing of pharmaceutical preparations, acting on the respiratory system, for human use"
2010225003,325412,1.0,NAICS_2012_Code,"Manufacturing of antihistamines and bronchial dilators, including antiasthmatics, excluding cold preparations and anti-emetics"
2010225006,325412,1.0,NAICS_2012_Code,"Manufacturing of cough preparations and expectorants, narcotic and non-narcotic, prescription"
2010225009,325412,1.0,NAICS_2012_Code,"Manufacturing of antihistamine cold preparations, prescription"
2010225012,325412,1.0,NAICS_2012_Code,"Manufacturing of other cold preparations, including nasal decongestants, prescription"
2010225015,325412,1.0,NAICS_2012_Code,"Manufacturing of cough and cold combinations, prescription"
2010225018,325412,1.0,NAICS_2012_Code,"Manufacturing of cough and cold preparations, decongestants, including nasal sprays and nose drops, non-prescription"
2010225021,325412,1.0,NAICS_2012_Code,"Manufacturing of cough and cold preparations, cough syrup, non-prescription"
2010225024,325412,1.0,NAICS_2012_Code,"Manufacturing of cough and cold preparations, capsules and tablets, non-prescription"
2010225027,325412,1.0,NAICS_2012_Code,"Manufacturing of cough and cold preparations, lozenges, non-prescription"
2010225031,325412,1.0,NAICS_2012_Code,"Manufacturing of other cough and cold preparations, including topical preparations, cough drops, and others, non-prescription"
2010225033,325412,1.0,NAICS_2012_Code,"Manufacturing of other pharmaceutical preparations, acting on the respiratory system, including beta agonists, for human use"
2010250000,325412,1.0,NAICS_2012_Code,"Manufacturing of pharmaceutical preparations, acting on the digestive or the genito-urinary systems, for human use"
2010250003,325412,1.0,NAICS_2012_Code,Manufacturing of digestive system enzymes
2010250006,325412,1.0,NAICS_2012_Code,"Manufacturing of antacids and antidiarrheals, including acid neutralizing and products with coating functions"
2010250009,325412,1.0,NAICS_2012_Code,Manufacturing of irritant laxatives
2010250012,325412,1.0,NAICS_2012_Code,Manufacturing of bulk producing and emollient laxatives
2010250015,325412,1.0,NAICS_2012_Code,Manufacturing of fecal softeners
2010250018,325412,1.0,NAICS_2012_Code,Manufacturing of saline laxatives
2010250021,325412,1.0,NAICS_2012_Code,Manufacturing of enema specialties
2010250024,325412,1.0,NAICS_2012_Code,"Manufacturing of antispasmodics and anticholinergics, synthetics"
2010250027,325412,1.0,NAICS_2012_Code,"Manufacturing of other antispasmodics and anticholinergics, ataractic combinations, belladonna, H2 blocking agents, etc."
2010250031,325412,1.0,NAICS_2012_Code,"Manufacturing of other digestive system preparations, including digestants, bile therapy preparations, antinauseants, lipotropics, and diet aids"
2010250033,325412,1.0,NAICS_2012_Code,Manufacturing of urinary antibacterials and antiseptic preparations
2010250036,325412,1.0,NAICS_2012_Code,"Manufacturing of diuretics, thiazides and related agents"
2010250039,325412,1.0,NAICS_2012_Code,Manufacturing of oxytocics
2010250042,325412,1.0,NAICS_2012_Code,"Manufacturing of other pharmaceutical preparations, acting on the digestive or the genito-urinary systems, including urinary tract anesthetics, contraceptive agents, premenstrual tension preparations, and vaginal cleansers, for human use"
2010275000,325412,1.0,NAICS_2012_Code,"Manufacturing of pharmaceutical preparations, acting on skin, for human use"
2010275003,325412,1.0,NAICS_2012_Code,"Manufacturing of dermatological preparations, emollients and protectives, including burn remedies and ointment bases"
2010275006,325412,1.0,NAICS_2012_Code,"Manufacturing of dermatological preparations, antipruritics and local anesthetic skin preparations"
2010275009,325412,1.0,NAICS_2012_Code,"Manufacturing of dermatological preparations, antiacne preparations"
2010275012,325412,1.0,NAICS_2012_Code,"Manufacturing of dermatological preparations, antidandruff and antiseborrheic preparations, excluding dandruff shampoos"
2010275015,325412,1.0,NAICS_2012_Code,"Manufacturing of other dermatological preparations, including coal tar, sulfur, and resorcinol preparations"
2010275018,325412,1.0,NAICS_2012_Code,Manufacturing of hemorrhoidal preparations
2010275021,325412,1.0,NAICS_2012_Code,"Manufacturing of external analgesics and counterirritants, including ointments, jellies, pastes, creams, cerates, salves, liquids, and rubbing alcohol"
2010275024,325412,1.0,NAICS_2012_Code,"Manufacturing of other pharmaceutical preparations, acting on skin, for human use"
2010300000,325412,1.0,NAICS_2012_Code,"Manufacturing of pharmaceutical preparations, vitamin, nutrient, and hematinic preparations, for human use"
2010300003,325412,1.0,NAICS_2012_Code,"Manufacturing of multivitamins, plain and with minerals, excluding B-complex vitamins and fish liver oils"
2010300006,325412,1.0,NAICS_2012_Code,"Manufacturing of pediatric vitamin preparations, including drops, suspensions, and chewables"
2010300009,325412,1.0,NAICS_2012_Code,Manufacturing of prenatal vitamin preparations
2010300012,325412,1.0,NAICS_2012_Code,Manufacturing of B-complex preparations
2010300015,325412,1.0,NAICS_2012_Code,"Manufacturing of all other vitamin preparations, including fluoride preparations"
2010300018,325412,1.0,NAICS_2012_Code,"Manufacturing of fish liver oils (cod, etc.)"
2010300021,325412,1.0,NAICS_2012_Code,"Manufacturing of nutrients, excluding therapeutic dietary foods and infant formulas"
2010300024,325412,1.0,NAICS_2012_Code,"Manufacturing of oral and parenteral hematinics, with B12"
2010300027,325412,1.0,NAICS_2012_Code,Manufacturing of other oral and parenteral hematinics
2010300031,325412,1.0,NAICS_2012_Code,"Manufacturing of other vitamin, nutrient, and hematinic preparations including hospital solutions, tonics, and alternatives, excluding biologicals, for human use"
2010325000,325412,1.0,NAICS_2012_Code,"Manufacturing of pharmaceutical preparations, affecting parasitic and infective diseases, for human use (excluding diagnostics)"
2010325003,325412,1.0,NAICS_2012_Code,"Manufacturing of anti-infective agents, amebicides and trichomonicides"
2010325006,325412,1.0,NAICS_2012_Code,"Manufacturing of systemic antibiotics, broad and medium spectrum, tetracyclines"
2010325009,325412,1.0,NAICS_2012_Code,"Manufacturing of systemic antibiotics, broad and medium spectrum, cephalosporins"
2010325012,325412,1.0,NAICS_2012_Code,"Manufacturing of systemic antibiotics, broad and medium spectrum, erythromycins"
2010325015,325412,1.0,NAICS_2012_Code,"Manufacturing of systemic antibiotics, penicillins all forms"
2010325018,325412,1.0,NAICS_2012_Code,"Manufacturing of other broad and medium spectrum antibiotics, excluding sulfa-antibiotic combinations"
2010325021,325412,1.0,NAICS_2012_Code,Manufacturing of systemic antibiotics in combination with sulfonamides
2010325024,325412,1.0,NAICS_2012_Code,Manufacturing of topical antibiotic preparations
2010325027,325412,1.0,NAICS_2012_Code,"Manufacturing of tuberculostatic agents including isoniazid (isonicotinic acid hydrazide), and other antitubercular preparations"
2010325031,325412,1.0,NAICS_2012_Code,"Manufacturing of antimalarials, plasmodicides"
2010325033,325412,1.0,NAICS_2012_Code,"Manufacturing of sulfonamides, excluding antibiotic sulfonamide combinations"
2010325036,325412,1.0,NAICS_2012_Code,Manufacturing of antifungal preparations
2010325039,325412,1.0,NAICS_2012_Code,"Manufacturing of antivirals, systemic, such as zovirax and retrovir"
2010325042,325412,1.0,NAICS_2012_Code,Manufacturing of other anti-infective agents
2010325045,325412,1.0,NAICS_2012_Code,Manufacturing of general antibacterial and antiseptic preparations
2010325048,325412,1.0,NAICS_2012_Code,"Manufacturing of other pharmaceutical preparations, affecting parasitic and infective diseases, including anthelmintics, narrow-spectrum antibiotics, streptomycins, and antiseptic mouth and throat preparations, for human use"
2010350000,339113,1.0,NAICS_2012_Code,"Manufacturing of orthopedic and prosthetic appliances, other types, excluding intraocular lenses"
2010350003,339113,1.0,NAICS_2012_Code,"Manufacturing of orthopedic and prosthetic walking assistance appliances (crutches, canes, etc.), including wheelchairs"
2010350006,339113,1.0,NAICS_2012_Code,"Manufacturing of orthopedic and prosthetic braces, mechanical"
2010350009,339113,1.0,NAICS_2012_Code,"Manufacturing of orthopedic and prosthetic braces, suspensories, and supports, elastic"
2010350012,339113,1.0,NAICS_2012_Code,Manufacturing of orthopedic and prosthetic elastic stockings
2010350015,339113,1.0,NAICS_2012_Code,Manufacturing of orthopedic and prosthetic splints and trusses
2010350018,339113,1.0,NAICS_2012_Code,"Manufacturing of orthopedic and prosthetic foot care appliances (arch supports, etc.)"
2010350021,339113,1.0,NAICS_2012_Code,"Manufacturing of orthopedic and prosthetic appliances, all other types, including corsets"
2010375000,339115,1.0,NAICS_2012_Code,Manufacturing of prescription eyeware
2010375003,339115,1.0,NAICS_2012_Code,"Manufacturing of ophthalmic fronts, plastics, finished"
2010375006,339115,1.0,NAICS_2012_Code,"Manufacturing of ophthalmic fronts, other materials, finished"
2010375009,339115,1.0,NAICS_2012_Code,Manufacturing of ophthalmic temples
2010375012,339115,1.0,NAICS_2012_Code,"Manufacturing of ophthalmic focal lenses, glass, single-vision (including semifinished, ground and polished, and finished), excluding prescription ground and molded lens blanks"
2010375015,339115,1.0,NAICS_2012_Code,"Manufacturing of ophthalmic focal lenses, glass, multifocal (including semifinished, ground and polished, and finished), excluding prescription ground and molded lens blanks"
2010375018,339115,1.0,NAICS_2012_Code,"Manufacturing of ophthalmic focal lenses, plastics, single-vision (including semifinished, ground and polished, and finished), excluding prescription ground and molded lens blanks"
2010375021,339115,1.0,NAICS_2012_Code,"Manufacturing of ophthalmic focal lenses, plastics, multifocal (including semifinished, ground and polished, and finished), excluding prescription ground and molded lens blanks"
2010375024,339115,1.0,NAICS_2012_Code,"Manufacturing of ophthalmic focal lenses, contact, hard (conventional) (including semifinished, ground and polished, and finished), excluding molded lens blanks"
2010375027,339115,1.0,NAICS_2012_Code,"Manufacturing of ophthalmic focal lenses, contact, soft (including semifinished, ground and polished, and finished), excluding molded lens blanks"
2010400000,339115,1.0,NAICS_2012_Code,"Manufacturing of other eyewear, excluding industrial"
2010400003,339115,1.0,NAICS_2012_Code,"Manufacturing of antiglare glasses, ready-made (including reading, sunglasses, and sun goggles)"
2010400006,339115,1.0,NAICS_2012_Code,"Manufacturing of all other types of opthalmic goods, excluding industrial and antiglare glasses, and ophthalmic fronts (finished), temples, and focal lenses"
2010425000,334510,1.0,NAICS_2012_Code,Manufacturing of hearing aids
2010450000,326290,0.5,NAICS_2012_Code,Manufacturing of other home medical supplies
2010450000,339113,0.5,NAICS_2012_Code,Manufacturing of other home medical supplies
2010450003,326290,1.0,NAICS_2012_Code,"Manufacturing of rubber druggist and medical sundries, excluding gloves"
2010450006,339113,1.0,NAICS_2012_Code,"Manufacturing of first aid, snake bite, and burn kits"
2010475000,325610,1.0,NAICS_2012_Code,"Manufacturing of bath, facial, and hand soaps, including hand sanitizers"
2010500000,325620,1.0,NAICS_2012_Code,"Manufacturing of perfumes, toilet waters, and colognes"
2010525000,325620,1.0,NAICS_2012_Code,Manufacturing of hair preparations (including shampoos)
2010525003,325620,1.0,NAICS_2012_Code,"Manufacturing of professional hair shampoos containing soap, including products with additives for coloring, dandruff removal, etc."
2010525006,325620,1.0,NAICS_2012_Code,"Manufacturing of consumer use hair shampoos containing soap, including products with additives for coloring, dandruff removal, etc."
2010525009,325620,1.0,NAICS_2012_Code,"Manufacturing of cream and gel hair shampoos containing synthetic organic chemicals, including products with additives for coloring, dandruff removal, etc."
2010550000,325620,1.0,NAICS_2012_Code,"Manufacturing of hair tonics, including hair and scalp conditioners"
2010550003,325620,1.0,NAICS_2012_Code,"Manufacturing of professional hair tonics, including hair and scalp conditioners, hair mousse, hair perms, and hair coloring preparations (bleaches, dyes, rinses, tints, etc.)"
2010550006,325620,1.0,NAICS_2012_Code,"Manufacturing of consumer use hair tonics, including hair and scalp conditioners, hair mousse, hair perms (complete and refills), and hair coloring preparations (bleaches, dyes, rinses, tints, etc.)"
2010550009,325620,1.0,NAICS_2012_Code,"Manufacturing of hair dressings, including brilliantines, creams, pomades, aerosol and non-aerosol hair spray, hair rinses (excluding color rinses), heat-setting wave solutions, and other hair preparations"
2010575000,325610,1.0,NAICS_2012_Code,"Manufacturing of dentifrices, including toothpaste, gels and tooth powders"
2010600000,325620,1.0,NAICS_2012_Code,"Manufacturing of mouthwashes, gargles, rinses, and other oral hygiene products (including denture cleaners and adhesives)"
2010625000,325620,1.0,NAICS_2012_Code,"Manufacturing of creams, lotions and oils, excluding shaving, hair, and deodorant"
2010650000,325620,0.5,NAICS_2012_Code,"Manufacturing of shaving preparations, including shaving brushes"
2010650000,339990,0.5,NAICS_2012_Code,"Manufacturing of shaving preparations, including shaving brushes"
2010675000,325620,1.0,NAICS_2012_Code,Manufacturing of cosmetics and other toilet preparations
2010675003,325620,1.0,NAICS_2012_Code,Manufacturing of cosmetics
2010675006,325620,1.0,NAICS_2012_Code,"Manufacturing of other toilet preparations (including feminine hygiene douches and deodorants, excluding medicated)"
2010700000,322120,0.5,NAICS_2012_Code,Manufacturing of disposable diapers and other sanitary paper products
2010700000,322291,0.5,NAICS_2012_Code,Manufacturing of disposable diapers and other sanitary paper products
2010700003,322120,0.5,NAICS_2012_Code,"Manufacturing of disposable diapers and similar disposable products (including sanitary napkins, tampons, training pants, and incontinent pads)"
2010700003,322291,0.5,NAICS_2012_Code,"Manufacturing of disposable diapers and similar disposable products (including sanitary napkins, tampons, training pants, and incontinent pads)"
2010700006,322120,0.5,NAICS_2012_Code,"Manufacturing of other sanitary paper products (excluding industrial packaged toilet tissue), paper wipers (excluding nonwoven), absorbent pads, etc."
2010700006,322291,0.5,NAICS_2012_Code,"Manufacturing of other sanitary paper products (excluding industrial packaged toilet tissue), paper wipers (excluding nonwoven), absorbent pads, etc."
2010725000,322120,0.5,NAICS_2012_Code,"Manufacturing of facial tissues and handkerchiefs, including sputum wipes"
2010725000,322291,0.5,NAICS_2012_Code,"Manufacturing of facial tissues and handkerchiefs, including sputum wipes"
2010750000,322120,0.4,NAICS_2012_Code,Manufacturing of toilet tissue
2010750000,322291,0.6,NAICS_2012_Code,Manufacturing of toilet tissue
2010750003,322120,0.3333333333333333,NAICS_2012_Code,"Manufacturing of toilet tissue, retail packages, rolls and ovals"
2010750003,322291,0.6666666666666666,NAICS_2012_Code,"Manufacturing of toilet tissue, retail packages, rolls and ovals"
2010750012,322120,0.5,NAICS_2012_Code,Manufacturing of industrial packaged toilet tissue (all types)
2010750012,322291,0.5,NAICS_2012_Code,Manufacturing of industrial packaged toilet tissue (all types)
2010775000,339990,1.0,NAICS_2012_Code,"Manufacturing of brushes, all other personal, including toothbrushes and hairbrushes (excluding shaving brushes)"
2010800000,332200,1.0,NAICS_2007_Code,Manufacturing of razor blades and razors (excluding electric)
2010825000,332999,1.0,NAICS_2012_Code,"Manufacturing of miscellaneous fabricated products, made primarily of metal (combs and hair curlers, etc.)"
2010850000,339990,1.0,NAICS_2012_Code,"Manufacturing of burial caskets and coffins, completely lined and trimmed, adult sizes only, metal"
2010875000,339990,1.0,NAICS_2012_Code,"Manufacturing of burial caskets and coffins, completely lined and trimmed, adult sizes only, wood"
2010900000,339990,1.0,NAICS_2012_Code,"Manufacturing of burial caskets and coffins, other types (including burial boxes and vaults (excluding concrete and stone), casket shells, casket shipping cases and containers, and children's)"
2010925000,327390,1.0,NAICS_2012_Code,"Manufacturing of burial vaults and boxes, precast concrete"
2010925003,327390,1.0,NAICS_2012_Code,"Manufacturing of burial vaults, precast concrete"
2010925006,327390,1.0,NAICS_2012_Code,"Manufacturing of burial boxes, precast concrete"
2010950000,335912,1.0,NAICS_2012_Code,"Manufacturing of primary batteries, excluding lead acid"
2010950003,335912,1.0,NAICS_2012_Code,"Manufacturing of round and prismatic primary battery cells, including alkaline manganese, zinc carbon, mercuric oxide, lithium, and all other round and prismatic primary battery cells"
2010950006,335912,1.0,NAICS_2012_Code,"Manufacturing of button and coin primary battery cells, including silver oxide, alkaline manganese, zinc air, lithium, and all other button and coin primary battery cells"
2010950009,335912,1.0,NAICS_2012_Code,"Manufacturing of parts for primary batteries, excluding cases and containers"
2010975000,316000,1.0,NAICS_2007_Code,"Manufacturing of novelties and other leather or leather substitute (rubber, plastics, fabric or textiles) goods (desk sets, holsters, etc.)"
2010975003,316000,1.0,NAICS_2007_Code,"Manufacturing of novelties, made of leather or leather substitutes (rubber, plastics, fabric or textiles)"
2010975009,316000,1.0,NAICS_2007_Code,"Manufacturing of other leather or leather substitute (rubber, plastics, fabric or textiles) goods (desk sets, holsters, etc.)"
2011000000,3219A0,1.0,NAICS_2012_Code,"Manufacturing of jewelry boxes, silverware chests, instrument cases, cigar and cigarette boxes, microscope cases, tool or utility cases, and similar boxes, cases, and chests"
2011025000,314900,1.0,NAICS_2012_Code,"Manufacturing of ribbons, fused and sealed edge (not woven with fast edges)"
2011050000,314900,1.0,NAICS_2012_Code,"Manufacturing of fabricated textile products, all other types"
2011075000,339990,1.0,NAICS_2012_Code,"Manufacturing of umbrellas and parasols, including parts"
2011100000,333318,1.0,NAICS_2007_Code,"Manufacturing of mailing, letter handling, and addressing machines, excluding parts and attachments"
2011125000,333318,1.0,NAICS_2007_Code,"Manufacturing of other office machinery, excluding parts and attachments"
2011150000,333316,1.0,NAICS_2007_Code,"Manufacturing of photocopying equipment, including diffusion transfer, dye transfer, electrostatic, light and heat sensitive types, etc."
2011175000,33721A,1.0,NAICS_2012_Code,"Manufacturing of wood office seating, including upholstered"
2011200000,33721A,1.0,NAICS_2012_Code,Manufacturing of wood office desks and desk extensions
2011225000,33721A,1.0,NAICS_2012_Code,"Manufacturing of wood office files, storage units, and tables"
2011250000,33721A,1.0,NAICS_2012_Code,"Manufacturing of wood office furniture, other types (including panel and desking system accessories and components)"
2011275000,33721A,1.0,NAICS_2012_Code,"Manufacturing of office chairs, task and general, including upholstered, excluding wood"
2011300000,33721A,1.0,NAICS_2012_Code,"Manufacturing of office seating, other types, including upholstered, excluding wood"
2011325000,33721A,1.0,NAICS_2012_Code,"Manufacturing of office desks and desk extensions, excluding wood"
2011350000,33721A,1.0,NAICS_2012_Code,"Manufacturing of office files, vertical, legal- and letter-size, excluding wood"
2011375000,33721A,1.0,NAICS_2012_Code,"Manufacturing of office files, horizontal (lateral), legal- and letter-size, excluding wood"
2011400000,33721A,1.0,NAICS_2012_Code,"Manufacturing of office files, other types, excluding wood"
2011425000,33721A,1.0,NAICS_2012_Code,"Manufacturing of office storage units and tables, excluding wood"
2011450000,33721A,1.0,NAICS_2012_Code,"Manufacturing of office furniture, other types, including desking systems (including accessories and components), excluding wood"
2011475000,33721A,1.0,NAICS_2012_Code,"Manufacturing of office panel systems, including accessories and components, excluding wood"
2011500000,334111,1.0,NAICS_2012_Code,"Manufacturing of host computers, multiusers (mainframes, super computers, midrange servers, blade servers, UNIX servers, PC servers)"
2011500003,334111,1.0,NAICS_2012_Code,"Manufacturing of large-scale computer systems, including mainframes and super computers"
2011500006,334111,1.0,NAICS_2012_Code,Manufacturing of servers (all)
2011500009,334111,1.0,NAICS_2012_Code,Manufacturing of other host computers
2011525000,334111,1.0,NAICS_2012_Code,"Manufacturing of single user computers, microprocessor-based, capable of supporting attached peripherals (personal computers, workstations, portable computers, smart handheld devices)"
2011525003,334111,1.0,NAICS_2012_Code,Manufacturing of personal computers
2011525006,334111,1.0,NAICS_2012_Code,Manufacturing of workstations (microprocessor-based single-user systems distinguished from PCs by operating systems and relative-high performance)
2011525009,334111,1.0,NAICS_2012_Code,"Manufacturing of mobile computers (including notebooks, subnotebooks, laptops, and tablet PCs)"
2011525012,334111,1.0,NAICS_2012_Code,Manufacturing of smart handheld devices
2011525015,334111,1.0,NAICS_2012_Code,Manufacturing of all other single-user computers
2011550000,334111,1.0,NAICS_2012_Code,"Manufacturing of other computers (array, analog, hybrid, and special-use computers)"
2011575000,334118,1.0,NAICS_2007_Code,"Manufacturing of computer terminals (excluding point-of-sale and funds-transfer devices, parts, attachments, and accessories)"
2011600000,334118,1.0,override,Manufacturing of point-of-sale terminals and funds-transfer devices (ATMs)
2011625000,334112,1.0,NAICS_2012_Code,"Manufacturing of computer storage devices (excluding parts, attachments, and accessories)"
2011625003,334112,1.0,NAICS_2012_Code,Manufacturing of disk subsystems and disk arrays for multiuser computer systems
2011625006,334112,1.0,NAICS_2012_Code,Manufacturing of disk drives (all sizes)
2011625009,334112,1.0,NAICS_2012_Code,Manufacturing of storage area networks (SANS)
2011625012,334112,1.0,NAICS_2012_Code,Manufacturing of tape drives (all sizes)
2011625015,334112,1.0,NAICS_2012_Code,Manufacturing of other computer storage devices
2011650000,334118,1.0,override,"Manufacturing of all other miscellaneous computer peripheral (input/output) equipment (excluding parts, attachments, and accessories)"
2011650003,334118,1.0,override,"Manufacturing of computer peripheral input devices, all types"
2011650006,334118,1.0,override,"Manufacturing of optical scanning devices (bar codes, OCR equipment, and scanners)"
2011650009,334118,1.0,override,Manufacturing of magnetic strip and ink recognition equipment
2011650012,334118,1.0,override,"Manufacturing of impact and nonimpact printers (line-type and serial-type, laser and multifunction)"
2011650015,334118,1.0,override,Manufacturing of computer monitors (all types)
2011650021,334118,1.0,override,Manufacturing of all other computer peripheral equipment
2011675000,334418,1.0,NAICS_2012_Code,"Manufacturing of external modems, consumer"
2011700000,334210,1.0,NAICS_2012_Code,Manufacturing of telephone switching and switchboard equipment
2011700003,334210,1.0,NAICS_2012_Code,Manufacturing of central office switching equipment
2011700006,334210,1.0,NAICS_2012_Code,Manufacturing of private branch exchange switching equipment
2011700009,334210,1.0,NAICS_2012_Code,Manufacturing of other telephone switching and switchboard equipment
2011725000,334210,1.0,NAICS_2012_Code,Manufacturing of carrier line equipment and non-consumer modems
2011725003,334210,1.0,NAICS_2012_Code,"Manufacturing of multiplex equipment, including channel banks, analog and digital"
2011725006,334210,1.0,NAICS_2012_Code,Manufacturing of all other carrier line equipment
2011725009,334210,1.0,NAICS_2012_Code,"Manufacturing of external modems for POTS, ISDN, DSL, PSTN"
2011725012,334210,1.0,NAICS_2012_Code,Manufacturing of fiber optic equipment meeting SONET standards
2011725015,334210,1.0,NAICS_2012_Code,Manufacturing of fiber optic equipment not meeting SONET standards
2011750000,334210,1.0,NAICS_2012_Code,"Manufacturing of data communications equipment, including LAN/WAN switches, routers, and other networking equipment"
2011750003,334210,1.0,NAICS_2012_Code,"Manufacturing of telephone sets, including wireless phone sets (excluding cell phones)"
2011750006,334210,1.0,NAICS_2012_Code,Manufacturing of other public switched telephone network (PSTN)-type premise equipment (excluding PBX equipment)
2011750009,334210,1.0,NAICS_2012_Code,Manufacturing of routers (including service provider routers)
2011750012,334210,1.0,NAICS_2012_Code,Manufacturing of switches (including local area network (LAN) and wide area network (WAN))
2011750015,334210,1.0,NAICS_2012_Code,Manufacturing of voice/call message processing equipment
2011750018,334210,1.0,NAICS_2012_Code,"Manufacturing of other data communications equipment, wireline-type, including those with wireless capabilities"
2011775000,334220,1.0,NAICS_2012_Code,"Manufacturing of broadcast, studio, and related electronic equipment"
2011775003,334220,1.0,NAICS_2012_Code,"Manufacturing of audio production equipment for broadcast studios (including microphones, mixers, and other electronic equipment)"
2011775006,334220,1.0,NAICS_2012_Code,"Manufacturing of video production equipment (including professional VCRs, switches, character generators, and other electronic equipment)"
2011775009,334220,1.0,NAICS_2012_Code,Manufacturing of AM and FM transmitters
2011775012,334220,1.0,NAICS_2012_Code,Manufacturing of TV transmitters
2011775015,334220,1.0,NAICS_2012_Code,Manufacturing of other transmission equipment
2011775018,334220,1.0,NAICS_2012_Code,Manufacturing of cable TV equipment (master antennae and CATV equipment)
2011775021,334220,1.0,NAICS_2012_Code,Manufacturing of closed circuit television systems
2011775024,334220,1.0,NAICS_2012_Code,Manufacturing of other broadcast and antenna equipment
2011800000,334220,1.0,NAICS_2012_Code,"Manufacturing of wireless networking equipment, including wireless telephones"
2011800003,334220,1.0,NAICS_2012_Code,Manufacturing of cellular base stations
2011800006,334220,1.0,NAICS_2012_Code,Manufacturing of cellular mobile telephone switching equipment
2011800009,334220,1.0,NAICS_2012_Code,Manufacturing of cellular handsets (cell phones)
2011800012,334220,1.0,NAICS_2012_Code,Manufacturing of Wi-Fi public equipment
2011800015,334220,1.0,NAICS_2012_Code,Manufacturing of Wi Max equipment
2011800018,334220,1.0,NAICS_2012_Code,Manufacturing of other cellular networking equipment
2011825000,334220,1.0,NAICS_2012_Code,Manufacturing of radio station equipment
2011825003,334220,1.0,NAICS_2012_Code,Manufacturing of space-based (satellite) stations
2011825006,334220,1.0,NAICS_2012_Code,Manufacturing of airborne and marine-based stations
2011825009,334220,1.0,NAICS_2012_Code,Manufacturing of earth fixed-based systems
2011825012,334220,1.0,NAICS_2012_Code,Manufacturing of earth mobile-based systems
2011850000,334220,1.0,NAICS_2012_Code,"Manufacturing of other communications systems and equipment, including GPS"
2011850003,334220,1.0,NAICS_2012_Code,"Manufacturing of checkout, monitoring, evaluation, and other electronic support equipment"
2011850006,334220,1.0,NAICS_2012_Code,Manufacturing of antenna systems
2011850009,334220,1.0,NAICS_2012_Code,Manufacturing of other communications systems and equipment
2011875000,334290,1.0,NAICS_2012_Code,"Manufacturing of intercommunications systems, including inductive paging systems (selective paging), excluding telephone and telegraph"
2011900000,336120,0.5,NAICS_2012_Code,"Manufacturing of buses, complete, including military (excluding trolley buses)"
2011900000,336211,0.5,NAICS_2012_Code,"Manufacturing of buses, complete, including military (excluding trolley buses)"
2011900003,336120,0.5,NAICS_2012_Code,"Manufacturing of buses, complete, excluding military and trolley buses"
2011900003,336211,0.5,NAICS_2012_Code,"Manufacturing of buses, complete, excluding military and trolley buses"
2011900006,336120,0.5,NAICS_2012_Code,Manufacturing of military buses
2011900006,336211,0.5,NAICS_2012_Code,Manufacturing of military buses
2011910000,336120,1.0,NAICS_2012_Code,"Manufacturing of heavy-duty trucks, including heavy-duty truck, tractor, and bus chassis"
2011910003,336120,1.0,NAICS_2012_Code,"Manufacturing of heavy-duty trucks, including heavy-duty truck, tractor, and bus chassis, 14,001 lb to 16,000 lb"
2011910006,336120,1.0,NAICS_2012_Code,"Manufacturing of heavy-duty trucks, including heavy-duty truck, tractor, and bus chassis, 16,001 lb to 19,500 lb"
2011910009,336120,1.0,NAICS_2012_Code,"Manufacturing of heavy-duty trucks, including heavy-duty truck, tractor, and bus chassis, 19,501 lb to 26,000 lb"
2011910012,336120,1.0,NAICS_2012_Code,"Manufacturing of heavy-duty trucks, including heavy-duty truck and bus chassis, 26,001 lb to 33,000 lb"
2011910015,336120,1.0,NAICS_2012_Code,"Manufacturing of heavy-duty trucks, including heavy-duty truck and bus chassis, 33,001 lb or more"
2011910018,336120,1.0,NAICS_2012_Code,"Manufacturing of tractors, 26,001 lb or more"
2011925000,336120,0.3333333333333333,NAICS_2012_Code,"Manufacturing of firefighting vehicles  and other heavy trucks, complete"
2011925000,336211,0.6666666666666666,NAICS_2012_Code,"Manufacturing of firefighting vehicles  and other heavy trucks, complete"
2011925003,336120,0.5,NAICS_2012_Code,Manufacturing of firefighting vehicles
2011925003,336211,0.5,NAICS_2012_Code,Manufacturing of firefighting vehicles
2011925006,336211,1.0,NAICS_2012_Code,"Manufacturing of other heavy trucks, complete"
2012025000,336212,1.0,NAICS_2012_Code,"Manufacturing of truck trailers, with axle rating of 10,000 lb or more"
2012025003,336212,1.0,NAICS_2012_Code,"Manufacturing of van trailers, with axle rating of 10,000 lb or more"
2012025006,336212,1.0,NAICS_2012_Code,"Manufacturing of tank trailers, with axle rating of 10,000 lb or more"
2012025009,336212,1.0,NAICS_2012_Code,"Manufacturing of platform trailers, with axle rating of 10,000 lb or more"
2012025012,336212,1.0,NAICS_2012_Code,"Manufacturing of all other complete trailers, including detachables, with axle rating of 10,000 lb or more"
2012050000,336212,1.0,NAICS_2012_Code,"Manufacturing of truck trailers, with axle rating of less than 10,000 lb"
2012100000,336411,1.0,NAICS_2012_Code,"Manufacturing of military aircraft, including all aircraft for U.S. military and any other aircraft built to military specifications"
2012100003,336411,1.0,NAICS_2012_Code,"Manufacturing of manned military aircraft, including manned aircraft for U.S. military and any other manned aircraft built to military specifications"
2012100006,336411,1.0,NAICS_2012_Code,"Manufacturing of unmanned robotic military aircraft, including unmanned aircraft for U.S. military and any other unmanned aircraft built to military specifications"
2012125000,336411,1.0,NAICS_2012_Code,Manufacturing of civilian aircraft
2012125003,336411,1.0,NAICS_2012_Code,Manufacturing of manned civilian aircraft
2012125006,336411,1.0,NAICS_2012_Code,Manufacturing of unmanned robotic civilian aircraft
2012150000,336500,1.0,NAICS_2012_Code,"Manufacturing of locomotives, diesel-electric, new and rebuilt (excluding engines)"
2012175000,336500,1.0,NAICS_2012_Code,"Manufacturing of trains and train cars, freight and passenger, new, excluding parts"
2012200000,336500,1.0,NAICS_2012_Code,"Manufacturing of cars (street, subway, trolley, and rapid transit), rebuilt"
2012200003,336500,1.0,NAICS_2012_Code,"Manufacturing of passenger and freight train cars, rebuilt"
2012200006,336500,1.0,NAICS_2012_Code,"Manufacturing of cars (street, subway, trolley, and rapid transit), self-propelled and non-self-propelled, rebuilt"
2012225000,336500,1.0,NAICS_2012_Code,"Manufacturing of railway equipment (rail layers, ballast spreaders, etc.), excluding rail cars"
2012250000,336611,1.0,NAICS_2012_Code,"Manufacturing of ships, barges, and platforms, nonpropelled, new construction"
2012275000,336611,1.0,NAICS_2012_Code,"Manufacturing of ships (including combat ships, troop transport vessels, fleet auxiliaries, and service craft), self-propelled, military, new construction"
2012300000,336611,1.0,NAICS_2012_Code,"Manufacturing of ships, self-propelled, nonmilitary, new construction"
2012300003,336611,1.0,NAICS_2012_Code,"Manufacturing of yachts, 65 ft or more in length (requires a professional crew as specified by the Coast Guard), self-propelled, nonmilitary, new construction"
2012300006,336611,1.0,NAICS_2012_Code,"Manufacturing of commercial fishing trawlers and vessels (self-propelled, nonmilitary, new construction)"
2012300009,336611,1.0,NAICS_2012_Code,"Manufacturing of tugboats and towboats (including integrated tug-barge combinations), self-propelled, nonmilitary, new construction"
2012300012,336611,1.0,NAICS_2012_Code,"Manufacturing of ferryboats, self-propelled, nonmilitary, new construction"
2012300015,336611,1.0,NAICS_2012_Code,"Manufacturing of support vessels, offshore drilling and mining, self-propelled, nonmilitary, new construction"
2012300018,336611,1.0,NAICS_2012_Code,"Manufacturing of ships, other types (including container and trailer ships, dry bulk carriers, and tankers), self-propelled, nonmilitary, new construction"
2012325000,336992,1.0,NAICS_2012_Code,Manufacturing of tanks
2012350000,336992,1.0,NAICS_2012_Code,Manufacturing of self-propelled weapons and other full tracked combat vehicles and armored utility vehicles
2012375000,336999,1.0,NAICS_2012_Code,Manufacturing of self-propelled golf carts (electric and gasoline) for carrying passengers and industrial in-plant personnel carriers
2012400000,336414,1.0,NAICS_2012_Code,Manufacturing of complete guided missiles
2012425000,336414,1.0,NAICS_2012_Code,Manufacturing of complete space vehicles (excluding propulsion systems)
2012450000,33641A,1.0,NAICS_2012_Code,"Manufacturing of complete missiles, space vehicle engines, and propulsion units for U.S. Government military customers"
2012475000,33641A,1.0,NAICS_2012_Code,"Manufacturing of complete missiles, space vehicle engines, and propulsion units for U.S. Government nonmilitary customers"
2012500000,33641A,1.0,NAICS_2012_Code,"Manufacturing of complete missiles, space vehicle engines, and propulsion units for customers, excluding U.S. Government"
2012525000,33641A,1.0,NAICS_2012_Code,Manufacturing of missile and space vehicle engine and propulsion parts and accessories
2012525003,33641A,1.0,NAICS_2012_Code,Manufacturing of missile and space vehicle engine and propulsion parts and accessories for U.S. Government military customers
2012525006,33641A,1.0,NAICS_2012_Code,Manufacturing of missile and space vehicle engine and propulsion parts and accessories for U.S. Government nonmilitary customers
2012525009,33641A,1.0,NAICS_2012_Code,Manufacturing of missile and space vehicle engine and propulsion parts and accessories for other customers
2012550000,333111,1.0,NAICS_2012_Code,"Manufacturing of farm-type, power take-off hp, wheel tractors (2- and 4-wheel drive) sold with or without attachments (excluding parts)"
2012575000,333111,1.0,NAICS_2012_Code,"Manufacturing of farm dairy equipment, sprayers and dusters (excluding aerial types), farm blowers, and attachments"
2012575003,333111,1.0,NAICS_2012_Code,Manufacturing of farm-type dairy machines and equipment
2012575006,333111,1.0,NAICS_2012_Code,"Manufacturing of power sprayers, field and row crop types only, self-propelled"
2012575009,333111,1.0,NAICS_2012_Code,"Manufacturing of power sprayers, field and row crop types only, tractor-mounted propelled"
2012575012,333111,1.0,NAICS_2012_Code,"Manufacturing of PTO-driven sprayers and dusters, other than tractor-mounted"
2012575015,333111,1.0,NAICS_2012_Code,"Manufacturing of power sprayers, other than row crop and field types (over 4 g.p.m)"
2012575018,333111,1.0,NAICS_2012_Code,"Manufacturing of power sprayers, hand pulled and garden-type, 4 g.p.m. and under"
2012575021,333111,1.0,NAICS_2012_Code,"Manufacturing of agricultural hand sprayers, under 1 gallon"
2012575024,333111,1.0,NAICS_2012_Code,"Manufacturing of agricultural hand sprayers, compressed air or gas types, 1 gallon and over"
2012575027,333111,1.0,NAICS_2012_Code,"Manufacturing of other agricultural hand sprayers, including knapsack, hose end, and flame sprayers and sprayer pump types, 1 gallon and over"
2012575031,333111,1.0,NAICS_2012_Code,"Manufacturing of dusters, power, hand, all types"
2012575033,333111,1.0,NAICS_2012_Code,"Manufacturing of all other sprayers, including air carried-type, portable foggers, and mist sprayers"
2012575036,333111,1.0,NAICS_2012_Code,Manufacturing of attachments for sprayers and dusters
2012575039,333111,1.0,NAICS_2012_Code,"Manufacturing of farm blowers and attachments, including forage blowers, combination grain and forage blowers"
2012600000,333111,1.0,NAICS_2012_Code,"Manufacturing of planting, seeding, and fertilizing machinery and attachments, excluding turf machinery"
2012600003,333111,1.0,NAICS_2012_Code,"Manufacturing of pull- and mounted-type corn planters, corn and cotton planters, and lister planters"
2012600006,333111,1.0,NAICS_2012_Code,"Manufacturing of grain drills (fixed frame), all types"
2012600009,333111,1.0,NAICS_2012_Code,"Manufacturing of transplanters (pull-type or mounted) and broadcast seeders (end-gate, mounted, and drawn)"
2012600012,333111,1.0,NAICS_2012_Code,"Manufacturing of fertilizer distributors (pull-type or mounted) (excluding fertilizer attachments; lawn and garden hand types), dry (including lime spreaders)"
2012600015,333111,1.0,NAICS_2012_Code,"Manufacturing of fertilizer distributors (pull-type or mounted) (excluding fertilizer attachments; lawn and garden hand types), liquid and anhydrous ammonia"
2012600018,333111,1.0,NAICS_2012_Code,"Manufacturing of fertilizer distributors (pull-type or mounted) (excluding fertilizer attachments; lawn and garden hand types), manure spreaders, rear discharge"
2012600021,333111,1.0,NAICS_2012_Code,"Manufacturing of fertilizer distributors (pull-type or mounted) (exclude fertilizer attachments; lawn and garden hand types), manure spreaders, side discharge"
2012600024,333111,1.0,NAICS_2012_Code,"Manufacturing of fertilizer distributors (pull-type or mounted) (exclude fertilizer attachments; lawn and garden hand types), manure pumps, liquid"
2012600027,333111,1.0,NAICS_2012_Code,"Manufacturing of front and rear tractor mounted loaders (farm-type), manure and general utility (excluding beet and sugarcane loaders)"
2012600031,333111,1.0,NAICS_2012_Code,Manufacturing of row crop unit planters
2012600033,333111,1.0,NAICS_2012_Code,"Manufacturing of other planting, seeding, and fertilizing machinery"
2012600036,333111,1.0,NAICS_2012_Code,"Manufacturing of attachments, excluding planting attachments for lister, but including fertilizer attachments for plain drills, disc furrowing, grass waterway, check row plant, and grass seed attachments"
2012625000,333111,1.0,NAICS_2012_Code,Manufacturing of harvesting machinery (excluding hay and straw) and attachments
2012650000,333111,1.0,NAICS_2012_Code,Manufacturing of haying machinery and attachments
2012650003,333111,1.0,NAICS_2012_Code,"Manufacturing of mowers, cutter-bar-type (including drum and disk, excluding mower-conditioners)"
2012650006,333111,1.0,NAICS_2012_Code,Manufacturing of mower conditioners and windrowers with conditioner auger- and draper-type (pull-type and self-propelled)
2012650009,333111,1.0,NAICS_2012_Code,"Manufacturing of rakes, side delivery, cylinder-type, finger wheel-type, rotary, tedder and combination rotary/tedder-type"
2012650012,333111,1.0,NAICS_2012_Code,"Manufacturing of hay balers, field-type, and bale throwing attachments"
2012650015,333111,1.0,NAICS_2012_Code,Manufacturing of other haying machinery
2012650018,333111,1.0,NAICS_2012_Code,"Manufacturing of other attachments for haying machinery (stripper, bale chute, knife attachments, etc.)"
2012675000,333111,1.0,NAICS_2012_Code,"Manufacturing of farm plows (including plowshares, primary tillage), harrows, rollers, pulverizers, cultivators and weeders, and attachments"
2012675003,333111,1.0,NAICS_2012_Code,"Manufacturing of primary tillage equipment, sub-soilers (deep tillage), wide shank"
2012675006,333111,1.0,NAICS_2012_Code,"Manufacturing of primary tillage equipment, terracing and ditching plows"
2012675009,333111,1.0,NAICS_2012_Code,"Manufacturing of primary tillage equipment, chisel plows, deep tillage pull- or mounted-type (chisel or sweep-type)"
2012675012,333111,1.0,NAICS_2012_Code,"Manufacturing of primary tillage equipment, other plows, excluding snow plows"
2012675015,333111,1.0,NAICS_2012_Code,"Manufacturing of primary tillage equipment, attachments for plows (coulters, jointers, root cutters, sub-soilers, fertilizer distributors, powershares, etc.) (excluding lister planting attachments)"
2012675018,333111,1.0,NAICS_2012_Code,"Manufacturing of secondary tillage equipment, spike-tooth harrow sections and spring-tooth and tine-tooth harrow sections"
2012675021,333111,1.0,NAICS_2012_Code,"Manufacturing of secondary tillage equipment, disc harrows, single, tandem, and offset"
2012675024,333111,1.0,NAICS_2012_Code,"Manufacturing of secondary tillage equipment, combination tillage equipment, roller/harrows, disc or coulter/field cultivators, disc or coulter/spring-tooth"
2012675027,333111,1.0,NAICS_2012_Code,"Manufacturing of secondary tillage equipment, blade terracer or scrapers (farm size)"
2012675031,333111,1.0,NAICS_2012_Code,"Manufacturing of primary tillage equipment, middlebusters and disc bedders (excluding planting attachments)"
2012675033,333111,1.0,NAICS_2012_Code,"Manufacturing of secondary tillage equipment, land levelers"
2012675036,333111,1.0,NAICS_2012_Code,"Manufacturing of secondary tillage equipment, all other harrows, rollers, pulverizers, and similar equipment"
2012675039,333111,1.0,NAICS_2012_Code,"Manufacturing of secondary tillage attachments (including folding extension, furrow fillers, drawbars, adapter hitches, gauge wheels, and drawbar attachments)"
2012675042,333111,1.0,NAICS_2012_Code,"Manufacturing of cultivators and weeders, secondary tillage (including corn, cotton, rotary field, and attachments)"
2012700000,333111,1.0,NAICS_2012_Code,"Manufacturing of all other farm machinery and equipment (excluding parts), including attachments"
2012700003,333111,1.0,NAICS_2012_Code,"Manufacturing of stalk shredders and cutters or rotary mowers (PTO), flail-type (without spout)"
2012700006,333111,1.0,NAICS_2012_Code,"Manufacturing of stalk shredders and cutters or rotary mowers (PTO), horizontal-blade-type, 66 inches cutting width and under"
2012700009,333111,1.0,NAICS_2012_Code,"Manufacturing of stalk shredders and cutters or rotary mowers (PTO), over 66 inches and up to 100 inches cutting width"
2012700012,333111,1.0,NAICS_2012_Code,"Manufacturing of stalk shredders and cutters or rotary mowers (PTO), over 100 inches cutting width"
2012700015,333111,1.0,NAICS_2012_Code,"Manufacturing of feed grinders and crushers, power"
2012700018,333111,1.0,NAICS_2012_Code,"Manufacturing of feed mixers (farm size), stationary and portable"
2012700021,333111,1.0,NAICS_2012_Code,"Manufacturing of driers (grain, hay, and seed), heated air crop driers"
2012700024,333111,1.0,NAICS_2012_Code,"Manufacturing of driers (grain, hay, and seed), crop drying fans only (over 15,000 c.f.m. at approximately one-inch pressure)"
2012700027,333111,1.0,NAICS_2012_Code,"Manufacturing of other machines for preparing crops for market or for use, including cotton ginning machinery and combination grinder-mixers"
2012700031,333111,1.0,NAICS_2012_Code,Manufacturing of all other farm machinery and equipment attachments
2012700033,333111,1.0,NAICS_2012_Code,"Manufacturing of farm poultry equipment, incubators"
2012700036,333111,1.0,NAICS_2012_Code,"Manufacturing of farm poultry equipment, brooders, floor and hanging, gas, electric, oil, coal, wood and battery"
2012700039,333111,1.0,NAICS_2012_Code,"Manufacturing of farm poultry equipment, poultry feeders (trough, hanging, and mechanical) and waterers (excluding turkey feeders and waterers)"
2012700042,333111,1.0,NAICS_2012_Code,"Manufacturing of farm poultry equipment, other farm poultry equipment, including turkey waterers, mechanized egg graders, egg washers, and nests and cages"
2012700045,333111,1.0,NAICS_2012_Code,Manufacturing of attachments for farm poultry equipment
2012700048,333111,1.0,NAICS_2012_Code,"Manufacturing of other barn and barnyard equipment, silo and grain bin unloaders, forage and grain including seated storage unloader (farm-type)"
2012700051,333111,1.0,NAICS_2012_Code,"Manufacturing of cattle and dairy barn equipment, feeding"
2012700054,333111,1.0,NAICS_2012_Code,"Manufacturing of cattle and dairy barn equipment, handling"
2012700057,333111,1.0,NAICS_2012_Code,"Manufacturing of cattle and dairy barn equipment, water"
2012700061,333111,1.0,NAICS_2012_Code,"Manufacturing of other barn and barnyard equipment (excluding construction items such as partitioners, doors, windows, pillars, etc.)"
2012700063,333111,1.0,NAICS_2012_Code,Manufacturing of other barn and barnyard equipment attachments
2012700066,333111,1.0,NAICS_2012_Code,"Manufacturing of hog equipment, including feeding, handling, and water equipment and attachments"
2012700069,333111,1.0,NAICS_2012_Code,"Manufacturing of farm wagons and other farm transportation equipment, wagons (chassis only) and trailer gears (excluding motor trucks), 4-wheel"
2012700072,333111,1.0,NAICS_2012_Code,"Manufacturing of farm wagons and other farm transportation equipment, boxes and racks for mounting on wagons, and trailer gears, manual unloading or dump"
2012700075,333111,1.0,NAICS_2012_Code,"Manufacturing of farm wagons and other farm transportation equipment, boxes and racks for mounting on wagons, and trailer gears, gravity unloading (grain-type only)"
2012700078,333111,1.0,NAICS_2012_Code,"Manufacturing of farm wagons and other farm transportation equipment, boxes and racks for mounting on wagons, and trailer gears, power unloading"
2012700081,333111,1.0,NAICS_2012_Code,"Manufacturing of farm wagons and other farm transportation equipment, boxes with internal running gear, grain- and forage-types"
2012700084,333111,1.0,NAICS_2012_Code,Manufacturing of other farm wagons and transportation equipment
2012700087,333111,1.0,NAICS_2012_Code,Manufacturing of farm wagons and other farm transportation equipment attachments
2012700091,333111,1.0,NAICS_2012_Code,"Manufacturing of self-propelled irrigation systems, center-pivot"
2012700093,333111,1.0,NAICS_2012_Code,"Manufacturing of self-propelled irrigation systems, all other systems using 100-foot flexible hose feeder line and over"
2012725000,333111,1.0,NAICS_2012_Code,"Manufacturing of commercial turf and grounds care equipment, including attachments"
2012725003,333111,1.0,NAICS_2012_Code,Manufacturing of powered nonriding mowers and rotary turf motors
2012725006,333111,1.0,NAICS_2012_Code,Manufacturing of riding reel-type turf mowers (including greens mowers)
2012725009,333111,1.0,NAICS_2012_Code,"Manufacturing of other mower equipment, including flail and rotary mower cutting units, including gang"
2012725012,333111,1.0,NAICS_2012_Code,Manufacturing of commercial turf and grounds mowing equipment attachments
2012725015,333111,1.0,NAICS_2012_Code,"Manufacturing of other commercial turf and grounds care equipment (excluding mowing), seeders, spreaders, and top dresser attachments"
2012725018,333111,1.0,NAICS_2012_Code,"Manufacturing of other commercial turf and grounds care equipment (excluding mowing), aerators, spikers, dethatchers, and pluggers"
2012725021,333111,1.0,NAICS_2012_Code,"Manufacturing of other commercial turf and grounds care equipment (excluding mowing), power brooms, blowers, vacuums, and sweepers"
2012725024,333111,1.0,NAICS_2012_Code,"Manufacturing of other commercial turf and grounds care equipment (including trap rakes, transport trailers, turf tractors and trucks, sod cutters and sod harvesters, etc.), excluding agriculture and residential"
2012725027,333111,1.0,NAICS_2012_Code,"Manufacturing of other commercial turf and ground care equipment attachments, excluding mowing equipment"
2012750000,333120,1.0,NAICS_2012_Code,"Manufacturing of power cranes, draglines, shovels, and excavators (including surface mining equipment and attachments) (excluding parts)"
2012750003,333120,1.0,NAICS_2012_Code,"Manufacturing of excavators, hydraulic-operated, crawler-mounted, rated size in metric tons, not more than 24 metric tons (26.46 short tons)
"
2012750006,333120,1.0,NAICS_2012_Code,"Manufacturing of excavators, hydraulic-operated, crawler-mounted, rated size in metric tons, more than 24 metric but not more than 40 metric tons (44.09 short tons)"
2012750009,333120,1.0,NAICS_2012_Code,"Manufacturing of excavators, hydraulic-operated, crawler-mounted, rated size in metric tons, more than 40 metric tons"
2012750012,333120,1.0,NAICS_2012_Code,"Manufacturing of power cranes, hydraulic-operated, telescopic boom, wheel cranes (integral), multiple control stations, and rubber-mounted"
2012750015,333120,1.0,NAICS_2012_Code,"Manufacturing of power cranes, hydraulic-operated, telescopic boom, pinned-on-type, telescopic and articulated"
2012750018,333120,1.0,NAICS_2012_Code,"Manufacturing of power cranes, hydraulic-operated, telescopic boom, wheel cranes, one control station, self-propelled, and rubber-mounted"
2012750021,333120,1.0,NAICS_2012_Code,"Manufacturing of power cranes, pedestal or shipmounted marine cranes"
2012750024,333120,1.0,NAICS_2012_Code,"Manufacturing of other cranes and excavators built on-site, including locomotive wrecking, cable-operated excavators, draglines, and all-terrain cranes"
2012750027,333120,1.0,NAICS_2012_Code,"Manufacturing of hoe attachments for power cranes, draglines, and excavators"
2012750031,333120,1.0,NAICS_2012_Code,"Manufacturing of dragline bucket attachments, all sizes for power cranes, draglines, and excavators"
2012750033,333120,1.0,NAICS_2012_Code,"Manufacturing of clamshell/grapple attachments, all sizes for power cranes, draglines, and excavators"
2012750036,333120,1.0,NAICS_2012_Code,"Manufacturing of all other attachments for power cranes, draglines, and excavators"
2012750039,333120,1.0,NAICS_2012_Code,"Manufacturing of all other power cranes, draglines, shovels, and excavators (including surface mining equipment and attachments) (excluding parts)"
2012775000,333120,1.0,NAICS_2012_Code,"Manufacturing of mixers, pavers, and related equipment (excluding parts)"
2012775003,333120,1.0,NAICS_2012_Code,"Manufacturing of concrete mixers (including plaster and mortar), portable, all sizes, either truck-mixer or agitator or otherwise for concrete, plaster, or mortar applications"
2012775006,333120,1.0,NAICS_2012_Code,"Manufacturing of slipform concrete paving machines (including multipurpose, automated curb and gutter and concrete slipform pavers up to and including 34 feet wide) for concrete, plaster, or mortar applications"
2012775009,333120,1.0,NAICS_2012_Code,"Manufacturing of concrete trowels for concrete, plaster, or mortar applications"
2012775012,333120,1.0,NAICS_2012_Code,"Manufacturing of concrete vibrators (electric motor, gasoline engine, structural high-cycle, pneumatic, etc.) for concrete, plaster, or mortar applications"
2012775015,333120,1.0,NAICS_2012_Code,"Manufacturing of concrete batching plants, bin and batch, for concrete aggregate only and bulk cement for concrete, plaster, or mortar applications"
2012775018,333120,1.0,NAICS_2012_Code,"Manufacturing of all other concrete, plaster, and mortar mixing and paving machinery (including concrete pumps, mobile), and concrete screeds (hand-propelled or winch-type)"
2012775021,333120,1.0,NAICS_2012_Code,"Manufacturing of bituminous distributors, for asphalt or bituminous applications"
2012775024,333120,1.0,NAICS_2012_Code,"Manufacturing of bituminous pavers, self-propelled, 21,999 lbs gross weight and under (basic unit) for asphalt or bituminous applications"
2012775027,333120,1.0,NAICS_2012_Code,"Manufacturing of bituminous pavers, self-propelled, 22,000 lbs gross weight and over (basic unit) for asphalt or bituminous applications"
2012775031,333120,1.0,NAICS_2012_Code,Manufacturing of asphalt plants (including cold mix central plants) for asphalt or bituminous applications
2012775033,333120,1.0,NAICS_2012_Code,"Manufacturing of bituminous stabilization mixing equipment (including central mixing plants and mix-in-place), cold planers/milling machine (self-propelled) for asphalt or bituminous applications"
2012775036,333120,1.0,NAICS_2012_Code,Manufacturing of other asphalt and bituminous mixing and paving machinery for asphalt or bituminous applications
2012775039,333120,1.0,NAICS_2012_Code,"Manufacturing of other mixers, pavers, and related equipment products, for use in either concrete or bituminous applications"
2012800000,333120,1.0,NAICS_2012_Code,"Manufacturing of off-highway trucks, coal haulers, truck-type tractor chassis, trailers, and wagons (excluding parts)"
2012800003,333120,1.0,NAICS_2012_Code,"Manufacturing of off-highway trucks, rear dump haulers (excluding parts)"
2012800006,333120,1.0,NAICS_2012_Code,"Manufacturing of off-highway trucks, coal haulers, truck-type tractor chassis, trailers, and wagons (excluding parts)"
2012825000,333120,1.0,NAICS_2012_Code,"Manufacturing of tractor shovel loaders (skid steer, wheel, crawler, and integral-design loader-backhoes)"
2012825003,333120,1.0,NAICS_2012_Code,"Manufacturing of skid steer loaders, 4-wheel drive skid steer, all sizes"
2012825006,333120,1.0,NAICS_2012_Code,"Manufacturing of wheel loaders, rear engine mount, integral design, 4-wheel drive, non-skid steer, below 149 NEPH"
2012825009,333120,1.0,NAICS_2012_Code,"Manufacturing of wheel loaders, rear engine mount, integral design, 4-wheel drive, non-skid steer, 150 - 249 NEPH"
2012825012,333120,1.0,NAICS_2012_Code,"Manufacturing of wheel loaders, rear engine mount, integral design, 4-wheel drive, non-skid steer, 250 NEPH and over"
2012825015,333120,1.0,NAICS_2012_Code,Manufacturing of integral-design tractor shovel loader/backhoes (wheel tractor-chassis shipped as part of front engine mount contractor tractor)
2012825018,333120,1.0,NAICS_2012_Code,"Manufacturing of all other tractor shovel loaders (skid steer, wheel, crawler, and integral-design loader-backhoes)"
2012850000,333120,1.0,NAICS_2012_Code,"Manufacturing of construction wheel and crawler tractors, dozers, and self-propelled log skidders"
2012875000,333120,1.0,NAICS_2012_Code,"Manufacturing of motor graders and light maintainers (including rollers and compactors, rough-terrain forklifts, scraper bowls, and self-propelled continuous ditchers and trenchers) (excluding parts)"
2012875003,333120,1.0,NAICS_2012_Code,"Manufacturing of rollers, motor graders, light maintainers, and compactors (static smooth steel wheel rollers, tandem)"
2012875006,333120,1.0,NAICS_2012_Code,Manufacturing of pneumatic tire rollers
2012875009,333120,1.0,NAICS_2012_Code,"Manufacturing of vibratory single drum with 1 or 2 drive wheels, under 5 metric tons (5.51 short tons)"
2012875012,333120,1.0,NAICS_2012_Code,"Manufacturing of vibratory single drum with 1 or 2 drive wheels, 5 metric tons and over"
2012875015,333120,1.0,NAICS_2012_Code,"Manufacturing of vibratory double drum, two drums vibrating"
2012875018,333120,1.0,NAICS_2012_Code,"Manufacturing of all other compaction equipment (excluding hand-held), including embankment and landfill compactors, towed roller and double drum-compactors with one drum vibrating"
2012875021,333120,1.0,NAICS_2012_Code,"Manufacturing of rough-terrain forklifts (integral units only), vertical mast, 2-wheel drive"
2012875024,333120,1.0,NAICS_2012_Code,"Manufacturing of rough-terrain forklifts (integral units only), vertical mast, 4-wheel drive"
2012875027,333120,1.0,NAICS_2012_Code,"Manufacturing of rough-terrain forklifts (integral units only), telescopic handlers, 2- and 4-wheel drive"
2012875031,333120,1.0,NAICS_2012_Code,Manufacturing of scraper bowls
2012875033,333120,1.0,NAICS_2012_Code,"Manufacturing of ditchers and trenchers, ladder-type and wheel digging, element self-propelled (integral units only)"
2012900000,333120,1.0,NAICS_2012_Code,"Manufacturing of construction machinery for mounting on tractors and other prime movers (excluding parts, winches, and materials-handling equipment)"
2012900003,333120,1.0,NAICS_2012_Code,"Manufacturing of backhoes, either shipped for mounting separately or already mounted on an integral unit"
2012900006,333120,1.0,NAICS_2012_Code,"Manufacturing of other construction machinery for mounting on tractors and other prime movers (excluding parts, winches, and materials-handling equipment)"
2012925000,333120,1.0,NAICS_2012_Code,Manufacturing of other construction and forestry machinery and equipment (excluding parts)
2012925003,333120,1.0,NAICS_2012_Code,"Manufacturing of portable crushing plants, screening plants, washing plants, and combination plants (excluding parts)"
2012925006,333120,1.0,NAICS_2012_Code,"Manufacturing of snow clearing attachments for mounting on tractors or trucks (including truck-mounted salt and sand spreaders, v-shaped snow plows, single blades and wings, and snow blowers) (excluding parts)"
2012925009,333120,1.0,NAICS_2012_Code,"Manufacturing of commercial brush, limb, and log chippers for waste wood reduction (excluding parts)"
2012925012,333120,1.0,NAICS_2012_Code,Manufacturing of vertical earth augers and power posthole diggers (excluding water well and blasthole drills) (excluding parts)
2012925015,333120,1.0,NAICS_2012_Code,Manufacturing of horizontal earth boring machines and accessories (excluding parts)
2012925018,333120,1.0,NAICS_2012_Code,"Manufacturing of all other construction machinery and equipment, complete units"
2012950000,333130,1.0,NAICS_2012_Code,Manufacturing of underground mining machinery (excluding parts)
2012950003,333130,1.0,NAICS_2012_Code,"Manufacturing of continuous mining machines, borer, ripper, auger, and drum, including roadheading machines"
2012950006,333130,1.0,NAICS_2012_Code,"Manufacturing of face haulage vehicles, rubber-tired, self-propelled"
2012950009,333130,1.0,NAICS_2012_Code,"Manufacturing of support vehicles, rubber-tired or track-mounted"
2012950012,333130,1.0,NAICS_2012_Code,Manufacturing of all other underground mining machinery (excluding parts)
2012975000,333130,1.0,NAICS_2012_Code,Manufacturing of mineral processing and beneficiation machinery (excluding parts)
2013000000,333130,1.0,NAICS_2012_Code,"Manufacturing of stationary crushing, pulverizing, and screening machinery (excluding parts)"
2013000003,333130,1.0,NAICS_2012_Code,"Manufacturing of gyratory crushers, stationary-type (including skid-mounted)"
2013000006,333130,1.0,NAICS_2012_Code,"Manufacturing of impact crushers, stationary-type (including skid-mounted)"
2013000009,333130,1.0,NAICS_2012_Code,"Manufacturing of jaw crushers, stationary-type (including skid-mounted)"
2013000012,333130,1.0,NAICS_2012_Code,"Manufacturing of roll crushers, stationary-type (including skid-mounted)"
2013000015,333130,1.0,NAICS_2012_Code,"Manufacturing of grinding mills and pulverizers, stationary"
2013000018,333130,1.0,NAICS_2012_Code,"Manufacturing of horizontal screens, vibrating, stationary"
2013000021,333130,1.0,NAICS_2012_Code,"Manufacturing of inclined screens, vibrating, stationary"
2013000024,333130,1.0,NAICS_2012_Code,"Manufacturing of other crushers, including trommel, stationary-type (including skid-mounted)"
2013000027,333130,1.0,NAICS_2012_Code,"Manufacturing of other stationary crushing, pulverizing, and screening machinery (excluding parts)"
2013025000,333130,1.0,NAICS_2012_Code,Manufacturing of drills and other mining machinery (excluding parts)
2013025003,333130,1.0,NAICS_2012_Code,"Manufacturing of rock drills, air- and hydraulic-powered drills and breakers (rotary and percussion)"
2013025006,333130,1.0,NAICS_2012_Code,"Manufacturing of coal drills, core drills, and breakers (rotary and percussion)"
2013025009,333130,1.0,NAICS_2012_Code,"Manufacturing of roof bolters, drills, and breakers (rotary and percussion)"
2013025012,333130,1.0,NAICS_2012_Code,Manufacturing of other drills and other mining machinery and equipment (excluding parts)
2013050000,333130,1.0,NAICS_2012_Code,"Manufacturing of rotary oil and gas field drilling machinery and equipment, excluding parts"
2013075000,333130,1.0,NAICS_2012_Code,"Manufacturing of other oil and gas field drilling machinery and equipment, excluding parts"
2013100000,333130,1.0,NAICS_2012_Code,Manufacturing of oil and gas field production machinery and equipment (excluding pumps and parts)
2013125000,333130,1.0,NAICS_2012_Code,Manufacturing of portable drilling rigs used on the surface (above ground)
2013125003,333130,1.0,NAICS_2012_Code,"Manufacturing of portable rotary drilling rigs, truck, trailer, or crane carrier-mounted"
2013125006,333130,1.0,NAICS_2012_Code,"Manufacturing of rotary blasthole drill rigs, truck, trailer, or track-mounted"
2013125009,333130,1.0,NAICS_2012_Code,"Manufacturing of construction, bucket, and auger drilling rigs, no continuous fluid cleaning"
2013125012,333130,1.0,NAICS_2012_Code,"Manufacturing of other portable drillings rigs, including workover (service), cable tool, and reverse circulation rigs"
2013150000,333130,1.0,NAICS_2012_Code,"Manufacturing of oil and gas field derricks, substructures and accessories, including well-surveying machinery and equipment and well-logging equipment"
2013175000,333914,1.0,NAICS_2012_Code,"Manufacturing of oil-well and oil-field pumps, excluding boiler feed (including the value of the driver if shipped as a complete unit)"
2013200000,33329A,1.0,NAICS_2007_Code,"Manufacturing of woodworking sawmill equipment, including circular and band saws (head rigs), specialized sawmill materials handling equipment, and other woodworking  sawmill equipment"
2013225000,33329A,1.0,NAICS_2007_Code,"Manufacturing of woodworking sawing machines (excluding sawmill equipment), planing machinery, sanding, boring, mortising, lathes, routers, shapers, assembling, multifunction, and other woodworking machines and equipment"
2013250000,33329A,1.0,NAICS_2007_Code,"Manufacturing of woodworking saws, including circular and band saws and other woodworking machinery for home workshops, garages, and service shops (excluding chain saws and other power-driven handtools)"
2013275000,33329A,1.0,NAICS_2007_Code,"Manufacturing of plastic screw extrusion machines, excluding patterns and molds"
2013300000,33329A,1.0,NAICS_2007_Code,"Manufacturing of plastic molding machines, excluding patterns and molds"
2013325000,33329A,1.0,NAICS_2007_Code,Manufacturing of other machinery for working plastics and making products from plastics
2013325003,33329A,1.0,NAICS_2007_Code,"Manufacturing of thermoforming (vacuum forming) machinery for plastics manufacturing, excluding patterns and molds"
2013325006,33329A,1.0,NAICS_2007_Code,Manufacturing of other machinery for working plastics and making products from plastics
2013350000,33329A,1.0,NAICS_2007_Code,"Manufacturing of machinery for working rubber and making products of rubber, excluding tire molds"
2013375000,33329A,1.0,NAICS_2007_Code,"Manufacturing of paper industry wood preparations equipment and other paper industry pulp mill machinery (including pulp mill digesters and deckers, etc.)"
2013400000,33329A,1.0,NAICS_2007_Code,Manufacturing of paper mill paper making machines
2013425000,33329A,1.0,NAICS_2007_Code,"Manufacturing of machines for making bags, boxes, molding articles in paper pulp, paper, paperboard, and paper and paperboard cutting machines, etc."
2013425003,33329A,1.0,NAICS_2007_Code,Manufacturing of paper and paperboard cutting machines (excluding sheeters and winders)
2013425006,33329A,1.0,NAICS_2007_Code,"Manufacturing of machines for making paper and paperboard bags, sacks, and envelopes"
2013425009,33329A,1.0,NAICS_2007_Code,Manufacturing of paper and paperboard corrugated box making machines
2013425012,33329A,1.0,NAICS_2007_Code,"Manufacturing of machines for making paper and paperboard cartons, boxes, cases, tubes, drums, and similar containers, excluding by molding (excluding corrugated box making machines)"
2013425015,33329A,1.0,NAICS_2007_Code,Manufacturing of other paper and paperboard converting equipment for finishing paper or paperboard
2013425018,33329A,1.0,NAICS_2007_Code,Manufacturing of other paper and paperboard converting equipment for converting paper and paperboard
2013450000,33329A,1.0,NAICS_2007_Code,"Manufacturing of paper mill coating, calendering, rolling, and finishing machines"
2013475000,33329A,1.0,NAICS_2007_Code,"Manufacturing of printing presses, offset lithographic, sheet-fed"
2013500000,33329A,1.0,NAICS_2007_Code,"Manufacturing of printing presses, offset lithographic, roll-fed (web-fed), newspaper"
2013525000,33329A,1.0,NAICS_2007_Code,"Manufacturing of printing presses, offset lithographic, other roll-fed (web-fed)"
2013550000,33329A,1.0,NAICS_2007_Code,"Manufacturing of printing presses, offset lithographic, roll-fed (web-fed), commercial (including heat-set)"
2013575000,33329A,1.0,NAICS_2007_Code,"Manufacturing of printing presses, flexographic, sheet-fed and roll-fed (web-fed)"
2013600000,33329A,1.0,NAICS_2007_Code,Manufacturing of other printing presses
2013625000,33329A,1.0,NAICS_2007_Code,"Manufacturing of binding machinery and equipment (including paper cutting, collating, and gathering machines)"
2013650000,33329A,1.0,NAICS_2007_Code,Manufacturing of prepress preparatory equipment (excluding typesetting equipment and cameras)
2013650003,33329A,1.0,NAICS_2007_Code,"Manufacturing of digital electronic prepress systems, components, and elements, including color and B/W scanners, digitizers, and recorders; other input or output devices; and digital previewers"
2013650006,33329A,1.0,NAICS_2007_Code,Manufacturing of other prepress preparatory equipment
2013650009,33329A,1.0,NAICS_2007_Code,Manufacturing of industrial etching and engraving laser systems and equipment
2013675000,33329A,1.0,NAICS_2007_Code,"Manufacturing of other printing trades machinery and equipment, including platens and typesetting machinery (excluding typewriters and justifying typewriters)"
2013700000,33329A,1.0,NAICS_2007_Code,Manufacturing of dairy and milk products plant machinery and equipment (excluding bottling and packaging)
2013700003,33329A,1.0,NAICS_2007_Code,Manufacturing of industrial machinery and equipment for treating milk and dairy products by means of a change in temperature
2013700006,33329A,1.0,NAICS_2007_Code,Manufacturing of other dairy and milk products plant machinery and equipment
2013725000,333318,1.0,NAICS_2007_Code,"Manufacturing of commercial non-electric cooking and food-warming equipment (including ranges, deep fat fryers, griddles, toasters, coffee urns, pressure cookers, etc.) (excluding parts and accessories)"
2013750000,333318,1.0,NAICS_2007_Code,"Manufacturing of commercial electric cooking and food-warming equipment (including ranges, deep fat fryers, griddles, toasters, coffee urns, pressure cookers, etc.) (excluding parts and accessories)"
2013775000,33329A,1.0,NAICS_2007_Code,Manufacturing of commercial food products slicers
2013800000,33329A,1.0,NAICS_2007_Code,"Manufacturing of commercial food products choppers, grinders, cutters, dicers, and similar machines"
2013825000,33329A,1.0,NAICS_2007_Code,Manufacturing of commercial food products mixers and whippers (excluding drink mixers)
2013850000,33329A,1.0,NAICS_2007_Code,"Manufacturing of other commercial food preparation machines, including tenderizers (power-driven) (excluding packaging machinery and food cooking and warming equipment)"
2013875000,33329A,1.0,NAICS_2007_Code,"Manufacturing of industry bakery machinery and equipment, including dough mixers, dividers, molders, bake ovens, rolling machines, and other industrial bakery machinery and equipment"
2013900000,33329A,1.0,NAICS_2007_Code,"Manufacturing of other industrial food and feed machinery, including presses, crushers, freezing and rapid chilling machines, driers, machines using a change in temperature to treat foods, cleaning/sorting/grading machines for seed, grain, and dried leguminous vegetables"
2013925000,33329A,1.0,NAICS_2007_Code,"Manufacturing of other industrial machinery for sorting, grading, and cleaning fruits, vegetables, and eggs, and other machinery for processing and preparing meat and poultry"
2013950000,333993,1.0,NAICS_2012_Code,"Manufacturing of cartoning, multipacking, and leaflet-coupon placing machinery (excluding parts)"
2013975000,333993,1.0,NAICS_2012_Code,"Manufacturing of thermoforming, blister, and skin machinery, including carded display machinery (excluding parts)"
2014000000,333993,1.0,NAICS_2012_Code,"Manufacturing of bagging machines (including pre-form opening, filling, and closing, modified atmosphere laminating, and form-fill-seal machines) (excluding parts)"
2014025000,333993,1.0,NAICS_2012_Code,"Manufacturing of machinery for bottling, canning, cleaning, drying bottles and containers, and adhesive devices for packing, packaging, and bottling (excluding parts)"
2014050000,333993,1.0,NAICS_2012_Code,"Manufacturing of liquids and dry viscous products filling machinery, including by count machinery (excluding bags and parts)"
2014075000,333993,1.0,NAICS_2012_Code,"Manufacturing of glass and plastics container and can capping, sealing, and lidding machinery (excluding filling, bottling, and canning machinery, and parts)"
2014100000,333993,1.0,NAICS_2012_Code,Manufacturing of labeling machinery (all types of applications and methods) (excluding parts)
2014125000,333993,1.0,NAICS_2012_Code,"Manufacturing of coding, dating, imprinting, jet printing, marking, and stamping machinery (excluding parts)"
2014150000,333993,1.0,NAICS_2012_Code,"Manufacturing of corrugated and solid fibre case and tray forming, loading, and sealing machinery (excluding parts)"
2014175000,333993,1.0,NAICS_2012_Code,"Manufacturing of accumulating, collating, feeding, and unscrambling machinery, including testing, inspecting, detecting, checkweighing, and other quality control devices (excluding parts)"
2014200000,333993,1.0,NAICS_2012_Code,"Manufacturing of paper, film, and foil wrapping machines, all types (excluding parts)"
2014225000,333993,1.0,NAICS_2012_Code,"Manufacturing of all other miscellaneous packing, packaging, and bottling machinery or systems and combination of equipment (excluding parts)"
2014250000,33329A,1.0,NAICS_2007_Code,"Manufacturing of chemical manufacturing mixing, kneading, crushing, grinding, sifting, homogenizing (excluding dairy), emulsifying, or stirring machines"
2014275000,33329A,1.0,NAICS_2007_Code,Manufacturing of other chemical manufacturing machines and equipment
2014275003,33329A,1.0,NAICS_2007_Code,"Manufacturing of chemical manufacturing distilling, rectifying, and fractionating machinery and equipment"
2014275006,33329A,1.0,NAICS_2007_Code,Manufacturing of chemical manufacturing heat exchange units
2014275009,33329A,1.0,NAICS_2007_Code,Manufacturing of chemical manufacturing dryers
2014275012,33329A,1.0,NAICS_2007_Code,Manufacturing of chemical manufacturing gas or air liquefying machinery
2014275015,33329A,1.0,NAICS_2007_Code,Manufacturing of other chemical manufacturing machines and equipment
2014300000,33329A,1.0,NAICS_2007_Code,"Manufacturing of stone, clay, and glass working machinery"
2014300003,33329A,1.0,NAICS_2007_Code,"Manufacturing of sawing machines for working stone, ceramics, and similar materials (including glass), excluding parts"
2014300006,33329A,1.0,NAICS_2007_Code,"Manufacturing of grinding or polishing machines for glass working and working stone, ceramics, or similar materials,  excluding parts"
2014300009,33329A,1.0,NAICS_2007_Code,"Manufacturing of other special industry glass working machines, excluding parts"
2014300012,33329A,1.0,NAICS_2007_Code,"Manufacturing of other special industry machines for working stone, ceramics, and similar materials, excluding glass and parts"
2014300015,33329A,1.0,NAICS_2007_Code,"Manufacturing of clay products forming equipment (brick, tile, ceramic), excluding parts"
2014300018,33329A,1.0,NAICS_2007_Code,"Manufacturing of concrete block and other forming equipment, excluding parts"
2014300021,33329A,1.0,NAICS_2007_Code,"Manufacturing of cement making machinery, excluding parts"
2014325000,33329A,1.0,NAICS_2007_Code,"Manufacturing of glassmaking machinery and equipment, including machines for hot working glass or glassware, excluding parts"
2014350000,33329A,1.0,NAICS_2007_Code,"Manufacturing of foundry machinery and equipment, excluding patterns and molds"
2014350003,33329A,1.0,NAICS_2007_Code,"Manufacturing of foundry pouring equipment, including ladles, crucibles, and pouring machines"
2014350006,33329A,1.0,NAICS_2007_Code,Manufacturing of foundry molding and core-making machines
2014350009,33329A,1.0,NAICS_2007_Code,"Manufacturing of foundry casting machines, excluding die casting machines, patterns, and molds"
2014350012,33329A,1.0,NAICS_2007_Code,"Manufacturing of foundry blast cleaning machines (hydraulic, pneumatic, and airless)"
2014350015,33329A,1.0,NAICS_2007_Code,"Manufacturing of other foundry machinery and equipment (including converters), excluding patterns and molds"
2014375000,33329A,1.0,NAICS_2007_Code,"Manufacturing of through-hole printed circuit board manufacturing machinery, excluding parts and testing"
2014400000,33329A,1.0,NAICS_2007_Code,"Manufacturing of other printed circuit board manufacturing machinery and equipment (including surface mount machinery), excluding parts and testing"
2014400003,33329A,1.0,NAICS_2007_Code,"Manufacturing of surface mount printed circuit board manufacturing machinery, excluding testing"
2014400006,33329A,1.0,NAICS_2007_Code,"Manufacturing of other printed circuit board manufacturing machinery and equipment, excluding testing"
2014425000,33329A,1.0,NAICS_2007_Code,Manufacturing of other special industry machinery and equipment
2014425003,33329A,1.0,NAICS_2007_Code,"Manufacturing of petroleum refining, distilling, and fractionating machinery and equipment and heat exchange units, and other petroleum refining machinery, excluding parts"
2014425006,33329A,1.0,NAICS_2007_Code,"Manufacturing of tobacco processing machinery, excluding parts"
2014425009,33329A,1.0,NAICS_2007_Code,"Manufacturing of filtering and purifying machinery and apparatus for desalinization, excluding parts"
2014425012,33329A,1.0,NAICS_2007_Code,Manufacturing of laboratory distilling equipment (excluding desalinization equipment)
2014425015,33329A,1.0,NAICS_2007_Code,"Manufacturing of footwear manufacturing and repairing machinery, excluding shoe sole stitching machines"
2014425018,33329A,1.0,NAICS_2007_Code,"Manufacturing of industrial sewing machine heads (including shoe sole stitching machine heads), excluding parts"
2014425021,33329A,1.0,NAICS_2007_Code,"Manufacturing of automatic industrial sewing machinery, excluding parts"
2014425024,33329A,1.0,NAICS_2007_Code,Manufacturing of industrial sewing machine furniture
2014425027,33329A,1.0,NAICS_2007_Code,Manufacturing of machines for insulating electrical wire for cable
2014425031,33329A,1.0,NAICS_2007_Code,"Manufacturing of electric battery manufacturing machinery, excluding parts"
2014450000,33329A,1.0,NAICS_2007_Code,"Manufacturing of textile machinery (including fiber to fabric textile, hand looms, lace, embroidery, bleaching, printing, and other textile industry machinery, excluding parts, attachments, and accessories)"
2014475000,333242,1.0,NAICS_2007_Code,"Manufacturing of semiconductor wafer processing equipment, thin layer chemical and physical vapor deposition, plasma etch and other semiconductor equipment and parts"
2014475003,333242,1.0,NAICS_2007_Code,"Manufacturing of semiconductor wafer processing equipment, thin layer chemical and physical vapor deposition"
2014475006,333242,1.0,NAICS_2007_Code,"Manufacturing of semiconductor wafer processing equipment, plasma and wet etch"
2014475009,333242,1.0,NAICS_2007_Code,"Manufacturing of semiconductor wafer processing equipment, thin layer epitaxial growth deposition"
2014475012,333242,1.0,NAICS_2007_Code,"Manufacturing of semiconductor wafer processing equipment, pattern generating apparatus"
2014475015,333242,1.0,NAICS_2007_Code,"Manufacturing of ion implantation, including current and voltage ion implanters"
2014500000,33329A,1.0,NAICS_2007_Code,Manufacturing of all other miscellaneous special industry machinery
2014525000,333517,1.0,NAICS_2007_Code,Manufacturing of metal gear cutting machines
2014550000,333517,1.0,NAICS_2007_Code,"Manufacturing of metal grinding, polishing, buffing, honing, and lapping machines, excluding gear-tooth grinding, lapping, polishing, and buffing machines"
2014575000,333517,1.0,NAICS_2007_Code,Manufacturing of metal lathes (turning machines) numerically and nonnumerically controlled
2014600000,333517,1.0,NAICS_2007_Code,Manufacturing of metal milling machines (excluding machining centers)
2014625000,333517,1.0,NAICS_2007_Code,"Manufacturing of metal drilling, grinding and polishing, sawing and cut-off, and other metalworking machines for home workshops, laboratories, garages, etc. (including automotive cylinder reboring machines and lathes)"
2014650000,333517,1.0,NAICS_2007_Code,"Manufacturing of rebuilt metal cutting machine tools, and remanufactured metal cutting machine tools"
2014650003,333517,1.0,NAICS_2007_Code,Manufacturing of rebuilt metal cutting-type machine tools (including machines returned to same configuration they were in when new from factory)
2014650006,333517,1.0,NAICS_2007_Code,Manufacturing of remanufactured metal cutting-type machine tools (including machines in which the original carcass is reused and all possible modern improvements have been incorporated)
2014675000,333517,1.0,NAICS_2007_Code,Manufacturing of metal machining centers (multifunction numerically controlled machines)
2014700000,333517,1.0,NAICS_2007_Code,Manufacturing of metal station-type machines
2014725000,333517,1.0,NAICS_2007_Code,"Manufacturing of other metal cutting machine tools (excluding those designed primarily for home workshops, laboratories, garages, etc.)"
2014750000,333517,1.0,NAICS_2007_Code,Manufacturing of metal boring machines and drilling machines (excluding machining centers)
2014775000,33399A,1.0,NAICS_2012_Code,"Manufacturing of arc welding machines, components, and accessories, excluding electrodes and stud welding equipment"
2014800000,33399A,1.0,NAICS_2012_Code,"Manufacturing of resistance welders, components, accessories, and electrodes"
2014825000,33399A,1.0,NAICS_2012_Code,Manufacturing of gas welding and cutting equipment
2014825003,33399A,1.0,NAICS_2012_Code,Manufacturing of gas welding and cutting torches (including gas air torches)
2014825006,33399A,1.0,NAICS_2012_Code,"Manufacturing of gas cutting machines and carriages, stationary and portable"
2014825009,33399A,1.0,NAICS_2012_Code,"Manufacturing of other gas welding and cutting equipment, excluding pressure containers"
2014850000,33399A,1.0,NAICS_2012_Code,"Manufacturing of other welding equipment, components, and accessories (excluding arc, resistance, and gas welding equipment)"
2014875000,33329A,1.0,NAICS_2007_Code,Manufacturing of vibratory metal finishing machines
2014875003,33329A,1.0,NAICS_2007_Code,"Manufacturing of electroplating equipment, excluding rolling mill lines (excluding parts)"
2014875006,33329A,1.0,NAICS_2007_Code,"Manufacturing of vibratory finishing machines, excluding parts"
2014875009,33329A,1.0,NAICS_2007_Code,"Manufacturing of metal plating equipment, excluding electroplating (excluding parts)"
2014875012,33329A,1.0,NAICS_2007_Code,"Manufacturing of other metal finishing equipment, excluding electroplating and rolling mill equipment (excluding parts)"
2014875015,33329A,1.0,NAICS_2007_Code,Manufacturing of metal degreasing machines
2014900000,33351B,1.0,NAICS_2007_Code,"Manufacturing of rotary transfer metalworking assembly machines (dial and rotary, trunnion, center column)"
2014925000,33351B,1.0,NAICS_2007_Code,"Manufacturing of inline transfer, synchronous metalworking assembly machines"
2014930000,33441A,1.0,NAICS_2012_Code,Manufacturing of bare printed circuit boards
2014930003,33441A,1.0,NAICS_2012_Code,Manufacturing of glass printed circuit boards
2014930006,33441A,1.0,NAICS_2012_Code,Manufacturing of flex printed circuit boards
2014930009,33441A,1.0,NAICS_2012_Code,Manufacturing of other printed circuit boards
2014950000,33351B,1.0,NAICS_2007_Code,"Manufacturing of inline transfer, nonsynchronous metalworking assembly machines"
2014975000,33351B,1.0,NAICS_2007_Code,Manufacturing of special-purpose and other types of metalworking assembly machines
2015000000,333517,1.0,NAICS_2007_Code,Manufacturing of metal punching and shearing machines (including power and manual) and bending and forming machines (power only)
2015025000,333517,1.0,NAICS_2007_Code,Manufacturing of metalworking presses (excluding forging and die-stamping presses)
2015050000,333517,1.0,NAICS_2007_Code,"Manufacturing of other metal forming machine tools, including forging and die-stamping machines (excluding metalworking presses)"
2015075000,333517,1.0,NAICS_2007_Code,Manufacturing of rebuilt and remanufactured metal forming machine tools
2015075003,333517,1.0,NAICS_2007_Code,Manufacturing of rebuilt metal forming machine tools (including machines returned to same configuration they were in when new from factory)
2015075006,333517,1.0,NAICS_2007_Code,Manufacturing of remanufactured metal forming machine tools (including machines in which the basic carcass is reused and all possible modern improvements have been incorporated)
2015100000,33351B,1.0,NAICS_2007_Code,Manufacturing of hot rolling mill machinery (including combination hot and cold) (excluding tube rolling)
2015125000,33351B,1.0,NAICS_2007_Code,"Manufacturing of cold rolling mill machinery (including tandem, single stand and other)"
2015150000,331510,1.0,NAICS_2012_Code,"Manufacturing of alloy steel rolls for rolling mills, excluding investment"
2015175000,33351B,1.0,NAICS_2007_Code,Manufacturing of other rolling mill machinery (including tube mill machinery)
2015175003,33351B,1.0,NAICS_2007_Code,Manufacturing of tube rolling mill machinery
2015175006,33351B,1.0,NAICS_2007_Code,"Manufacturing of processing lines (including pickling and cleaning, tinning, galvanizing, etc.), scarfing units, and press feed lines"
2015175009,33351B,1.0,NAICS_2007_Code,"Manufacturing of other rolling mill machinery and equipment, excluding parts"
2015175012,33351B,1.0,NAICS_2007_Code,Manufacturing of machined rolls for rolling mills
2015200000,33351B,1.0,NAICS_2007_Code,Manufacturing of other metalworking machinery (excluding handheld and ultrasonic)
2015200003,33351B,1.0,NAICS_2007_Code,"Manufacturing of metalworking draw benches and wiredrawing machines (excluding dies, handheld, and ultrasonic)"
2015200006,33351B,1.0,NAICS_2007_Code,Manufacturing of wire rope and wire cable making machines (excluding handheld and ultrasonic)
2015200009,33351B,1.0,NAICS_2007_Code,Manufacturing of other metalworking machines for working wire (excluding handheld and ultrasonic)
2015200012,33351B,1.0,NAICS_2007_Code,Manufacturing of cut-to-length coil handling lines (conversion or straightening) (excluding handheld and ultrasonic)
2015200015,33351B,1.0,NAICS_2007_Code,Manufacturing of slitting coil handling lines (conversion or straightening) (excluding handheld and ultrasonic)
2015200018,33351B,1.0,NAICS_2007_Code,Manufacturing of other metalworking machinery (excluding handheld and ultrasonic)
2015225000,333991,1.0,NAICS_2012_Code,"Manufacturing of power-driven handtools, pneumatic, hydraulic, and powder-actuated"
2015225003,333991,1.0,NAICS_2012_Code,"Manufacturing of pneumatic percussion handtools (including runners, riveters, chippers, and scalers)"
2015225006,333991,1.0,NAICS_2012_Code,"Manufacturing of pneumatic drills, screwdrivers, and nut-runners"
2015225009,333991,1.0,NAICS_2012_Code,Manufacturing of pneumatic hand impact wrenches
2015225012,333991,1.0,NAICS_2012_Code,"Manufacturing of pneumatic rotary hand grinders, polishers, and sanders"
2015225015,333991,1.0,NAICS_2012_Code,"Manufacturing of other pneumatic hand grinders, polishers, sanders, and powder-actuated handtools"
2015225018,333991,1.0,NAICS_2012_Code,Manufacturing of pneumatic hand staplers
2015225021,333991,1.0,NAICS_2012_Code,Manufacturing of pneumatic hand nailers
2015225024,333991,1.0,NAICS_2012_Code,Manufacturing of other pneumatic-powered handtools
2015225027,333991,1.0,NAICS_2012_Code,Manufacturing of hydraulic power-driven handtools
2015250000,333991,1.0,NAICS_2012_Code,"Manufacturing of power-driven and internal combustion engine driven handtools (including chain saws, cut-off saws, and drills)"
2015275000,333991,1.0,NAICS_2012_Code,"Manufacturing of power-driven handtools, battery-powered (cordless)"
2015275003,333991,1.0,NAICS_2012_Code,"Manufacturing of battery-powered (cordless) screwdrivers (without 3-jaw chuck), driver-drills, drills, and handsaws"
2015275006,333991,1.0,NAICS_2012_Code,Manufacturing of other battery-powered (cordless) handtools
2015300000,333991,1.0,NAICS_2012_Code,"Manufacturing of power-driven handtools, electric (excluding battery-powered)"
2015300003,333991,1.0,NAICS_2012_Code,Manufacturing of drills (excluding battery-powered)
2015300006,333991,1.0,NAICS_2012_Code,"Manufacturing of electric hand jig, saber, and circular saws (armature mounted on ball bearings, sleeve bearings, and on other than ball bearings), and reciprocating saws (excluding battery-powered)"
2015300009,333991,1.0,NAICS_2012_Code,Manufacturing of electric screwdrivers and nut-runners (excluding battery-powered)
2015300012,333991,1.0,NAICS_2012_Code,"Manufacturing of electric hand right angle polishers, circular sanders, and grinders, less than 7 in. wheel drive (excluding battery-powered)"
2015300015,333991,1.0,NAICS_2012_Code,Manufacturing of electric hand shears and nibblers (excluding battery-powered)
2015300018,333991,1.0,NAICS_2012_Code,"Manufacturing of all other electric hand polishers, circular sanders, and grinders, including die grinders (excluding bench) (excluding battery-powered)"
2015300021,333991,1.0,NAICS_2012_Code,Manufacturing of electric hand belt sanders (excluding battery-powered)
2015300024,333991,1.0,NAICS_2012_Code,Manufacturing of electric hand chain saws (excluding battery-powered)
2015300027,333991,1.0,NAICS_2012_Code,"Manufacturing of electric hand oscillating, reciprocating, vibrating, and random orbit sanders (excluding battery-powered)"
2015300031,333991,1.0,NAICS_2012_Code,Manufacturing of other electric-powered handtools (excluding battery-powered)
2015300033,333991,1.0,NAICS_2012_Code,"Manufacturing of electric hand routers, less than 1/2 in. collet size (maximum collet capacity) (excluding battery-powered)"
2015300036,333991,1.0,NAICS_2012_Code,"Manufacturing of electric hand routers, 1/2 in. collet size (maximum collet capacity) or more (excluding battery-powered)"
2015325000,333920,1.0,NAICS_2012_Code,Manufacturing of unit handling gravity and trolley conveyors and conveying systems (excluding hoists and farm elevators)
2015325003,333920,1.0,NAICS_2012_Code,Manufacturing of unit handling gravity conveyors and conveying systems (skate wheel and roller) (excluding hoists and farm elevators)
2015325006,333920,1.0,NAICS_2012_Code,Manufacturing of unit handling trolley (overhead) conveyors and conveying systems (excluding hoists and farm elevators)
2015350000,333920,1.0,NAICS_2012_Code,"Manufacturing of unit handling tow, belt, roller, pneumatic, portable, carousel, and other nonbelt conveyors and conveying systems"
2015350003,333920,1.0,NAICS_2012_Code,"Manufacturing of unit handling powered conveyors and conveying systems, belt and roller"
2015350006,333920,1.0,NAICS_2012_Code,"Manufacturing of all other unit handling conveyors and conveying systems (including pneumatic, portable, tow, and carousel) (excluding belt, hoists, roller, and farm elevators)"
2015375000,333920,1.0,NAICS_2012_Code,"Manufacturing of bulk material handling belt conveyors and conveying systems (including screw, portable, vibrating, and pneumatic conveyors and conveying systems) (excluding farm conveyors and elevators)"
2015400000,333920,1.0,NAICS_2012_Code,"Manufacturing of farm elevators, conveyors, and stackers"
2015400003,333920,1.0,NAICS_2012_Code,"Manufacturing of farm conveyors, elevators, and stackers, single- and double-chain-type"
2015400006,333920,1.0,NAICS_2012_Code,"Manufacturing of farm conveyors, elevators, and stackers, auger-type"
2015400009,333920,1.0,NAICS_2012_Code,"Manufacturing of other farm elevators, conveyors, and stackers"
2015425000,333920,1.0,NAICS_2012_Code,"Manufacturing of all other bulk material handling conveyors and conveying systems (including loading and unloading, trippers, throwers, feeders, bins, gates, etc.)"
2015450000,333920,1.0,NAICS_2012_Code,"Manufacturing of hoists, all types"
2015450003,333920,1.0,NAICS_2012_Code,Manufacturing of chain hand hoists
2015450006,333920,1.0,NAICS_2012_Code,Manufacturing of electric (roller and link) chain hoists
2015450009,333920,1.0,NAICS_2012_Code,"Manufacturing of other hoists, powered by electric motor"
2015450012,333920,1.0,NAICS_2012_Code,"Manufacturing of electric wire rope hoists (excluding hand, mine shaft, and slope wire rope hoists)"
2015450015,333920,1.0,NAICS_2012_Code,Manufacturing of air or other nonelectric chain hoists (excluding hand)
2015450018,333920,1.0,NAICS_2012_Code,"Manufacturing of air and other nonelectric wire rope hoists (excluding hand, mine shaft, and slope wire rope hoists)"
2015450021,333920,1.0,NAICS_2012_Code,"Manufacturing of other hoists, not powered by electric motor"
2015475000,333920,1.0,NAICS_2012_Code,Manufacturing of overhead traveling cranes and monorail systems (excluding parts)
2015475003,333920,1.0,NAICS_2012_Code,Manufacturing of single top running bridge-type overhead traveling cranes (excluding construction power cranes)
2015475006,333920,1.0,NAICS_2012_Code,Manufacturing of under running bridge-type overhead traveling cranes (excluding construction power cranes)
2015475009,333920,1.0,NAICS_2012_Code,Manufacturing of gantry-type overhead traveling cranes (excluding construction power cranes)
2015475012,333920,1.0,NAICS_2012_Code,Manufacturing of stacker-storage-type overhead traveling cranes (excluding construction power cranes)
2015475015,333920,1.0,NAICS_2012_Code,Manufacturing of other overhead traveling cranes on fixed support
2015475018,333920,1.0,NAICS_2012_Code,Manufacturing of other overhead traveling cranes
2015475021,333920,1.0,NAICS_2012_Code,"Manufacturing of buckets, grabs, and grips for overhead traveling cranes"
2015475024,333920,1.0,NAICS_2012_Code,Manufacturing of monorail systems (manual and powered)
2015500000,333920,1.0,NAICS_2012_Code,Manufacturing of double top running bridge-type overhead traveling cranes (excluding construction power cranes)
2015525000,333920,1.0,NAICS_2012_Code,Manufacturing of personnel aerial work platforms (excluding parts)
2015550000,333920,1.0,NAICS_2012_Code,"Manufacturing of winches for mounting on wheel and crawler tractors and other prime movers, complete units"
2015550003,333920,1.0,NAICS_2012_Code,"Manufacturing of winches for mounting on wheel and machinery for mounting, winches (towing, logging, and oilfield types), excluding parts"
2015550006,333920,1.0,NAICS_2012_Code,"Manufacturing of winches for crawler tractors and other prime movers (complete units), and other materials-handling machinery for mounting"
2015575000,333920,1.0,NAICS_2012_Code,"Manufacturing of electric and other winches, including marine use and automobile hoists used on tow trucks"
2015575003,333920,1.0,NAICS_2012_Code,"Manufacturing of electric winches, including marine use (excluding winches for tractor mounting and parts)"
2015575006,333920,1.0,NAICS_2012_Code,"Manufacturing of other winches, including automobile hoists used on tow trucks (excluding winches for mounting on wheel or crawler tractors)"
2015600000,333920,1.0,NAICS_2012_Code,"Manufacturing of work trucks, operator riding, self-propelled, electric motor powered"
2015625000,333920,1.0,NAICS_2012_Code,"Manufacturing of work trucks, fork lifts, and tractors fitted or not fitted with lifting and handling equipment, self-propelled, electric, gasoline, and other power system"
2015650000,333920,1.0,NAICS_2012_Code,"Manufacturing of bulk powered material moving equipment, dock boards, pallet and skid movers, and hand carts and vehicles"
2015650003,333920,1.0,NAICS_2012_Code,"Manufacturing of bulk powered material moving equipment, dock boards, and pallet and skid movers"
2015650006,333920,1.0,NAICS_2012_Code,Manufacturing of other hand carts and vehicles
2015675000,333920,1.0,NAICS_2012_Code,Manufacturing of other work trucks with lifting and handling equipment
2015700000,333611,1.0,NAICS_2012_Code,"Manufacturing of turbine generator sets, excluding prime mover generator sets"
2015725000,333611,1.0,NAICS_2012_Code,Manufacturing of steam turbines and other vapor turbines
2015750000,333611,1.0,NAICS_2012_Code,"Manufacturing of other turbines and turbine generators, including hydraulic turbines, wind turbines, and turbine generators"
2015775000,333611,1.0,NAICS_2012_Code,"Manufacturing of gas turbines, excluding aircraft (all sizes)"
2015800000,335312,1.0,NAICS_2012_Code,"Manufacturing of prime mover generator sets, excluding steam and hydraulic turbine"
2015825000,335312,1.0,NAICS_2012_Code,Manufacturing of fractional motor generator sets and other rotating equipment (including hermetics)
2015850000,335312,1.0,NAICS_2012_Code,Manufacturing of integral motor generator sets and other rotating equipment (including hermetics)
2015875000,335311,1.0,NAICS_2012_Code,"Manufacturing of power and distribution transformers, excluding parts"
2015900000,335311,1.0,NAICS_2012_Code,"Manufacturing of transmission and distribution voltage regulators, boosters, and other special-purpose transformers"
2015925000,335313,1.0,NAICS_2012_Code,"Manufacturing of power circuit breakers, all voltages"
2015950000,335313,1.0,NAICS_2012_Code,"Manufacturing of switchgear, excluding ducts and relays"
2015950003,335313,1.0,NAICS_2012_Code,"Manufacturing of automatic and manual control panels (generators, transformers, feed-controls, etc.)"
2015950006,335313,1.0,NAICS_2012_Code,"Manufacturing of metal-clad switchgear (using power circuit breakers, oil and oilless), all voltages above 1,000 volts, up to and including 38kv, excluding load interrupter switchgear"
2015950009,335313,1.0,NAICS_2012_Code,"Manufacturing of metal-enclosed load interrupter switchgear assemblies, all voltages"
2015950012,335313,1.0,NAICS_2012_Code,"Manufacturing of metal-enclosed low voltage power circuit breaker switchgear assemblies 1,000 volts and below, excluding load interrupter switchgear"
2015950015,335313,1.0,NAICS_2012_Code,"Manufacturing of metal-enclosed bus bars, above 1,000 volts, including isolated, segregated, nonsegregated and cable bus bars"
2015950018,335313,1.0,NAICS_2012_Code,"Manufacturing of power switching equipment, indoor and outdoor, excluding structures"
2015950021,335313,1.0,NAICS_2012_Code,"Manufacturing of power and ground connectors, overhead transmission and distribution, all types"
2015950024,335313,1.0,NAICS_2012_Code,"Manufacturing of power fuses, fuse links, and distribution cutouts"
2015950027,335313,1.0,NAICS_2012_Code,"Manufacturing of other switchgear devices, including regulators and miscellaneous switchboard devices"
2015975000,335999,1.0,NAICS_2012_Code,Manufacturing of capacitors for industrial use (excluding for electronic circuitry)
2016000000,335999,1.0,NAICS_2012_Code,Manufacturing of semiconductor power conversion apparatus and rectifying apparatus (excluding for electronic circuitry)
2016000003,335999,1.0,NAICS_2012_Code,Manufacturing of semiconductor high-voltage power supplies in excess of 2 kv
2016000006,335999,1.0,NAICS_2012_Code,Manufacturing of all other AC to DC semiconductor power conversion and rectifying apparatus (excluding for electronic circuitry)
2016025000,335999,1.0,NAICS_2012_Code,"Manufacturing of other electrical equipment for industrial use, including industrial-use surge suppressors (excluding for electronic circuitry)"
2016050000,332999,1.0,NAICS_2007_Code,Manufacturing of foundry patterns
2016075000,332999,1.0,NAICS_2007_Code,Manufacturing of all other industrial patterns (excluding shoe patterns)
2016100000,333511,1.0,NAICS_2012_Code,"Manufacturing of industrial molds made of metal, for low-pressure and high-pressure die-casting of metal or metal carbides (excluding ingot molds)"
2016125000,333511,1.0,NAICS_2012_Code,"Manufacturing of industrial molds made of metal and other materials, excluding industrial injection or compression molds made of metal for plastics"
2016125003,333511,1.0,NAICS_2012_Code,Manufacturing of industrial permanent molds made of metal for gravity casting (excluding ingot molds)
2016125006,333511,1.0,NAICS_2012_Code,Manufacturing of other industrial molds made of metal for metal or metal carbides (excluding ingot molds)
2016125009,333511,1.0,NAICS_2012_Code,Manufacturing of industrial molds made of metal for wax
2016125012,333511,1.0,NAICS_2012_Code,Manufacturing of industrial molds made of metal for mineral materials
2016125015,333511,1.0,NAICS_2012_Code,Manufacturing of industrial molds made of metal for glass
2016125018,333511,1.0,NAICS_2012_Code,Manufacturing of industrial injection and compression-type molds made of metal for rubber
2016125021,333511,1.0,NAICS_2012_Code,Manufacturing of other industrial molds made of metal for rubber
2016125024,333511,1.0,NAICS_2012_Code,Manufacturing of industrial molds made of metal for other materials
2016125027,333511,1.0,NAICS_2012_Code,Manufacturing of industrial mold bases made of metal
2016125033,333511,1.0,NAICS_2012_Code,"Manufacturing of industrial molds made of materials other than metal, for metal, metal carbides, glass, mineral materials, rubber, and plastics"
2016125036,333511,1.0,NAICS_2012_Code,Manufacturing of all other miscellaneous industrial molds made of materials other than metal
2016125039,333511,1.0,NAICS_2012_Code,Manufacturing of industrial mold boxes and flasks for use with patterns and sand molds in foundries
2016150000,333511,1.0,NAICS_2012_Code,"Manufacturing of industrial injection-type, compression-type, and other industrial molds (including matched metal, transfer, plunger, and rotational molds) made of metal for plastics"
2016175000,333514,1.0,NAICS_2012_Code,Manufacturing of jigs and fixtures (including parts)
2016200000,333514,1.0,NAICS_2012_Code,Manufacturing of metalworking die and die sets
2016225000,333514,1.0,NAICS_2012_Code,"Manufacturing of punches, die parts, and other special tooling"
2016250000,332420,1.0,NAICS_2012_Code,"Manufacturing of seamless and welded, ferrous and nonferrous gas cylinders"
2016275000,332420,1.0,NAICS_2012_Code,"Manufacturing of pressure tanks, including liquefied petroleum gas and air receivers, ferrous and nonferrous metal (standard line pressure)"
2016275003,332420,1.0,NAICS_2012_Code,"Manufacturing of liquefied petroleum gas tanks (all types), ferrous and nonferrous metal, complete at factory (standard line pressure)"
2016275006,332420,1.0,NAICS_2012_Code,"Manufacturing of air receivers (tanks), ferrous and nonferrous metal, complete at factory (standard line pressure)"
2016275009,332420,1.0,NAICS_2012_Code,"Manufacturing of other pressure tanks (including anhydrous ammonia tanks), ferrous and nonferrous metal, complete at factory (standard line pressure)"
2016300000,332420,1.0,NAICS_2012_Code,Manufacturing of ferrous and nonferrous metal storage tanks (standard line nonpressure)
2016325000,332420,1.0,NAICS_2012_Code,"Manufacturing of ferrous metal pressure tanks and vessels (more than 24 inch outside diameter and not less than 5 cu ft capacity), custom fabricated at the factory "
2016325003,332420,1.0,NAICS_2012_Code,"Manufacturing of ferrous metal pressure tanks and vessels (more than 24 inch outside diameter and not less than 5 cu ft capacity), custom fabricated at the factory, for refineries, chemical plants, and paper mills"
2016325006,332420,1.0,NAICS_2012_Code,"Manufacturing of ferrous metal pressure tanks and vessels (more than 24 inch outside diameter and not less than 5 cu ft capacity), custom fabricated at the factory, for other processing industries"
2016350000,332420,1.0,NAICS_2012_Code,"Manufacturing of all other metal tanks and vessels, custom fabricated at the factory"
2016350003,332420,1.0,NAICS_2012_Code,"Manufacturing of nonferrous metal process pressure vessels, tanks, and kettles for refineries, chemical plants, paper mills (more than 24 in. outside diameter and not less than 5 cu ft cap.), custom fabricated at the factory"
2016350006,332420,1.0,NAICS_2012_Code,"Manufacturing of liquefied petroleum gas tanks, ferrous and nonferrous, custom fabricated at the factory"
2016350009,332420,1.0,NAICS_2012_Code,"Manufacturing of all other ferrous metal tanks and vessels, custom fabricated at the factory"
2016350012,332420,1.0,NAICS_2012_Code,"Manufacturing of all other nonferrous metal tanks and vessels, custom fabricated at the factory"
2016375000,332410,1.0,NAICS_2012_Code,Manufacturing of fabricated heat exchangers and steam condensers closed types (excluding nuclear applications) including bar and fin tube
2016400000,332410,1.0,NAICS_2012_Code,"Manufacturing of water tube steel, fire tube steam and vertical, and other power boilers (stationary and marine) (excluding nuclear applications)"
2016425000,332410,1.0,NAICS_2012_Code,"Manufacturing of nuclear reactor steam supply systems, heat exchangers and condensers, pressurizers, components, and auxiliary equipment"
2016450000,333914,1.0,NAICS_2012_Code,Manufacturing of domestic sump pumps (1 hp or less) (including the value of the driver if shipped as a complete unit)
2016475000,333914,1.0,NAICS_2012_Code,"Manufacturing of industrial pumps, excluding hydraulic fluid power pumps, automotive circulating pumps, and measuring and dispensing pumps"
2016475003,333914,1.0,NAICS_2012_Code,Manufacturing of centrifugal pumps
2016475006,333914,1.0,NAICS_2012_Code,Manufacturing of vertical turbine pumps
2016475009,333914,1.0,NAICS_2012_Code,Manufacturing of reciprocating pumps
2016475012,333914,1.0,NAICS_2012_Code,Manufacturing of diaphragm pumps
2016475015,333914,1.0,NAICS_2012_Code,Manufacturing of rotary pumps
2016475018,333914,1.0,NAICS_2012_Code,"Manufacturing of other industrial pumps, including value of drivers (excluding hydraulic fluid power pumps, automotive circulating pumps, and measuring and dispensing pumps)"
2016500000,333914,1.0,NAICS_2012_Code,"Manufacturing of other pumps, excluding packaged pumps, hand pumps, automotive circulating pumps, locomotive pumps, hydraulic fluid power pumps, measuring and dispensing pumps, and industrial spraying equipment"
2016525000,333914,1.0,NAICS_2012_Code,Manufacturing of locomotive fuel lubricating or cooling medium pumps
2016550000,333912,1.0,NAICS_2012_Code,"Manufacturing of air and gas compressors (excluding compressors for ice making, refrigeration, and air-conditioning equipment), including air motors and packaged compressors"
2016550003,333912,1.0,NAICS_2012_Code,"Manufacturing of air compressors, including value of drivers"
2016550006,333912,1.0,NAICS_2012_Code,"Manufacturing of gas compressors, including value of drivers"
2016550009,333912,1.0,NAICS_2012_Code,Manufacturing of mounted air compressors for trucks
2016550012,333912,1.0,NAICS_2012_Code,"Manufacturing of other air and gas compressors, including value of drivers (excluding compressors for ice making, refrigeration, and air-conditioning equipment)"
2016575000,333912,1.0,NAICS_2012_Code,"Manufacturing of vacuum pumps (compressors) (including value of the driver if shipped as a complete unit), excluding laboratory"
2016600000,333912,1.0,NAICS_2012_Code,"Manufacturing of industrial spraying equipment, excluding parts and attachments"
2016625000,333914,1.0,NAICS_2012_Code,"Manufacturing of domestic water systems (pumps for farm and home use), excluding irrigation pumps"
2016650000,33399A,1.0,NAICS_2012_Code,Manufacturing of industrial robots
2016675000,33399A,1.0,NAICS_2012_Code,Manufacturing of gas separating equipment
2016700000,33399A,1.0,NAICS_2012_Code,"Manufacturing of centrifugals (including laboratory centrifuges) and separators (excluding cream, grain, and berry)"
2016725000,33399A,1.0,NAICS_2012_Code,"Manufacturing of all other separatory products, for general industry use"
2016725003,33399A,1.0,NAICS_2012_Code,Manufacturing of steam and vapor separators
2016725006,33399A,1.0,NAICS_2012_Code,Manufacturing of sifting and screening machines
2016725009,33399A,1.0,NAICS_2012_Code,"Manufacturing of all other miscellaneous separatory products for general industrial use, including products used for separating solids, liquids, and gases (complete units)"
2016750000,33399A,1.0,NAICS_2012_Code,Manufacturing of gas generating equipment
2016775000,33399A,1.0,NAICS_2012_Code,"Manufacturing of mixers for general industrial processes, solids or liquids"
2016800000,33399A,1.0,NAICS_2012_Code,Manufacturing of compressed air and gas dryers and centralized automatic lubricating systems for pneumatic fluid power systems
2016800003,33399A,1.0,NAICS_2012_Code,Manufacturing of compressed air and gas dryers
2016800006,33399A,1.0,NAICS_2012_Code,Manufacturing of lubricators for pneumatic systems
2016825000,33399A,1.0,NAICS_2012_Code,Manufacturing of vehicle scales
2016825003,33399A,1.0,NAICS_2012_Code,Manufacturing of motor truck scales
2016825006,33399A,1.0,NAICS_2012_Code,Manufacturing of railroad track scales
2016850000,33399A,1.0,NAICS_2012_Code,Manufacturing of industrial scales
2016850003,33399A,1.0,NAICS_2012_Code,Manufacturing of industrial bench and portable scales
2016850006,33399A,1.0,NAICS_2012_Code,"Manufacturing of industrial floor scales, dormant, pitless"
2016850009,33399A,1.0,NAICS_2012_Code,Manufacturing of automatic checkweigher and bulkweigher scales
2016850012,33399A,1.0,NAICS_2012_Code,Manufacturing of industrial over-under (predetermined weight) and counting scales
2016875000,33399A,1.0,NAICS_2012_Code,"Manufacturing of miscellaneous industrial scales (crane, suspension, tank, hopper, force measuring devices, laboratory scales and balances, and bulk conveyor)"
2016900000,33399A,1.0,NAICS_2012_Code,"Manufacturing of retail, commercial, household, mailing scales and balances"
2016900003,33399A,1.0,NAICS_2012_Code,"Manufacturing of household, retail, and commercial scales, all types"
2016900006,33399A,1.0,NAICS_2012_Code,Manufacturing of mailing and parcel post scales (including handheld scales)
2016900009,33399A,1.0,NAICS_2012_Code,"Manufacturing of balances with or without weights (of all sensitivities), excluding laboratory"
2016925000,33399A,1.0,NAICS_2012_Code,"Manufacturing of all other machinery, for general industry use"
2016925003,33399A,1.0,NAICS_2012_Code,"Manufacturing of lubricating systems, industrial, centralized and automatic, for other than pneumatic systems (complete units)"
2016925006,33399A,1.0,NAICS_2012_Code,Manufacturing of metal baling presses
2016925009,33399A,1.0,NAICS_2012_Code,Manufacturing of hydraulic jacks
2016925012,33399A,1.0,NAICS_2012_Code,"Manufacturing of metal bellows, industrial-type"
2016925015,33399A,1.0,NAICS_2012_Code,Manufacturing of all other miscellaneous machinery for general industrial use (complete units)
2016950000,333413,1.0,NAICS_2007_Code,"Manufacturing of other centrifugal fans and blowers, excluding parts"
2016950003,333413,1.0,NAICS_2007_Code,"Manufacturing of industrial centrifugal fans, excluding blowers, turboblowers, and multistage blowers"
2016950006,333413,1.0,NAICS_2007_Code,"Manufacturing of positive displacement centrifugal blowers, excluding turboblowers"
2016950009,333413,1.0,NAICS_2007_Code,Manufacturing of multistage centrifugal blowers
2016950012,333413,1.0,NAICS_2007_Code,"Manufacturing of industrial and commercial fans and blowers, and attic fans"
2016975000,333413,1.0,NAICS_2007_Code,"Manufacturing of axial fans, excluding parts"
2017000000,333413,1.0,NAICS_2007_Code,"Manufacturing of industrial propeller fans, excluding parts"
2017025000,333413,1.0,NAICS_2007_Code,"Manufacturing of dust collection and other air purification equipment for industrial gas cleaning systems (for cleaning outgoing air), excluding parts"
2017050000,333413,1.0,NAICS_2007_Code,"Manufacturing of other dust collection and air purification equipment, excluding parts"
2017075000,33291A,1.0,NAICS_2012_Code,"Manufacturing of nuclear valves (N-stamp only), excluding parts"
2017100000,33291A,1.0,NAICS_2012_Code,Manufacturing of parts for nuclear valves (N-stamp only)
2017125000,332310,1.0,NAICS_2012_Code,"Manufacturing of fabricated steel plate containers (trash and other), all sizes"
2017150000,332310,1.0,NAICS_2012_Code,"Manufacturing of fabricated steel plate sound control equipment, all types, including jet engine test facilities and gas turbine sound systems (enclosed)"
2017175000,332310,1.0,NAICS_2012_Code,Manufacturing of fabricated steel plate shielding for use in nuclear reactor buildings
2017200000,335999,1.0,NAICS_2012_Code,"Manufacturing of ultrasonic cleaning equipment and components, excluding medical and dental"
2017225000,335999,1.0,NAICS_2012_Code,"Manufacturing of all other miscellaneous electronic systems and equipment (including automatic garage door openers, and magnetic, pulse, and maser amplifiers)"
2017250000,333994,1.0,NAICS_2012_Code,"Manufacturing of fuel-fired industrial process furnaces, ovens, and kilns, excluding parts and attachments"
2017275000,33329A,1.0,NAICS_2007_Code,"Manufacturing of fuel fired kilns for cement, wood, and chemical processing"
2017300000,333994,1.0,NAICS_2012_Code,"Manufacturing of high-frequency induction and dielectric heating equipment, including furnaces, ovens, and kilns, excluding parts and attachments"
2017325000,333994,1.0,NAICS_2012_Code,"Manufacturing of electric resistance-heated furnaces, ovens, and kilns, excluding parts and attachments"
2017350000,333994,1.0,NAICS_2012_Code,"Manufacturing of electric (excluding high-frequency induction and dielectric and resistance-heated) metal processing and heat treating furnaces, excluding parts and attachments"
2017375000,333994,1.0,NAICS_2012_Code,"Manufacturing of other electric industrial furnaces, ovens, and kilns (including laboratory furnaces and ovens) (complete units)"
2017400000,333994,1.0,NAICS_2012_Code,"Manufacturing of other electrical heating equipment for industrial use, excluding parts and attachments for soldering irons"
2017425000,334514,1.0,NAICS_2012_Code,Manufacturing of integrating and totalizing meters for gas and liquids
2017425003,334514,1.0,NAICS_2012_Code,"Manufacturing of integrating and totalizing gas meters, consumption registering"
2017425006,334514,1.0,NAICS_2012_Code,"Manufacturing of integrating and totalizing liquid meters, positive displacement with registers and counters"
2017450000,334514,1.0,NAICS_2012_Code,"Manufacturing of counting devices, excluding motor vehicle instruments"
2017450003,334514,1.0,NAICS_2012_Code,"Manufacturing of mechanical, electrical, and electronic input counting devices"
2017450006,334514,1.0,NAICS_2012_Code,"Manufacturing of all other counting devices (toll meters, fare collection equipment systems, parking lot systems, taximeters, parking meters, etc.)"
2017475000,334511,1.0,NAICS_2012_Code,"Manufacturing of aeronautical, nautical, and navigational instruments, not sending or receiving radio signals (excluding engine instruments)"
2017475003,334511,1.0,NAICS_2012_Code,"Manufacturing of compasses, altimeters, and airspeed indicators"
2017475006,334511,1.0,NAICS_2012_Code,"Manufacturing of acceleration indicators, rate-of-climb and angle-of-attack indicators, and artificial horizon flight instruments"
2017475009,334511,1.0,NAICS_2012_Code,Manufacturing of other aerospace and navigational instruments
2017475012,334511,1.0,NAICS_2012_Code,Manufacturing of gyroscopes
2017475015,334511,1.0,NAICS_2012_Code,Manufacturing of airframe equipment instruments
2017475018,334511,1.0,NAICS_2012_Code,Manufacturing of other aerospace flight instruments
2017475021,334511,1.0,NAICS_2012_Code,Manufacturing of nautical instruments
2017500000,334511,1.0,NAICS_2012_Code,"Manufacturing of search, detection, navigation, and guidance systems and equipment"
2017500003,334511,1.0,NAICS_2012_Code,Manufacturing of light reconnaissance and surveillance electronic systems and equipment
2017500006,334511,1.0,NAICS_2012_Code,Manufacturing of identification friend or foe (IFF) equipment
2017500009,334511,1.0,NAICS_2012_Code,"Manufacturing of search, detection, and acquisition radar systems and equipment, airborne and missile/space"
2017500012,334511,1.0,NAICS_2012_Code,"Manufacturing of other search, detection, and acquisition radar systems and equipment"
2017500015,334511,1.0,NAICS_2012_Code,"Manufacturing of tracking radar systems and equipment (fire control, bombing, bombing-navigational radar, aircraft and missile tracking radar, etc.)"
2017500018,334511,1.0,NAICS_2012_Code,"Manufacturing of instrumentation radar systems and equipment (altimeters, highway speed control radar, missile and space tracking radar, etc.)"
2017500021,334511,1.0,NAICS_2012_Code,"Manufacturing of sonar search, detection, tracking, and communication systems and equipment guidance, including ASM (sonar telephone, depth finding, hydrophones mapping, sonobuoys, etc.)"
2017500024,334511,1.0,NAICS_2012_Code,"Manufacturing of electronic checkout and monitoring equipment for radar, sonar search, detection, and communication systems and equipment"
2017500027,334511,1.0,NAICS_2012_Code,Manufacturing of specialized command and control equipment
2017500031,334511,1.0,NAICS_2012_Code,"Manufacturing of other search, detection, identification, and tracking systems and equipment"
2017500033,334511,1.0,NAICS_2012_Code,"Manufacturing of electronic warfare countermeasures equipment (jamming, communications, and radar)"
2017500036,334511,1.0,NAICS_2012_Code,Manufacturing of other electronic warfare countermeasures equipment
2017500039,334511,1.0,NAICS_2012_Code,Manufacturing of specialized electronic and communications intelligence equipment
2017500042,334511,1.0,NAICS_2012_Code,Manufacturing of missile-borne and space vehicle guidance systems
2017500045,334511,1.0,NAICS_2012_Code,Manufacturing of nonmissile-borne and space vehicle guidance systems
2017500048,334511,1.0,NAICS_2012_Code,"Manufacturing of electronic checkout, launching, and other missile and space support systems"
2017500051,334511,1.0,NAICS_2012_Code,"Manufacturing of airborne navigational systems, radio navigation receivers and displays"
2017500054,334511,1.0,NAICS_2012_Code,"Manufacturing of airborne navigational systems, airborne integrated data systems/flight recorders"
2017500057,334511,1.0,NAICS_2012_Code,"Manufacturing of airborne navigational systems, inertial navigation systems"
2017500061,334511,1.0,NAICS_2012_Code,Manufacturing of other airborne navigational systems
2017500063,334511,1.0,NAICS_2012_Code,Manufacturing of surface (ship and ground) navigational systems
2017500066,334511,1.0,NAICS_2012_Code,"Manufacturing of electronic checkout, monitoring, evaluation, and other electronic equipment for navigational systems and equipment"
2017500069,334511,1.0,NAICS_2012_Code,"Manufacturing of all other search and detection, navigation, and guidance systems and equipment"
2017525000,33451A,1.0,NAICS_2012_Code,Manufacturing of physical properties testing and inspection equipment and kinematic testing and measuring equipment
2017525003,33451A,1.0,NAICS_2012_Code,"Manufacturing of physical properties testing equipment for metals (including hardness, tensile, stress, strain, abrasion, strength, torsion, wear, and similar testing equipment)"
2017525006,33451A,1.0,NAICS_2012_Code,Manufacturing of other physical properties testing equipment
2017525009,33451A,1.0,NAICS_2012_Code,"Manufacturing of physical properties inspection equipment for metals (including flaw detection, thickness measuring, and similar inspection equipment)"
2017525012,33451A,1.0,NAICS_2012_Code,Manufacturing of physical properties inspection equipment for measuring and checking the flow of fluids
2017525015,33451A,1.0,NAICS_2012_Code,Manufacturing of other physical properties inspection equipment
2017525018,33451A,1.0,NAICS_2012_Code,"Manufacturing of kinematic testing and measuring equipment, including vibration, acceleration, and other motion testing equipment"
2017525021,33451A,1.0,NAICS_2012_Code,"Manufacturing of transducers, pressure"
2017550000,33451A,1.0,NAICS_2012_Code,Manufacturing of nuclear radiation detection and monitoring instruments
2017550003,33451A,1.0,NAICS_2012_Code,"Manufacturing of nuclear monitoring instruments (including environment, personal dosimetry, and medical monitors)"
2017550006,33451A,1.0,NAICS_2012_Code,Manufacturing of nuclear instrument modules
2017550009,33451A,1.0,NAICS_2012_Code,"Manufacturing of radiation detecting elements, nuclear power supplies, and measuring and control devices that use beta, gamma, or neutron gauge technology"
2017550012,33451A,1.0,NAICS_2012_Code,Manufacturing of other nuclear radiation detection and monitoring instruments
2017575000,33451A,1.0,NAICS_2012_Code,"Manufacturing of commercial, geophysical, meteorological, and general-purpose instruments and equipment, excluding medical thermometers"
2017575003,33451A,1.0,NAICS_2012_Code,Manufacturing of thermometers (all kinds)
2017575006,33451A,1.0,NAICS_2012_Code,Manufacturing of meteorological electronics equipment and instruments
2017575009,33451A,1.0,NAICS_2012_Code,Manufacturing of seismic instruments
2017575012,33451A,1.0,NAICS_2012_Code,"Manufacturing of all other commercial, geophysical, meteorological, and general-purpose instruments and equipment (including compasses, altimeters, humidity indicating and recording instruments, etc.)"
2017600000,33451A,1.0,NAICS_2012_Code,Manufacturing of survey and drafting instruments
2017625000,334513,1.0,NAICS_2012_Code,Manufacturing of process control instruments
2017625003,334513,1.0,NAICS_2012_Code,"Manufacturing of unified electronic systems, controllers"
2017625006,334513,1.0,NAICS_2012_Code,Manufacturing of other unified electronic systems
2017625009,334513,1.0,NAICS_2012_Code,"Manufacturing of unified electronic systems, auxiliary stations and analog computer devices"
2017625012,334513,1.0,NAICS_2012_Code,Manufacturing of nonunified electronic systems
2017625015,334513,1.0,NAICS_2012_Code,Manufacturing of industrial multifunction process computers
2017625018,334513,1.0,NAICS_2012_Code,Manufacturing of pneumatic systems and annunciators
2017625021,334513,1.0,NAICS_2012_Code,Manufacturing of continuous process instruments
2017625024,334513,1.0,NAICS_2012_Code,Manufacturing of instruments for all other process variables
2017625027,334513,1.0,NAICS_2012_Code,Manufacturing of other industrial-type instruments
2017625031,334513,1.0,NAICS_2012_Code,Manufacturing of electrical and electronic temperature measuring instruments
2017625033,334513,1.0,NAICS_2012_Code,Manufacturing of other temperature measuring instruments
2017625036,334513,1.0,NAICS_2012_Code,"Manufacturing of primary temperature sensors, excluding aircraft types, thermocouples"
2017625039,334513,1.0,NAICS_2012_Code,"Manufacturing of other primary temperature sensors, excluding aircraft types"
2017625042,334513,1.0,NAICS_2012_Code,Manufacturing of pressure and draft measuring instruments
2017625045,334513,1.0,NAICS_2012_Code,"Manufacturing of flow and liquid level measuring instruments, differential pressure types"
2017625048,334513,1.0,NAICS_2012_Code,Manufacturing of humidity instruments
2017650000,334515,1.0,NAICS_2012_Code,Manufacturing of electrical integrating instruments
2017650003,334515,1.0,NAICS_2012_Code,Manufacturing of A.C. watt meters
2017650006,334515,1.0,NAICS_2012_Code,Manufacturing of demand meters
2017650009,334515,1.0,NAICS_2012_Code,Manufacturing of other electrical integrating meters
2017675000,334515,1.0,NAICS_2012_Code,"Manufacturing of test equipment for testing electrical, radio, and communication circuits, and motors (excluding portable instrument transformers)"
2017675003,334515,1.0,NAICS_2012_Code,"Manufacturing of voltage, current, and resistance measuring equipment"
2017675006,334515,1.0,NAICS_2012_Code,Manufacturing of multimeters
2017675009,334515,1.0,NAICS_2012_Code,Manufacturing of power and energy measuring equipment
2017675012,334515,1.0,NAICS_2012_Code,Manufacturing of waveform measuring and/or analyzing equipment
2017675015,334515,1.0,NAICS_2012_Code,Manufacturing of signal generating equipment
2017675018,334515,1.0,NAICS_2012_Code,Manufacturing of field strength and intensity measuring equipment
2017675021,334515,1.0,NAICS_2012_Code,Manufacturing of combination and/or group test sets
2017675024,334515,1.0,NAICS_2012_Code,"Manufacturing of semiconductor component test equipment, memory"
2017675027,334515,1.0,NAICS_2012_Code,"Manufacturing of semiconductor component test equipment, microprocessor"
2017675031,334515,1.0,NAICS_2012_Code,Manufacturing of other semiconductor component test equipment
2017675033,334515,1.0,NAICS_2012_Code,Manufacturing of loaded circuit board test equipment
2017675036,334515,1.0,NAICS_2012_Code,Manufacturing of other component part test sets and equipment
2017675039,334515,1.0,NAICS_2012_Code,Manufacturing of equipment and subassembly test equipment
2017675042,334515,1.0,NAICS_2012_Code,Manufacturing of standards and calibration equipment
2017675045,334515,1.0,NAICS_2012_Code,"Manufacturing of communications test equipment, network analyzers"
2017675048,334515,1.0,NAICS_2012_Code,"Manufacturing of communications test equipment, fiber optics"
2017675051,334515,1.0,NAICS_2012_Code,"Manufacturing of communications test equipment, microwave"
2017675054,334515,1.0,NAICS_2012_Code,Manufacturing of other communications test equipment
2017675057,334515,1.0,NAICS_2012_Code,Manufacturing of other test equipment
2017700000,334515,1.0,NAICS_2012_Code,Manufacturing of other instruments to measure electricity
2017700003,334515,1.0,NAICS_2012_Code,"Manufacturing of electrical indicating instruments, panel-type"
2017700006,334515,1.0,NAICS_2012_Code,"Manufacturing of electrical indicating instruments, portable"
2017700009,334515,1.0,NAICS_2012_Code,Manufacturing of electrical recording instruments
2017700012,334515,1.0,NAICS_2012_Code,Manufacturing of other instruments to measure electricity
2017725000,334516,1.0,NAICS_2012_Code,"Manufacturing of analytical and scientific instruments, excluding optical"
2017725003,334516,1.0,NAICS_2012_Code,Manufacturing of electrochemical instruments
2017725006,334516,1.0,NAICS_2012_Code,Manufacturing of chromatographic instruments
2017725009,334516,1.0,NAICS_2012_Code,Manufacturing of spectrophotometric instruments
2017725012,334516,1.0,NAICS_2012_Code,Manufacturing of thermal analysis instruments
2017725015,334516,1.0,NAICS_2012_Code,Manufacturing of mass spectroscopy instruments
2017725018,334516,1.0,NAICS_2012_Code,"Manufacturing of chemistry laboratory instrumentation, used to measure and identify substances (e.g., metabolites, enzymes, and drugs)"
2017725021,334516,1.0,NAICS_2012_Code,"Manufacturing of hematology laboratory instrumentation, used to measure and identify substances or cells contained in blood which influence its development and clotting (e.g., blood cell counting coagulation factors)"
2017725024,334516,1.0,NAICS_2012_Code,"Manufacturing of blood bank and immunology laboratory instrumentation, used to process blood and specimens for testing, or measure and identify, using immunoassay, substances in clinical specimens"
2017725027,334516,1.0,NAICS_2012_Code,Manufacturing of other clinical laboratory instrumentation (including microbiology instrumentation)
2017725031,334516,1.0,NAICS_2012_Code,"Manufacturing of organic elemental analysis instruments (carbon, hydrogen, nitrogen, oxygen, sulphur)"
2017725033,334516,1.0,NAICS_2012_Code,Manufacturing of gas detectors
2017725036,334516,1.0,NAICS_2012_Code,Manufacturing of other analytical and scientific instruments
2017750000,333415,1.0,NAICS_2012_Code,Manufacturing of commercial refrigerators and related equipment
2017750003,333415,1.0,NAICS_2012_Code,"Manufacturing of commercial refrigerated sectional coolers and cooling rooms, prefabricated (factory-produced)-type, including self-contained and remote units"
2017750006,333415,1.0,NAICS_2012_Code,"Manufacturing of commercial reach-in refrigerators and reach-in vertical display cabinets for normal temperature applications (not intended for frozen foods, etc.), including self-contained and remote units"
2017750009,333415,1.0,NAICS_2012_Code,"Manufacturing of commercial reach-in refrigerators and reach-in-type vertical display cabinets for low temperature applications, including self-contained and remote units"
2017750012,333415,1.0,NAICS_2012_Code,"Manufacturing of commercial closed refrigerated display cases for normal temperature applications, including self-contained and remote units"
2017750015,333415,1.0,NAICS_2012_Code,"Manufacturing of commercial open, one level, self-service refrigerated display cases for normal temperature applications, including self-contained and remote units"
2017750018,333415,1.0,NAICS_2012_Code,"Manufacturing of commercial open, multilevel, self-service refrigerated display cases for normal temperature applications, including self-contained and remote units"
2017750021,333415,1.0,NAICS_2012_Code,"Manufacturing of commercial open, self-service refrigerated frozen food display cases, including self-contained and remote units"
2017750024,333415,1.0,NAICS_2012_Code,"Manufacturing of commercial closed, refrigerated frozen food cabinets, other than reach-in-type, including self-contained and remote units"
2017750027,333415,1.0,NAICS_2012_Code,"Manufacturing of other commercial refrigerated display cases for low-temperature applications, including self-contained and remote units"
2017750031,333415,1.0,NAICS_2012_Code,"Manufacturing of commercial mechanical refrigerated bulk beverage dispensers, including malt dispensers and precooler cabinets, excluding coin-operated"
2017750033,333415,1.0,NAICS_2012_Code,Manufacturing of commercial laboratory freezers
2017750036,333415,1.0,NAICS_2012_Code,Manufacturing of other commercial refrigerators and related equipment
2017775000,333415,1.0,NAICS_2012_Code,Manufacturing of all other miscellaneous refrigeration equipment
2017775003,333415,1.0,NAICS_2012_Code,"Manufacturing of soda fountain refrigeration equipment (cooler box, fountainette, and similar equipment)"
2017775006,333415,1.0,NAICS_2012_Code,Manufacturing of beer dispensing refrigeration equipment
2017775009,333415,1.0,NAICS_2012_Code,Manufacturing of all other miscellaneous refrigeration equipment
2017800000,333415,1.0,NAICS_2012_Code,"Manufacturing of heat transfer equipment (excluding electrically operated dehumidifiers), mechanically refrigerated, self-contained, excluding motor vehicle mechanical air-conditioning systems"
2017800003,333415,1.0,NAICS_2012_Code,Manufacturing of heat transfer packaged terminal air conditioners and heat pumps
2017800006,333415,1.0,NAICS_2012_Code,"Manufacturing of heat transfer evaporative condensers, 100 tons and under"
2017800009,333415,1.0,NAICS_2012_Code,"Manufacturing of heat transfer evaporative condensers, over 100 tons"
2017800012,333415,1.0,NAICS_2012_Code,"Manufacturing of heat transfer room fan-coil air-conditioning units, vertical stack"
2017800015,333415,1.0,NAICS_2012_Code,"Manufacturing of heat transfer room fan-coil air-conditioning units, vertical"
2017800018,333415,1.0,NAICS_2012_Code,"Manufacturing of heat transfer room fan-coil air-conditioning units, horizontal"
2017800021,333415,1.0,NAICS_2012_Code,"Manufacturing of heat transfer central station air-handling units (motor-driven fan-type), draw through"
2017800024,333415,1.0,NAICS_2012_Code,"Manufacturing of heat transfer central station air-handling units (motor-driven fan-type), blow through"
2017800027,333415,1.0,NAICS_2012_Code,"Manufacturing of heat transfer central station air-handling units (motor-driven fan-type), heating and ventilating"
2017800031,333415,1.0,NAICS_2012_Code,"Manufacturing of heat transfer coolers (refrigeration), ceiling, wall-mounted, and  floor-mounted unit coolers, 18,000 Btuh and below"
2017800033,333415,1.0,NAICS_2012_Code,"Manufacturing of heat transfer coolers (refrigeration), ceiling, wall-mounted, and  floor-mounted unit coolers, over 18,000 Btuh"
2017800036,333415,1.0,NAICS_2012_Code,"Manufacturing of heat transfer coolers (refrigeration), air-cooled refrigerant condensers (remote-type), under 30 tons"
2017800039,333415,1.0,NAICS_2012_Code,"Manufacturing of heat transfer coolers (refrigeration), air-cooled refrigerant condensers (remote-type), 30 to 50 tons"
2017800042,333415,1.0,NAICS_2012_Code,"Manufacturing of heat transfer coolers (refrigeration), air-cooled refrigerant condensers (remote-type), over 50 tons"
2017800045,333415,1.0,NAICS_2012_Code,"Manufacturing of miscellaneous heat transfer equipment, shell-and-tube, shell-and-coil, shell-and-u-tube, tube-in-tube, condensers"
2017800048,333415,1.0,NAICS_2012_Code,"Manufacturing of miscellaneous heat transfer equipment, shell-and-tube, shell-and-coil, shell-and-u-tube, tube-in-tube, liquid coolers"
2017800051,333415,1.0,NAICS_2012_Code,"Manufacturing of miscellaneous heat transfer equipment, liquid-suction heat exchangers and refrigerant liquid receivers"
2017800054,333415,1.0,NAICS_2012_Code,"Manufacturing of miscellaneous heat transfer equipment, central system finned coils (air-conditioning and refrigeration-type), standard steam and steam distributing tube"
2017800057,333415,1.0,NAICS_2012_Code,"Manufacturing of miscellaneous heat transfer equipment, central system finned coils (air-conditioning and refrigeration-type), standard water cooling and/or heating and cleanable tube"
2017800061,333415,1.0,NAICS_2012_Code,"Manufacturing of miscellaneous heat transfer equipment, central system finned coils (air-conditioning and refrigeration-type), volatile refrigerant cooling"
2017800063,333415,1.0,NAICS_2012_Code,"Manufacturing of miscellaneous heat transfer equipment, coil sales by original equipment manufacturers intended for resale or assembly into equipment by other manufacturers (all types), copper and aluminum"
2017800066,333415,1.0,NAICS_2012_Code,"Manufacturing of miscellaneous heat transfer equipment, coil sales by original equipment manufacturers intended for resale or assembly into equipment by other manufacturers (all types), aluminum (only)"
2017800069,333415,1.0,NAICS_2012_Code,"Manufacturing of miscellaneous heat transfer equipment, coil sales by original equipment manufacturers intended for resale or assembly into equipment by other manufacturers (all types), other (including steel and copper)"
2017800072,333415,1.0,NAICS_2012_Code,"Manufacturing of heat transfer centrifugal liquid chilling packages, hermetic and open types"
2017800075,333415,1.0,NAICS_2012_Code,"Manufacturing of heat transfer ice-making machines, self-contained ice cube makers, automatic, under 200 lb"
2017800078,333415,1.0,NAICS_2012_Code,"Manufacturing of heat transfer ice-making machines, self-contained ice cube makers, automatic, 200 lb and over"
2017800081,333415,1.0,NAICS_2012_Code,"Manufacturing of heat transfer ice-making machines, self-contained flake or chip machines, 300 lb and under"
2017800084,333415,1.0,NAICS_2012_Code,"Manufacturing of heat transfer ice-making machines, self-contained flake or chip machines, over 300 lb"
2017800087,333415,1.0,NAICS_2012_Code,"Manufacturing of heat transfer ice-making machines, not self-contained"
2017800091,333415,1.0,NAICS_2012_Code,"Manufacturing of heat transfer ice-making machines, combination ice makers and ice/drink dispensers"
2017800093,333415,1.0,NAICS_2012_Code,"Manufacturing of heat transfer reciprocating air and reciprocating water-cooled, air-cooled screw, air-cooled scroll, and water-cooled scroll machines, 20 hp and under"
2017800096,333415,1.0,NAICS_2012_Code,"Manufacturing of heat transfer reciprocating air and reciprocating water-cooled, air-cooled screw, air-cooled scroll, and water-cooled scroll machines, 21 to 49 hp"
2017800099,333415,1.0,NAICS_2012_Code,"Manufacturing of heat transfer reciprocating air and reciprocating water-cooled, air-cooled screw, air-cooled scroll, and water-cooled scroll machines, 50 to 75 hp"
2017800102,333415,1.0,NAICS_2012_Code,"Manufacturing of heat transfer reciprocating air and reciprocating water-cooled, air-cooled screw, air-cooled scroll, and water-cooled scroll machines, over 75 hp"
2017800105,333415,1.0,NAICS_2012_Code,Manufacturing of heat transfer factory-fabricated water cooling towers
2017800108,333415,1.0,NAICS_2012_Code,"Manufacturing of other heat transfer equipment, including room air-induction units, mechanical refrigeration systems used on all types of vehicles, and absorption refrigeration and dehydration systems"
2017825000,339112,1.0,NAICS_2012_Code,Manufacturing of surgical and orthopedic instruments
2017850000,339112,1.0,NAICS_2012_Code,"Manufacturing of surgical and medical diagnostic apparatus, excluding electromedical"
2017875000,339112,1.0,NAICS_2012_Code,"Manufacturing of surgical and medical blood transfusion and IV equipment, including blood donor kits"
2017900000,339112,0.5,NAICS_2012_Code,"Manufacturing of surgical and medical apparatus and instruments, other types, excluding parts"
2017900000,339113,0.5,NAICS_2012_Code,"Manufacturing of surgical and medical apparatus and instruments, other types, excluding parts"
2017900003,339112,1.0,NAICS_2012_Code,"Manufacturing of surgical and medical apparatus and instruments, mechanical therapy and anesthetic"
2017900006,339112,1.0,NAICS_2012_Code,"Manufacturing of surgical and medical apparatus and instruments, all other types, excluding parts"
2017900009,339113,1.0,NAICS_2012_Code,"Manufacturing of breathing devices (including incubators, inhalators, respirators, and resuscitators), excluding anesthetic apparatus"
2017925000,339113,1.0,NAICS_2012_Code,Manufacturing of medical furniture (excluding dental)
2017925003,339113,1.0,NAICS_2012_Code,Manufacturing of hospital beds
2017925006,339113,1.0,NAICS_2012_Code,"Manufacturing of hospital furniture, operating room (including cabinets, cases, and tables)"
2017925009,339113,1.0,NAICS_2012_Code,"Manufacturing of other specialized hospital furniture, excluding beds and operating and patient room furniture"
2017925012,339113,1.0,NAICS_2012_Code,"Manufacturing of other patient transport devices, including stretchers and tables"
2017950000,339114,1.0,NAICS_2012_Code,"Manufacturing of dental equipment, professional (including dental chairs, dental units, hand pieces, hand instruments, and other equipment), excluding X-ray equipment"
2017975000,339114,1.0,NAICS_2012_Code,"Manufacturing of dental equipment, laboratory (including benches, blow pipes, casting machines, furnaces, lathes, polishing units, and presses)"
2018000000,334510,1.0,NAICS_2012_Code,"Manufacturing of electromedical equipment (including diagnostic, therapeutic, and patient monitoring equipment), excluding ionizing radiation equipment"
2018000003,334510,1.0,NAICS_2012_Code,Manufacturing of magnetic resonance imaging equipment (MRI)
2018000006,334510,1.0,NAICS_2012_Code,Manufacturing of ultrasound scanning devices
2018000009,334510,1.0,NAICS_2012_Code,Manufacturing of electrocardiograph (EKG) equipment
2018000012,334510,1.0,NAICS_2012_Code,Manufacturing of all other medical diagnostic equipment
2018000015,334510,1.0,NAICS_2012_Code,"Manufacturing of intensive care/coronary care units, including component modules such as temperature, blood pressure, and pulse"
2018000018,334510,1.0,NAICS_2012_Code,Manufacturing of prenatal and respiratory monitoring equipment
2018000021,334510,1.0,NAICS_2012_Code,Manufacturing of all other patient monitoring equipment
2018000024,334510,1.0,NAICS_2012_Code,Manufacturing of defibrillators
2018000027,334510,1.0,NAICS_2012_Code,"Manufacturing of dialyzers, including machines and equipment"
2018000031,334510,1.0,NAICS_2012_Code,Manufacturing of medical laser equipment
2018000033,334510,1.0,NAICS_2012_Code,"Manufacturing of all other medical therapy equipment, including ultrasound therapy equipment"
2018000036,334510,1.0,NAICS_2012_Code,Manufacturing of electrosurgical equipment
2018000039,334510,1.0,NAICS_2012_Code,Manufacturing of all other surgical support systems
2018000042,334510,1.0,NAICS_2012_Code,Manufacturing of all other electromedical and electrotherapeutic apparatus
2018025000,334517,1.0,NAICS_2012_Code,"Manufacturing of irradiation (ionizing radiation) equipment, including X-ray, beta ray, gamma ray, and nuclear"
2018025003,334517,1.0,NAICS_2012_Code,"Manufacturing of digital radiography equipment, used for diagnostic purposes"
2018025006,334517,1.0,NAICS_2012_Code,"Manufacturing of computerized axial tomography (CT or CAT scan), used for diagnostic purposes"
2018025009,334517,1.0,NAICS_2012_Code,"Manufacturing of all other medical diagnostic X-ray equipment, including dental and conventional"
2018025012,334517,1.0,NAICS_2012_Code,Manufacturing of nuclear medicine equipment
2018025015,334517,1.0,NAICS_2012_Code,Manufacturing of industrial and scientific X-ray equipment
2018025018,334517,1.0,NAICS_2012_Code,Manufacturing of X-ray tubes
2018025021,334517,1.0,NAICS_2012_Code,Manufacturing of other irradiation equipment
2018050000,333318,1.0,NAICS_2007_Code,Manufacturing of automotive maintenance equipment
2018050003,333318,1.0,NAICS_2007_Code,"Manufacturing of automotive maintenance equipment (including frame, body and wheel alignment equipment, wheel balancing equipment, and brake service equipment) (excluding handtools)"
2018050006,333318,1.0,NAICS_2007_Code,"Manufacturing of commercial car, truck, and bus washing machinery and equipment"
2018075000,337127,1.0,NAICS_2012_Code,"Manufacturing of school furniture (excluding library), excluding stone and concrete"
2018100000,337127,1.0,NAICS_2012_Code,"Manufacturing of public building and related furniture (excluding bar, bowling center, cafeteria, restaurant, and school)"
2018100003,337127,1.0,NAICS_2012_Code,"Manufacturing of library furniture, including chairs, charging desks, reading tables, and study carrels"
2018100006,337127,1.0,NAICS_2012_Code,Manufacturing of church pews
2018100009,337127,1.0,NAICS_2012_Code,"Manufacturing of public building tables (excluding bar, bowling center, cafeteria, library, restaurant, and school), folding, including banquet"
2018100012,337127,1.0,NAICS_2012_Code,"Manufacturing of public building and related furniture, other types, excluding bar, bowling center, cafeteria, restaurant, and school"
2018100015,337127,1.0,NAICS_2012_Code,Manufacturing of hospital patient room and general purpose furniture (excluding beds and chairs)
2018100018,337127,1.0,NAICS_2012_Code,"Manufacturing of other public building chairs and seats, excluding bar, bowling center, cafeteria, library, restaurant, and school"
2018100021,337127,1.0,NAICS_2012_Code,"Manufacturing of stadium and bleacher seating, including grandstands"
2018125000,337127,1.0,NAICS_2012_Code,"Manufacturing of public bar, bowling center, cafeteria, and restaurant furniture"
2018150000,337127,1.0,NAICS_2012_Code,"Manufacturing of institutional furniture, other types"
2018150003,337127,1.0,NAICS_2012_Code,"Manufacturing of institutional furniture, all other types, including ship furniture, amusement game cabinets, and industrial stools and work benches"
2018150006,337127,1.0,NAICS_2012_Code,"Manufacturing of laboratory furniture (excluding hospital beds, operating room furniture, and patient room furniture)"
2018175000,337215,1.0,NAICS_2012_Code,"Manufacturing of shelving and lockers, wood, excluding custom"
2018200000,337215,1.0,NAICS_2012_Code,"Manufacturing of fixtures (bank, office, and store), wood, excluding custom"
2018225000,337215,1.0,NAICS_2012_Code,"Manufacturing of partitions, other types (excluding accordion and folding door), prefabricated, assembled and knock-down, excluding wood"
2018250000,337215,1.0,NAICS_2012_Code,"Manufacturing of shelving, commercial, excluding wood"
2018275000,337215,1.0,NAICS_2012_Code,"Manufacturing of bookstacks, lockers, and other shelving, excluding wood"
2018300000,337215,1.0,NAICS_2012_Code,"Manufacturing of storage racks and accessories, excluding wood"
2018325000,337215,1.0,NAICS_2012_Code,"Manufacturing of fixtures (bank, office, and store), excluding wood"
2018350000,339950,1.0,NAICS_2012_Code,"Manufacturing of electric signs and displays, including counter, floor, and point-of-purchase displays, scoreboards, and custom trade show exhibits"
2018375000,339950,1.0,NAICS_2012_Code,Manufacturing of nonelectric signs and displays
2018375003,339950,1.0,NAICS_2012_Code,"Manufacturing of nonelectric signs and displays, primarily metal, including counter, floor, and point-of-purchase displays and custom trade show exhibits"
2018375006,339950,1.0,NAICS_2012_Code,"Manufacturing of nonelectric signs and displays, primarily non-metal, including counter, floor, and point-of-purchase displays and custom trade show exhibits"
2018400000,333318,1.0,NAICS_2007_Code,"Manufacturing of automatic merchandising machines, coin-operated (vending) (excluding money changing machines and coin-operated mechanisms)"
2018425000,333318,1.0,NAICS_2007_Code,"Manufacturing of automatic merchandising machines, coin-operated mechanisms, excluding time switches"
2018450000,333318,1.0,NAICS_2007_Code,"Manufacturing of currency handling machines, including money changing and dispensing machines"
2018475000,333318,1.0,NAICS_2007_Code,"Manufacturing of commercial laundry washers and washer-extractor combinations (excluding parts, attachments, and accessories)"
2018500000,333318,1.0,NAICS_2007_Code,"Manufacturing of commercial laundry drying tumblers (including centrifugal and compaction extractor) (excluding parts, attachments, and accessories)"
2018525000,333318,1.0,NAICS_2007_Code,"Manufacturing of other commercial laundry equipment (excluding parts, attachments, and accessories)"
2018550000,333318,1.0,NAICS_2007_Code,"Manufacturing of commercial drycleaning machines and presses (including garment manufacturers' needle trades presses, reclaiming units, etc.) (excluding parts, attachments, and accessories)"
2018575000,333314,1.0,NAICS_2012_Code,"Manufacturing of sighting, tracking, and fire-control equipment, optical-type"
2018575003,333314,1.0,NAICS_2012_Code,"Manufacturing of sighting, tracking, and fire-control equipment"
2018575009,333314,1.0,NAICS_2012_Code,Manufacturing of sighting and tracking laser systems
2018575012,333314,1.0,NAICS_2012_Code,Manufacturing of night vision goggles and equipment
2018600000,333314,1.0,NAICS_2012_Code,Manufacturing of all other miscellaneous optical instruments and lenses (including binoculars and astronomical instruments)
2018600003,333314,1.0,NAICS_2012_Code,Manufacturing of binoculars and astronomical instruments
2018600006,333314,1.0,NAICS_2012_Code,Manufacturing of optical test and inspection equipment
2018600009,333314,1.0,NAICS_2012_Code,"Manufacturing of optical instruments used for inspecting semiconductors, wafers, and photo masks"
2018600012,333314,1.0,NAICS_2012_Code,Manufacturing of miscellaneous filters for optical instruments and lenses
2018600015,333314,1.0,NAICS_2012_Code,Manufacturing of miscellaneous unmounted lenses for optical instruments and lenses
2018600018,333314,1.0,NAICS_2012_Code,Manufacturing of miscellaneous mounted lenses for optical instruments and lenses
2018600024,333314,1.0,NAICS_2012_Code,Manufacturing of other optical instruments
2018625000,333316,1.0,NAICS_2007_Code,"Manufacturing of projectors, excluding rear screen viewers"
2018650000,333316,1.0,NAICS_2007_Code,Manufacturing of still picture commercial-type processing equipment for film
2018675000,333316,1.0,NAICS_2007_Code,"Manufacturing of all other still picture commercial-type processing equipment (developing machines, motor-operated print washers and driers, etc.)"
2018700000,333316,1.0,NAICS_2007_Code,"Manufacturing of motion picture equipment (all sizes 8 mm and greater), excluding projection screens and processing equipment"
2018725000,333316,1.0,NAICS_2007_Code,Manufacturing of projection screens (for motion picture and/or still projection)
2018750000,333316,1.0,NAICS_2007_Code,"Manufacturing of motion picture processing equipment, all types, excluding motion picture still-type equipment and interchangeable types"
2018775000,333316,1.0,NAICS_2007_Code,Manufacturing of all other photographic and photocopying equipment manufacturing
2018776000,334300,1.0,NAICS_2012_Code,Manufacturing of commercial sound equipment
2018776003,334300,1.0,NAICS_2012_Code,Manufacturing of multiple loudspeakers mounted in an enclosure (excluding for automobiles)
2018776006,334300,1.0,NAICS_2012_Code,Manufacturing of microphones (excluding for automobiles)
2018776009,334300,1.0,NAICS_2012_Code,"Manufacturing of public address systems, including musical instrument amplifiers (excluding for automobiles)"
2018800000,333914,1.0,NAICS_2012_Code,"Manufacturing of single unit gasoline dispensing pumps, computing-type (filling-station-type), excluding parts and attachments"
2018825000,333914,1.0,NAICS_2012_Code,"Manufacturing of multiple unit gasoline dispensing pumps, computing-type (filling-station-type), excluding parts and attachments"
2018850000,333914,1.0,NAICS_2012_Code,"Manufacturing of lubricating oil pumps, barrel pumps, grease guns, and all other miscellaneous measuring and dispensing pumps for service station use, complete units"
2018875000,333318,1.0,NAICS_2007_Code,Manufacturing of commercial and industrial floor and carpet cleaning machines (including waxing and polishing machines) (excluding vacuum cleaners)
2018875003,333318,1.0,NAICS_2007_Code,Manufacturing of commercial and industrial floor sanding and scrubbing machines
2018875006,333318,1.0,NAICS_2007_Code,"Manufacturing of commercial and industrial carpet cleaning equipment, including sweepers (excluding vacuum cleaners)"
2018875009,333318,1.0,NAICS_2007_Code,"Manufacturing of other commercial and industrial floor and carpet cleaning machines, including waxing and polishing machines (excluding vacuum cleaners)"
2018900000,33299A,1.0,NAICS_2012_Code,"Manufacturing of machine guns (30 mm or less, 1.18 in. or less)"
2018925000,33299A,1.0,NAICS_2012_Code,Manufacturing of centerfire semiautomatic rifles
2018950000,33299A,1.0,NAICS_2007_Code,"Manufacturing of guns, howitzers, mortars, turrets, parts, and all other miscellaneous ordnance, accessories and related equipment (more than 30 mm (1.18 in.)), including parts"
2018975000,333318,1.0,NAICS_2007_Code,Manufacturing of commercial and industrial portable vacuum cleaners
2019000000,333318,1.0,NAICS_2007_Code,"Manufacturing of electronic teaching machines, teaching aids, trainers, and simulators (including kits)"
2019025000,339990,1.0,NAICS_2012_Code,"Manufacturing of coin-operated amusement machines (electric and nonelectric), excluding jukeboxes "
2019050000,339920,1.0,NAICS_2012_Code,Manufacturing of playground equipment for other uses (including heavy-duty commercial and institutional)
2019075000,339920,1.0,NAICS_2012_Code,Manufacturing of gymnasium and exercise equipment
2019075003,339920,1.0,NAICS_2012_Code,"Manufacturing of gymnasium and gymnastic apparatus and equipment (including horizontal and parallel bars, balance beams, trampolines, and mats)"
2019075006,339920,1.0,NAICS_2012_Code,Manufacturing of home gyms and training units
2019075009,339920,1.0,NAICS_2012_Code,Manufacturing of treadmills
2019075012,339920,1.0,NAICS_2012_Code,"Manufacturing of other exercise, health, and physical fitness equipment"
2019100000,339920,1.0,NAICS_2012_Code,Manufacturing of other bowling equipment (excluding apparel and shoes)
2019125000,333318,1.0,NAICS_2007_Code,Manufacturing of sewage treatment equipment
2019125003,333318,1.0,NAICS_2007_Code,"Manufacturing of sewage treatment equipment, distilling or rectifying"
2019125006,333318,1.0,NAICS_2007_Code,"Manufacturing of sewage treatment equipment, filtering or purifying"
2019125009,333318,1.0,NAICS_2007_Code,"Manufacturing of sewage treatment equipment, centrifuges"
2019125012,333318,1.0,NAICS_2007_Code,Manufacturing of other sewage treatment equipment
2019150000,326290,1.0,NAICS_2012_Code,"Manufacturing of graphics arts and printers' roll coverings, rubber, and printers' rubber blankets"
2019160000,332999,1.0,NAICS_2012_Code,"Manufacturing of fabricated metal safes, vaults, and deposit boxes, and all other fabricated metal bank and security vaults and equipment"
2019175000,333318,1.0,NAICS_2007_Code,Manufacturing of other service industry equipment
2019175003,333318,1.0,NAICS_2007_Code,"Manufacturing of carnival and amusement park equipment (Ferris wheels, merry-go-rounds, etc.) (excluding electric equipment, and coin-operated amusement machines)"
2019175006,333318,1.0,NAICS_2007_Code,Manufacturing of conveyor-type commercial dishwashing machines
2019175009,333318,1.0,NAICS_2007_Code,Manufacturing of all other commercial dishwashing machines
2019175012,333318,1.0,NAICS_2007_Code,Manufacturing of service industry trash and garbage compactors
2019175015,333318,1.0,NAICS_2007_Code,Manufacturing of sewer pipe and drain cleaning equipment
2019175018,333318,1.0,NAICS_2007_Code,"Manufacturing of high-pressure (more than 1,000 psi) cleaning and blasting machinery and equipment (excluding foundry)"
2019175021,333318,1.0,NAICS_2007_Code,Manufacturing of barber and beauty shop furniture and equipment (excluding barber and beauty chairs)
2019175024,333318,1.0,NAICS_2007_Code,Manufacturing of electric hand-drying apparatus
2019175027,333318,1.0,NAICS_2007_Code,"Manufacturing of other service industry equipment, not elsewhere classified"
2019200000,336411,1.0,NAICS_2012_Code,Developing and making prototypes of complete aircraft
2019200003,336411,1.0,NAICS_2012_Code,Developing and making prototypes of complete aircraft for military customers
2019200006,336411,1.0,NAICS_2012_Code,Developing and making prototypes of complete aircraft for civilian customers
2019225000,336412,1.0,NAICS_2012_Code,Developing and making prototypes of aircraft engines
2019225003,336412,1.0,NAICS_2012_Code,Developing and making prototypes of military aircraft engines (including other aircraft engines built to military specifications)
2019225006,336412,1.0,NAICS_2012_Code,Developing and making prototypes of civilian aircraft engines
2019250000,336413,1.0,NAICS_2012_Code,Developing and making prototypes of aircraft parts (excluding engines)
2019275000,336414,1.0,NAICS_2012_Code,Developing and making prototypes of complete guided missiles
2019300000,336414,1.0,NAICS_2012_Code,Developing and making prototypes of complete space vehicles
2019325000,33641A,1.0,NAICS_2012_Code,"Developing and making prototypes of complete missiles, space vehicle engines, and propulsion units"
2019325003,33641A,1.0,NAICS_2012_Code,"Developing and making prototypes of complete missiles, space vehicle engines, and propulsion units for U.S. Government military customers"
2019325006,33641A,1.0,NAICS_2012_Code,"Developing and making prototypes of complete missiles, space vehicle engines, and propulsion units for U.S. Government nonmilitary customers"
2019325009,33641A,1.0,NAICS_2012_Code,"Developing and making prototypes of complete missiles, space vehicle engines, and propulsion units for other customers"
2019350000,33641A,1.0,NAICS_2012_Code,Developing and making prototypes of missile and space vehicle parts and components
2019350003,33641A,1.0,NAICS_2012_Code,Developing and making prototypes of  missile and space vehicle airframes and space capsules for U.S. Government military customers
2019350006,33641A,1.0,NAICS_2012_Code,Developing and making prototypes of missile and space vehicle parts and components for U.S. Government military customers
2019350009,33641A,1.0,NAICS_2012_Code,Developing and making prototypes of missile and space vehicle parts and components for U.S. Government nonmilitary customers
2019350012,33641A,1.0,NAICS_2012_Code,Developing and making prototypes of missile and space vehicle parts and components for other customers
2019365000,333514,1.0,NAICS_2012_Code,Developing and making prototypes of other goods
2019375000,324110,1.0,NAICS_2012_Code,"Manufacturing of gasoline, including finished base stocks and blending agents"
2019375003,324110,1.0,NAICS_2012_Code,"Manufacturing of aviation gasoline (excluding jet fuel), including finished base stocks and blending agents"
2019375006,324110,1.0,NAICS_2012_Code,"Manufacturing of motor gasoline, regular grade, including finished base stocks and blending agents"
2019375009,324110,1.0,NAICS_2012_Code,"Manufacturing of motor gasoline, mid-premium grade, including finished base stocks and blending agents"
2019375012,324110,1.0,NAICS_2012_Code,"Manufacturing of motor gasoline, premium grade, including finished base stocks and blending agents"
2019400000,324110,1.0,NAICS_2012_Code,"Manufacturing of jet fuel, all types"
2019425000,324110,1.0,NAICS_2012_Code,"Manufacturing of kerosene, excluding jet fuel"
2019450000,324110,1.0,NAICS_2012_Code,Manufacturing of light fuel oils
2019450003,324110,1.0,NAICS_2012_Code,"Manufacturing of distillate light fuel oil, including grades No. 1, 2, light diesel-type, light gas-enrichment oils, etc."
2019450006,324110,1.0,NAICS_2012_Code,Manufacturing of No. 4-type light fuel oil
2019475000,324110,1.0,NAICS_2012_Code,"Manufacturing of heavy fuel oils, including grades No. 5, 6, heavy diesel-type, heavy gas-enrichment oils, etc."
2019500000,324110,0.2,NAICS_2012_Code,Manufacturing of fuel ethanol (fuel-grade alcohol) and other biodiesel fuels
2019500000,324190,0.2,NAICS_2012_Code,Manufacturing of fuel ethanol (fuel-grade alcohol) and other biodiesel fuels
2019500000,325190,0.6,NAICS_2012_Code,Manufacturing of fuel ethanol (fuel-grade alcohol) and other biodiesel fuels
2019500003,325190,1.0,NAICS_2012_Code,Manufacturing of fuel ethanol (fuel-grade alcohol)
2019500006,324110,0.5,NAICS_2012_Code,Manufacturing of biodiesel fuels made from blending petroleum with vegetable-based biodiesel
2019500006,324190,0.5,NAICS_2012_Code,Manufacturing of biodiesel fuels made from blending petroleum with vegetable-based biodiesel
2019500009,325190,1.0,NAICS_2012_Code,"Manufacturing of biodiesel fuels, except petroleum blends"
2019525000,322110,1.0,NAICS_2012_Code,"Manufacturing of other pulp mill cooking liquor byproducts (skimmings, binders, fuel, etc.)"
2019550000,324190,1.0,NAICS_2012_Code,Manufacturing of all other petroleum and coal products (including packaged fuel and fuel briquettes)
2019575000,325190,1.0,NAICS_2007_Code,"Manufacturing of hardwood charcoal and charcoal briquets, including blends with lignite or other materials"
2019600000,3219A0,1.0,NAICS_2012_Code,"Manufacturing of firewood and fuel wood containing an added binder, including compressed logs"
2019650000,31161A,1.0,NAICS_2012_Code,Animals slaughtered for pet food
2019675000,31161A,1.0,NAICS_2012_Code,Manufacturing of meat and bone meal
2019700000,31161A,1.0,NAICS_2012_Code,"Manufacturing of animal and marine feed and fertilizer byproducts, excluding meat and bone meal"
2019700003,31161A,1.0,NAICS_2012_Code,Manufacturing of dry rendered tankage
2019700006,31161A,1.0,NAICS_2012_Code,"Manufacturing of other feed and fertilizer byproducts, including poultry fats and byproducts, feather meal, blood meal, and raw products for pet food"
2019700009,31161A,1.0,NAICS_2012_Code,Manufacturing of vegetable oil foots
2019700012,31161A,1.0,NAICS_2012_Code,"Manufacturing of animal oil mill products, including all other animal oils, fatty acids, animal oil foots, and acidulated soap stock"
2019725000,31161A,1.0,NAICS_2012_Code,"Manufacturing of inedible tallow and other greases, excluding wool grease"
2019725003,31161A,1.0,NAICS_2012_Code,"Manufacturing of other animal and marine grease, excluding wool grease"
2019725006,31161A,1.0,NAICS_2012_Code,"Manufacturing of inedible tallow, including inedible animal stearin"
2019750000,311210,0.5,NAICS_2012_Code,Manufacturing of grains and flour milled products for animal and marine feed and fertilizer manufacturing
2019750000,311224,0.3333333333333333,NAICS_2007_Code,Manufacturing of grains and flour milled products for animal and marine feed and fertilizer manufacturing
2019750000,312120,0.16666666666666666,NAICS_2012_Code,Manufacturing of grains and flour milled products for animal and marine feed and fertilizer manufacturing
2019750003,312120,1.0,NAICS_2012_Code,"Manufacturing of brewers' spent grains, wet and dry"
2019750006,311210,1.0,NAICS_2012_Code,Manufacturing of wheat mill feed
2019750009,311210,1.0,NAICS_2012_Code,"Manufacturing of all corn mill products, not for human consumption"
2019750012,311210,1.0,NAICS_2012_Code,"Manufacturing of other mill feed (oats, rye, buckwheat, etc.)"
2019750015,311224,1.0,NAICS_2007_Code,Manufacturing of soybean millfeed (hullmeal)
2019750018,311224,1.0,NAICS_2007_Code,Manufacturing of cottonseed hulls
2019775000,312140,1.0,NAICS_2012_Code,Manufacturing of distillers' dried grains (dark and light) and dried solubles
2019850000,31161A,1.0,NAICS_2012_Code,Manufacturing of edible tallow and stearin
2019875000,311700,1.0,NAICS_2007_Code,"Manufacturing of marine animal oil, scrap, and meal, and marine oil foots"
2019900000,31161A,1.0,NAICS_2012_Code,"Manufacturing of other miscellaneous byproducts of slaughtering plants, including pulled wool and glue stock (excluding sausage casings)"
2019925000,312200,1.0,NAICS_2007_Code,"Manufacturing of tobacco, unstemmed leaf, redried before packing"
2019950000,312200,1.0,NAICS_2007_Code,"Manufacturing of tobacco, stemmed, aged and not aged leaf"
2019950003,312200,1.0,NAICS_2007_Code,"Manufacturing of tobacco, stemmed, aged and not aged leaf, packed for sale as such"
2019950006,312200,1.0,NAICS_2007_Code,"Manufacturing of tobacco, stemmed, including aged and not aged leaf, packed for use in own manufacturing (interplant transfers)"
2019975000,312200,1.0,NAICS_2007_Code,"Manufacturing of reconstituted tobacco, processed sheet and homogenized"
2020000000,313100,1.0,NAICS_2007_Code,"Manufacturing of yarns, spun, carded, cotton, gray"
2020025000,313100,0.5,NAICS_2007_Code,"Manufacturing of yarns, spun, carded, cotton, finished"
2020025000,313300,0.5,NAICS_2007_Code,"Manufacturing of yarns, spun, carded, cotton, finished"
2020050000,313100,1.0,NAICS_2007_Code,"Manufacturing of yarns, spun, combed, cotton"
2020050003,313100,1.0,NAICS_2007_Code,"Manufacturing of yarns, spun, combed, cotton, gray"
2020050006,313100,1.0,NAICS_2007_Code,"Manufacturing of yarns, spun, combed, cotton, finished"
2020075000,313100,1.0,NAICS_2007_Code,"Manufacturing of yarns, spun, rayon, acetate, and lyocell"
2020075003,313100,1.0,NAICS_2007_Code,"Manufacturing of yarns, spun, rayon, acetate, and lyocell, gray"
2020075006,313100,1.0,NAICS_2007_Code,"Manufacturing of yarns, spun, rayon, acetate, and lyocell, finished"
2020100000,313100,1.0,NAICS_2007_Code,"Manufacturing of yarns, spun, polyester, gray"
2020125000,313100,1.0,NAICS_2007_Code,"Manufacturing of yarns, spun, other noncellulosic fiber and other natural fibers, gray"
2020150000,313100,0.5,NAICS_2007_Code,"Manufacturing of yarns, spun, excluding gray, other noncellulosic fiber and other natural fibers, finished"
2020150000,313300,0.5,NAICS_2007_Code,"Manufacturing of yarns, spun, excluding gray, other noncellulosic fiber and other natural fibers, finished"
2020175000,313100,1.0,NAICS_2007_Code,"Manufacturing of yarns, wool, including new, reused, and reprocessed"
2020200000,313100,1.0,NAICS_2007_Code,"Manufacturing of tops and noils, including top or sliver converted from tow without combing; scoured wool; and other scouring and combing mill products (nubs and slubs, etc.)"
2020225000,313100,1.0,NAICS_2007_Code,"Manufacturing of yarns, novelty and plied, excluding wool"
2020250000,313100,1.0,NAICS_2007_Code,"Manufacturing of yarns, thrown, filament, excluding textured"
2020275000,313100,1.0,NAICS_2007_Code,"Manufacturing of yarns, textured, crimped, and bulked, filament, including stretch"
2020325000,313100,1.0,NAICS_2007_Code,Manufacturing of thread
2020325003,313100,1.0,NAICS_2007_Code,"Manufacturing of thread, finished, excluding cordage products (bag thread, string, twine, rope, etc.)"
2020325006,313100,1.0,NAICS_2007_Code,"Manufacturing of thread, unfinished"
2020350000,3252A0,1.0,NAICS_2007_Code,Manufacturing of nylon and other polyamide manufactured fibers
2020350003,3252A0,1.0,NAICS_2007_Code,"Manufacturing of industrial nylon and other polyamide fiber, carpet yarns, staple, tow, and waste, including strip"
2020350006,3252A0,1.0,NAICS_2007_Code,"Manufacturing of nylon and other polyamide fiber monofilament and fewofilament textile yarns, including strip"
2020375000,3252A0,1.0,NAICS_2007_Code,"Manufacturing of rayon, acetate, and lyocell manufactured fibers"
2020375003,3252A0,1.0,NAICS_2007_Code,"Manufacturing of rayon, acetate, and lyocell textured yarn, including strip"
2020375006,3252A0,1.0,NAICS_2007_Code,"Manufacturing of rayon, acetate, and lyocell yarn (including strip), monofilament and group (multi) filament"
2020375009,3252A0,1.0,NAICS_2007_Code,"Manufacturing of rayon, acetate, and lyocell staple, tow, and salable waste"
2020400000,3252A0,1.0,NAICS_2007_Code,Manufacturing of polyolefin manufactured fibers
2020400003,3252A0,1.0,NAICS_2007_Code,"Manufacturing of polyolefin monofilament yarn, including strip"
2020400006,3252A0,1.0,NAICS_2007_Code,"Manufacturing of polyolefin group (multi) filament and film, including strip, staple, tow, and waste"
2020425000,3252A0,1.0,NAICS_2007_Code,"Manufacturing of industrial polyester yarn, including strip"
2020450000,3252A0,1.0,NAICS_2007_Code,"Manufacturing of polyester textile yarn, including strip"
2020475000,3252A0,1.0,NAICS_2007_Code,Manufacturing of polyester fiberfill staple and tow and polyester fiber salable waste
2020500000,3252A0,1.0,NAICS_2007_Code,"Manufacturing of polyester carpet yarn, including strip"
2020525000,3252A0,1.0,NAICS_2007_Code,"Manufacturing of other manufactured noncellulosic fibers (excluding glass, carbon, and graphite)"
2020525003,3252A0,1.0,NAICS_2007_Code,"Manufacturing of other manufactured noncellulosic fibers, yarn (including strip), monofilament and group (multi) filament"
2020525006,3252A0,1.0,NAICS_2007_Code,"Manufacturing of other manufactured noncellulosic fibers staple, tow, and salable waste (excluding glass, carbon, and graphite)"
2020550000,3252A0,1.0,NAICS_2007_Code,Manufacturing of producer-textured manufactured noncellulosic fibers
2020575000,327200,1.0,NAICS_2012_Code,"Manufacturing of other glass fiber, textile-type (including yarn, strand, staple yarn, sliver, roving, chopped strand, and milled glass fiber)"
2020600000,314900,1.0,NAICS_2012_Code,"Manufacturing of recovered fibers, processed mill waste, and related products"
2020625000,313200,1.0,NAICS_2012_Code,"Manufacturing of broadwoven fabrics, cotton, plain weave (excluding pile), gray goods"
2020635000,313200,1.0,NAICS_2012_Code,"Manufacturing of broadwoven fabrics, cotton, pile, gray goods"
2020650000,313200,1.0,NAICS_2012_Code,"Manufacturing of broadwoven fabrics, cotton, twill weave (excluding pile), gray goods"
2020675000,313200,1.0,NAICS_2012_Code,"Manufacturing of broadwoven fabrics, cotton, all other weaves (excluding plain, pile, and twill), gray goods"
2020725000,313200,1.0,NAICS_2012_Code,"Manufacturing of broadwoven fabrics, manmade fiber, 85 percent or more filament yarns (chiefly rayon, acetate, and lyocell), gray goods"
2020750000,313200,1.0,NAICS_2012_Code,"Manufacturing of broadwoven fabrics, manmade fiber, 85 percent or more filament yarns (excluding rayon, acetate, and lyocell), gray goods"
2020775000,313200,1.0,NAICS_2012_Code,"Manufacturing of broadwoven fabrics, manmade fiber, plain weave (excluding pile), 85 percent or more spun yarns (excluding wool blends), gray goods"
2020800000,313200,1.0,NAICS_2012_Code,"Manufacturing of broadwoven fabrics, manmade fiber, twill weave (excluding pile), 85 percent or more spun yarns (excluding wool blends), gray goods"
2020825000,313200,1.0,NAICS_2012_Code,"Manufacturing of broadwoven fabrics, manmade fiber, all other weaves (excluding plain, twill, and pile), 85 percent or more spun yarn (excluding wool blends), gray goods"
2020850000,313200,1.0,NAICS_2012_Code,"Manufacturing of broadwoven fabrics, natural fibers, including silk (excluding cotton) and other manmade fibers, combinations of spun and filament yarns, each less than 85 percent of total fiber content (excluding wool blends and pile), gray goods"
2020875000,313200,1.0,NAICS_2012_Code,"Manufacturing of broadwoven fabrics, natural fibers, including silk (excluding cotton) and other manmade fibers, all other weaves (including pile), gray goods"
2020875003,313200,1.0,NAICS_2012_Code,"Manufacturing of broadwoven fabrics, natural fibers, including silk (excluding cotton) and other manmade fibers, pile fabrics, gray goods"
2020875006,313200,1.0,NAICS_2012_Code,"Manufacturing of broadwoven fabrics, natural fibers, including silk (excluding cotton) and other manmade fibers, all other weaves (excluding pile), gray goods"
2020900000,313200,1.0,NAICS_2012_Code,"Manufacturing of broadwoven fabrics, wool, gray goods"
2020950000,313200,0.5,NAICS_2012_Code,"Manufacturing of finished broadwoven fabrics, cotton, plain weave (excluding pile)"
2020950000,313300,0.5,NAICS_2007_Code,"Manufacturing of finished broadwoven fabrics, cotton, plain weave (excluding pile)"
2020975000,313200,0.5,NAICS_2012_Code,"Manufacturing of finished broadwoven fabrics, cotton, pile (including velvets, plushes, corduroy, terry toweling, and terry cloth)"
2020975000,313300,0.5,NAICS_2007_Code,"Manufacturing of finished broadwoven fabrics, cotton, pile (including velvets, plushes, corduroy, terry toweling, and terry cloth)"
2020980000,313200,0.5,NAICS_2012_Code,"Manufacturing of finished broadwoven fabrics, cotton, twill weave (excluding pile)"
2020980000,313300,0.5,NAICS_2007_Code,"Manufacturing of finished broadwoven fabrics, cotton, twill weave (excluding pile)"
2020985000,313200,0.5,NAICS_2012_Code,"Manufacturing of finished broadwoven fabrics, cotton, all other weaves (excluding plain, pile, and twill), including sateens, oxfords, table damask, jacquard, and dobby shirting"
2020985000,313300,0.5,NAICS_2007_Code,"Manufacturing of finished broadwoven fabrics, cotton, all other weaves (excluding plain, pile, and twill), including sateens, oxfords, table damask, jacquard, and dobby shirting"
2021000000,313200,0.5,NAICS_2012_Code,"Manufacturing of finished broadwoven fabrics, manmade or natural fibers, including silk (excluding cotton and wool), print cloth (plain weave, excluding pile), 85 percent or more spun yarn"
2021000000,313300,0.5,NAICS_2007_Code,"Manufacturing of finished broadwoven fabrics, manmade or natural fibers, including silk (excluding cotton and wool), print cloth (plain weave, excluding pile), 85 percent or more spun yarn"
2021025000,313200,0.5,NAICS_2012_Code,"Manufacturing of finished broadwoven fabrics, manmade or natural fibers, including silk (excluding cotton and wool), all other types of plain weave (excluding print cloth and pile), 85 percent or more spun yarn"
2021025000,313300,0.5,NAICS_2007_Code,"Manufacturing of finished broadwoven fabrics, manmade or natural fibers, including silk (excluding cotton and wool), all other types of plain weave (excluding print cloth and pile), 85 percent or more spun yarn"
2021030000,313200,0.5,NAICS_2012_Code,"Manufacturing of finished broadwoven fabrics, manmade or natural fibers, including silk (excluding cotton and wool), pile (including velvets, plushes, and corduroys), 85 percent or more spun yarn"
2021030000,313300,0.5,NAICS_2007_Code,"Manufacturing of finished broadwoven fabrics, manmade or natural fibers, including silk (excluding cotton and wool), pile (including velvets, plushes, and corduroys), 85 percent or more spun yarn"
2021050000,313200,0.5,NAICS_2012_Code,"Manufacturing of finished broadwoven fabrics, manmade or natural fibers, including silk (excluding cotton and wool), twill weave (excluding pile), 85 percent or more spun yarn"
2021050000,313300,0.5,NAICS_2007_Code,"Manufacturing of finished broadwoven fabrics, manmade or natural fibers, including silk (excluding cotton and wool), twill weave (excluding pile), 85 percent or more spun yarn"
2021075000,313200,0.5,NAICS_2012_Code,"Manufacturing of finished broadwoven fabrics, manmade or natural fibers, including silk (excluding cotton and wool), other weaves (excluding plain, pile, and twill), 85 percent or more spun yarn"
2021075000,313300,0.5,NAICS_2007_Code,"Manufacturing of finished broadwoven fabrics, manmade or natural fibers, including silk (excluding cotton and wool), other weaves (excluding plain, pile, and twill), 85 percent or more spun yarn"
2021125000,313200,0.5,NAICS_2012_Code,"Manufacturing of finished broadwoven fabrics, chiefly polyester, 85 percent or more filament yarn"
2021125000,313300,0.5,NAICS_2007_Code,"Manufacturing of finished broadwoven fabrics, chiefly polyester, 85 percent or more filament yarn"
2021150000,313200,0.5,NAICS_2012_Code,"Manufacturing of finished broadwoven fabrics, manmade and natural fibers, including silk (excluding cotton and wool), all other types"
2021150000,313300,0.5,NAICS_2007_Code,"Manufacturing of finished broadwoven fabrics, manmade and natural fibers, including silk (excluding cotton and wool), all other types"
2021150003,313200,0.5,NAICS_2012_Code,"Manufacturing of finished broadwoven fabrics, manmade fibers (excluding polyester) and natural fibers, including silk (excluding cotton and wool), 85 percent or more filament yarn"
2021150003,313300,0.5,NAICS_2007_Code,"Manufacturing of finished broadwoven fabrics, manmade fibers (excluding polyester) and natural fibers, including silk (excluding cotton and wool), 85 percent or more filament yarn"
2021150006,313200,0.5,NAICS_2012_Code,"Manufacturing of finished broadwoven fabrics, manmade and natural fibers, including silk (excluding cotton and wool), all other fabrics (including combinations of spun and filament yarns, blends with wool, silk, and blends with silk)"
2021150006,313300,0.5,NAICS_2007_Code,"Manufacturing of finished broadwoven fabrics, manmade and natural fibers, including silk (excluding cotton and wool), all other fabrics (including combinations of spun and filament yarns, blends with wool, silk, and blends with silk)"
2021175000,313200,0.5,NAICS_2012_Code,"Manufacturing of finished broadwoven fabrics, wool fabrics and felts"
2021175000,313300,0.5,NAICS_2007_Code,"Manufacturing of finished broadwoven fabrics, wool fabrics and felts"
2021225000,327200,1.0,NAICS_2012_Code,"Manufacturing of glass fiber mat, textile-type"
2021250000,313200,1.0,NAICS_2007_Code,"Manufacturing of narrow fabrics (12 inches or less in width), woven, elastic"
2021275000,313200,1.0,NAICS_2007_Code,"Manufacturing of narrow fabrics (12 inches or less in width), woven, nonelastic (labels, ribbons, and tape)"
2021275003,313200,1.0,NAICS_2007_Code,"Manufacturing of narrow fabrics (12 inches or less in width), woven, nonelastic, labels"
2021275006,313200,1.0,NAICS_2007_Code,"Manufacturing of narrow fabrics (12 inches or less in width), woven, tape and woven edge ribbons"
2021300000,313200,0.5,NAICS_2007_Code,"Manufacturing of all other narrow fabrics (12 inches or less in width), woven, nonelastic, including webbing (excluding labels, woven edge ribbons, and tape)"
2021300000,313300,0.5,NAICS_2007_Code,"Manufacturing of all other narrow fabrics (12 inches or less in width), woven, nonelastic, including webbing (excluding labels, woven edge ribbons, and tape)"
2021325000,313200,0.5,NAICS_2007_Code,"Manufacturing of narrow fabrics (12 inches or less in width), braided"
2021325000,313300,0.5,NAICS_2007_Code,"Manufacturing of narrow fabrics (12 inches or less in width), braided"
2021350000,313200,1.0,NAICS_2007_Code,Manufacturing of covered rubber thread
2021400000,313200,1.0,NAICS_2012_Code,"Manufacturing of nonwoven fabrics (excluding housewraps; paper; woven, knitted, or tufted fabrics; and pressed, punched, or woven felts)"
2021400003,313200,1.0,NAICS_2012_Code,"Manufacturing of nonwoven fabrics, wet laid (excluding housewraps; paper; woven, knitted, or tufted fabrics; and pressed, punched, or woven felts)"
2021400006,313200,1.0,NAICS_2012_Code,"Manufacturing of nonwoven fabrics, excluding wet laid; housewraps; paper; woven, knitted, or tufted fabrics; and pressed, punched, or woven felts"
2021425000,313200,1.0,NAICS_2007_Code,"Manufacturing of weft (circular) knit fabrics, greige goods (excluding hosiery), narrow (12 inches wide or less)"
2021450000,313200,1.0,NAICS_2007_Code,"Manufacturing of weft (circular) knit fabrics, greige goods (excluding hosiery), broad (more than 12 inches wide)"
2021475000,313200,1.0,NAICS_2007_Code,"Manufacturing of weft (circular) knit fabrics, finished (excluding hosiery)"
2021525000,313300,1.0,NAICS_2007_Code,Purchasing and finishing narrow (12 inches wide or less) knit fabrics
2021550000,313300,1.0,NAICS_2007_Code,Purchasing and finishing broad (more than 12 inches wide) knit fabrics
2021575000,313200,1.0,NAICS_2007_Code,"Manufacturing of warp knit fabrics, greige goods"
2021575003,313200,1.0,NAICS_2007_Code,"Manufacturing of warp knit fabrics, greige goods, narrow (12 inches wide or less)"
2021575006,313200,1.0,NAICS_2007_Code,"Manufacturing of warp knit fabrics, greige goods, broad (more than 12 inches wide)"
2021600000,313200,1.0,NAICS_2007_Code,"Manufacturing of warp knit fabrics, finished"
2021625000,313200,1.0,NAICS_2007_Code,"Manufacturing of lace and net goods, all leavers and Nottingham lace machine products, including bobbinets and barmen laces (excluding raschel lace machine products and burned-out laces)    "
2021650000,314900,1.0,NAICS_2012_Code,Manufacturing of embroideries (excluding Schiffli machine products)
2021675000,313200,1.0,NAICS_2007_Code,Manufacturing of Schiffli machine embroideries
2021700000,339990,1.0,NAICS_2012_Code,"Manufacturing of buttons and button parts, including button backs, blanks, and molds (excluding buttons and button parts made of precious metals and precious and semiprecious stones)"
2021725000,339990,1.0,NAICS_2012_Code,"Manufacturing of zippers and slide fasteners, excluding zippers and slide fasteners made of precious metals and precious and semiprecious stones"
2021750000,339990,1.0,NAICS_2012_Code,"Manufacturing of buckles, fasteners (excluding slide fasteners), needles, and pins, excluding those made of precious metals and precious and semiprecious stones"
2021750003,339990,1.0,NAICS_2012_Code,"Manufacturing of buckles (including buckles covered with fabrics and other materials), excluding buckles made of precious metals and precious and semiprecious stones"
2021750006,339990,1.0,NAICS_2012_Code,"Manufacturing of fasteners (excluding slide fasteners), including snap and tape, hook and eyes, rivet and burrs, and trimmings (excluding fasteners made of precious metals and precious and semiprecious stones)"
2021750009,339990,1.0,NAICS_2012_Code,"Manufacturing of needles (excluding hypodermic, phonographic, stylus, and suture) and pins (excluding jewelry), excluding needles and pins made of precious metals and precious and semiprecious stones"
2021775000,325610,1.0,NAICS_2012_Code,Manufacturing of surfactants (bulk surface active agents)
2021800000,325610,1.0,NAICS_2012_Code,Manufacturing of finishing agents and assistants
2021800003,325610,1.0,NAICS_2012_Code,Manufacturing of leather assistants and finishes
2021800006,325610,1.0,NAICS_2012_Code,Manufacturing of textile assistants
2021800009,325610,1.0,NAICS_2012_Code,Manufacturing of textile finishes
2021825000,325610,1.0,NAICS_2012_Code,"Manufacturing of leather dressings and finishes, excluding shoe polish"
2021850000,315000,1.0,NAICS_2007_Code,"Manufacturing of sheer hosiery, excluding socks, women's, misses', and girls', shipped in the greige"
2021875000,315000,1.0,NAICS_2007_Code,"Manufacturing of hosiery (excluding sheer), seamless, shipped in the greige"
2021925000,31161A,0.5,NAICS_2012_Code,"Manufacturing of furs and pelts, dressed and dyed or bleached"
2021925000,316000,0.5,NAICS_2012_Code,"Manufacturing of furs and pelts, dressed and dyed or bleached"
2021950000,315000,1.0,NAICS_2007_Code,Manufacturing of leather belts for apparel manufacturing
2021950003,315000,1.0,NAICS_2007_Code,"Manufacturing of leather belts, made for sale to apparel companies, women's and girls'"
2021950006,315000,1.0,NAICS_2007_Code,"Manufacturing of leather belts, made for sale to apparel companies, men's and boys'"
2021975000,316000,1.0,NAICS_2007_Code,Manufacturing of boot and shoe cut stock and findings
2022000000,313300,1.0,NAICS_2012_Code,"Manufacturing of rubber coated fabrics, garment and footwear"
2022025000,314900,1.0,NAICS_2012_Code,"Manufacturing of bias binding, apparel and notion trade, excluding fused and sealed edge"
2022050000,315000,1.0,NAICS_2007_Code,"Manufacturing of apparel accessories, all other types (apparel findings, trimmings, etc.), fabricated"
2022075000,315000,1.0,NAICS_2007_Code,Manufacturing of hat bodies and fabric caps
2022100000,313200,1.0,NAICS_2012_Code,Manufacturing of fabricated nonwoven products
2022100003,313200,1.0,NAICS_2012_Code,"Manufacturing of ribbons, laminated and nonlaminated gift tyings (decorative string, bows, rosettes, etc.), made from nonwoven fabrics"
2022100006,313200,1.0,NAICS_2012_Code,"Manufacturing of all other fabricated nonwoven products, excluding diapers and orthopedic, prosthetic, and surgical supplies"
2022150000,3259A0,1.0,NAICS_2012_Code,Manufacturing of sizes (textile and other)
2022175000,311224,1.0,NAICS_2007_Code,Manufacturing of cotton linters
2022200000,314900,1.0,NAICS_2012_Code,"Manufacturing of trimmings, nonapparel, including furniture, excluding automotive"
2022225000,321100,0.5,NAICS_2012_Code,Manufacturing of hardwood rough lumber
2022225000,321910,0.5,NAICS_2012_Code,Manufacturing of hardwood rough lumber
2022225003,321100,0.5,NAICS_2012_Code,"Manufacturing of beech rough lumber, not edge worked"
2022225003,321910,0.5,NAICS_2012_Code,"Manufacturing of beech rough lumber, not edge worked"
2022225006,321100,0.5,NAICS_2012_Code,"Manufacturing of oak rough lumber, not edge worked"
2022225006,321910,0.5,NAICS_2012_Code,"Manufacturing of oak rough lumber, not edge worked"
2022225009,321100,0.5,NAICS_2012_Code,"Manufacturing of other hardwood rough lumber, not edge worked"
2022225009,321910,0.5,NAICS_2012_Code,"Manufacturing of other hardwood rough lumber, not edge worked"
2022250000,321910,1.0,NAICS_2012_Code,"Manufacturing of hardwood industrial cut stock, rough or surfaced, cut to size and semi and fully machined, ready for assembly"
2022275000,321910,1.0,NAICS_2012_Code,Manufacturing of softwood industrial cut stock
2022300000,321100,0.5,NAICS_2012_Code,Manufacturing of softwood rough lumber
2022300000,321910,0.5,NAICS_2012_Code,Manufacturing of softwood rough lumber
2022300003,321100,0.5,NAICS_2012_Code,"Manufacturing of softwood rough lumber, less than 2 inches in nominal thickness, not edge worked"
2022300003,321910,0.5,NAICS_2012_Code,"Manufacturing of softwood rough lumber, less than 2 inches in nominal thickness, not edge worked"
2022300006,321100,0.5,NAICS_2012_Code,"Manufacturing of softwood rough 2-inch lumber, 2 inches in nominal thickness only, not edge worked,"
2022300006,321910,0.5,NAICS_2012_Code,"Manufacturing of softwood rough 2-inch lumber, 2 inches in nominal thickness only, not edge worked,"
2022300009,321100,0.5,NAICS_2012_Code,"Manufacturing of softwood rough lumber and timbers, more than 2 inches in nominal thickness, not edge worked"
2022300009,321910,0.5,NAICS_2012_Code,"Manufacturing of softwood rough lumber and timbers, more than 2 inches in nominal thickness, not edge worked"
2022325000,321100,1.0,NAICS_2012_Code,"Manufacturing of wood chips, excluding field chips"
2022350000,3219A0,1.0,NAICS_2012_Code,Manufacturing of kiln-dried lumber
2022375000,321200,1.0,NAICS_2012_Code,"Manufacturing of softwood veneer, including veneer backed with paper, cloth, or other flexible material"
2022400000,321910,1.0,NAICS_2012_Code,Manufacturing of wood lath
2022425000,321100,0.5,NAICS_2012_Code,"Manufacturing of hardwood dressed lumber, not edge worked"
2022425000,321910,0.5,NAICS_2012_Code,"Manufacturing of hardwood dressed lumber, not edge worked"
2022450000,321910,1.0,NAICS_2012_Code,"Manufacturing of hardwood lumber, edge worked (tongued, grooved, rabbeted, etc.), except flooring"
2022475000,321200,1.0,NAICS_2012_Code,"Manufacturing of hardwood veneer, including veneer backed with paper, cloth, or other flexible material"
2022500000,321200,1.0,NAICS_2012_Code,Manufacturing of prefinished hardwood plywood
2022525000,321200,1.0,NAICS_2012_Code,"Manufacturing of hardwood veneered panels, including two-ply veneers"
2022550000,321200,1.0,NAICS_2012_Code,Manufacturing of particleboard and medium density fiberboard (MDF)
2022625000,321200,1.0,NAICS_2012_Code,Manufacturing of hardboard products
2022675000,321910,1.0,NAICS_2012_Code,Manufacturing of hardwood furniture cut stock and dimension
2022700000,321910,1.0,NAICS_2012_Code,Manufacturing of softwood furniture cut stock and furniture and industrial dimension
2022700003,321910,1.0,NAICS_2012_Code,Manufacturing of softwood furniture cut stock
2022700006,321910,1.0,NAICS_2012_Code,Manufacturing of softwood semimachined and fully machined furniture and industrial dimension
2022725000,337215,1.0,NAICS_2012_Code,"Manufacturing of furniture frames, wood"
2022750000,337215,1.0,NAICS_2012_Code,"Manufacturing of furniture dimensions, fully machined ready for assembly, hardwood and softwood"
2022775000,314900,1.0,NAICS_2012_Code,"Manufacturing of paddings and upholstery filling, batting, and wadding (excluding foam rubber and plastics)"
2022775003,314900,1.0,NAICS_2012_Code,"Manufacturing of paddings, upholstery fillings, batting, and wadding, excluding automotive (excluding foam rubber and plastics)"
2022775006,314900,1.0,NAICS_2012_Code,"Manufacturing of pads, automotive, excluding foam rubber and plastics"
2022800000,326140,1.0,NAICS_2012_Code,Manufacturing of furniture and furnishings polystyrene foam products
2022825000,326150,1.0,NAICS_2012_Code,"Manufacturing of polyurethane foam formed and slab stock for pillows, seating, and cushioning"
2022850000,326150,1.0,NAICS_2012_Code,Manufacturing of other polyurethane foam furniture and furnishing products
2022850003,326150,1.0,NAICS_2012_Code,Manufacturing of polyurethane foam mattress cores (uncovered only)
2022850006,326150,1.0,NAICS_2012_Code,Manufacturing of polyurethane foam topper pads and quilting rolls
2022850009,326150,1.0,NAICS_2012_Code,Manufacturing of other furniture and furnishings polyurethane foam products
2022875000,326290,1.0,NAICS_2012_Code,Manufacturing of latex foam for upholstery (sheet and slab stock)
2022900000,326140,1.0,NAICS_2012_Code,Manufacturing of electrical and electronic polystyrene foam products
2022925000,326150,1.0,NAICS_2012_Code,Manufacturing of electrical and electronic polyurethane foam products
2022950000,326290,1.0,NAICS_2012_Code,Manufacturing of latex foam products and chemically blown (open and closed cell) rubber sponges
2022950003,326290,1.0,NAICS_2012_Code,Manufacturing of chemically blown open and closed cell rubber sponge for other uses
2022950006,326290,1.0,NAICS_2012_Code,"Manufacturing of chemically blown closed cell rubber sponge for appliances, air-conditioning, and refrigeration"
2022975000,332600,1.0,NAICS_2007_Code,"Manufacturing of wire spring units for box springs, innerspring mattresses, dual-purpose sleep furniture, and other upholstered furniture"
2023000000,326190,1.0,NAICS_2012_Code,Manufacturing of plastics furniture components and furnishings (excluding foam and reinforced plastics)
2023000003,326190,1.0,NAICS_2012_Code,"Manufacturing of plastics furniture components, accessories, and parts (excluding foam and reinforced plastics)"
2023000006,326190,1.0,NAICS_2012_Code,"Manufacturing of other plastics furniture components and furnishings (including fixtures, mirror and picture frames, etc.) (excluding foam and reinforced plastics)"
2023025000,332500,1.0,NAICS_2012_Code,"Manufacturing of furniture hardware, including drawer pulls and handles, rotating and tilting furniture fixtures and bases, furniture and drawer slides, furniture casters, and other floor protective devices (excluding cabinet hardware)"
2023050000,326130,1.0,NAICS_2012_Code,"Manufacturing of laminated plastics plates, sheets (excluding packaging), and shapes"
2023075000,332119,1.0,NAICS_2007_Code,Manufacturing of furniture metal job stampings
2023100000,337215,1.0,NAICS_2012_Code,"Manufacturing of furniture parts, plastic and metal, including frames and sleeper mechanisms and other types (excluding metal furniture hardware)"
2023125000,322110,1.0,NAICS_2012_Code,"Manufacturing of special alpha and dissolving woodpulp (sulfite and sulfate for chemical conversion, papermaking, and other uses), sulfate woodpulp (including soda), sulfite woodpulp, and other woodpulp"
2023150000,322110,1.0,NAICS_2012_Code,"Manufacturing of pulp, other than wood, including pulp made from cotton linters, straw, rag, flax, deinked paper, bagasse, etc."
2023175000,322130,1.0,NAICS_2012_Code,Manufacturing of unbleached kraft linerboard
2023200000,322130,1.0,NAICS_2012_Code,"Manufacturing of other unbleached kraft packaging and industrial converting paperboard, including tube, can, and drum paperboard, corrugating medium, folding carton-type board, etc."
2023225000,322130,1.0,NAICS_2012_Code,Manufacturing of bleached folding carton-type paperboard
2023250000,322130,1.0,NAICS_2012_Code,Manufacturing of bleached milk carton board
2023275000,322130,1.0,NAICS_2012_Code,"Manufacturing of other solid bleached paperboard, including linerboard, heavyweight cup and round nested food container board, plate, dish, and tray stock, and paperboard for moist, liquid, and oily foods"
2023275003,322130,1.0,NAICS_2012_Code,Manufacturing of bleached linerboard
2023275006,322130,1.0,NAICS_2012_Code,Manufacturing of bleached heavyweight cup and round nested food container paperboard
2023275009,322130,1.0,NAICS_2012_Code,"Manufacturing of bleached plate, dish, and tray paperboard stock"
2023275012,322130,1.0,NAICS_2012_Code,"Manufacturing of other solid bleached paperboard, including paperboard for moist, liquid, and oily foods"
2023300000,322130,1.0,NAICS_2012_Code,"Manufacturing of semichemical paperboard, including corrugating medium (75 percent or more virgin woodpulp)"
2023325000,322130,1.0,NAICS_2012_Code,Manufacturing of recycled corrugating medium
2023350000,322130,1.0,NAICS_2012_Code,Manufacturing of recycled linerboard and container chip and filler board
2023350003,322130,1.0,NAICS_2012_Code,Manufacturing of recycled linerboard
2023350006,322130,1.0,NAICS_2012_Code,Manufacturing of recycled container chip and filler board
2023375000,322130,1.0,NAICS_2012_Code,Manufacturing of recycled clay-coated folding carton board
2023400000,322130,1.0,NAICS_2012_Code,"Manufacturing of recycled unlined folding carton chipboard, and lined, including kraft and white"
2023400003,322130,1.0,NAICS_2012_Code,Manufacturing of recycled unlined folding carton chipboard
2023400006,322130,1.0,NAICS_2012_Code,"Manufacturing of recycled lined folding carton board, including kraft and white"
2023425000,322130,1.0,NAICS_2012_Code,"Manufacturing of other recycled paperboard, including setup, tube, can, and drum stock, gypsum linerboard, panelboard and wallboard stock, and other special combination packaging and converting paperboard"
2023425003,322130,1.0,NAICS_2012_Code,Manufacturing of recycled setup board
2023425006,322130,1.0,NAICS_2012_Code,"Manufacturing of recycled tube, can, and drum paperboard stock"
2023425009,322130,1.0,NAICS_2012_Code,Manufacturing of recycled gypsum linerboard
2023425012,322130,1.0,NAICS_2012_Code,"Manufacturing of other recycled paperboard, including panelboard and wallboard stock and other special combination packaging and industrial converting paperboard"
2023450000,322130,1.0,NAICS_2012_Code,"Manufacturing of wet machine board, including binders' board and shoe board"
2023475000,322120,1.0,NAICS_2012_Code,"Manufacturing of bleached bristols and clay-coated, uncoated freesheet, cotton fiber, special industrial, packaging, and industrial converting papers"
2023500000,322220,1.0,NAICS_2007_Code,"Manufacturing of other coated and processed papers, excluding for packaging uses"
2023500003,322220,1.0,NAICS_2007_Code,"Manufacturing of all other coated and processed papers, excluding for packaging uses"
2023500006,322220,1.0,NAICS_2007_Code,"Manufacturing of coated and processed papers (excluding for packaging uses), including carbonless, oiled, soap-impregnated, treated, etc., but excluding sensitized paper"
2023525000,322120,1.0,NAICS_2012_Code,Manufacturing of construction paper
2023575000,322120,1.0,NAICS_2012_Code,Manufacturing of newsprint
2023600000,322120,1.0,NAICS_2012_Code,Manufacturing of uncoated ground-wood paper (containing more than 10 percent mechanical fiber)
2023625000,322220,1.0,NAICS_2007_Code,"Manufacturing of printing paper, coated one and two sides"
2023650000,322230,1.0,NAICS_2007_Code,"Manufacturing of wedding and social announcements, paper, cards, and envelopes"
2023675000,33329A,1.0,NAICS_2007_Code,"Manufacturing of engravers' materials, including printing type, blocks, plates, cylinders, and other printing components"
2023700000,325910,1.0,NAICS_2012_Code,Manufacturing of letterpress printing inks
2023700003,325910,1.0,NAICS_2012_Code,Manufacturing of news inks
2023700006,325910,1.0,NAICS_2012_Code,Manufacturing of packaging inks
2023700009,325910,1.0,NAICS_2012_Code,"Manufacturing of other letterpress printing inks, including publication inks"
2023725000,325910,1.0,NAICS_2012_Code,Manufacturing of news and nonheat web offset printing inks
2023750000,325910,1.0,NAICS_2012_Code,Manufacturing of publication and commercial web inks
2023775000,325910,1.0,NAICS_2012_Code,Manufacturing of sheet-fed general inks
2023800000,325910,1.0,NAICS_2012_Code,Manufacturing of sheet-fed packaging inks
2023800003,325910,1.0,NAICS_2012_Code,Manufacturing of sheet-fed packaging inks
2023800006,325910,1.0,NAICS_2012_Code,Manufacturing of other lithographic and offset inks
2023825000,325910,1.0,NAICS_2012_Code,Manufacturing of gravure publication printing inks
2023825003,325910,1.0,NAICS_2012_Code,"Manufacturing of gravure publication printing inks, solvent types"
2023825006,325910,1.0,NAICS_2012_Code,"Manufacturing of gravure publication printing inks, water types"
2023850000,325910,1.0,NAICS_2012_Code,"Manufacturing of other gravure printing inks, excluding publication printing types"
2023850003,325910,1.0,NAICS_2012_Code,"Manufacturing of gravure packaging printing inks, solvent types"
2023850006,325910,1.0,NAICS_2012_Code,"Manufacturing of gravure packaging printing inks, water types"
2023850009,325910,1.0,NAICS_2012_Code,Manufacturing of other gravure printing inks
2023875000,325910,1.0,NAICS_2012_Code,Manufacturing of flexographic printing inks
2023875003,325910,1.0,NAICS_2012_Code,"Manufacturing of flexographic packaging printing inks, solvent types"
2023875006,325910,1.0,NAICS_2012_Code,"Manufacturing of flexographic packaging printing inks, water types"
2023875009,325910,1.0,NAICS_2012_Code,Manufacturing of flexographic news and commercial printing inks
2023875012,325910,1.0,NAICS_2012_Code,Manufacturing of other flexographic printing inks
2023900000,325910,1.0,NAICS_2012_Code,Manufacturing of nonimpact/digital inks
2023900003,325910,1.0,NAICS_2012_Code,Manufacturing of inkjet inks
2023900006,325910,1.0,NAICS_2012_Code,Manufacturing of electrophotographic printing inks
2023900009,325910,1.0,NAICS_2012_Code,Manufacturing of other nonimpact/digital inks
2023925000,325910,1.0,NAICS_2012_Code,Manufacturing of all other printing inks
2023925003,325910,1.0,NAICS_2012_Code,Manufacturing of textile printing inks
2023925006,325910,1.0,NAICS_2012_Code,Manufacturing of screen printing inks
2023925009,325910,1.0,NAICS_2012_Code,"Manufacturing of other printing inks, including stencil inks"
2023975000,324110,0.5,NAICS_2012_Code,Manufacturing of calcined petroleum coke
2023975000,324190,0.5,NAICS_2012_Code,Manufacturing of calcined petroleum coke
2024000000,324110,1.0,NAICS_2012_Code,Manufacturing of petroleum coke
2024025000,324110,1.0,NAICS_2012_Code,Manufacturing of unfinished oils and lubricating oil base stock
2024050000,324110,1.0,NAICS_2012_Code,Manufacturing of asphalt
2024075000,324110,0.5,NAICS_2012_Code,"Manufacturing of aromatics (benzene, toluene, xylene, etc.)"
2024075000,325110,0.5,NAICS_2012_Code,"Manufacturing of aromatics (benzene, toluene, xylene, etc.)"
2024075003,324110,0.5,NAICS_2012_Code,"Manufacturing of aromatics (benzene, toluene, xylene, etc.), for use as a chemical raw material"
2024075003,325110,0.5,NAICS_2012_Code,"Manufacturing of aromatics (benzene, toluene, xylene, etc.), for use as a chemical raw material"
2024075006,324110,0.5,NAICS_2012_Code,"Manufacturing of aromatics (benzene, toluene, xylene, etc.), for other uses"
2024075006,325110,0.5,NAICS_2012_Code,"Manufacturing of aromatics (benzene, toluene, xylene, etc.), for other uses"
2024100000,324110,0.5,NAICS_2012_Code,Manufacturing of liquefied refinery gases (aliphatics)
2024100000,325110,0.5,NAICS_2012_Code,Manufacturing of liquefied refinery gases (aliphatics)
2024100003,324110,0.5,NAICS_2012_Code,"Manufacturing of liquefied refinery gases (aliphatics), for use as a chemical raw material"
2024100003,325110,0.5,NAICS_2012_Code,"Manufacturing of liquefied refinery gases (aliphatics), for use as a chemical raw material"
2024100006,324110,0.5,NAICS_2012_Code,"Manufacturing of liquefied refinery gases (aliphatics), for other uses"
2024100006,325110,0.5,NAICS_2012_Code,"Manufacturing of liquefied refinery gases (aliphatics), for other uses"
2024125000,324110,1.0,NAICS_2012_Code,Manufacturing of still gas (refinery gas)
2024135000,325120,1.0,NAICS_2012_Code,Manufacturing of oxygen
2024150000,325120,1.0,NAICS_2012_Code,Manufacturing of carbon dioxide
2024175000,325120,1.0,NAICS_2012_Code,Manufacturing of nitrogen
2024200000,325120,1.0,NAICS_2012_Code,Manufacturing of argon and hydrogen
2024225000,325120,1.0,NAICS_2012_Code,Manufacturing of fluorocarbon gases
2024240000,325120,1.0,NAICS_2012_Code,Manufacturing of acetylene
2024250000,325120,1.0,NAICS_2012_Code,"Manufacturing of other industrial gases (including helium, nitrous oxide, elemental, and other compressed gases)"
2024275000,325130,1.0,NAICS_2007_Code,"Manufacturing of titanium dioxide, composite and pure"
2024300000,325130,1.0,NAICS_2007_Code,Manufacturing of other white opaque pigments
2024300003,325130,1.0,NAICS_2007_Code,Manufacturing of zinc oxide pigments
2024300006,325130,1.0,NAICS_2007_Code,Manufacturing of titanium pigment preparations
2024300009,325130,1.0,NAICS_2007_Code,Manufacturing of all other inorganic white opaque pigments
2024325000,325130,1.0,NAICS_2007_Code,Manufacturing of chrome colors
2024350000,325130,1.0,NAICS_2007_Code,Manufacturing of iron oxide pigments
2024375000,325130,1.0,NAICS_2007_Code,"Manufacturing of white extender pigments (including barytes, blanc fixe, and whiting), ceramic color pigments, and all other inorganic pigments"
2024375003,325130,1.0,NAICS_2007_Code,"Manufacturing of white extender pigments, including barytes, blanc fixe, and whiting"
2024375006,325130,1.0,NAICS_2007_Code,Manufacturing of ceramic color pigments
2024375009,325130,1.0,NAICS_2007_Code,Manufacturing of all other miscellaneous inorganic pigments
2024400000,325130,1.0,NAICS_2007_Code,Manufacturing of synthetic organic dyes
2024425000,325130,1.0,NAICS_2007_Code,"Manufacturing of synthetic organic pigments, lakes, and toners"
2024450000,3259A0,1.0,NAICS_2012_Code,Manufacturing of tints and dyes
2024475000,325180,1.0,NAICS_2007_Code,Manufacturing of sulfuric acid
2024500000,325180,1.0,NAICS_2007_Code,"Manufacturing of inorganic acids, excluding nitric, sulfuric and phosphoric"
2024500003,325180,1.0,NAICS_2007_Code,"Manufacturing of hydrochloric acid (including anhydrous) from chlorine and hydrogen (Basis - 100%, HCl)"
2024500006,325180,1.0,NAICS_2007_Code,"Manufacturing of hydrochloric acid (including anhydrous) byproduct and other (including from salt and acid) (Basis -100%, HCl)"
2024500009,325180,1.0,NAICS_2007_Code,"Manufacturing of hydrocyanic acid (including anhydrous) (Basis - 100%, HCN)"
2024500012,325180,1.0,NAICS_2007_Code,"Manufacturing of all other inorganic acids, excluding nitric, sulfuric, and phosphoric"
2024525000,325310,1.0,NAICS_2012_Code,Manufacturing of phosphoric acid
2024550000,325180,1.0,NAICS_2007_Code,Manufacturing of other inorganic aluminum compounds
2024550003,325180,1.0,NAICS_2007_Code,"Manufacturing of aluminum chloride, anhydrous (Basis - 100%, AlCl3)"
2024550006,325180,1.0,NAICS_2007_Code,"Manufacturing of aluminum hydroxide, trihydrate (Basis - 100%, Al2O3 3H20)"
2024550009,325180,1.0,NAICS_2007_Code,"Manufacturing of aluminum sulfate, commercial (Basis - 17%, Al2O3)"
2024550012,325180,1.0,NAICS_2007_Code,"Manufacturing of aluminum sulfate, iron-free (Basis - 17%, Al2O3)"
2024550015,325180,1.0,NAICS_2007_Code,"Manufacturing of aluminates (sodium aluminate, potassium aluminate, etc.) (Basis - 100%, by weight)"
2024550018,325180,1.0,NAICS_2007_Code,Manufacturing of all other inorganic aluminum compounds
2024575000,325180,1.0,NAICS_2007_Code,"Manufacturing of potassium and sodium compounds, excluding bleaches, alkalies, and alum"
2024575003,325180,1.0,NAICS_2007_Code,"Manufacturing of tetrapotassium pyrophosphate (Basis - 100%, K4P2O7)"
2024575006,325180,1.0,NAICS_2007_Code,"Manufacturing of sodium chlorate (Basis - 100%, NaClO3)"
2024575009,325180,1.0,NAICS_2007_Code,"Manufacturing of sodium phosphate, dibasic (Basis - 100%, Na2HPO4)"
2024575012,325180,1.0,NAICS_2007_Code,"Manufacturing of sodium phosphate, meta (Basis - 100%, NaPO3)"
2024575015,325180,1.0,NAICS_2007_Code,"Manufacturing of sodium phosphate, acid pyro (Basis - 100%, Na2H2P2O7)"
2024575018,325180,1.0,NAICS_2007_Code,Manufacturing of other sodium phosphates (including mono- and tribasic)
2024575021,325180,1.0,NAICS_2007_Code,"Manufacturing of soluble silicate glass (water glass, solid and liquid) (Basis - Anhydrous)"
2024575024,325180,1.0,NAICS_2007_Code,"Manufacturing of sodium sulfate, high purity (more than 99%, Na2SO4) (Basis - 100%, Na2SO4)"
2024575027,325180,1.0,NAICS_2007_Code,"Manufacturing of sodium sulfite (Basis - 100%, Na2SO3)"
2024575031,325180,1.0,NAICS_2007_Code,"Manufacturing of all other potassium and sodium compounds, excluding bleaches, alkalies, and alum"
2024600000,325180,1.0,NAICS_2007_Code,"Manufacturing of chemical catalytic preparations, excluding silica gel catalyst"
2024625000,325180,1.0,NAICS_2007_Code,"Manufacturing of chlorine, compressed or liquefied"
2024650000,325180,1.0,NAICS_2007_Code,Manufacturing of sodium hydroxide (caustic soda)
2024675000,325180,1.0,NAICS_2007_Code,Manufacturing of other alkalies
2024675003,325180,1.0,NAICS_2007_Code,"Manufacturing of potassium hydroxide (caustic potash) liquid (including liquid later converted to dry or solid) (Basis - 88-92%, KOH)"
2024675006,325180,1.0,NAICS_2007_Code,"Manufacturing of finished sodium bicarbonate (Basis - 100%, NaHCO3)"
2024675009,325180,1.0,NAICS_2007_Code,Manufacturing of all other alkalies
2024700000,325180,1.0,NAICS_2007_Code,Manufacturing of all other inorganic chemicals
2024725000,325190,1.0,NAICS_2012_Code,Manufacturing of pure and other denatured (special or complete) ethyl alcohol
2024800000,325190,1.0,NAICS_2007_Code,"Manufacturing of gum and wood chemicals, including wood distillation products"
2024800003,325190,1.0,NAICS_2007_Code,"Manufacturing of tall oil, crude"
2024800006,325190,1.0,NAICS_2007_Code,"Manufacturing of other gum and wood chemicals, including softwood distillation products, natural tanning, tannic acid, natural acetic acid, methanol, softwood charcoal, vegetable pitches, wood tar and tar oil, etc."
2024825000,325190,1.0,NAICS_2007_Code,Manufacturing of cyclic (coal tar) intermediates
2024850000,325190,1.0,NAICS_2007_Code,"Manufacturing of tar, tar crudes, and tar pitches"
2024875000,325190,1.0,NAICS_2012_Code,Manufacturing of fatty acids (produced for sale as such)
2024875003,325190,1.0,NAICS_2012_Code,"Manufacturing of fatty acid esters, excluding biodiesel"
2024875006,325190,1.0,NAICS_2012_Code,Manufacturing of all other fatty acids (produced for sale as such)
2024900000,325190,1.0,NAICS_2012_Code,Manufacturing of industrial organic flavor oil mixtures and blends
2024925000,325190,1.0,NAICS_2012_Code,Manufacturing of reagent and high-purity grades of organic chemicals refined from  technical grades
2024950000,325190,1.0,NAICS_2012_Code,Manufacturing of natural organic chemicals
2024975000,325190,1.0,NAICS_2012_Code,"Manufacturing of synthetic organic alcohols, unmixed"
2024975003,325190,1.0,NAICS_2012_Code,"Manufacturing of synthetic organic alcohols, unmixed, methanol (methyl alcohol)"
2024975006,325190,1.0,NAICS_2012_Code,"Manufacturing of synthetic organic alcohols, unmixed, isopropyl alcohol"
2024975009,325190,1.0,NAICS_2012_Code,"Manufacturing of synthetic organic alcohols, unmixed, butyl alcohol"
2024975012,325190,1.0,NAICS_2012_Code,"Manufacturing of other synthetic organic alcohols, unmixed"
2025000000,325190,1.0,NAICS_2012_Code,"Manufacturing of synthetic organic alcohols, mixed"
2025025000,325190,1.0,NAICS_2012_Code,"Manufacturing of synthetic organic chemicals for use as flavor and perfume materials, mixed and unmixed"
2025050000,325190,1.0,NAICS_2012_Code,Manufacturing of other synthetic organic chemicals
2025075000,325190,1.0,NAICS_2012_Code,"Manufacturing of miscellaneous end-use chemicals and chemical products, excluding urea"
2025100000,325190,1.0,NAICS_2012_Code,"Manufacturing of miscellaneous cyclic and acyclic chemicals and chemical products, excluding fatty acid esters"
2025125000,325610,1.0,NAICS_2012_Code,"Manufacturing of glycerin, natural"
2025125003,325610,1.0,NAICS_2012_Code,"Manufacturing of glycerin, natural, crude (100 percent basis)"
2025125006,325610,1.0,NAICS_2012_Code,"Manufacturing of glycerin, natural, refined (all grades, 100 percent basis)"
2025150000,325411,1.0,NAICS_2012_Code,"Manufacturing of synthetic organic medicinal chemicals (all uses), medicinal and botanical drugs, chemicals, and products, in bulk, alkaloid drugs, naturally occurring vitamins, etc."
2025150003,325411,1.0,NAICS_2012_Code,"Manufacturing of synthetic organic medicinal chemicals, medicinal and botanical drugs, chemicals, and products, in bulk, alkaloid drugs, naturally occurring vitamins, etc., for human use"
2025150006,325411,1.0,NAICS_2012_Code,"Manufacturing of synthetic organic medicinal chemicals, medicinal and botanical drugs, chemicals, and products, in bulk, alkaloid drugs, naturally occurring vitamins, etc., for veterinary use"
2025175000,327992,1.0,NAICS_2012_Code,"Manufacturing of treated clays, artificially activated with acid or other materials"
2025200000,311224,1.0,NAICS_2007_Code,"Manufacturing of soybean oil processed for inedible purposes (acid refined, etc.)"
2025225000,324110,1.0,NAICS_2012_Code,Manufacturing of special petroleum naphthas
2025250000,3259A0,1.0,NAICS_2012_Code,Manufacturing of distilled water
2025275000,31161A,1.0,NAICS_2012_Code,"Manufacturing of killing floor offal, scrap, and bones"
2025300000,3219A0,1.0,NAICS_2012_Code,Manufacturing of wood flour
2025325000,3259A0,1.0,NAICS_2012_Code,Manufacturing of gelatin products
2025325003,3259A0,1.0,NAICS_2012_Code,"Manufacturing of gelatin, food grade, excluding ready-to-eat desserts, pharmaceutical and photographic"
2025325006,3259A0,1.0,NAICS_2012_Code,"Manufacturing of gelatin, pharmaceutical grade, excluding unfilled capsules"
2025325009,3259A0,1.0,NAICS_2012_Code,Manufacturing of other gelatin products
2025350000,325211,1.0,NAICS_2012_Code,Manufacturing of thermoplastic resins and plastics materials
2025350003,325211,1.0,NAICS_2012_Code,"Manufacturing of thermoplastic resins and plastics materials, polyethylene"
2025350006,325211,1.0,NAICS_2012_Code,"Manufacturing of thermoplastic resins and plastics materials, polypropylene"
2025350009,325211,1.0,NAICS_2012_Code,"Manufacturing of thermoplastic resins and plastics materials, polystyrene"
2025350012,325211,1.0,NAICS_2012_Code,"Manufacturing of thermoplastic resins and plastics materials, polyvinyl chloride"
2025350015,325211,1.0,NAICS_2012_Code,"Manufacturing of thermoplastic resins and plastics materials, polyester"
2025350018,325211,1.0,NAICS_2012_Code,Manufacturing of other thermoplastic resins and plastics materials
2025375000,325211,1.0,NAICS_2012_Code,Manufacturing of  thermosetting resins and plastics materials
2025375003,325211,1.0,NAICS_2012_Code,"Manufacturing of thermosetting resins and plastics materials, phenolic"
2025375006,325211,1.0,NAICS_2012_Code,"Manufacturing of thermosetting resins and plastics materials, urea"
2025375009,325211,1.0,NAICS_2012_Code,"Manufacturing of thermosetting resins and plastics materials, polyester"
2025375012,325211,1.0,NAICS_2012_Code,"Manufacturing of thermosetting resins and plastics materials, epoxy"
2025375015,325211,1.0,NAICS_2012_Code,Manufacturing of other thermosetting resins and plastics materials
2025400000,3259A0,1.0,NAICS_2012_Code,Manufacturing of custom compounded resins and color concentrates
2025425000,3252A0,1.0,NAICS_2012_Code,"Manufacturing of styrene-butadiene rubber (SBR), excluding latex"
2025450000,3252A0,1.0,NAICS_2012_Code,"Manufacturing of styrene-butadiene rubber (SBR), latex"
2025475000,3252A0,1.0,NAICS_2012_Code,"Manufacturing of butyl, polychloroprene, and stereo polyisoprene elastomers, and nitrile rubber, including latex"
2025475003,3252A0,1.0,NAICS_2012_Code,"Manufacturing of nitrile rubber, including latex"
2025475006,3252A0,1.0,NAICS_2012_Code,"Manufacturing of butyl, polychloroprene, and stereo polyisoprene elastomers, including latex"
2025500000,3252A0,1.0,NAICS_2012_Code,"Manufacturing of stereo polybutadiene elastomers, including latex"
2025525000,3252A0,1.0,NAICS_2012_Code,"Manufacturing of ethylene-propylene elastomers, including latex"
2025550000,3252A0,1.0,NAICS_2012_Code,Manufacturing of silicone elastomers
2025575000,3252A0,1.0,NAICS_2012_Code,"Manufacturing of other elastomers, excluding thermoplastic elastomers, including latex"
2025600000,3252A0,1.0,NAICS_2012_Code,Manufacturing of thermoplastics elastomers
2025625000,314900,1.0,NAICS_2007_Code,Manufacturing of tire cord and tire fabrics
2025650000,326290,1.0,NAICS_2012_Code,Manufacturing of rubber compounds or mixtures
2025675000,326290,1.0,NAICS_2012_Code,Manufacturing of reclaimed rubber (any vulcanizable material excluding reclaimed residue or mud derived from processing or treatment of natural or synthetic (chemical) vulcanized scrap rubber)
2025700000,325180,1.0,NAICS_2007_Code,"Manufacturing of carbon black, all processes"
2025725000,325190,1.0,NAICS_2012_Code,Manufacturing of synthetic organic rubber-processing chemicals
2025750000,325190,1.0,NAICS_2012_Code,Manufacturing of synthetic organic plasticizers
2025775000,3259A0,1.0,NAICS_2012_Code,"Manufacturing of rubber processing preparations, including red lead and 2-mercaptoimidazoline rubber accelerator composition"
2026050000,327200,1.0,NAICS_2012_Code,"Manufacturing of flat glass (float, sheet, and plate process)"
2026225000,327992,1.0,NAICS_2012_Code,"Manufacturing of treated lightweight aggregate and crushed slag, minerals and earths"
2026225003,327992,1.0,NAICS_2012_Code,"Manufacturing of treated lightweight aggregate (diatomaceous earth, expanded clay, expanded slag, cinders, perlite, haydite, pumice, etc.)"
2026225006,327992,1.0,NAICS_2012_Code,Manufacturing of crushed slag
2026250000,331110,1.0,NAICS_2007_Code,"Manufacturing of blast furnace slag, excluding ferroalloys"
2026275000,327992,1.0,NAICS_2012_Code,"Manufacturing of other minerals or earths, treated"
2026275003,327992,1.0,NAICS_2012_Code,Manufacturing of exfoliated vermiculite aggregate
2026275006,327992,1.0,NAICS_2012_Code,"Manufacturing of other exfoliated vermiculite (including loose fill insulation, acoustical, etc.)"
2026275009,327992,1.0,NAICS_2012_Code,Manufacturing of refractory magnesia (including dead-burned magnesia or magnesite)
2026275012,327992,1.0,NAICS_2012_Code,"Manufacturing of graphite, refined or blended"
2026275015,327992,1.0,NAICS_2012_Code,"Manufacturing of other treated minerals and earths (including feldspar, mica, roofing, granules, etc.) (includes heat treated, chemical treated, and other manufacturing processes)"
2026300000,327999,1.0,NAICS_2012_Code,Manufacturing of mica products
2026400000,327310,1.0,NAICS_2012_Code,"Manufacturing of portland cement and other portland hydraulic cements (including oil well, white cement, blended cements, etc.), and masonry cement and cement clinker"
2026625000,324190,0.5,NAICS_2012_Code,"Manufacturing of coke oven and blast furnace products, excluding slag"
2026625000,331110,0.5,NAICS_2007_Code,"Manufacturing of coke oven and blast furnace products, excluding slag"
2026625003,331110,1.0,NAICS_2007_Code,"Manufacturing of blast furnace pig iron (excluding ferroalloys), including pig iron with silicon content up to and including 6 percent silicon"
2026625006,331110,1.0,NAICS_2007_Code,"Manufacturing of blast furnace sinter from ore, flue dust, blast furnace gas, and all other blast furnace products (excluding ferroalloys)"
2026625009,324190,0.5,NAICS_2012_Code,"Manufacturing of coke oven products, coke, excluding screenings and breeze"
2026625009,331110,0.5,NAICS_2007_Code,"Manufacturing of coke oven products, coke, excluding screenings and breeze"
2026625012,324190,0.5,NAICS_2012_Code,Manufacturing of screenings and breeze
2026625012,331110,0.5,NAICS_2007_Code,Manufacturing of screenings and breeze
2026625015,324190,0.5,NAICS_2012_Code,"Manufacturing of coke oven products, crude tar"
2026625015,331110,0.5,NAICS_2007_Code,"Manufacturing of coke oven products, crude tar"
2026625018,324190,0.5,NAICS_2012_Code,"Manufacturing of coke oven products, crude light oil"
2026625018,331110,0.5,NAICS_2007_Code,"Manufacturing of coke oven products, crude light oil"
2026625021,324190,0.5,NAICS_2012_Code,"Manufacturing of coke oven products, other (including tar derivatives, ammonia, light oil derivations, and coke oven gas)"
2026625021,331110,0.5,NAICS_2007_Code,"Manufacturing of coke oven products, other (including tar derivatives, ammonia, light oil derivations, and coke oven gas)"
2026650000,331110,1.0,NAICS_2007_Code,"Manufacturing of ferrosilicon, including briquettes, and other silicon alloys"
2026675000,331110,1.0,NAICS_2007_Code,"Manufacturing of all other ferroalloys, including chromium alloys and additives, silvery iron, ferromanganese, ferromolybdenum, ferronickel, ferrotitanium, and ferrovanadium"
2026700000,331110,1.0,NAICS_2007_Code,"Manufacturing of super alloys and ferrous materials, excluding pig iron"
2026750000,335991,1.0,NAICS_2012_Code,Manufacturing of carbon electrodes for electric furnaces and electrolytic cell use
2026775000,335991,1.0,NAICS_2012_Code,Manufacturing of graphite electrodes for electric furnaces and electrolytic cell use
2026800000,335991,1.0,NAICS_2012_Code,"Manufacturing of all other carbon and graphite products, including carbon and graphite fibers, brushes, brush plates, contacts, excluding refractories"
2026825000,331110,0.5,NAICS_2007_Code,"Manufacturing of steel wire, including galvanized and other coated wire"
2026825000,331200,0.5,NAICS_2012_Code,"Manufacturing of steel wire, including galvanized and other coated wire"
2026825003,331110,0.07142857142857142,NAICS_2007_Code,"Manufacturing of carbon steel, finished product, steel wire"
2026825003,331200,0.9285714285714286,NAICS_2012_Code,"Manufacturing of carbon steel, finished product, steel wire"
2026825006,331110,0.5,NAICS_2007_Code,"Manufacturing of alloy steel, finished product, steel wire"
2026825006,331200,0.5,NAICS_2012_Code,"Manufacturing of alloy steel, finished product, steel wire"
2026825009,331110,0.2,NAICS_2007_Code,"Manufacturing of stainless steel, finished product, steel wire"
2026825009,331200,0.8,NAICS_2012_Code,"Manufacturing of stainless steel, finished product, steel wire"
2026850000,331200,0.5,NAICS_2012_Code,Manufacturing of other ferrous wire products (excluding springs)
2026850000,332600,0.5,NAICS_2012_Code,Manufacturing of other ferrous wire products (excluding springs)
2026860000,331110,1.0,NAICS_2007_Code,"Manufacturing of carbon steel, semifinished, wire rods"
2026870000,331110,1.0,NAICS_2007_Code,"Manufacturing of carbon steel ingots and semifinished shapes and forms, excluding wire rods"
2026870003,331110,1.0,NAICS_2007_Code,Manufacturing of carbon steel ingots and semifinished shapes and forms
2026870006,331110,1.0,NAICS_2007_Code,"Manufacturing of carbon steel, semifinished, blooms, billets, sheet bars, tin mill bars, tube rounds and skelp"
2026870009,331110,1.0,NAICS_2007_Code,"Manufacturing of carbon steel, semifinished, slabs"
2026880000,331110,1.0,NAICS_2007_Code,Manufacturing of alloy steel ingots and semifinished shapes and forms
2026880003,331110,1.0,NAICS_2007_Code,Manufacturing of alloy steel (excluding stainless) ingots
2026880006,331110,1.0,NAICS_2007_Code,"Manufacturing of alloy steel (excluding stainless), semifinished, blooms, billets, sheet bars, tin mill bars, tube rounds and skelp"
2026880009,331110,1.0,NAICS_2007_Code,"Manufacturing of alloy steel (excluding stainless), semifinished, wire rods"
2026880012,331110,1.0,NAICS_2007_Code,"Manufacturing of alloy steel (excluding stainless), semifinished, slabs"
2026890000,331110,1.0,NAICS_2007_Code,Manufacturing of stainless steel ingots and semifinished shapes and forms
2026890003,331110,1.0,NAICS_2007_Code,Manufacturing of stainless steel ingots
2026890006,331110,1.0,NAICS_2007_Code,"Manufacturing of stainless steel, semifinished, blooms, billets, sheet bars, tin mill bars, tube rounds and skelp"
2026890009,331110,1.0,NAICS_2007_Code,"Manufacturing of stainless steel, semifinished, wire rods"
2026900000,331110,1.0,NAICS_2007_Code,"Manufacturing of hot rolled carbon steel sheet and strip (including tin mill products, tinplate, blackplate, terneplate, and tin-free steel)"
2026900006,331110,1.0,NAICS_2007_Code,"Manufacturing of carbon steel, finished, sheet and strip, galvanized, hot dipped"
2026900009,331110,1.0,NAICS_2007_Code,"Manufacturing of carbon steel, finished, sheet and strip, galvanized, electrolytic"
2026900012,331110,1.0,NAICS_2007_Code,"Manufacturing of carbon steel, finished, sheet and strip, galvanized, electrical"
2026900015,331110,1.0,NAICS_2007_Code,"Manufacturing of carbon steel, finished, sheet and strip, all other metallic coated, including long ternes"
2026900018,331110,1.0,NAICS_2007_Code,"Manufacturing of carbon steel, finished, strip, hot rolled"
2026900021,331110,1.0,NAICS_2007_Code,"Manufacturing of carbon steel, finished, tin mill, black plate"
2026900024,331110,1.0,NAICS_2007_Code,"Manufacturing of carbon steel, finished, tin mill, electrolytic and hot dipped tin plate"
2026900027,331110,1.0,NAICS_2007_Code,"Manufacturing of carbon steel, finished, tin free steel"
2026900031,331110,1.0,NAICS_2007_Code,"Manufacturing of carbon steel, all other finished tin mill products including short terns and foil"
2026910000,331110,1.0,NAICS_2007_Code,"Manufacturing of hot rolled alloy steel sheet and strip (including tin mill products, tinplate, blackplate, terneplate, and tin-free steel)"
2026910003,331110,1.0,NAICS_2007_Code,"Manufacturing of alloy steel (excluding stainless), finished, sheet, hot rolled"
2026910006,331110,1.0,NAICS_2007_Code,"Manufacturing of alloy steel (excluding stainless), finished, sheet and strip, galvanized, hot dipped"
2026910009,331110,1.0,NAICS_2007_Code,"Manufacturing of alloy steel (excluding stainless), finished, all other metallic including electrolytic"
2026920000,331110,1.0,NAICS_2007_Code,"Manufacturing of hot rolled stainless steel, finished, sheet and strip"
2026925000,331110,0.6666666666666666,NAICS_2007_Code,Manufacturing of cold rolled carbon steel sheet and strip
2026925000,331200,0.3333333333333333,NAICS_2012_Code,Manufacturing of cold rolled carbon steel sheet and strip
2026925006,331200,1.0,NAICS_2012_Code,"Manufacturing of carbon steel, finished product, strip, cold rolled"
2026925009,331110,0.5,NAICS_2007_Code,"Manufacturing of carbon steel, finished product, sheet, cold rolled"
2026925009,331200,0.5,NAICS_2012_Code,"Manufacturing of carbon steel, finished product, sheet, cold rolled"
2026930000,331200,1.0,NAICS_2012_Code,Manufacturing of cold rolled alloy steel (excluding stainless) sheet and strip
2026935000,331110,0.5,NAICS_2007_Code,"Manufacturing of cold rolled  stainless steel, finished product, sheet and strip"
2026935000,331200,0.5,NAICS_2012_Code,"Manufacturing of cold rolled  stainless steel, finished product, sheet and strip"
2026940000,331110,1.0,NAICS_2007_Code,"Manufacturing of hot rolled carbon steel bars, excluding concrete reinforcing"
2026945000,331110,1.0,NAICS_2007_Code,Manufacturing of hot rolled carbon steel plates in coils
2026950000,331110,1.0,NAICS_2007_Code,Manufacturing of hot rolled carbon steel structural shapes and piling
2026950006,331110,1.0,NAICS_2007_Code,"Manufacturing of carbon steel, finished product, structural shapes (heavy) wide flang"
2026950009,331110,1.0,NAICS_2007_Code,"Manufacturing of carbon steel, finished product, sheet piling and bearing piles"
2026955000,331110,1.0,NAICS_2007_Code,"Manufacturing of hot rolled carbon steel bars, light structural, under 3 inches"
2026960000,331110,1.0,NAICS_2007_Code,"Manufacturing of hot rolled alloy steel (excluding stainless) plates, structural shapes, and tool steel"
2026960003,331110,1.0,NAICS_2007_Code,"Manufacturing of alloy steel (excluding stainless), finished products, plates in coils"
2026960006,331110,1.0,NAICS_2007_Code,"Manufacturing of alloy steel (excluding stainless), finished products, structural shapes (3 in. and under)"
2026960009,331110,1.0,NAICS_2007_Code,"Manufacturing of alloy steel (excluding stainless), finished products, tool steel, high speed"
2026960012,331110,1.0,NAICS_2007_Code,"Manufacturing of alloy steel (excluding stainless), finished products, tool steel, other than high speed"
2026970000,331110,1.0,NAICS_2007_Code,"Manufacturing of hot rolled stainless steel bars, plates, and structural shapes"
2026970003,331110,1.0,NAICS_2007_Code,"Manufacturing of stainless steel, finished products, plates and structurals"
2026970006,331110,1.0,NAICS_2007_Code,"Manufacturing of stainless steel, finished products, hot rolled bars"
2026975000,331110,0.5,NAICS_2007_Code,Manufacturing of cold finished steel bars and bar shapes
2026975000,331200,0.5,NAICS_2012_Code,Manufacturing of cold finished steel bars and bar shapes
2026975003,331110,0.5,NAICS_2007_Code,"Manufacturing of carbon steel, finished product, bars, cold finish"
2026975003,331200,0.5,NAICS_2012_Code,"Manufacturing of carbon steel, finished product, bars, cold finish"
2026975006,331110,0.5,NAICS_2007_Code,"Manufacturing of alloy steel, finished product, bars, cold finish"
2026975006,331200,0.5,NAICS_2012_Code,"Manufacturing of alloy steel, finished product, bars, cold finish"
2026975009,331110,0.5,NAICS_2007_Code,"Manufacturing of stainless steel, finished product, bars, cold finish"
2026975009,331200,0.5,NAICS_2012_Code,"Manufacturing of stainless steel, finished product, bars, cold finish"
2026980000,331110,1.0,NAICS_2007_Code,"Manufacturing of other steel mill products, including steel rails, excluding wire products"
2026985000,331200,1.0,NAICS_2012_Code,"Manufacturing of iron and steel powders, paste, and flakes"
2026990000,331314,1.0,NAICS_2012_Code,"Manufacturing of aluminum and aluminum-base alloy powders, paste, and flakes"
2026995000,331313,0.3333333333333333,NAICS_2007_Code,"Manufacturing of aluminum ingot, including billet"
2026995000,331314,0.3333333333333333,NAICS_2012_Code,"Manufacturing of aluminum ingot, including billet"
2026995000,33131B,0.3333333333333333,NAICS_2007_Code,"Manufacturing of aluminum ingot, including billet"
2026996000,331313,1.0,NAICS_2007_Code,"Manufacturing of aluminum oxide, excluding natural alumina"
2027170000,33131B,1.0,NAICS_2012_Code,"Manufacturing of aluminum plate (thickness of 0.25 in. or more), flat aluminum and coiled sheet and strip, including continuous cast"
2027170003,33131B,1.0,NAICS_2012_Code,"Manufacturing of aluminum plate (thickness of 0.25 in. or more), including continuous cast"
2027170006,33131B,1.0,NAICS_2012_Code,"Manufacturing of flat aluminum and coiled sheet and strip, including continuous cast"
2027175000,331410,1.0,NAICS_2007_Code,"Manufacturing of refined primary copper and copper-base alloy and primary copper smelter products, not commercial grade, produced for further refining, including blister or anode copper, cathode, wire bar, ingot and ingot bar, cakes, slabs, shot, etc."
2027200000,331420,1.0,NAICS_2007_Code,"Manufacturing of secondary smelting, refining and alloying of copper"
2027200003,331420,1.0,NAICS_2007_Code,"Manufacturing of secondary copper and copper-base alloy powders, paste, and flakes"
2027200006,331420,1.0,NAICS_2007_Code,"Manufacturing of other refined secondary copper and copper-base alloy (including cathode, wire bar, ingot and ingot bar, cakes, slabs, shot, etc.)"
2027250000,331420,1.0,NAICS_2007_Code,"Manufacturing of copper and copper-base alloy sheet, strip, and plate"
2027250003,331420,1.0,NAICS_2007_Code,"Manufacturing of unalloyed copper and copper-base alloy sheet, strip, and plate"
2027250006,331420,1.0,NAICS_2007_Code,"Manufacturing of alloyed copper and copper-base alloy sheet, strip, and plate (including military cups and discs)"
2027300000,331420,1.0,NAICS_2007_Code,"Manufacturing of copper and copper-base alloy rod, bar, and shapes"
2027300003,331420,1.0,NAICS_2007_Code,"Manufacturing of unalloyed copper and copper-base alloy rod, bar, and shapes (excluding electric rod)"
2027300006,331420,1.0,NAICS_2007_Code,"Manufacturing of alloyed copper and copper-base alloy rod, bar, and shapes (excluding electric rod)"
2027325000,331490,1.0,NAICS_2012_Code,"Manufacturing of all other secondary nonferrous products (including unalloyed lead (pig, ingot, shot, etc.), additive alloys, antimonial lead- and tin-base alloys)"
2027350000,331490,1.0,NAICS_2012_Code,"Manufacturing of other secondary nonferrous metal and metal alloy powders, paste, and flakes (nickel-cobalt, tungsten, molybdenum, titanium, gold, silver, platinum, and all other precious and other nonferrous metals)"
2027375000,331490,1.0,NAICS_2012_Code,"Manufacturing of nickel and nickel-base alloy mill shapes, excluding nickel and nickel alloy wire"
2027375003,331490,1.0,NAICS_2012_Code,"Manufacturing of nickel and nickel-base alloy plate, sheet, and strip, excluding nickel-copper alloys"
2027375006,331490,1.0,NAICS_2012_Code,"Manufacturing of other nickel and nickel-base alloy mill shapes, excluding nickel-copper alloys and wire"
2027375009,331490,1.0,NAICS_2012_Code,Manufacturing of nickel-copper alloy mill shapes and forms (excluding wire)
2027400000,331490,1.0,NAICS_2012_Code,"Manufacturing of titanium and titanium-base alloy forging and extrusion, ingot and billet, and all other titanium and titanium-base alloy mill shapes (including sheet, plate, tubing, bar, etc.), excluding wire"
2027425000,331490,1.0,NAICS_2012_Code,"Manufacturing of other nonferrous metals and alloys, lead, tungsten, molybdenum, rolled, drawn, and extruded shapes (sheet, strip, pipe, tubing, traps, etc.), excluding wire"
2027427000,331490,1.0,NAICS_2012_Code,"Manufacturing of refined secondary alloyed and unalloyed zinc, including all ASTM-specification zinc"
2027429000,331490,1.0,NAICS_2012_Code,"Manufacturing of secondary precious metals and precious metal alloys (gold, silver, platinum, and other precious metals)"
2027431000,331410,1.0,NAICS_2007_Code,"Manufacturing of refined primary unalloyed zinc slab and zinc-base alloy, including unalloyed dust"
2027431003,331410,1.0,NAICS_2007_Code,"Manufacturing of refined primary unalloyed zinc, including all ASTM-specification zinc"
2027431006,331410,1.0,NAICS_2007_Code,Manufacturing of refined primary zinc-base alloys
2027433000,331410,1.0,NAICS_2007_Code,Manufacturing of primary precious metals and precious metal alloys
2027433003,331410,1.0,NAICS_2007_Code,Manufacturing of primary gold and gold alloys
2027433006,331410,1.0,NAICS_2007_Code,Manufacturing of primary silver and silver alloys
2027433009,331410,1.0,NAICS_2007_Code,"Manufacturing of primary platinum and platinum alloys, including platinum-group metals"
2027435000,331410,1.0,NAICS_2007_Code,Manufacturing of all other miscellaneous primary nonferrous metals
2027435003,331410,1.0,NAICS_2007_Code,Manufacturing of primary lead and lead-base alloys
2027435006,331410,1.0,NAICS_2007_Code,Manufacturing of primary magnesium and magnesium-base alloys
2027435009,331410,1.0,NAICS_2007_Code,Manufacturing of primary unalloyed silicon
2027435012,331410,1.0,NAICS_2007_Code,"Manufacturing of other primary unrefined nonferrous metals, including metal bearing furnace residues, zinc residues, zinc smelter products (base bullion, matte, speiss, etc.), and other metal products"
2027435015,331410,1.0,NAICS_2007_Code,"Manufacturing of other primary refined nonferrous metals and alloys (including nickel, tin, cadmium, antimony, cobalt, molybdenum, titanium sponge, etc.)"
2027445000,331490,1.0,NAICS_2012_Code,"Manufacturing of gold, silver, and other precious metal mill shapes and precious metal wire (including platinum-group metals and insulated wire and cable)"
2027460000,331200,1.0,NAICS_2012_Code,"Manufacturing of carbon steel, finished products, pipes and tubes, oil country goods"
2027475000,331200,1.0,NAICS_2012_Code,"Manufacturing of carbon steel pipes and tubes, including pressure, mechanical, structural"
2027475003,331200,1.0,NAICS_2012_Code,"Manufacturing of carbon steel, finished products, line pipe 16 o.d and under"
2027475006,331200,1.0,NAICS_2012_Code,"Manufacturing of carbon steel, finished products, line pipe over 16 o.d"
2027475012,331200,1.0,NAICS_2012_Code,"Manufacturing of carbon steel, finished products, pipes and tubes, seamless pressure tubing"
2027475015,331200,1.0,NAICS_2012_Code,"Manufacturing of carbon steel, finished products, pipes and tubes, welded pressure tubing"
2027475018,331200,1.0,NAICS_2012_Code,"Manufacturing of carbon steel, finished products, pipes and tubes, seamless mechanical tubing"
2027475021,331200,1.0,NAICS_2012_Code,"Manufacturing of carbon steel, finished products, pipes and tubes, welded mechanical tubing"
2027475024,331200,1.0,NAICS_2012_Code,"Manufacturing of carbon steel, finished products, pipes and tubes, structurals"
2027475027,331200,1.0,NAICS_2012_Code,"Manufacturing of carbon steel, finished products, pipes and tubes, miscellaneous, including standard"
2027480000,331200,1.0,NAICS_2012_Code,Manufacturing of alloy steel pipes and tubes
2027480003,331200,1.0,NAICS_2012_Code,"Manufacturing of alloy steel, finished products, pipes and tubes, oil country goods and line pipe"
2027480006,331200,1.0,NAICS_2012_Code,"Manufacturing of alloy steel, finished products, pipes and tubes, pressure tubing"
2027480009,331200,1.0,NAICS_2012_Code,"Manufacturing of alloy steel, finished products, pipes and tubes, mechanical tubing"
2027480012,331200,1.0,NAICS_2012_Code,"Manufacturing of alloy steel, finished products, pipes and tubes, miscellaneous, including standard and structural"
2027490000,331200,1.0,NAICS_2012_Code,Manufacturing of stainless steel pipes and tubes
2027490003,331200,1.0,NAICS_2012_Code,"Manufacturing of stainless steel, finished products, pipes and tubes, seamless pressure tubing"
2027490006,331200,1.0,NAICS_2012_Code,"Manufacturing of stainless steel, finished products, pipes and tubes, welded pressure tubing"
2027490009,331200,1.0,NAICS_2012_Code,"Manufacturing of stainless steel, finished products, pipes and tubes, seamless mechanical tubing"
2027490012,331200,1.0,NAICS_2012_Code,"Manufacturing of stainless steel, finished products, pipes and tubes, welded mechanical tubing"
2027490015,331200,1.0,NAICS_2012_Code,"Manufacturing of stainless steel, finished products, pipes and tubes, other"
2027500000,331110,1.0,NAICS_2007_Code,Manufacturing of hot rolled steel pipes and tubes
2027500003,331110,1.0,NAICS_2007_Code,"Manufacturing of carbon steel, finished products, hot rolled pipes and tubes"
2027500006,331110,1.0,NAICS_2007_Code,"Manufacturing of alloy steel, finished products, hot rolled pipes and tubes"
2027500009,331110,1.0,NAICS_2007_Code,"Manufacturing of stainless steel, finished products, hot rolled pipes and tubes"
2027525000,33131B,1.0,NAICS_2012_Code,Manufacturing of  aluminum welded tube
2027550000,33131B,1.0,NAICS_2007_Code,Manufacturing of extruded and drawn aluminum tube
2027575000,331420,1.0,NAICS_2007_Code,Manufacturing of other alloyed and unalloyed copper and copper-base pipe and tube
2027575003,331420,1.0,NAICS_2007_Code,Manufacturing of other unalloyed copper and copper-base alloy pipe and tube
2027575006,331420,1.0,NAICS_2007_Code,Manufacturing of other alloyed copper and copper-base alloy pipe and tube
2027600000,3259A0,1.0,NAICS_2012_Code,Manufacturing of metal-treating and plating compounds
2027600003,3259A0,1.0,NAICS_2012_Code,"Manufacturing of metal-treating compounds (non-oil-base) for nitriding, pickling, drawing, and cutting"
2027600006,3259A0,1.0,NAICS_2012_Code,Manufacturing of plating compounds
2027625000,327910,1.0,NAICS_2012_Code,Manufacturing of nonmetallic abrasives (including diamond abrasives)
2027650000,327910,1.0,NAICS_2012_Code,"Manufacturing of aluminum oxide, nonmetallic sized grains, powders, and flour abrasives (including graded products only)"
2027675000,327910,1.0,NAICS_2012_Code,"Manufacturing of nonmetallic sized grains, powders, and flour abrasives, excluding aluminum oxide"
2027700000,331200,0.5,NAICS_2012_Code,"Manufacturing of noninsulated ferrous wire forms and strand (including strand for prestressed concrete, composite wire strand (excluding ACSR) and guard rail cable)"
2027700000,332600,0.5,NAICS_2012_Code,"Manufacturing of noninsulated ferrous wire forms and strand (including strand for prestressed concrete, composite wire strand (excluding ACSR) and guard rail cable)"
2027725000,331200,0.5,NAICS_2012_Code,Manufacturing of ferrous wire cloth and other ferrous woven wire products
2027725000,332600,0.5,NAICS_2012_Code,Manufacturing of ferrous wire cloth and other ferrous woven wire products
2027750000,33291A,1.0,NAICS_2012_Code,Manufacturing of metal aerosol valves
2027775000,327910,1.0,NAICS_2012_Code,"Manufacturing of metal abrasives including steel and iron grid, shot, and sand, and other metal abrasives"
2027800000,331510,1.0,NAICS_2012_Code,"Manufacturing of ductile iron pressure pipe and fittings, all sizes"
2027825000,331510,1.0,NAICS_2012_Code,Manufacturing of other ductile iron castings for automotive uses
2027850000,331510,1.0,NAICS_2012_Code,"Manufacturing of all other ductile iron castings for all other uses, including valve, construction and utility, machinery, electric and electronic equipment, heat-resistant parts (including coke oven doors)"
2027875000,331510,1.0,NAICS_2012_Code,"Manufacturing of cast iron pressure pipe and fittings, all sizes"
2027900000,331510,1.0,NAICS_2012_Code,"Manufacturing of cast iron soil pipe and fittings, all sizes"
2027925000,331510,1.0,NAICS_2012_Code,"Manufacturing of gray iron castings for rolling mill, construction, utility, automotive, and all other uses"
2027950000,331510,1.0,NAICS_2012_Code,Manufacturing of standard malleable iron castings
2027975000,331510,1.0,NAICS_2012_Code,Manufacturing of pearlitic malleable iron castings
2028000000,331510,1.0,NAICS_2012_Code,Manufacturing of molds and stools for heavy steel ingots
2028025000,331510,1.0,NAICS_2012_Code,"Manufacturing of steel investment castings, including carbon, alloy and stainless steel, hi-temp metal (iron, nickel or cobalt-based alloys)"
2028050000,331510,1.0,NAICS_2012_Code,"Manufacturing of other carbon steel castings, excluding investment"
2028075000,331510,1.0,NAICS_2012_Code,"Manufacturing of high alloy steel castings, excluding investment"
2028100000,331520,1.0,NAICS_2007_Code,Manufacturing of aluminum and aluminum-base alloy die-castings
2028125000,331520,1.0,NAICS_2012_Code,Manufacturing of aluminum and aluminum-base alloy sand castings (excluding cast aluminum cooking utensils)
2028150000,331520,1.0,NAICS_2012_Code,Manufacturing of aluminum and aluminum-base alloy permanent and semipermanent mold castings (excluding cast aluminum cooking utensils)
2028175000,331520,1.0,NAICS_2012_Code,Manufacturing of aluminum and aluminum-base alloy investment castings (excluding cast aluminum cooking utensils)
2028200000,331520,1.0,NAICS_2012_Code,"Manufacturing of other aluminum and aluminum-base alloy castings, excluding die-castings (excluding cast aluminum cooking utensils)"
2028225000,331510,1.0,NAICS_2012_Code,Manufacturing of alloy steel castings
2028225003,331510,1.0,NAICS_2012_Code,Manufacturing of other alloy steel railway specialties castings
2028225006,331510,1.0,NAICS_2012_Code,"Manufacturing of alloy steel castings, excluding investment, not elsewhere classified"
2028250000,331520,1.0,NAICS_2007_Code,Manufacturing of nonferrous metals and alloys (excluding aluminum) die-castings
2028275000,331520,1.0,NAICS_2007_Code,"Manufacturing of copper and copper-base alloy foundries (excluding die-casting) including sand, leaded red, manganese, aluminum bronzes, and all other copper castings (mold, centrifugal, investment, etc.)"
2028300000,331520,1.0,NAICS_2007_Code,"Manufacturing of other nonferrous foundries castings (excluding die-casting and aluminum) including nickel and nickel-base alloy, zinc and zinc-base alloy, magnesium and magnesium-base alloy, and all other nonferrous castings"
2028325000,332119,1.0,NAICS_2007_Code,Manufacturing of motor and generator metal job stampings
2028350000,332119,1.0,NAICS_2007_Code,"Manufacturing of radio, phonograph, and television metal job stampings"
2028350003,332119,1.0,NAICS_2007_Code,"Manufacturing of radio and phonograph metal job stampings, excluding automotive"
2028350006,332119,1.0,NAICS_2007_Code,Manufacturing of television metal job stampings
2028375000,332119,1.0,NAICS_2007_Code,Manufacturing of computer metal job stampings
2028400000,332119,1.0,NAICS_2007_Code,"Manufacturing of electrical appliance metal job stampings (residential, commercial, and industrial)"
2028400003,332119,1.0,NAICS_2007_Code,"Manufacturing of electrical appliance metal job stampings, excluding refrigeration and laundry equipment"
2028400006,332119,1.0,NAICS_2007_Code,"Manufacturing of refrigeration metal job stampings (residential, commercial, and industrial)"
2028400009,332119,1.0,NAICS_2007_Code,"Manufacturing of stove, heater, and air-conditioner metal job stampings (residential, commercial, and industrial), excluding automotive"
2028400012,332119,1.0,NAICS_2007_Code,"Manufacturing of laundry equipment metal job stampings (residential, commercial, and industrial)"
2028425000,336370,1.0,NAICS_2012_Code,"Manufacturing of automotive job stampings (truck, bus, and passenger car)"
2028450000,332119,1.0,NAICS_2007_Code,Manufacturing of recreational vehicle and agricultural equipment metal job stampings
2028450003,332119,1.0,NAICS_2007_Code,"Manufacturing of recreational vehicle metal job stampings (motor homes, travel trailers, etc.)"
2028450006,332119,1.0,NAICS_2007_Code,"Manufacturing of agricultural equipment metal job stampings, including tractor"
2028475000,332119,1.0,NAICS_2007_Code,Manufacturing of other metal job stampings
2028475003,332119,1.0,NAICS_2007_Code,Manufacturing of aviation metal job stampings
2028475006,332119,1.0,NAICS_2007_Code,Manufacturing of other industrial equipment metal job stampings
2028475009,332119,1.0,NAICS_2007_Code,"Manufacturing of other metal job stampings, excluding automotive"
2028500000,332119,1.0,NAICS_2007_Code,"Manufacturing of office machine metal job stampings, excluding computer"
2028525000,332119,1.0,NAICS_2007_Code,"Manufacturing of stamped and pressed metal end products for machinery, transportation, and other equipment, excluding spinning products and metal electric enclosures"
2028525003,332119,1.0,NAICS_2007_Code,"Manufacturing of other stamped and pressed vitreous (porcelain) enameled products (including refrigerator and laundry equipment parts and commercial and hospital utensils), excluding cooking and kitchen utensils"
2028525006,332119,1.0,NAICS_2007_Code,"Manufacturing of other stamped and pressed metal end products for machinery, transportation, and other equipment, excluding spinning products"
2028550000,33211A,1.0,NAICS_2012_Code,"Manufacturing of hot impression die impact, press, and upset carbon steel forgings"
2028575000,33211A,1.0,NAICS_2012_Code,"Manufacturing of hot impression die impact, press, and upset alloy steel forgings, excluding stainless and hi-temperature"
2028600000,33211A,1.0,NAICS_2012_Code,"Manufacturing of hot impression die impact, press, and upset stainless steel forgings"
2028625000,33211A,1.0,NAICS_2012_Code,"Manufacturing of hot impression die impact, press, and upset hi-temperature (iron, nickel, or cobalt-base alloy) steel forgings"
2028650000,33211A,1.0,NAICS_2012_Code,"Manufacturing of cold impression die impact, press, and upset carbon steel, stainless steel and hi-temperature (iron, nickel, or cobalt-base alloy) forgings"
2028700000,331110,0.6666666666666666,NAICS_2007_Code,"Manufacturing of seamless rolled ring forgings, ferrous"
2028700000,33211A,0.3333333333333333,NAICS_2012_Code,"Manufacturing of seamless rolled ring forgings, ferrous"
2028700003,331110,0.5,NAICS_2007_Code,Manufacturing of seamless carbon steel and alloy steel rolled ring forgings (excluding stainless and hi-temperature)
2028700003,33211A,0.5,NAICS_2012_Code,Manufacturing of seamless carbon steel and alloy steel rolled ring forgings (excluding stainless and hi-temperature)
2028700006,331110,0.5,NAICS_2007_Code,"Manufacturing of seamless stainless steel and hi-temperature (iron, nickel, or cobalt-base alloy) rolled ring forgings"
2028700006,33211A,0.5,NAICS_2012_Code,"Manufacturing of seamless stainless steel and hi-temperature (iron, nickel, or cobalt-base alloy) rolled ring forgings"
2028725000,331110,0.6666666666666666,NAICS_2007_Code,"Manufacturing of open die and smith forgings (hammer and press), ferrous"
2028725000,33211A,0.3333333333333333,NAICS_2012_Code,"Manufacturing of open die and smith forgings (hammer and press), ferrous"
2028725003,331110,0.5,NAICS_2007_Code,"Manufacturing of carbon and alloy steel open die and smith forgings (hammer and press), excluding stainless and hi-temperature"
2028725003,33211A,0.5,NAICS_2012_Code,"Manufacturing of carbon and alloy steel open die and smith forgings (hammer and press), excluding stainless and hi-temperature"
2028725006,331110,0.5,NAICS_2007_Code,"Manufacturing of stainless steel and hi-temperature (iron, nickel, or cobalt-base alloy) open die and smith forgings (hammer and press)"
2028725006,33211A,0.5,NAICS_2012_Code,"Manufacturing of stainless steel and hi-temperature (iron, nickel, or cobalt-base alloy) open die and smith forgings (hammer and press)"
2028775000,33211A,1.0,NAICS_2012_Code,"Manufacturing of hot impression die impact, press, and upset aluminum and aluminum alloy forgings"
2028800000,33211A,1.0,NAICS_2012_Code,"Manufacturing of hot impression die impact, press, and upset titanium and titanium alloy forgings"
2028825000,33211A,1.0,NAICS_2012_Code,"Manufacturing of other hot impression die impact, press, and upset nonferrous forgings (including copper and copper-base alloy)"
2028850000,33211A,1.0,NAICS_2012_Code,"Manufacturing of all other nonferrous forgings, including cold impression die impact, press, upset, seamless rolled ring, open die or smith, and hammer"
2028875000,33211A,1.0,NAICS_2012_Code,Manufacturing of copper and copper-base alloy powder metallurgy parts
2028900000,33211A,1.0,NAICS_2012_Code,Manufacturing of iron and steel powder metallurgy parts
2028925000,33211A,1.0,NAICS_2012_Code,Manufacturing of tungsten metal and tungsten-base alloy powder metallurgy parts
2028950000,33211A,1.0,NAICS_2012_Code,"Manufacturing of other powder metallurgy materials, excluding bearings, gears, and machine cutting tools and all cemented carbide parts, not elsewhere classified"
2028950003,33211A,1.0,NAICS_2012_Code,Manufacturing of metal injection molding (MIM) powder metallurgy parts
2028950006,33211A,1.0,NAICS_2012_Code,"Manufacturing of all other powder metallurgy materials, excluding bearings, gears, and machine cutting tools and all cemented carbide parts"
2028975000,332310,1.0,NAICS_2012_Code,"Manufacturing of fabricated structural iron and steel, except for construction"
2028975003,332310,1.0,NAICS_2012_Code,Manufacturing of fabricated structural iron and steel for aerospace and defense
2028975006,332310,1.0,NAICS_2012_Code,"Manufacturing of other fabricated structural iron and steel, except for construction"
2029000000,332310,1.0,NAICS_2012_Code,"Manufacturing of fabricated structural iron and steel for ships, boats, and barges"
2029025000,332310,1.0,NAICS_2012_Code,"Manufacturing of weldments and fabricated steel plate for other purposes, other than for construction and mining"
2029050000,332720,1.0,NAICS_2012_Code,Manufacturing of aircraft fasteners (excluding plastics; including aerospace) (meets specifications for flying vehicles)
2029050003,332720,1.0,NAICS_2012_Code,"Manufacturing of aircraft bolts (excluding plastics; including aerospace), less than 161 KSI tensile (meets specifications for flying vehicles)"
2029050006,332720,1.0,NAICS_2012_Code,"Manufacturing of aircraft bolts (excluding plastics; including aerospace), 161 KSI tensile or more (meets specifications for flying vehicles)"
2029050009,332720,1.0,NAICS_2012_Code,Manufacturing of aircraft screws and studs (excluding plastics; including aerospace) (meets specifications for flying vehicles)
2029050012,332720,1.0,NAICS_2012_Code,"Manufacturing of aircraft locknuts (excluding plastics; including aerospace), including flanged locknuts (meets specifications for flying vehicles)"
2029050015,332720,1.0,NAICS_2012_Code,"Manufacturing of other internally threaded aircraft fasteners (excluding plastics; including aerospace), hex square nuts (all types), and sheet metal fasteners (excluding flanged locknuts)"
2029050018,332720,1.0,NAICS_2012_Code,"Manufacturing of aircraft washers (excluding plastics; including aerospace), all types"
2029050021,332720,1.0,NAICS_2012_Code,"Manufacturing of aircraft rivets (excluding plastics; including aerospace), all types"
2029050024,332720,1.0,NAICS_2012_Code,"Manufacturing of aircraft pins (excluding plastics; including aerospace), all types"
2029075000,332720,1.0,NAICS_2012_Code,Manufacturing of externally threaded metal fasteners (excluding aircraft types)
2029075003,332720,1.0,NAICS_2012_Code,Manufacturing of mine roof bolts
2029075006,332720,1.0,NAICS_2012_Code,"Manufacturing of hex bolts, including heavy, tap-and-joint (excluding high-strength structural and aircraft types)"
2029075009,332720,1.0,NAICS_2012_Code,"Manufacturing of other metal bolts, including square, round, plow, high-strength structural, and bent bolts (excluding aircraft types)"
2029075012,332720,1.0,NAICS_2012_Code,"Manufacturing of cap, set, machine, lag, flange, and self-locking screws (excluding aircraft types)"
2029075015,332720,1.0,NAICS_2012_Code,"Manufacturing of tapping screws (including fillister, flat, hex, oval, pan, and truss) and wood screws (including flat, oval, and round) (excluding aircraft types)"
2029075018,332720,1.0,NAICS_2012_Code,"Manufacturing of other externally threaded metal fasteners, including studs (excluding aircraft types)"
2029100000,332720,1.0,NAICS_2012_Code,Manufacturing of internally threaded metal fasteners (excluding aircraft types)  
2029125000,332720,1.0,NAICS_2012_Code,"Manufacturing of products made by cold-, warm-, or hot-heading processes for machinery and transportation equipment manufacturing (excluding fasteners)"
2029125003,332720,1.0,NAICS_2012_Code,"Manufacturing of automotive parts (excluding fasteners) made by cold-, warm-, or hot-heading processes"
2029125006,332720,1.0,NAICS_2012_Code,"Manufacturing of aircraft parts (excluding fasteners) made by cold-, warm-, or hot-heading processes"
2029125009,332720,1.0,NAICS_2012_Code,"Manufacturing of turnbuckles and hose clamps (excluding fasteners) made by cold-, warm-, or hot-heading processes"
2029125012,332720,1.0,NAICS_2012_Code,"Manufacturing of other products made by cold-, warm-, or hot-heading processes for machinery and transportation equipment manufacturing (excluding fasteners) "
2029150000,332720,1.0,NAICS_2012_Code,"Manufacturing of rivets, washers, and other nonthreaded metal fasteners (excluding aircraft types)"
2029175000,326190,1.0,NAICS_2012_Code,Manufacturing of transportation fabricated plastics products (excluding foam and reinforced plastics)
2029175003,326190,1.0,NAICS_2012_Code,"Manufacturing of fabricated plastics components, housings, accessories, and parts for motor vehicles (excluding foam and reinforced plastics)"
2029175006,326190,1.0,NAICS_2012_Code,"Manufacturing of fabricated plastics components, housings, accessories, and parts for aircraft, space equipment and missiles (excluding foam and reinforced plastics)"
2029175009,326190,1.0,NAICS_2012_Code,"Manufacturing of fabricated plastics components, housings, accessories, and parts for other transportation equipment (excluding foam and reinforced plastics)"
2029200000,326190,1.0,NAICS_2012_Code,Manufacturing of transportation reinforced and fiberglass plastics products
2029225000,336310,1.0,NAICS_2007_Code,"Manufacturing of gasoline engines for motor vehicles, new"
2029250000,333618,1.0,NAICS_2012_Code,"Manufacturing of gasoline and gas-gasoline engines, excluding aircraft, automobile, highway truck, bus, tank, and outboard marine"
2029275000,333618,1.0,NAICS_2012_Code,"Manufacturing of diesel, semidiesel, and dual-fuel engines, excluding automobile, highway truck, bus, and tank"
2029300000,333618,1.0,NAICS_2012_Code,"Manufacturing of diesel, semidiesel, and dual-fuel engines for automobiles, highway trucks, and buses"
2029325000,333618,1.0,NAICS_2012_Code,"Manufacturing of piston-type natural gas engines, including liquified petroleum gas (LPG) engines, excluding gas turbines"
2029375000,333618,1.0,NAICS_2012_Code,"Manufacturing of all other miscellaneous engine equipment, including converted internal combustion engines and outboard motors"
2029400000,336412,1.0,NAICS_2012_Code,Manufacturing of military aircraft engines (including other aircraft engines built to military specifications)
2029425000,336412,1.0,NAICS_2012_Code,Manufacturing of civilian aircraft engines
2029450000,336412,1.0,NAICS_2012_Code,Manufacturing of parts and accessories for military aircraft engines
2029475000,336412,1.0,NAICS_2012_Code,Manufacturing of parts and accessories for civilian aircraft engines
2029500000,336413,1.0,NAICS_2012_Code,"Manufacturing of aircraft propellers and helicopter rotors, including blades and parts"
2029525000,33451A,1.0,NAICS_2012_Code,"Manufacturing of aircraft engine instruments, excluding flight"
2029525003,33451A,1.0,NAICS_2012_Code,"Manufacturing of aircraft engine temperature sensors, transmitters, and displays"
2029525006,33451A,1.0,NAICS_2012_Code,"Manufacturing of aircraft engine pressure ratio and vacuum sensors, transmitters, controls, and displays"
2029525009,33451A,1.0,NAICS_2012_Code,Manufacturing of all other aircraft engine instruments (excluding flight)
2029525012,33451A,1.0,NAICS_2012_Code,Manufacturing of parts and components for aircraft engine instruments
2029550000,336413,1.0,NAICS_2012_Code,Manufacturing of aircraft mechanical power transmission equipment for civilian and military aircraft
2029550003,336413,1.0,NAICS_2012_Code,Manufacturing of aircraft mechanical power transmission equipment for military aircraft (including other aircraft built to military specifications)
2029550006,336413,1.0,NAICS_2012_Code,Manufacturing of aircraft mechanical power transmission equipment for civilian aircraft
2029575000,336320,1.0,NAICS_2007_Code,Manufacturing of spark plugs (all types)
2029600000,336320,1.0,NAICS_2007_Code,"Manufacturing of vehicular lighting components, electric (including parts and accessories)"
2029600003,336320,1.0,NAICS_2007_Code,"Manufacturing of automobile and truck lighting components, headlights, including parts and accessories (excluding emergency vehicle lighting, parts, and accessories for autos and trucks)"
2029600006,336320,1.0,NAICS_2007_Code,"Manufacturing of emergency vehicle lighting, parts, and accessories (autos and trucks)"
2029600009,336320,1.0,NAICS_2007_Code,"Manufacturing of all other vehicular lighting components manufacturing (including aircraft, boat, ship, locomotive, and other types of vehicular lighting fixture manufacturing)"
2029625000,336320,1.0,NAICS_2007_Code,Manufacturing of ignition harness and cable sets
2029625003,336320,1.0,NAICS_2007_Code,Manufacturing of automotive-type ignition harness sets
2029625006,336320,1.0,NAICS_2007_Code,"Manufacturing of other ignition harness sets, including tractor, stationary engine, and aircraft"
2029650000,336320,1.0,NAICS_2007_Code,"Manufacturing of engine electrical cable sets, all types"
2029650003,336320,1.0,NAICS_2007_Code,Manufacturing of automotive-type engine electrical cable sets
2029650006,336320,1.0,NAICS_2007_Code,Manufacturing of aircraft and other type engine electrical cable sets
2029675000,335312,1.0,NAICS_2012_Code,Manufacturing of fractional horsepower motors (rated at less than 746 watts) (excluding hermetics)
2029700000,335312,1.0,NAICS_2012_Code,Manufacturing of integral horsepower motors and generators other than for land transportation equipment (rated at 746 watts or more) (excluding hermetics)
2029725000,336320,1.0,NAICS_2007_Code,"Manufacturing of battery charging alternators, generators, and regulators"
2029725003,336320,1.0,NAICS_2007_Code,Manufacturing of new automotive battery charging alternators and generators for internal combustion engines
2029725006,336320,1.0,NAICS_2007_Code,Manufacturing of all other new battery charging alternators and generators for internal combustion engines
2029725009,336320,1.0,NAICS_2007_Code,"Manufacturing of regulators for battery charging alternators and generators, new"
2029750000,336320,1.0,NAICS_2007_Code,Manufacturing of automotive and other new starting (engine cranking) motors
2029775000,336320,1.0,NAICS_2007_Code,Manufacturing of engine electrical ignition coils (all types)
2029800000,336320,1.0,NAICS_2007_Code,"Manufacturing of electronic systems for complete engine control, using computers or microprocessors"
2029825000,336320,1.0,NAICS_2007_Code,Manufacturing of all other complete engine electrical and electronic components
2029825003,336320,1.0,NAICS_2007_Code,Manufacturing of electrical distributors (all types)
2029825006,336320,1.0,NAICS_2007_Code,"Manufacturing of all other complete electrical and electronic components for internal combustion engines (including complete ignition apparatus, magnetos, magneto-dynamos, and magnetic flywheels)"
2029850000,33291A,1.0,NAICS_2012_Code,"Manufacturing of solenoid-operated valves and parts, excluding nuclear and fluid power transfer"
2029875000,336320,1.0,NAICS_2007_Code,"Manufacturing of armatures, field coils, and drive-end housings for cranking motors"
2029900000,336320,1.0,NAICS_2007_Code,Manufacturing of armatures and field coils for alternators and generators
2029925000,336320,1.0,NAICS_2007_Code,Manufacturing of ignition distributor heads and rotors
2029950000,336320,1.0,NAICS_2007_Code,Manufacturing of other parts for engine electrical and/or electronic equipment (including ignition distributor breaker point sets and condensers-capacitors)
2029975000,336320,1.0,NAICS_2007_Code,"Manufacturing of motor vehicle electrical and electronic components, new"
2029975003,336320,1.0,NAICS_2007_Code,"Manufacturing of motor vehicle cruise control units, new"
2029975006,336320,1.0,NAICS_2007_Code,"Manufacturing of motor vehicle permanent defrosters, new"
2029975009,336320,1.0,NAICS_2007_Code,"Manufacturing of motor vehicle wiring harness sets, excluding ignition, new"
2029975012,336320,1.0,NAICS_2007_Code,"Manufacturing of motor vehicle windshield washer-wiper mechanisms, including washer pumps, new"
2029975015,336320,1.0,NAICS_2007_Code,"Manufacturing of other motor vehicle heaters and other heater parts, new (including vehicle block and battery heaters)"
2029975018,336320,1.0,NAICS_2007_Code,Manufacturing of electronic control modular chips for motor vehicles
2030000000,334514,1.0,NAICS_2012_Code,Manufacturing of motor vehicle instruments
2030025000,336320,1.0,NAICS_2007_Code,"Manufacturing of motor vehicle instrument board assemblies and all other electrical and electronic components, new"
2030025003,336320,1.0,NAICS_2007_Code,"Manufacturing of motor vehicle instrument board assemblies, new"
2030025009,336320,1.0,NAICS_2007_Code,"Manufacturing of other motor vehicle electrical and electronic components (excluding engine electrical equipment), new"
2030035000,335312,1.0,NAICS_2012_Code,"Manufacturing of land transportation motors, generators, and control equipment (excluding parts)"
2030050000,335911,1.0,NAICS_2012_Code,"Manufacturing of storage batteries, lead-acid-type, BCI dimensional size group 8D (1.5 cu ft (.042 cu m) and smaller)"
2030075000,335911,1.0,NAICS_2012_Code,"Manufacturing of motive-power-type lead acid storage batteries, larger than BCI dimensional size group 8D (1.5 cu ft (.042 cu m)), including mining and industrial locomotive"
2030075003,335911,1.0,NAICS_2012_Code,"Manufacturing of motive-power-type lead acid storage batteries for industrial trucks, larger than BCI dimensional size group 8D (1.5 cu ft (.042 cu m) and smaller)"
2030075006,335911,1.0,NAICS_2012_Code,"Manufacturing of all other motive-power-type lead acid storage batteries, including mining and industrial locomotive, larger than BCI dimensional size group 8D (1.5 cu ft (.042 cu m) and smaller)"
2030100000,335911,1.0,NAICS_2012_Code,"Manufacturing of all other lead acid storage batteries, larger than BCI dimensional size group 8D (1.6 cu ft (.042 cu m)), including communication and standby emergency"
2030125000,335911,1.0,NAICS_2012_Code,Manufacturing of storage batteries (excluding lead acid)
2030150000,335911,1.0,NAICS_2012_Code,"Manufacturing of parts for all storage batteries, excluding cases and containers"
2030175000,326190,1.0,NAICS_2012_Code,"Manufacturing of industrial machinery plastics products, excluding foam (including gears, bearings, bushings, cams, and other components)"
2030200000,333612,1.0,NAICS_2012_Code,"Manufacturing of gears, pinions, racks, and worms"
2030225000,333612,1.0,NAICS_2012_Code,"Manufacturing of geared speed changers, industrial high-speed drives, gear motors, speed reducers, mechanical variable speed drives (gearboxes and allied products)"
2030250000,332991,1.0,NAICS_2012_Code,"Manufacturing of ball bearings, complete, unmounted"
2030250003,332991,1.0,NAICS_2012_Code,"Manufacturing of ball bearings, complete, unmounted, single-row conrad, miniature (below 9 mm OD), regular (ABEC 1 and 3)"
2030250006,332991,1.0,NAICS_2012_Code,"Manufacturing of ball bearings, complete, unmounted, single-row conrad, miniature (below 9 mm OD), precision (ABEC 5 and up)"
2030250009,332991,1.0,NAICS_2012_Code,"Manufacturing of ball bearings, complete, unmounted, single-row conrad, other regular (ABEC 1 and 3), 9 mm OD through 30 mm OD"
2030250012,332991,1.0,NAICS_2012_Code,"Manufacturing of ball bearings, complete, unmounted, single-row conrad, other regular (ABEC 1 and 3), over 30 mm OD through 52 mm OD"
2030250015,332991,1.0,NAICS_2012_Code,"Manufacturing of ball bearings, complete, unmounted, single-row conrad, other regular (ABEC 1 and 3), over 52 mm OD through 100 mm OD"
2030250018,332991,1.0,NAICS_2012_Code,"Manufacturing of ball bearings, complete, unmounted, single-row conrad, other regular (ABEC 1 and 3), over 100 mm OD"
2030250021,332991,1.0,NAICS_2012_Code,"Manufacturing of ball bearings, complete, unmounted, single-row conrad, other precision (ABEC 5 and up), 9 mm OD through 30 mm OD"
2030250024,332991,1.0,NAICS_2012_Code,"Manufacturing of ball bearings, complete, unmounted, single-row conrad, other precision (ABEC 5 and up), over 30 mm OD through 52 mm OD"
2030250027,332991,1.0,NAICS_2012_Code,"Manufacturing of ball bearings, complete, unmounted, single-row conrad, other precision (ABEC 5 and up), over 52 mm OD through 100 mm OD"
2030250031,332991,1.0,NAICS_2012_Code,"Manufacturing of ball bearings, complete, unmounted, single-row conrad, other precision (ABEC 5 and up), over 100 mm OD"
2030250033,332991,1.0,NAICS_2012_Code,"Manufacturing of ball bearings, complete, unmounted, single-row maximum-capacity-type"
2030250036,332991,1.0,NAICS_2012_Code,"Manufacturing of ball bearings, complete, unmounted, integral shaft and integral spindle ball bearings"
2030250039,332991,1.0,NAICS_2012_Code,"Manufacturing of ball bearings, complete, unmounted, angular contact, regular"
2030250042,332991,1.0,NAICS_2012_Code,"Manufacturing of ball bearings, complete, unmounted, double-row"
2030250045,332991,1.0,NAICS_2012_Code,"Manufacturing of ball bearings, complete, unmounted, angular contact, precision"
2030250048,332991,1.0,NAICS_2012_Code,"Manufacturing of all other ground or precision bearings (ABEC 1 and up), complete, unmounted"
2030250051,332991,1.0,NAICS_2012_Code,"Manufacturing of ground bearings of less than ABEC 1 precision, complete, unmounted"
2030250054,332991,1.0,NAICS_2012_Code,"Manufacturing of ball bearings, complete, unmounted, unground (less than ABEC 1)"
2030250057,332991,1.0,NAICS_2012_Code,"Manufacturing of thrust ball bearings, ground"
2030250061,332991,1.0,NAICS_2012_Code,"Manufacturing of thrust ball bearings, unground"
2030250063,332991,1.0,NAICS_2012_Code,Manufacturing of other ball bearings
2030275000,332991,1.0,NAICS_2012_Code,"Manufacturing of tapered roller bearings (including cups and cones), unmounted"
2030275003,332991,1.0,NAICS_2012_Code,"Manufacturing of tapered roller bearings, unmounted, cup and cone assemblies shipped as a set"
2030275006,332991,1.0,NAICS_2012_Code,"Manufacturing of tapered roller bearings, unmounted, cups shipped separately"
2030275009,332991,1.0,NAICS_2012_Code,"Manufacturing of tapered roller bearings, unmounted, cone assemblies shipped separately"
2030300000,332991,1.0,NAICS_2012_Code,"Manufacturing of other roller bearings, unmounted"
2030300003,332991,1.0,NAICS_2012_Code,"Manufacturing of cylindrical roller bearings, regular (ABEC 1 and 3)"
2030300006,332991,1.0,NAICS_2012_Code,"Manufacturing of cylindrical roller bearings, precision (ABEC 5 and up)"
2030300009,332991,1.0,NAICS_2012_Code,"Manufacturing of spherical roller bearings, including hourglass and barrel, single-row"
2030300012,332991,1.0,NAICS_2012_Code,"Manufacturing of spherical roller bearings, including hourglass and barrel, double-row"
2030300015,332991,1.0,NAICS_2012_Code,Manufacturing of needle roller bearings
2030300018,332991,1.0,NAICS_2012_Code,Manufacturing of other roller bearings
2030325000,332991,1.0,NAICS_2012_Code,Manufacturing of mounted bearings (excluding plain)
2030325003,332991,1.0,NAICS_2012_Code,"Manufacturing of ball bearings, unit and/or split mounted"
2030325006,332991,1.0,NAICS_2012_Code,"Manufacturing of mounted bearings, roller, unit-mounted"
2030325009,332991,1.0,NAICS_2012_Code,"Manufacturing of mounted bearings, roller, split-mounted"
2030375000,333613,1.0,NAICS_2012_Code,Manufacturing of plain bearings and bushings (excluding engines)
2030400000,333613,1.0,NAICS_2012_Code,"Manufacturing of mechanical power transmission equipment, excluding speed changers, drives, gears, and bearings"
2030400003,333613,1.0,NAICS_2012_Code,"Manufacturing of clutches, brakes, couplings, shafts, ball joints, sprockets, and sheaves"
2030400006,333613,1.0,NAICS_2012_Code,Manufacturing of marine propulsion gear transmissions and drives
2030425000,336350,1.0,NAICS_2012_Code,"Manufacturing of car and light truck transmissions (excluding auxiliary and parts), new"
2030450000,336350,1.0,NAICS_2012_Code,"Manufacturing of heavy truck and bus transmissions (excluding auxiliary and parts), new"
2030475000,336350,1.0,NAICS_2012_Code,"Manufacturing of motor vehicle axles, new"
2030525000,33291A,1.0,NAICS_2012_Code,Manufacturing of nonaerospace-type hydraulic directional control valves
2030525003,33291A,1.0,NAICS_2012_Code,"Manufacturing of nonaerospace-type hydraulic directional control valves, manual, 3- & 4-way monoblock"
2030525006,33291A,1.0,NAICS_2012_Code,"Manufacturing of nonaerospace-type hydraulic directional control valves, manual, 3- & 4-way sectional"
2030525009,33291A,1.0,NAICS_2012_Code,"Manufacturing of nonaerospace-type hydraulic directional control valves, other manual"
2030525012,33291A,1.0,NAICS_2012_Code,"Manufacturing of nonaerospace-type hydraulic directional control valves, solenoid, 2-way types"
2030525015,33291A,1.0,NAICS_2012_Code,"Manufacturing of nonaerospace-type hydraulic directional control valves, solenoid, 3- & 4-way types"
2030525018,33291A,1.0,NAICS_2012_Code,"Manufacturing of nonaerospace-type hydraulic directional control valves, other"
2030550000,33291A,1.0,NAICS_2012_Code,"Manufacturing of nonaerospace-type hydraulic valves, excluding directional control"
2030550003,33291A,1.0,NAICS_2012_Code,"Manufacturing of nonaerospace-type hydraulic, pressure control, relief valves"
2030550006,33291A,1.0,NAICS_2012_Code,"Manufacturing of nonaerospace-type hydraulic, pressure control, other, including sensing and manual types"
2030550009,33291A,1.0,NAICS_2012_Code,"Manufacturing of nonaerospace-type hydraulic, flow control, manual types"
2030550012,33291A,1.0,NAICS_2012_Code,"Manufacturing of nonaerospace-type hydraulic, flow control, other flow control types"
2030550015,33291A,1.0,NAICS_2012_Code,"Manufacturing of nonaerospace-type hydraulic, cartridge valves (excluding directional control)"
2030550018,33291A,1.0,NAICS_2012_Code,"Manufacturing of nonaerospace-type electrohydraulic valves, pilot operated, torque motor servovalves"
2030550021,33291A,1.0,NAICS_2012_Code,"Manufacturing of nonaerospace-type electrohydraulic valves, other types, including proportional"
2030550024,33291A,1.0,NAICS_2012_Code,"Manufacturing of other nonaerospace-type hydraulic valves, including stack and logic"
2030575000,33291A,1.0,NAICS_2012_Code,Manufacturing of nonaerospace-type pneumatic directional control valves
2030575003,33291A,1.0,NAICS_2012_Code,"Manufacturing of nonaerospace-type pneumatic directional control valves, manual"
2030575006,33291A,1.0,NAICS_2012_Code,"Manufacturing of nonaerospace-type pneumatic directional control valves, solenoid, under 1/8"" port diameter"
2030575009,33291A,1.0,NAICS_2012_Code,"Manufacturing of nonaerospace-type pneumatic directional control valves, solenoid, 1/8"" up to and including 1/4"" port diameter, 3-way types"
2030575012,33291A,1.0,NAICS_2012_Code,"Manufacturing of nonaerospace-type pneumatic directional control valves, solenoid, 1/8"" up to and including 1/4"" port diameter, 4-way types"
2030575015,33291A,1.0,NAICS_2012_Code,"Manufacturing of nonaerospace-type pneumatic directional control valves, solenoid, over 1/4"" port diameter, 3-way types"
2030575018,33291A,1.0,NAICS_2012_Code,"Manufacturing of nonaerospace-type pneumatic directional control valves, solenoid, over 1/4"" port diameter, 4-way types"
2030575021,33291A,1.0,NAICS_2012_Code,"Manufacturing of nonaerospace-type pneumatic directional control valves, all other solenoid"
2030575024,33291A,1.0,NAICS_2012_Code,"Manufacturing of nonaerospace-type pneumatic directional control valves, mechanical, remote pilot and all other types"
2030600000,33291A,1.0,NAICS_2012_Code,"Manufacturing of nonaerospace-type pneumatic valves, excluding directional control"
2030600003,33291A,1.0,NAICS_2012_Code,"Manufacturing of nonaerospace-type pneumatic valves, filter-regulatory combination units, integral types"
2030600006,33291A,1.0,NAICS_2012_Code,"Manufacturing of nonaerospace-type pneumatic valves, other FRs and filter-regulator-lubricator combo units"
2030600009,33291A,1.0,NAICS_2012_Code,"Manufacturing of nonaerospace-type pneumatic valves, regulators"
2030600012,33291A,1.0,NAICS_2012_Code,Manufacturing of nonaerospace-type pneumatic flow control valves
2030600015,33291A,1.0,NAICS_2012_Code,Manufacturing of nonaerospace-type pneumatic valves for non-motion control applications
2030600018,33291A,1.0,NAICS_2012_Code,"Manufacturing of nonaerospace-type pneumatic valves, check, shuttle, exhaust, needle, and all other types"
2030625000,33291A,1.0,NAICS_2012_Code,Manufacturing of parts for fluid power valves
2030625003,33291A,1.0,NAICS_2012_Code,"Manufacturing of parts for nonaerospace fluid power, hydraulic and pneumatic valves"
2030625006,33291A,1.0,NAICS_2012_Code,"Manufacturing of parts for aerospace fluid power, hydraulic and pneumatic valves"
2030650000,33291A,1.0,NAICS_2012_Code,"Manufacturing of nonaerospace-type flared (metal) fittings, couplings, and assemblies of tubing used in fluid power transfer systems"
2030650003,33291A,1.0,NAICS_2012_Code,"Manufacturing of nonaerospace-type flared fittings, brass and bronze (SAE 45 degrees and 37 degrees) used in fluid power transfer systems"
2030650006,33291A,1.0,NAICS_2012_Code,"Manufacturing of nonaerospace-type flared fittings, carbon steel (JIC 37 degrees) used in fluid power transfer systems"
2030650009,33291A,1.0,NAICS_2012_Code,"Manufacturing of nonaerospace-type flared fittings, other, including alloy steel used in fluid power transfer systems"
2030650012,33291A,1.0,NAICS_2012_Code,Manufacturing of nonaerospace-type assemblies of tubing used in fluid power transfer systems
2030650015,33291A,1.0,NAICS_2012_Code,Manufacturing of nonaerospace-type assemblies of tubing and hose used in fluid power transfer systems
2030675000,33291A,1.0,NAICS_2012_Code,"Manufacturing of nonaerospace-type flareless fittings and couplings, including nonmetal fittings, used in fluid power transfer systems"
2030675003,33291A,1.0,NAICS_2012_Code,"Manufacturing of nonaerospace-type, brass and bronze, flareless fittings and couplings used in fluid power transfer systems"
2030675006,33291A,1.0,NAICS_2012_Code,"Manufacturing of nonaerospace-type, carbon steel, flareless fittings and couplings used in fluid power transfer systems"
2030675009,33291A,1.0,NAICS_2012_Code,"Manufacturing of nonaerospace-type, stainless steel, flareless fittings and couplings used in fluid power transfer systems"
2030675012,33291A,1.0,NAICS_2012_Code,"Manufacturing of nonaerospace-type flareless fittings used in fluid power transfer systems, other, including alloy steel"
2030675015,33291A,1.0,NAICS_2012_Code,"Manufacturing of nonaerospace-type nonmetal flareless fittings, including plastic, used in fluid power transfer systems"
2030700000,33291A,1.0,NAICS_2012_Code,Manufacturing of nonaerospace-type hydraulic and pneumatic fittings and couplings for hose
2030700003,33291A,1.0,NAICS_2012_Code,Manufacturing of nonaerospace-type hydraulic and pneumatic permanent hose end fittings (crimped and swaged)
2030700006,33291A,1.0,NAICS_2012_Code,Manufacturing of nonaerospace-type hydraulic and pneumatic reusable end fittings
2030700009,33291A,1.0,NAICS_2012_Code,Manufacturing of nonaerospace-type hydraulic quick connect and disconnect couplings
2030700012,33291A,1.0,NAICS_2012_Code,Manufacturing of nonaerospace-type pneumatic quick connect and disconnect couplings
2030700015,33291A,1.0,NAICS_2012_Code,Manufacturing of nonaerospace-type hydraulic and pneumatic manifolds and manifold assemblies for fluid power systems
2030700018,33291A,1.0,NAICS_2012_Code,"Manufacturing of nonaerospace-type hydraulic and pneumatic fittings and couplings for hose, and manifold, all other, including steel adaptor, swivel, rotating, and extension fittings"
2030725000,33291A,1.0,NAICS_2012_Code,Manufacturing of nonaerospace-type hydraulic and pneumatic assemblies of hose
2030725003,33291A,1.0,NAICS_2012_Code,"Manufacturing of nonaerospace-type hydraulic and pneumatic hose, assemblies with permanent end fittings"
2030725006,33291A,1.0,NAICS_2012_Code,"Manufacturing of nonaerospace-type hydraulic and pneumatic hose, assemblies with reusable fittings"
2030725009,33291A,1.0,NAICS_2012_Code,Manufacturing of nonaerospace-type hydraulic and pneumatic bulk hose
2030750000,33399B,1.0,NAICS_2012_Code,"Manufacturing of nonaerospace-type hydraulic fluid power cylinders and actuators, linear and rotary"
2030750003,33399B,1.0,NAICS_2012_Code,"Manufacturing of nonaerospace-type hydraulic fluid power cylinders, excluding electrohydraulic tie-rod types, standard NFPA and JIC, less than 1500 psi"
2030750006,33399B,1.0,NAICS_2012_Code,"Manufacturing of nonaerospace-type hydraulic fluid power cylinders, excluding electrohydraulic tie-rod types, standard NFPA and JIC, 1500 to 3000 psi"
2030750009,33399B,1.0,NAICS_2012_Code,"Manufacturing of nonaerospace-type hydraulic fluid power cylinders, excluding electrohydraulic tie-rod types, standard NFPA and JIC, greater than 3000 psi"
2030750012,33399B,1.0,NAICS_2012_Code,"Manufacturing of nonaerospace-type hydraulic fluid power cylinders, excluding electrohydraulic tie-rod types,  other"
2030750015,33399B,1.0,NAICS_2012_Code,"Manufacturing of nonaerospace-type hydraulic fluid power cylinders and actuators, linear and rotary, threaded/weld fused combination"
2030750018,33399B,1.0,NAICS_2012_Code,"Manufacturing of nonaerospace-type hydraulic fluid power cylinders and actuators, linear and rotary, telescoping"
2030750021,33399B,1.0,NAICS_2012_Code,"Manufacturing of nonaerospace-type hydraulic fluid power cylinders and actuators, linear and rotary,  mill-type"
2030750024,33399B,1.0,NAICS_2012_Code,"Manufacturing of nonaerospace-type hydraulic fluid power cylinders and actuators, linear and rotary, other, including those threaded at both ends"
2030750027,33399B,1.0,NAICS_2012_Code,"Manufacturing of nonaerospace-type hydraulic fluid power cylinders and actuators, linear and rotary, electrohydraulic types"
2030750031,33399B,1.0,NAICS_2012_Code,Manufacturing of nonaerospace-type hydraulic fluid power rotary actuators
2030775000,33399B,1.0,NAICS_2012_Code,"Manufacturing of nonaerospace-type pneumatic fluid power cylinders and actuators, linear and rotary"
2030775003,33399B,1.0,NAICS_2012_Code,"Manufacturing of nonaerospace-type NFPA interchangeable cylinders, steel"
2030775006,33399B,1.0,NAICS_2012_Code,"Manufacturing of nonaerospace-type NFPA interchangeable cylinders, aluminum, less than 1 1/2"" bore size"
2030775009,33399B,1.0,NAICS_2012_Code,"Manufacturing of nonaerospace-type NFPA interchangeable cylinders, aluminum, 1 1/2"" bore size and over"
2030775012,33399B,1.0,NAICS_2012_Code,Manufacturing of nonaerospace-type rodless cylinders
2030775015,33399B,1.0,NAICS_2012_Code,"Manufacturing of other nonaerospace-type pneumatic cylinders, less than 1 1/2"" bore size"
2030775018,33399B,1.0,NAICS_2012_Code,"Manufacturing of other nonaerospace-type pneumatic cylinders, 1 1/2"" bore size and over"
2030775021,33399B,1.0,NAICS_2012_Code,Manufacturing of nonaerospace-type pneumatic rotary actuators
2030800000,33399B,1.0,NAICS_2012_Code,"Manufacturing of parts for aerospace- and nonaerospace-type hydraulic and pneumatic fluid power cylinders and actuators, including accumulators, cushions, etc."
2030800003,33399B,1.0,NAICS_2012_Code,"Manufacturing of parts for aerospace- and nonaerospace-type hydraulic and pneumatic fluid power cylinders and actuators, accumulators (bladder, piston, and other types)"
2030800006,33399B,1.0,NAICS_2012_Code,"Manufacturing of parts for aerospace- and nonaerospace-type hydraulic and pneumatic fluid power cylinders and actuators, shock absorbers, not for vehicle suspension, and cushions (hydraulic and pneumatic)"
2030800009,33399B,1.0,NAICS_2012_Code,"Manufacturing of parts for aerospace- and nonaerospace-type hydraulic and pneumatic fluid power cylinders and actuators; reservoirs, intensifiers, and other devices for fluid energy absorption and/or storage"
2030800012,33399B,1.0,NAICS_2012_Code,"Manufacturing of parts for nonaerospace-type hydraulic and pneumatic cylinders, actuators, accumulators, cushions, and nonvehicular shock absorbers"
2030800015,33399B,1.0,NAICS_2012_Code,"Manufacturing of parts for aerospace-type hydraulic and pneumatic cylinders, actuators, accumulators, cushions, and related items"
2030825000,33399B,1.0,NAICS_2012_Code,Manufacturing of nonaerospace-type reciprocating fluid power pumps
2030825003,33399B,1.0,NAICS_2012_Code,"Manufacturing of nonaerospace-type reciprocating fluid power pumps, closed loop variable displacement axial piston"
2030825006,33399B,1.0,NAICS_2012_Code,"Manufacturing of nonaerospace-type reciprocating fluid power pumps, open loop variable displacement axial piston"
2030825009,33399B,1.0,NAICS_2012_Code,"Manufacturing of nonaerospace-type reciprocating fluid power pumps, fixed displacement axial piston"
2030825012,33399B,1.0,NAICS_2012_Code,"Manufacturing of nonaerospace-type reciprocating fluid power pumps, radial piston"
2030850000,33399B,1.0,NAICS_2012_Code,Manufacturing of nonaerospace-type rotary and other fluid power pumps
2030850003,33399B,1.0,NAICS_2012_Code,"Manufacturing of nonaerospace-type rotary and other fluid power pumps, internal gear, including gerotors"
2030850006,33399B,1.0,NAICS_2012_Code,"Manufacturing of nonaerospace-type rotary and other fluid power pumps, external gear"
2030850009,33399B,1.0,NAICS_2012_Code,"Manufacturing of nonaerospace-type rotary and other fluid power pumps, fixed and variable displacement vanes"
2030875000,33399B,1.0,NAICS_2012_Code,Manufacturing of nonaerospace-type fluid power motors
2030875003,33399B,1.0,NAICS_2012_Code,"Manufacturing of nonaerospace-type fluid power motors, pneumatic (air)"
2030875006,33399B,1.0,NAICS_2012_Code,"Manufacturing of nonaerospace-type fluid power hydraulic motors, internal, excluding gerotor gear types"
2030875009,33399B,1.0,NAICS_2012_Code,"Manufacturing of nonaerospace-type fluid power hydraulic motors, gerotor gear-types"
2030875012,33399B,1.0,NAICS_2012_Code,"Manufacturing of nonaerospace-type fluid power hydraulic motors, external gear"
2030875015,33399B,1.0,NAICS_2012_Code,"Manufacturing of nonaerospace-type fluid power motors, vane types, fixed and variable"
2030875018,33399B,1.0,NAICS_2012_Code,"Manufacturing of nonaerospace-type fluid power motors, radial piston types, fixed and variable"
2030875021,33399B,1.0,NAICS_2012_Code,"Manufacturing of nonaerospace-type fluid power motors, fixed axial piston displacement"
2030875024,33399B,1.0,NAICS_2012_Code,"Manufacturing of nonaerospace-type fluid power motors, variable axial piston displacement"
2030875027,33399B,1.0,NAICS_2012_Code,"Manufacturing of nonaerospace-type fluid power motors, prime movers with or without pumps"
2030900000,33399B,1.0,NAICS_2012_Code,"Manufacturing of parts for fluid power pumps, motors, and hydrostatic transmissions"
2030900003,33399B,1.0,NAICS_2012_Code,"Manufacturing of parts for nonaerospace-type, hydraulic fluid power pumps, motors, and hydrostatic transmissions"
2030900006,33399B,1.0,NAICS_2012_Code,"Manufacturing of parts for aerospace-type, hydraulic fluid power pumps, motors, and hydrostatic transmissions"
2030900009,33399B,1.0,NAICS_2012_Code,"Manufacturing of parts for nonaerospace-type, pneumatic fluid power pumps, motors, and hydrostatic transmissions"
2030900012,33399B,1.0,NAICS_2012_Code,"Manufacturing of parts for aerospace-type, pneumatic fluid power pumps, motors, and hydrostatic transmissions"
2030925000,33291A,1.0,NAICS_2012_Code,Manufacturing of aerospace-type hydraulic fluid power valves
2030925003,33291A,1.0,NAICS_2012_Code,"Manufacturing of aerospace-type hydraulic fluid power 2-, 3-, and 4-way directional control valves, manually or mechanically operated"
2030925006,33291A,1.0,NAICS_2012_Code,"Manufacturing of aerospace-type hydraulic fluid power 2-, 3-, and 4-way directional control valves, solenoid operated"
2030925009,33291A,1.0,NAICS_2012_Code,"Manufacturing of aerospace-type hydraulic fluid power 2-, 3-, and 4-way directional control valves, motor operated"
2030925012,33291A,1.0,NAICS_2012_Code,"Manufacturing of aerospace-type hydraulic fluid power 2-, 3-, and 4-way directional control valves, electrohydraulic servovalves"
2030925015,33291A,1.0,NAICS_2012_Code,"Manufacturing of flow, pressure, and other types of aerospace-type fluid power hydraulic valves"
2030950000,33291A,1.0,NAICS_2012_Code,Manufacturing of aerospace-type pneumatic fluid power valves
2030975000,33291A,1.0,NAICS_2012_Code,Manufacturing of aerospace-type hydraulic and pneumatic fluid power hose or tube end fittings and assemblies
2030975003,33291A,1.0,NAICS_2012_Code,Manufacturing of aerospace-type hydraulic and pneumatic assemblies of hose and/or tubing
2030975006,33291A,1.0,NAICS_2012_Code,"Manufacturing of aerospace-type hydraulic and pneumatic hose and/or tube fittings, all types"
2030975009,33291A,1.0,NAICS_2012_Code,Manufacturing of manifolds for aerospace hydraulic systems
2031000000,33399B,1.0,NAICS_2012_Code,Manufacturing of aerospace-type fluid power pumps and motors
2031000003,33399B,1.0,NAICS_2012_Code,"Manufacturing of aerospace-type fluid power hydraulic pumps, fixed and variable displacement types"
2031000006,33399B,1.0,NAICS_2012_Code,"Manufacturing of aerospace-type fluid power hydraulic pump/electric motor assemblies, fixed and variable displacement types"
2031000009,33399B,1.0,NAICS_2012_Code,Manufacturing of other aerospace-type fluid power pump packages
2031000012,33399B,1.0,NAICS_2012_Code,"Manufacturing of aerospace-type fluid power motors, all kinds"
2031025000,33399B,1.0,NAICS_2012_Code,"Manufacturing of aerospace-type fluid power cylinders and actuators, hydraulic and pneumatic"
2031025003,33399B,1.0,NAICS_2012_Code,"Manufacturing of aerospace-type fluid power cylinders and actuators, hydraulic servo-actuator assemblies (linear and rotary), mechanical input"
2031025006,33399B,1.0,NAICS_2012_Code,"Manufacturing of aerospace-type fluid power cylinders and actuators, hydraulic servo-actuator assemblies (linear and rotary), electrical input"
2031025009,33399B,1.0,NAICS_2012_Code,"Manufacturing of aerospace-type fluid power cylinders and actuators, hydraulic servo-actuator assemblies (linear and rotary), combination input"
2031025012,33399B,1.0,NAICS_2012_Code,"Manufacturing of aerospace-type fluid power cylinders and actuators, hydraulic utilities actuators, linear actuators (cylinders)"
2031025015,33399B,1.0,NAICS_2012_Code,"Manufacturing of aerospace-type fluid power cylinders and actuators, hydraulic utilities actuators, rotary actuators (limited rotation)"
2031025018,33399B,1.0,NAICS_2012_Code,"Manufacturing of aerospace-type fluid power cylinders and actuators, shock absorbers, snubbers, and cushions (all types), excluding oleo strut assemblies"
2031025021,33399B,1.0,NAICS_2012_Code,Manufacturing of aerospace-type fluid power pneumatic actuators (linear and rotary)
2031025024,33399B,1.0,NAICS_2012_Code,"Manufacturing of aerospace-type fluid power cylinders and actuators, accumulators (bladder, piston, and other types)"
2031025027,33399B,1.0,NAICS_2012_Code,"Manufacturing of aerospace-type fluid power cylinders and actuators, reservoirs, intensifiers, and other devices for fluid energy absorption and/or storage"
2031025031,33399B,1.0,NAICS_2012_Code,"Manufacturing of other aerospace-type fluid power cylinders, rotary actuators, cushions and related items"
2031050000,33399A,1.0,NAICS_2012_Code,"Manufacturing of filter and strainer assemblies and reusable media for filters and strainers, excluding fluid power"
2031050003,33399A,1.0,NAICS_2012_Code,"Manufacturing of filter and strainer assemblies (containment or housing devices), with or without filter element installed, for water, excluding parts and accessories and fluid power"
2031050006,33399A,1.0,NAICS_2012_Code,"Manufacturing of filter and strainer assemblies (containment or housing devices), with or without filter element installed, for fluids other than water, excluding parts and accessories and fluid power"
2031050009,33399A,1.0,NAICS_2012_Code,"Manufacturing of reusable (cleanable) media for filters and strainers, excluding for fluid power"
2031075000,33399A,1.0,NAICS_2012_Code,"Manufacturing of nonreusable media for filters and strainers, including disposable (throwaway) litter cartridges, excluding for fluid power"
2031100000,33399A,1.0,NAICS_2012_Code,"Manufacturing of parts and accessories for filters and strainers, excluding for fluid power systems"
2031125000,33399A,1.0,NAICS_2012_Code,"Manufacturing of filters for hydraulic fluid power systems, nonaerospace"
2031125003,33399A,1.0,NAICS_2012_Code,"Manufacturing of hydraulic fluid filter assemblies, with or without filter element installed, low pressure (below 301 psi), nonaerospace"
2031125006,33399A,1.0,NAICS_2012_Code,"Manufacturing of hydraulic fluid filter assemblies, with or without filter element installed, medium pressure (301 to 2,999 psi), nonaerospace"
2031125009,33399A,1.0,NAICS_2012_Code,"Manufacturing of hydraulic fluid filter assemblies, with or without filter element installed, high pressure (3,000 psi and above), nonaerospace"
2031125012,33399A,1.0,NAICS_2012_Code,"Manufacturing of filter replacement elements, reusable (cleanable)-type, nonaerospace"
2031125015,33399A,1.0,NAICS_2012_Code,"Manufacturing of filter replacement elements, nonreusable-type, nonaerospace"
2031125018,33399A,1.0,NAICS_2012_Code,"Manufacturing of filter replacement elements, strainers and separators, filter parts, and accessories, nonaerospace"
2031150000,33399A,1.0,NAICS_2012_Code,"Manufacturing of filters for pneumatic fluid power systems, nonaerospace"
2031150003,33399A,1.0,NAICS_2012_Code,"Manufacturing of air supply filter assemblies and filter replacement elements (excluding FR or FRL combination units), coalescing types, nonaerospace"
2031150006,33399A,1.0,NAICS_2012_Code,"Manufacturing of air supply filter assemblies and filter replacement elements (excluding FR or FRL combination units), other types, nonaerospace"
2031150009,33399A,1.0,NAICS_2012_Code,"Manufacturing of air supply filter assembly and filter replacing elements (excluding FR or FRL combination units), air exhaust mufflers, diffusers, and filter parts, nonaerospace"
2031175000,33399A,1.0,NAICS_2012_Code,"Manufacturing of filters for hydraulic and pneumatic fluid power systems, aerospace"
2031175003,33399A,1.0,NAICS_2012_Code,"Manufacturing of filters for hydraulic and pneumatic fluid power systems, aerospace, hydraulic types"
2031175006,33399A,1.0,NAICS_2012_Code,"Manufacturing of filters for hydraulic and pneumatic fluid power systems, aerospace, pneumatic types"
2031200000,336390,1.0,NAICS_2007_Code,"Manufacturing of filters for internal combustion engines and motor vehicles, new"
2031200003,336390,1.0,NAICS_2007_Code,"Manufacturing of oil filters for internal combustion engines and motor vehicles, new, light-duty (car and light truck)"
2031200006,336390,1.0,NAICS_2007_Code,"Manufacturing of oil filters for internal combustion engines and motor vehicles, new, heavy-duty"
2031200009,336390,1.0,NAICS_2007_Code,"Manufacturing of fuel filters for internal combustion engines and motor vehicles, new, light-duty (car and light truck)"
2031200012,336390,1.0,NAICS_2007_Code,"Manufacturing of fuel filters for internal combustion engines and motor vehicles, new, heavy-duty"
2031200015,336390,1.0,NAICS_2007_Code,"Manufacturing of air filters for internal combustion engines and motor vehicles, new, light-duty (car and light truck)"
2031200018,336390,1.0,NAICS_2007_Code,"Manufacturing of air filters for internal combustion engines and motor vehicles, new, heavy-duty"
2031200021,336390,1.0,NAICS_2007_Code,"Manufacturing of other filters for internal combustion engines and motor vehicles (including coolant and hydraulic), new, light- (car and light truck) and heavy-duty"
2031225000,326290,1.0,NAICS_2012_Code,"Manufacturing of molded rubber mechanical goods, automotive"
2031250000,326290,1.0,NAICS_2012_Code,"Manufacturing of molded rubber mechanical goods, transportation (excluding automotive) and off-highway machinery and equipment"
2031275000,326290,1.0,NAICS_2012_Code,"Manufacturing of extruded rubber mechanical goods, automotive, excluding tubing"
2031300000,326290,1.0,NAICS_2012_Code,Manufacturing of lathe-cut rubber mechanical goods
2031300003,326290,1.0,NAICS_2012_Code,"Manufacturing of lathe-cut rubber mechanical goods, automotive and transportation (including on- and off-road, and gasoline and diesel equipment)"
2031300006,326290,1.0,NAICS_2012_Code,Manufacturing of other lathe-cut rubber mechanical goods (excluding automotive and transportation)
2031325000,326290,1.0,NAICS_2012_Code,"Manufacturing of other molded rubber mechanical goods (excluding tubing, transportation, and off-highway machinery and equipment)"
2031350000,326290,1.0,NAICS_2012_Code,Manufacturing of other extruded rubber mechanical goods (excluding automotive) (excluding tubing)
2031375000,326290,1.0,NAICS_2012_Code,"Manufacturing of hard rubber battery jars, boxes, and parts and other hard rubber mechanical goods"
2031400000,339990,1.0,NAICS_2012_Code,"Manufacturing of packing, compression-type"
2031425000,339990,1.0,NAICS_2012_Code,"Manufacturing of gaskets and gasketing, nonmetallic"
2031450000,339990,1.0,NAICS_2012_Code,"Manufacturing of packing and seals, molded"
2031475000,339990,1.0,NAICS_2012_Code,"Manufacturing of gaskets and seals, metallic and machined"
2031500000,339990,1.0,NAICS_2012_Code,"Manufacturing of seals, axial, mechanical face, including parts"
2031525000,339990,1.0,NAICS_2012_Code,"Manufacturing of seals, rotary oil"
2031550000,326220,1.0,NAICS_2012_Code,Manufacturing of flat rubber and plastics belts and belting
2031575000,326220,1.0,NAICS_2012_Code,"Manufacturing of motor vehicle rubber and plastics transmission belts and belting, excluding flat"
2031600000,326220,1.0,NAICS_2012_Code,"Manufacturing of all other rubber and plastics belts and belting, excluding flat"
2031625000,326220,1.0,NAICS_2012_Code,Manufacturing of hose for on- and off-highway motor vehicles (made of rubber and other materials) (including plastics and nylon)
2031650000,332600,1.0,NAICS_2007_Code,"Manufacturing of hot formed, hot wound, and helical automobile coil steel springs, excluding wire"
2031650003,332600,1.0,NAICS_2007_Code,"Manufacturing of hot formed, hot wound, and helical automobile coil steel springs for domestic replacement and shipments for export"
2031650006,332600,1.0,NAICS_2007_Code,"Manufacturing of hot formed, hot wound, and helical automobile coil steel springs for shipment to U.S. motor vehicle manufacturers or their suppliers for use in original equipment"
2031675000,332600,1.0,NAICS_2007_Code,"Manufacturing of hot formed automotive, truck, bus, trailer, etc., leaf steel springs"
2031675003,332600,1.0,NAICS_2007_Code,"Manufacturing of hot formed automotive, truck, bus, trailer, etc., leaf steel springs for domestic replacement and shipments for export"
2031675006,332600,1.0,NAICS_2007_Code,"Manufacturing of hot formed automotive, truck, bus, trailer, etc., leaf steel springs for shipment to U.S. motor vehicle manufacturers or their suppliers for use in original equipment"
2031700000,332600,1.0,NAICS_2007_Code,"Manufacturing of other hot formed, hot wound, and helical steel springs"
2031700003,332600,1.0,NAICS_2007_Code,"Manufacturing of hot formed and hot wound locomotive, railroad car, and other helical steel springs"
2031700006,332600,1.0,NAICS_2007_Code,"Manufacturing of other hot formed steel springs, including torsion bar springs and leaf springs for tractors, farm equipment, locomotives, etc."
2031725000,332600,1.0,NAICS_2007_Code,"Manufacturing of cold formed steel springs, flat and helical suspension (excluding wire)"
2031750000,332999,1.0,NAICS_2012_Code,"Manufacturing of stamped metal wheels for golf carts, lawn mowers, etc. (disc-type)"
2031775000,336390,1.0,NAICS_2007_Code,"Manufacturing of motor vehicle wheels, new"
2031775003,336390,1.0,NAICS_2007_Code,"Manufacturing of car and light truck wheels, including combination, new"
2031775006,336390,1.0,NAICS_2007_Code,"Manufacturing of heavy truck- and bus-type wheels, including those used for truck trailers and trailer coaches"
2031800000,336390,1.0,NAICS_2007_Code,"Manufacturing of motor vehicle frames, new"
2031825000,336211,1.0,NAICS_2012_Code,Manufacturing of bus bodies
2031825003,336211,1.0,NAICS_2012_Code,Manufacturing of school bus bodies
2031825006,336211,1.0,NAICS_2012_Code,Manufacturing of other bus bodies
2031850000,336211,1.0,NAICS_2012_Code,Manufacturing of truck cabs
2031875000,336211,1.0,NAICS_2012_Code,"Manufacturing of van bodies, walk-in"
2031900000,336211,1.0,NAICS_2012_Code,Manufacturing of van bodies with separate cab
2031900003,336211,1.0,NAICS_2012_Code,"Manufacturing of van bodies, insulated"
2031900006,336211,1.0,NAICS_2012_Code,"Manufacturing of van bodies, dry freight"
2031900009,336211,1.0,NAICS_2012_Code,"Manufacturing of van bodies, parcel delivery"
2031900012,336211,1.0,NAICS_2012_Code,Manufacturing of other van bodies with separate cab
2031925000,336211,1.0,NAICS_2012_Code,Manufacturing of other truck and vehicle bodies (including dumptruck lifting mechanisms)
2031925003,336211,1.0,NAICS_2012_Code,Manufacturing of tank bodies
2031925006,336211,1.0,NAICS_2012_Code,"Manufacturing of front, rear, and side loading garbage and refuse truck bodies (packer types)"
2031925009,336211,1.0,NAICS_2012_Code,Manufacturing of other garbage and refuse truck bodies
2031925012,336211,1.0,NAICS_2012_Code,Manufacturing of beverage truck bodies
2031925015,336211,1.0,NAICS_2012_Code,Manufacturing of dump truck bodies
2031925018,336211,1.0,NAICS_2012_Code,Manufacturing of dump truck lifting mechanisms
2031925021,336211,1.0,NAICS_2012_Code,Manufacturing of stake and platform truck bodies
2031925024,336211,1.0,NAICS_2012_Code,Manufacturing of utility line service truck bodies
2031925027,336211,1.0,NAICS_2012_Code,Manufacturing of other mobile service-type truck bodies
2031925031,336211,1.0,NAICS_2012_Code,Manufacturing of wrecker truck bodies
2031925033,336211,1.0,NAICS_2012_Code,Manufacturing of ambulance and rescue vehicle bodies
2031925036,336211,1.0,NAICS_2012_Code,"Manufacturing of light truck (minivan, SUV, pickup truck) and passenger car bodies"
2031925039,336211,1.0,NAICS_2012_Code,"Manufacturing of motor vehicle fifth wheels, new"
2031925042,336211,1.0,NAICS_2012_Code,Manufacturing of refrigeration bodies
2031925045,336211,1.0,NAICS_2012_Code,Manufacturing of all other truck and vehicle bodies
2031950000,336390,1.0,NAICS_2007_Code,"Manufacturing of motor vehicle bumper assemblies, bumpers, and parts, new"
2031950003,336390,1.0,NAICS_2007_Code,"Manufacturing of motor vehicle bumper assemblies, bumpers, and parts for cars and light trucks (10,000 lb GVW and less), new"
2031950006,336390,1.0,NAICS_2007_Code,"Manufacturing of motor vehicle bumper assemblies, bumpers, and parts for heavy trucks (greater than 10,000 lb GVW), new"
2031975000,336390,1.0,NAICS_2007_Code,"Manufacturing of motor vehicle fuel tanks, new"
2032000000,336390,1.0,override,"Manufacturing of all other motor vehicle parts, new"
2032000003,336390,1.0,NAICS_2007_Code,"Manufacturing of truck and trailer liftgates, new"
2032000006,336390,1.0,NAICS_2007_Code,"Manufacturing of motor vehicle sunroofs and parts, new"
2032000009,336390,1.0,NAICS_2007_Code,"Manufacturing of motor vehicle doors, new"
2032025000,327200,1.0,NAICS_2012_Code,Manufacturing of automotive mirrors (decorated and undecorated)
2032030000,336390,1.0,NAICS_2007_Code,"Manufacturing of motor vehicle convertible tops, new"
2032040000,336390,1.0,NAICS_2007_Code,Manufacturing of luggage and utility racks
2032050000,326140,1.0,NAICS_2012_Code,"Manufacturing of transportation polystyrene foam products (including seating, dash, and other interior-exterior components)"
2032075000,326150,1.0,NAICS_2012_Code,"Manufacturing of transportation polyurethane foam products, cut slab stock for seating and trim, molded seating and products, headrests, armrests, etc."
2032100000,326290,1.0,NAICS_2012_Code,Manufacturing of latex foam and chemically blown open and closed cell rubber sponge for automotive applications
2032125000,336360,1.0,NAICS_2012_Code,Manufacturing of automobile trimmings
2032150000,336360,1.0,NAICS_2012_Code,"Manufacturing of fabricated seat and safety belts, including shoulder harnesses (excluding leather)"
2032175000,336360,1.0,NAICS_2012_Code,Manufacturing of seats for public conveyance and aircraft
2032175003,336360,1.0,NAICS_2012_Code,"Manufacturing of seats for public conveyances (excluding aircraft), including automobiles, trucks, buses, and van conversions"
2032175006,336360,1.0,NAICS_2012_Code,Manufacturing of seats for aircraft
2032200000,336360,1.0,NAICS_2012_Code,Manufacturing of fabricated automobile seat covers and tire covers
2032225000,336360,1.0,NAICS_2012_Code,Manufacturing of metal motor vehicle seat frames
2032250000,31161A,0.5,NAICS_2012_Code,"Manufacturing of leather, hides, and skins, finished and unfinished"
2032250000,316000,0.5,NAICS_2012_Code,"Manufacturing of leather, hides, and skins, finished and unfinished"
2032275000,327200,1.0,NAICS_2012_Code,Manufacturing of tempered glass for automotive purposes
2032300000,327200,1.0,NAICS_2012_Code,"Manufacturing of machine-made pressed and blown lighting, automotive, and electronic glassware"
2032325000,327200,1.0,NAICS_2012_Code,"Manufacturing of lighting, automotive, and electronic glassware"
2032350000,332720,1.0,NAICS_2012_Code,"Manufacturing of precision turned products, automotive"
2032375000,334300,1.0,NAICS_2012_Code,Manufacturing of automotive audio equipment (excluding speakers)
2032375003,334300,1.0,NAICS_2012_Code,"Manufacturing of AM-FM radios, satellites radios and compact disc player combinations"
2032375006,334300,1.0,NAICS_2012_Code,"Manufacturing of other automotive audio equipment (excluding speakers), including equalizers and amplifiers"
2032400000,334300,1.0,NAICS_2012_Code,Manufacturing of speakers for automobiles
2032400003,334300,1.0,NAICS_2012_Code,Manufacturing of single loudspeakers mounted in an enclosure for automobiles
2032400006,334300,1.0,NAICS_2012_Code,Manufacturing of multiple loudspeakers mounted in an enclosure for automobiles
2032400009,334300,1.0,NAICS_2012_Code,Manufacturing of unmounted speakers for automobiles
2032400012,334300,1.0,NAICS_2012_Code,Manufacturing of microphones for automobiles
2032400015,334300,1.0,NAICS_2012_Code,Manufacturing of public address systems for automobiles
2032425000,336390,1.0,NAICS_2007_Code,"Manufacturing of motor vehicle air bag assemblies and parts, new"
2032450000,336413,1.0,NAICS_2012_Code,Manufacturing of aircraft landing gear for civilian and military aircraft
2032450003,336413,1.0,NAICS_2012_Code,Manufacturing of aircraft landing gear for military aircraft (including other aircraft built to military specifications)
2032450006,336413,1.0,NAICS_2012_Code,Manufacturing of aircraft landing gear for civilian aircraft
2032475000,336413,1.0,NAICS_2012_Code,Manufacturing of other aircraft subassemblies and parts for military aircraft (including other aircraft built to military specifications)
2032500000,336413,1.0,NAICS_2012_Code,Manufacturing of other aircraft subassemblies and parts for civilian aircraft
2032525000,33641A,1.0,NAICS_2012_Code,"Manufacturing of missile and space vehicle components, parts, and subassemblies for U.S. Government nonmilitary customers"
2032550000,33641A,1.0,NAICS_2012_Code,"Manufacturing of missile and space vehicle components, parts, and subassemblies for other customers"
2032575000,33641A,1.0,NAICS_2012_Code,"Manufacturing of missile and space vehicle components, parts, and subassemblies for U.S. Government military customers"
2032600000,325510,1.0,NAICS_2012_Code,"Manufacturing of product finishes for original equipment manufacturers (OEM), excluding marine coatings"
2032600003,325510,1.0,NAICS_2012_Code,"Manufacturing of automobile, light truck, van, and sport utility vehicle finishes"
2032600006,325510,1.0,NAICS_2012_Code,Manufacturing of automobile parts finishes
2032600009,325510,1.0,NAICS_2012_Code,"Manufacturing of heavy-duty truck, bus, and recreational vehicle finishes"
2032600012,325510,1.0,NAICS_2012_Code,"Manufacturing of other transportation equipment finishes, including aircraft and railroad"
2032600015,325510,1.0,NAICS_2012_Code,Manufacturing of other powder coatings
2032600018,325510,1.0,NAICS_2012_Code,"Manufacturing of other industrial product finishes, excluding semi-manufactured products such as pigment dispersions and ink vehicles"
2032600021,325510,1.0,NAICS_2012_Code,"Manufacturing of appliance, heating equipment, and air conditioner finishes"
2032600024,325510,1.0,NAICS_2012_Code,"Manufacturing of wood furniture, cabinet, and fixture finishes"
2032600027,325510,1.0,NAICS_2012_Code,Manufacturing of wood and composition board flat stock finishes
2032600031,325510,1.0,NAICS_2012_Code,"Manufacturing of metal building product finishes, including coatings for aluminum extrusions and siding"
2032600033,325510,1.0,NAICS_2012_Code,Manufacturing of container and closure finishes
2032600036,325510,1.0,NAICS_2012_Code,"Manufacturing of machinery and equipment finishes, including road building equipment and farm implement"
2032600039,325510,1.0,NAICS_2012_Code,"Manufacturing of nonwood furniture and fixture finishes, including business equipment finishes"
2032600042,325510,1.0,NAICS_2012_Code,"Manufacturing of paper, paper board, film, and foil finishes, excluding pigment binders"
2032600045,325510,1.0,NAICS_2012_Code,Manufacturing of electrical insulating coatings
2032600048,325510,1.0,NAICS_2012_Code,"Manufacturing of powder coatings, thermoset, general decorative, appliance"
2032600051,325510,1.0,NAICS_2012_Code,"Manufacturing of powder coatings, thermoset, general decorative, automotive"
2032600054,325510,1.0,NAICS_2012_Code,"Manufacturing of powder coatings, thermoset, general decorative, architectural, including aluminum extrusions"
2032600057,325510,1.0,NAICS_2012_Code,"Manufacturing of powder coatings, thermoset, general decorative, lawn and garden"
2032600061,325510,1.0,NAICS_2012_Code,"Manufacturing of powder coatings, thermoset, general decorative, general metal finishing"
2032600063,325510,1.0,NAICS_2012_Code,"Manufacturing of powder coatings, heat-sensitive substrates (such as wood, plastics, composites, etc.)"
2032625000,332114,1.0,NAICS_2012_Code,"Manufacturing of custom roll formed products (carbon, stainless, and alloy steel), aluminum and other metal, for machinery and transportation equipment"
2032650000,332500,1.0,NAICS_2012_Code,"Manufacturing of motor vehicle hardware (lock units, door and window handles, window regulators, hinges, license plate brackets, etc.)"
2032675000,332500,1.0,NAICS_2012_Code,Manufacturing of other transportation equipment hardware (excluding motor vehicle hardware)
2032675003,332500,1.0,NAICS_2012_Code,"Manufacturing of marine hardware (including shackles, rope sockets, tackle blocks, wire rope clips, clamps, and joiners' hardware)"
2032675006,332500,1.0,NAICS_2012_Code,Manufacturing of aircraft hardware
2032675009,332500,1.0,NAICS_2012_Code,Manufacturing of other transportation equipment hardware (including railroad car hardware)
2032700000,332600,1.0,NAICS_2007_Code,Manufacturing of other wire springs
2032700003,332600,1.0,NAICS_2007_Code,Manufacturing of seat and back springs for motor vehicles
2032700006,332600,1.0,NAICS_2007_Code,Manufacturing of valve springs and other wire springs
2032725000,332720,1.0,NAICS_2012_Code,"Manufacturing of precision turned products (made on CNC equipment or screw machines), excluding automotive"
2032750000,336991,1.0,NAICS_2012_Code,"Manufacturing of parts for bicycles, unicycles, and adult tricycles"
2032775000,336999,1.0,NAICS_2012_Code,Manufacturing of parts for self-propelled golf carts and industrial in-plant personnel carriers
2032800000,336999,1.0,NAICS_2012_Code,Manufacturing of parts for all-terrain vehicles
2032810000,33329A,1.0,NAICS_2007_Code,Manufacturing of parts for metal degreasing machines
2032815000,336992,1.0,NAICS_2012_Code,"Manufacturing of parts for self-propelled weapons, tanks, and other full-tracked combat vehicles and armored utility vehicles"
2032825000,326190,1.0,NAICS_2012_Code,Manufacturing of electrical and electronic fabricated plastics (excluding foam and reinforced plastics)
2032825003,326190,1.0,NAICS_2012_Code,"Manufacturing of electrical and electronic fabricated plastics products for office equipment, plastic parts for computers, fax machines, and cash registers (excluding foam and reinforced plastics)"
2032825006,326190,1.0,NAICS_2012_Code,Manufacturing of electrical and electronic fabricated plastics products for household and commercial appliances (excluding foam and reinforced plastics)
2032825009,326190,1.0,NAICS_2012_Code,Manufacturing of electrical and electronic fabricated plastics products for communications equipment (excluding foam and reinforced plastics)
2032825012,326190,1.0,NAICS_2012_Code,"Manufacturing of other electrical and electronic fabricated plastics products, including wiring devices and parts (excluding foam and reinforced plastics)"
2032850000,326190,1.0,NAICS_2012_Code,Manufacturing of electrical and electronic reinforced and fiberglass plastics products
2032875000,327993,1.0,NAICS_2012_Code,"Manufacturing of blankets (flexible) (including fabricated pieces, rolls, and batts)"
2032875003,327993,1.0,NAICS_2012_Code,"Manufacturing of plain blankets (flexible) (including fabricated pieces, rolls, and batts), mineral wool for industrial, equipment, and appliance insulation"
2032875006,327993,1.0,NAICS_2012_Code,"Manufacturing of coated blankets (flexible) (including fabricated pieces, rolls, and batts), mineral wool for industrial, equipment, and appliance insulation"
2032875009,327993,1.0,NAICS_2012_Code,"Manufacturing of faced and metal meshed blankets (flexible) (including fabricated pieces, rolls, and batts), mineral wool for industrial, equipment, and appliance insulation"
2032900000,327993,1.0,NAICS_2012_Code,"Manufacturing of special-purpose mineral wool for industrial, equipment, and appliance insulation pieces (special-purpose automotive, appliance, aerospace items and original equipment parts)"
2032925000,327993,1.0,NAICS_2012_Code,"Manufacturing of other mineral wool for industrial equipment and appliance insulation, excluding blankets and special-purpose mineral wool"
2032925003,327993,1.0,NAICS_2012_Code,"Manufacturing of other mineral wool for industrial equipment and appliance insulation, blocks and boards"
2032925006,327993,1.0,NAICS_2012_Code,"Manufacturing of mineral wool for industrial, equipment, and appliance pipe insulation"
2032925009,327993,1.0,NAICS_2012_Code,"Manufacturing of mineral wool for industrial, equipment, and appliance acoustical insulation (including pads, boards, patches, etc.)"
2032925012,327993,1.0,NAICS_2012_Code,"Manufacturing of other mineral wool for industrial, equipment, and appliance insulation (including air duct, loose fiber, granulated fiber, insulating and finishing cements, etc.)"
2032950000,33131B,0.5,NAICS_2007_Code,"Manufacturing of aluminum insulated wire and cable, including apparatus and magnet wire"
2032950000,335999,0.5,NAICS_2012_Code,"Manufacturing of aluminum insulated wire and cable, including apparatus and magnet wire"
2032950003,33131B,0.5,NAICS_2007_Code,Manufacturing of aluminum apparatus wire and cord and flexible cord sets (excluding wiring harnesses)
2032950003,335999,0.5,NAICS_2012_Code,Manufacturing of aluminum apparatus wire and cord and flexible cord sets (excluding wiring harnesses)
2032950006,33131B,1.0,NAICS_2007_Code,"Manufacturing of aluminum magnet and insulated wire, and cable for electrical transmission"
2032975000,331420,1.0,NAICS_2007_Code,"Manufacturing of copper wire, bare and tinned (nonelectrical)"
2032975003,331420,1.0,NAICS_2007_Code,"Manufacturing of unalloyed copper wire, bare and tinned (nonelectrical)"
2032975006,331420,1.0,NAICS_2007_Code,"Manufacturing of alloyed copper wire, bare and tinned (nonelectrical)"
2033025000,331420,1.0,NAICS_2007_Code,Manufacturing of bare copper wire for electrical transmission
2033025003,331420,1.0,NAICS_2007_Code,Manufacturing of bare unalloyed copper wire for electrical transmission
2033025006,331420,1.0,NAICS_2007_Code,Manufacturing of bare alloyed copper wire for electrical transmission
2033050000,331420,1.0,NAICS_2007_Code,"Manufacturing of other copper and copper-base alloy wire, strand, and cable"
2033050003,331420,1.0,NAICS_2007_Code,Manufacturing of bare copper and copper-base alloy strand and cable for electrical transmission
2033050006,331420,1.0,NAICS_2007_Code,"Manufacturing of other copper and copper-base alloy wire, strand, and cable (including wire cloth, woven wire products, and electrical wire rod)"
2033075000,331420,0.5,NAICS_2007_Code,"Manufacturing of copper wire and cable, including apparatus wire, cord, and flexible cord sets"
2033075000,335999,0.5,NAICS_2012_Code,"Manufacturing of copper wire and cable, including apparatus wire, cord, and flexible cord sets"
2033075003,331420,1.0,NAICS_2007_Code,Manufacturing of insulated copper wire and cable for electrical transmission
2033075006,335999,1.0,NAICS_2012_Code,Manufacturing of copper apparatus wire and cord and flexible cord sets (excluding wiring harnesses and fiber optic)
2033075009,331420,1.0,NAICS_2007_Code,Manufacturing of copper thermoset insulated flexible cordage
2033075012,331420,1.0,NAICS_2007_Code,Manufacturing of copper thermoplastic (including thermoplastic elastomers) flexible cordage
2033075015,331420,1.0,NAICS_2007_Code,"Manufacturing of copper flexible cordage, extension cord sets"
2033075018,331420,1.0,NAICS_2007_Code,Manufacturing of copper power supply cords
2033075021,331420,1.0,NAICS_2007_Code,"Manufacturing of copper apparatus wire, appliance fixture wire"
2033075024,331420,1.0,NAICS_2007_Code,"Manufacturing of copper appliance wiring material 14 gauge and larger (including motor lead and transformer lead wire), thermoset and thermoplastic insulated apparatus wire"
2033075027,331420,1.0,NAICS_2007_Code,Manufacturing of copper submersible pump cable apparatus wire
2033075031,331420,1.0,NAICS_2007_Code,"Manufacturing of other copper apparatus wire and cordage, including machine tool wire"
2033100000,331420,1.0,NAICS_2007_Code,Manufacturing of copper magnet wire
2033150000,331490,0.5,NAICS_2012_Code,"Manufacturing of apparatus wire and cord and flexible cord sets (excluding aluminum, copper, wiring harnesses, and fiber optic)"
2033150000,335999,0.5,NAICS_2012_Code,"Manufacturing of apparatus wire and cord and flexible cord sets (excluding aluminum, copper, wiring harnesses, and fiber optic)"
2033175000,331490,1.0,NAICS_2012_Code,Manufacturing of magnet wire (excluding aluminum and copper)
2033200000,335920,1.0,NAICS_2012_Code,"Manufacturing of electronic wire and cable, made of nonferrous metals"
2033200003,335920,1.0,NAICS_2012_Code,"Manufacturing of flexible coaxial cable, armored or unarmored"
2033200006,335920,1.0,NAICS_2012_Code,"Manufacturing of hookup wire (single conductor, shielded and nonshielded)"
2033200009,335920,1.0,NAICS_2012_Code,Manufacturing of multiconductor electronic wire and cable (shielded and nonshielded)
2033210000,331490,1.0,NAICS_2012_Code,Manufacturing of nickel and nickel alloy wire
2033215000,332600,1.0,NAICS_2012_Code,Manufacturing of all other nonferrous miscellaneous fabricated wire products
2033220000,332600,1.0,NAICS_2012_Code,Manufacturing of nonferrous wire cloth and other nonferrous woven wire products
2033223000,331490,1.0,NAICS_2012_Code,"Manufacturing of other nonferrous wire (excluding copper, aluminum, nickel, and precious metals), including insulated wire and cable"
2033225000,335920,1.0,NAICS_2012_Code,"Manufacturing of other insulated wire and cable, including automotive, and control and signal wire and cable, made of nonferrous metals"
2033225003,335920,1.0,NAICS_2012_Code,Manufacturing of signal wire and cable
2033225006,335920,1.0,NAICS_2012_Code,"Manufacturing of control wire and cable, excluding elevator cable, thermoset insulated"
2033225009,335920,1.0,NAICS_2012_Code,"Manufacturing of control wire and cable, excluding elevator cable, thermoplastic insulated"
2033225012,335920,1.0,NAICS_2012_Code,Manufacturing of automotive wire and cable
2033225015,335920,1.0,NAICS_2012_Code,"Manufacturing of airframe, missile, shipboard, and ground support cable, excluding coaxial cable and ignition cable"
2033425000,332320,1.0,NAICS_2012_Code,Manufacturing of steel sheet metal computer and peripheral equipment enclosures
2033450000,332320,1.0,NAICS_2012_Code,Manufacturing of aluminum sheet metal computer and peripheral equipment enclosures
2033475000,332320,1.0,NAICS_2012_Code,"Manufacturing of other sheet metal electronic enclosures (excluding computers), including machine and motor housings, panels, and guards (steel and aluminum)"
2033500000,332119,1.0,NAICS_2007_Code,"Manufacturing of metal electronic enclosures (stamped and pressed), excluding computer stampings"
2033525000,3219A0,1.0,NAICS_2007_Code,"Manufacturing of wood cabinets, television, audio, and sewing machine, used as housings"
2033525003,3219A0,1.0,NAICS_2007_Code,"Manufacturing of wood cabinets, television, audio, and television and audio combination, used as housings"
2033525006,3219A0,1.0,NAICS_2007_Code,"Manufacturing of wood cabinets, all other types (including sewing machine), used as housings"
2033550000,33441A,1.0,NAICS_2007_Code,"Manufacturing of electron tubes and parts, excluding glass blanks"
2033550003,33441A,1.0,NAICS_2007_Code,"Manufacturing of power and special-purpose electron tubes, excluding forward wave tubes"
2033550006,33441A,1.0,NAICS_2007_Code,Manufacturing of forward wave transmitting and industrial electron tubes (excluding X-rays)
2033550009,33441A,1.0,NAICS_2007_Code,"Manufacturing of all other transmitting, industrial, and special-purpose electron tubes, (excluding X-ray), including light-sensing, light-emitting devices, and miscellaneous special-purpose tubes"
2033575000,334413,1.0,NAICS_2012_Code,Manufacturing of microprocessors
2033600000,334413,1.0,NAICS_2012_Code,Manufacturing of memory
2033625000,334413,1.0,NAICS_2012_Code,Manufacturing of other integrated circuit packages
2033650000,334413,1.0,NAICS_2012_Code,Manufacturing of transistors
2033675000,334413,1.0,NAICS_2012_Code,Manufacturing of diodes and rectifiers
2033700000,334413,1.0,NAICS_2012_Code,"Manufacturing of other semiconductor devices, including semiconductor parts such as chips, wafers, and heat sinks"
2033700003,334413,1.0,NAICS_2012_Code,Manufacturing of solar cells
2033700006,334413,1.0,NAICS_2012_Code,Manufacturing of photovoltaic modules
2033700009,334413,1.0,NAICS_2012_Code,Manufacturing of light-emitting diodes (LEDs)
2033700012,334413,1.0,NAICS_2012_Code,Manufacturing of other light-sensitive and light-emitting devices
2033700015,334413,1.0,NAICS_2012_Code,"Manufacturing of thyristors (SCRs, triacs, PNPN diodes)"
2033700018,334413,1.0,NAICS_2012_Code,"Manufacturing of semiconductor parts, chips and wafers"
2033725000,33441A,1.0,NAICS_2007_Code,Manufacturing of capacitors for electronic circuitry
2033750000,33441A,1.0,NAICS_2007_Code,Manufacturing of resistors for electronic circuitry
2033775000,33441A,1.0,NAICS_2012_Code,"Manufacturing of electronic coils, transformers, and other inductors"
2033800000,33441A,1.0,NAICS_2012_Code,"Manufacturing of electronic connectors, including parts"
2033800003,33441A,1.0,NAICS_2012_Code,Manufacturing of coaxial (RF) connectors for electronic circuitry
2033800006,33441A,1.0,NAICS_2012_Code,Manufacturing of cylindrical connectors for electronic circuitry
2033800009,33441A,1.0,NAICS_2012_Code,Manufacturing of rack and panel (rectangular) connectors for electronic circuitry
2033800012,33441A,1.0,NAICS_2012_Code,Manufacturing of printed circuit connectors for electronic circuitry
2033800015,33441A,1.0,NAICS_2012_Code,Manufacturing of other electronic connectors
2033800018,33441A,1.0,NAICS_2012_Code,Manufacturing of parts for electronic connectors (connectors shipped but still requiring further manufacture)
2033825000,33441A,1.0,NAICS_2012_Code,"Manufacturing of crystals, filters, piezoelectric, and other related electronic devices (excluding microwave filters)"
2033850000,33441A,1.0,NAICS_2012_Code,"Manufacturing of all other miscellaneous transducers, including electrical-electronic input/output transducers"
2033850003,33441A,1.0,NAICS_2012_Code,"Manufacturing of transducers, electroacoustic (sonar, ultrasonic, vibration, etc.)"
2033850006,33441A,1.0,NAICS_2012_Code,"Manufacturing of transducers, accelerometers"
2033850009,33441A,1.0,NAICS_2012_Code,"Manufacturing of transducers, strain gauges and other mechanical"
2033850012,33441A,1.0,NAICS_2012_Code,"Manufacturing of transducers, other, except pressure"
2033875000,33441A,1.0,NAICS_2012_Code,"Manufacturing of switches, mechanical, for electronic circuitry"
2033900000,33441A,1.0,NAICS_2012_Code,"Manufacturing of microwave components and devices, excluding antennae, tubes, and semiconductors"
2033900003,33441A,1.0,NAICS_2012_Code,"Manufacturing of ferrite, including yttrium garnets, microwave components (circulators, isolators, phase shifters, attenuators, equalizers, limiters, mixers, etc.)"
2033900006,33441A,1.0,NAICS_2012_Code,"Manufacturing of attenuators (dummy loads, high- and low-power terminations, etc.)"
2033900009,33441A,1.0,NAICS_2012_Code,Manufacturing of reactive microwave components
2033900012,33441A,1.0,NAICS_2012_Code,"Manufacturing of switches, coaxial and waveguide"
2033900015,33441A,1.0,NAICS_2012_Code,Manufacturing of other microwave devices
2033900018,33441A,1.0,NAICS_2012_Code,"Manufacturing of microwave subassemblies, including parametric amplifiers and other solid-state assemblies"
2033925000,33441A,1.0,NAICS_2012_Code,Manufacturing of all other miscellaneous electronic components
2033925003,33441A,1.0,NAICS_2012_Code,Manufacturing of oscillators (excluding instrumentation and crystal types)
2033925006,33441A,1.0,NAICS_2012_Code,"Manufacturing of static power supply converters for electronic applications, regulated"
2033925009,33441A,1.0,NAICS_2012_Code,"Manufacturing of static power supply converters for electronic applications, other (unregulated, variable frequency, AC, DC, converters and inverters, vibrator, etc.)"
2033925012,33441A,1.0,NAICS_2012_Code,Manufacturing of electronic cable harnesses and cable assemblies
2033925015,33441A,1.0,NAICS_2012_Code,Manufacturing of magnetic cores
2033925018,33441A,1.0,NAICS_2012_Code,Manufacturing of all other specialized electronic hardware
2033950000,335314,1.0,NAICS_2012_Code,"Manufacturing of relays for electronic circuitry, industrial control overload, and switchgear-type"
2033950003,335314,1.0,NAICS_2012_Code,Manufacturing of industrial control relays (all voltages)
2033950006,335314,1.0,NAICS_2012_Code,"Manufacturing of general-purpose relays, over 100 MV and sealed"
2033950009,335314,1.0,NAICS_2012_Code,"Manufacturing of general-purpose relays, over 100 MV and not sealed"
2033950012,335314,1.0,NAICS_2012_Code,"Manufacturing of high performance military, aerospace, aircraft relays and contactors"
2033950015,335314,1.0,NAICS_2012_Code,"Manufacturing of timing relays, timers"
2033950018,335314,1.0,NAICS_2012_Code,"Manufacturing of all other general-purpose and special-purpose relays, including parts"
2033975000,335314,1.0,NAICS_2012_Code,Manufacturing of specific-purpose industrial controls
2033975003,335314,1.0,NAICS_2012_Code,"Manufacturing of U.S Coast Guard, Navy, and Marine auxiliary controls and accessories"
2033975006,335314,1.0,NAICS_2012_Code,"Manufacturing of crane and hoist controls, constant and adjustable voltage, including operators desks and stations"
2033975009,335314,1.0,NAICS_2012_Code,"Manufacturing of all other specific- or special-purpose industrial controls, controllers and other definite purpose devices"
2034000000,335314,1.0,NAICS_2012_Code,Manufacturing of general-purpose industrial controls
2034000003,335314,1.0,NAICS_2012_Code,"Manufacturing of A.C. full voltage noncombination magnetic starters, 1,000 volts or less"
2034000006,335314,1.0,NAICS_2012_Code,"Manufacturing of A.C. full voltage combination magnetic starters, 1,000 volts or less"
2034000009,335314,1.0,NAICS_2012_Code,"Manufacturing of disconnect switches, 600 volts or less"
2034000012,335314,1.0,NAICS_2012_Code,"Manufacturing of A.C. full voltage manual controllers, 1,000 volts or less"
2034000015,335314,1.0,NAICS_2012_Code,"Manufacturing of A.C. contactors, 1,000 volts or less"
2034000018,335314,1.0,NAICS_2012_Code,"Manufacturing of motor control centers, 1,000 volts or less"
2034000021,335314,1.0,NAICS_2012_Code,Manufacturing of brakes and clutches for general-purpose industrial controls
2034000024,335314,1.0,NAICS_2012_Code,Manufacturing of other general-purpose controls
2034000027,335314,1.0,NAICS_2012_Code,Manufacturing of electromechanical positioning sensors for general-purpose industrial controls
2034000031,335314,1.0,NAICS_2012_Code,Manufacturing of movement sensors for general-purpose industrial controls
2034000033,335314,1.0,NAICS_2012_Code,Manufacturing of nonoptical proximity sensors for general-purpose industrial controls
2034000036,335314,1.0,NAICS_2012_Code,Manufacturing of optical proximity sensors for general-purpose industrial controls
2034000039,335314,1.0,NAICS_2012_Code,"Manufacturing of pushbuttons, under 30 mm, for general-purpose industrial controls"
2034000042,335314,1.0,NAICS_2012_Code,"Manufacturing of pushbuttons, 30 mm and larger, for general-purpose industrial controls"
2034000045,335314,1.0,NAICS_2012_Code,Manufacturing of controls for A.C. packaged drives
2034000048,335314,1.0,NAICS_2012_Code,Manufacturing of controls for D.C. packaged drives
2034000051,335314,1.0,NAICS_2012_Code,Manufacturing of A.C. drives systems for general-purpose industrial controls
2034000054,335314,1.0,NAICS_2012_Code,Manufacturing of D.C. drives systems for general-purpose industrial controls
2034000057,335314,1.0,NAICS_2012_Code,Manufacturing of solid-state motor controllers (all voltages)
2034000061,335314,1.0,NAICS_2012_Code,Manufacturing of all other general industry devices
2034025000,335999,1.0,NAICS_2012_Code,"Manufacturing of laser sources, including nondiode and diode"
2034050000,335999,1.0,NAICS_2012_Code,"Manufacturing of laser systems and equipment, all other types"
2034075000,327100,1.0,NAICS_2007_Code,"Manufacturing of chemical, technical, and industrial pottery ware and all other pottery products, including pyrometric cones, veritas rings, etc."
2034100000,327100,1.0,NAICS_2007_Code,"Manufacturing of all wet and dry process voltage porcelain products and components, including steatite electrical products and other ceramic electrical products and components for electronic applications"
2034125000,334118,1.0,override,Manufacturing of accessories for computer peripheral equipment
2034150000,334210,1.0,NAICS_2012_Code,"Manufacturing of parts, components, and subassemblies for telephone switching equipment"
2034160000,334210,1.0,NAICS_2012_Code,"Manufacturing of parts, components, and subassemblies for wireline voice and data network equipment"
2034170000,334220,1.0,NAICS_2012_Code,"Manufacturing of parts and accessories for broadcast, studio, and related electronic equipment"
2034172000,333242,1.0,NAICS_2007_Code,"Manufacturing of parts for semiconductor manufacturing machinery, including packaging equipment"
2034175000,335999,1.0,NAICS_2012_Code,"Manufacturing of electric bells (gongs, chimes, etc.) and electrical door openers, excluding garage"
2034200000,332999,1.0,NAICS_2012_Code,"Manufacturing of permanent magnets, excluding ceramic permanent magnets"
2034225000,33451A,1.0,NAICS_2007_Code,"Manufacturing of commercial timing mechanisms, watch and clock parts"
2034225003,33451A,1.0,NAICS_2007_Code,"Manufacturing of watchcases, movements and modules (including watch parts)"
2034225006,33451A,1.0,NAICS_2007_Code,"Manufacturing of watch jewels (including cutting, engraving, and polishing precious stones, semiprecious stones, natural pearls, and cultured pearls)"
2034225009,33451A,1.0,NAICS_2007_Code,"Manufacturing of commercial timing mechanisms, time stamp machines, clock movements, and modules and chronometers"
2034225012,33451A,1.0,NAICS_2007_Code,"Manufacturing of coin-operated mechanisms with time switches, including parts"
2034225015,33451A,1.0,NAICS_2007_Code,"Manufacturing of other clock parts (excluding timing motors), clock and watch springs, and parts and attachments for time recording and time stamp devices"
2034250000,3219A0,1.0,NAICS_2012_Code,Manufacturing of wood handles
2034250003,3219A0,1.0,NAICS_2012_Code,"Manufacturing of wood broom, mop, and paintbrush handles"
2034250006,3219A0,1.0,NAICS_2012_Code,"Manufacturing of wood striking tool handles (axe, pick, hammer, etc.)"
2034250009,3219A0,1.0,NAICS_2012_Code,"Manufacturing of other wood handtool handles, including spade, shovel, rake, scythe, and other mechanics (farm, garden, household, etc.)"
2034250012,3219A0,1.0,NAICS_2012_Code,"Manufacturing of other wood handles, wood tools, tool bodies, and backs for brooms, mops, and brushes"
2034275000,3219A0,1.0,NAICS_2012_Code,"Manufacturing of wood dowels and dowel pins (planed or sanded, grooved, or otherwise advanced in condition)"
2034300000,332500,1.0,NAICS_2012_Code,"Manufacturing of miscellaneous hardware (excluding automotive, construction, and household appliance)"
2034300003,332500,1.0,NAICS_2012_Code,Manufacturing of casket and casket shell hardware
2034300006,332500,1.0,NAICS_2012_Code,Manufacturing of casters and wheels for dollies and industrial handtrucks
2034300015,332500,1.0,NAICS_2012_Code,"Manufacturing of other hardware, including saddlery and harness hardware (excluding drapery hardware)"
2034325000,339112,1.0,NAICS_2012_Code,Manufacturing of parts for surgical and medical apparatus and instruments
2034350000,339115,1.0,NAICS_2012_Code,"Manufacturing of ophthalmic focal lenses, prescription, ground, excluding retailing prescription eyeglasses in combination with the grinding of the eyeglass lenses to order on the premises"
2034375000,339910,1.0,NAICS_2007_Code,"Manufacturing of jewelers' findings and materials, precious metal (excluding gold, platinum, and silver plated to nonprecious metal)"
2034400000,339910,1.0,NAICS_2007_Code,"Manufacturing of other jewelers' findings and materials, including gold, platinum, and silver plated to nonprecious metal"
2034425000,3219A0,1.0,NAICS_2012_Code,Manufacturing of finished wood moldings for mirrors and pictures
2034450000,311119,1.0,NAICS_2012_Code,"Manufacturing of chicken and turkey feed, supplements, concentrates, and premixes"
2034475000,311119,1.0,NAICS_2012_Code,"Manufacturing of complete dairy cattle feed, supplements, concentrates, and premixes"
2034500000,311119,1.0,NAICS_2012_Code,"Manufacturing of complete swine feed, supplements, concentrates, and premixes"
2034525000,311119,1.0,NAICS_2012_Code,"Manufacturing of complete beef cattle feed, supplements, concentrates, and premixes"
2034550000,311119,1.0,NAICS_2012_Code,Manufacturing of other poultry and livestock feed
2034550003,311119,1.0,NAICS_2012_Code,"Manufacturing of other poultry complete feed, supplements, concentrates, premixes (duck, etc.)"
2034550006,311119,1.0,NAICS_2012_Code,"Manufacturing of horse and mule complete feed, supplements, concentrates, premixes (feed-base)"
2034550009,311119,1.0,NAICS_2012_Code,"Manufacturing of other livestock (sheep, etc.) complete feed, supplements, concentrates, premixes (feed-base)"
2034575000,311119,1.0,NAICS_2012_Code,"Manufacturing of other prepared animal feeds, including feeding materials and adjuncts"
2034575003,311119,1.0,NAICS_2012_Code,"Manufacturing of grain and mineral mixture animal feed, excluding cornmeal"
2034575006,311119,1.0,NAICS_2012_Code,"Manufacturing of dehydrated, sun cured, and cubed alfalfa meal animal feed"
2034600000,311119,1.0,NAICS_2012_Code,"Manufacturing of specialty fur animal (mink, fox, rabbit, etc.) feed"
2034625000,325310,1.0,NAICS_2012_Code,"Manufacturing of synthetic ammonia, nitric acid, and ammonium compounds"
2034625003,325310,1.0,NAICS_2012_Code,Manufacturing of nitric acid
2034625006,325310,1.0,NAICS_2012_Code,Manufacturing of synthetic ammonia for fertilizer use
2034625009,325310,1.0,NAICS_2012_Code,Manufacturing of anhydrous synthetic ammonia for other uses
2034625012,325310,1.0,NAICS_2012_Code,"Manufacturing of ammonium nitrate, original melt liquor, consumed in the manufacture of other nitrogen solutions (CAN17, AN20, ANN)"
2034625015,325310,1.0,NAICS_2012_Code,"Manufacturing of ammonium nitrate, original melt liquor, consumed in the manufacture of urea-ammonium nitrate solutions"
2034625018,325310,1.0,NAICS_2012_Code,"Manufacturing of ammonium nitrate, original melt liquor, all other (high and low density prill granular and grained, liquor sales, production loss, other)"
2034625021,325310,1.0,NAICS_2012_Code,"Manufacturing of ammonium sulfate (synthetic and byproduct, other than coke oven)"
2034625024,325310,1.0,NAICS_2012_Code,"Manufacturing of nitrogen solutions, including mixtures, UAN solutions (ammonium nitrate/urea solutions)"
2034625027,325310,1.0,NAICS_2012_Code,"Manufacturing of all other nitrogen solutions, including mixtures,  (CAN17, AN20, AAN, other) and solutions containing free ammonia"
2034650000,325310,1.0,NAICS_2012_Code,Manufacturing of urea
2034675000,325310,1.0,NAICS_2012_Code,"Manufacturing of fertilizer materials of organic origin, including activated sewage sludge, processed tankage, and other natural fertilizer materials"
2034700000,325310,1.0,NAICS_2012_Code,Manufacturing of superphosphates and other phosphatic fertilizer materials
2034700003,325310,1.0,NAICS_2012_Code,"Manufacturing of monoammonium phosphates, phosphoric oxide content"
2034700006,325310,1.0,NAICS_2012_Code,"Manufacturing of diammonium phosphates, phosphoric oxide content"
2034700009,325310,1.0,NAICS_2012_Code,"Manufacturing of other ammonium phosphates, phosphoric oxide content"
2034725000,325310,1.0,NAICS_2012_Code,"Manufacturing of mixed fertilizers, dry"
2034725003,325310,1.0,NAICS_2012_Code,"Manufacturing of mixed fertilizers, dry, shipped in packages, tablets, and similar forms, gross weight less than or equal to 22 lb (10 kg)"
2034725006,325310,1.0,NAICS_2012_Code,"Manufacturing of mixed fertilizers, dry, shipped in bulk"
2034725009,325310,1.0,NAICS_2012_Code,"Manufacturing of mixed fertilizers, dry, shipped in bags, gross weight of 22 lb (10 kg) or more"
2034725012,325310,1.0,NAICS_2012_Code,"Manufacturing of other mixed fertilizers, dry (including potting soil and mixed with chemicals and other materials for decay control, and mixed plant foods)"
2034750000,325310,1.0,NAICS_2012_Code,"Manufacturing of mixed fertilizers, liquid"
2034775000,325310,1.0,NAICS_2012_Code,Manufacturing of compost
2034825000,325190,1.0,NAICS_2012_Code,"Manufacturing of bulk pesticides and other bulk synthetic organic agricultural chemicals, excluding preparations"
2034850000,325320,1.0,NAICS_2012_Code,Manufacturing of agricultural and commercial pesticides and chemicals
2034875000,325320,1.0,NAICS_2012_Code,Manufacturing of lawn and garden pesticides and chemicals
2034900000,325320,1.0,NAICS_2012_Code,Manufacturing of household and institutional pesticides and chemicals
2034900003,325320,1.0,NAICS_2012_Code,"Manufacturing of household and institutional pesticides and chemicals, personal insect repellents, aerosols"
2034900006,325320,1.0,NAICS_2012_Code,"Manufacturing of household and institutional pesticides and chemicals, personal insect repellents, liquids"
2034900009,325320,1.0,NAICS_2012_Code,"Manufacturing of household and institutional pesticides and chemicals, personal insect repellents, all other"
2034900012,325320,1.0,NAICS_2012_Code,Manufacturing of household and institutional pesticides and chemicals (excluding personal insect repellents)
2034925000,332320,1.0,NAICS_2012_Code,"Manufacturing of metal studs, nonload and load-bearing (iron, steel, and aluminum)"
2034950000,332310,1.0,NAICS_2012_Code,"Manufacturing of fabricated steel plate pipe, penstocks, tunnel lining, stacks, and breeching"
2034975000,33131B,1.0,NAICS_2007_Code,"Manufacturing of extruded aluminum and aluminum-alloy, rod, bar, and other extruded shapes"
2035000000,33131B,1.0,NAICS_2007_Code,Manufacturing of rolled aluminum rod and bar (including continuous cast)
2035025000,332310,1.0,NAICS_2012_Code,"Manufacturing of fabricated structural iron and steel for industrial buildings, metal bar joists, short span (open web)"
2035050000,332310,1.0,NAICS_2012_Code,"Manufacturing of fabricated structural iron, steel, and aluminum for commercial, residential, institutional, and public buildings, including metal bar joists, long span, and metal concrete reinforcing bars"
2035075000,332310,1.0,NAICS_2012_Code,Manufacturing of fabricated structural metal for bridges
2035100000,332310,1.0,NAICS_2012_Code,"Manufacturing of fabricated structural iron and steel for construction, and fabricated structural metal and aluminum"
2035100003,332310,1.0,NAICS_2012_Code,"Manufacturing of fabricated structural iron and steel for transmission towers, substations, radio antenna towers, and supporting structures"
2035100006,332310,1.0,NAICS_2012_Code,Manufacturing of fabricated structural iron and steel for offshore oil and gas platforms
2035100009,332310,1.0,NAICS_2012_Code,Manufacturing of fabricated structural iron and steel for tunneling and subway work
2035100012,332310,1.0,NAICS_2012_Code,Manufacturing of other fabricated structural iron and steel for construction
2035100015,332310,1.0,NAICS_2012_Code,"Manufacturing of fabricated structural aluminum for ships, boats, barges, transmission towers, and other structures"
2035100018,332310,1.0,NAICS_2012_Code,"Manufacturing of fabricated structural metal other than iron, steel, or aluminum"
2035125000,332310,1.0,NAICS_2012_Code,Manufacturing of weldments and fabricated steel plate for construction and mining
2035150000,327330,1.0,NAICS_2012_Code,"Manufacturing of structural block, lightweight units (units made with concrete weighing less than 105 lb per cubic foot) (dry weight)"
2035175000,327330,1.0,NAICS_2012_Code,"Manufacturing of structural block, medium weight units (units made with concrete weighing at least 105 lb but less than 125 lb per cubic foot) (dry weight)"
2035200000,327330,1.0,NAICS_2012_Code,"Manufacturing of structural block, normal weight units (units made with concrete weighing at least 125 lb per cubic foot) (dry weight)"
2035225000,327390,1.0,NAICS_2012_Code,"Manufacturing of precast concrete slabs and tile, roof and floor units"
2035250000,327390,1.0,NAICS_2012_Code,Manufacturing of precast concrete architectural wall panels
2035275000,327390,1.0,NAICS_2012_Code,"Manufacturing of precast concrete products, excluding burial vaults and boxes, concrete slabs and tile, and architectural wall panels"
2035275003,327390,1.0,NAICS_2012_Code,"Manufacturing of precast concrete joists and beams, roof and floor units"
2035275006,327390,1.0,NAICS_2012_Code,"Manufacturing of precast concrete piling, posts, and poles"
2035275009,327390,1.0,NAICS_2012_Code,"Manufacturing of precast concrete stone products for architectural purposes (excluding architectural wall panels, such as window sills, ashlar, etc.)"
2035275012,327390,1.0,NAICS_2012_Code,"Manufacturing of septic tanks, precast concrete"
2035275015,327390,1.0,NAICS_2012_Code,Manufacturing of other precast concrete products
2035300000,327390,1.0,NAICS_2012_Code,Manufacturing of prestressed concrete bridge beams
2035325000,327390,1.0,NAICS_2012_Code,Manufacturing of prestressed concrete solid and hollow cored slabs and panels
2035350000,327390,1.0,NAICS_2012_Code,"Manufacturing of prestressed concrete products, excluding bridge beams and solid and hollow-cored slabs and panels"
2035350003,327390,1.0,NAICS_2012_Code,"Manufacturing of prestressed concrete single tees, double tees, and channels"
2035350006,327390,1.0,NAICS_2012_Code,"Manufacturing of prestressed concrete piling, bearing piles, and sheet piles"
2035350009,327390,1.0,NAICS_2012_Code,"Manufacturing of prestressed concrete joists, girders, and beams (other than bridge beams)"
2035350012,327390,1.0,NAICS_2012_Code,"Manufacturing of other prestressed concrete products (including arches, columns, etc.)"
2035375000,321100,0.5,NAICS_2012_Code,"Manufacturing of softwood dressed lumber, less than 2 inches in nominal thickness, not edge worked"
2035375000,321910,0.5,NAICS_2012_Code,"Manufacturing of softwood dressed lumber, less than 2 inches in nominal thickness, not edge worked"
2035400000,321100,0.5,NAICS_2012_Code,"Manufacturing of softwood dressed 2-inch lumber, 2 inches in nominal thickness only, not edge worked"
2035400000,321910,0.5,NAICS_2012_Code,"Manufacturing of softwood dressed 2-inch lumber, 2 inches in nominal thickness only, not edge worked"
2035425000,321100,0.5,NAICS_2012_Code,"Manufacturing of softwood dressed lumber and timbers, more than 2 inches in nominal thickness, not edge worked"
2035425000,321910,0.5,NAICS_2012_Code,"Manufacturing of softwood dressed lumber and timbers, more than 2 inches in nominal thickness, not edge worked"
2035450000,321100,1.0,NAICS_2012_Code,"Manufacturing of other wood products, treated"
2035450003,321100,1.0,NAICS_2012_Code,"Manufacturing of rough and dressed lumber, not edged worked, treated with chemicals"
2035450006,321100,1.0,NAICS_2012_Code,"Manufacturing of wood siding, flooring, and other edge worked lumber, treated"
2035475000,321200,1.0,NAICS_2012_Code,Manufacturing of laminated veneer lumber
2035500000,321200,1.0,NAICS_2012_Code,"Manufacturing of other engineered structural wood members, excluding trusses and laminated veneer lumber (including glued laminated timber, beams, wood I-joists, I-beams)"
2035525000,321200,1.0,NAICS_2012_Code,Manufacturing of wood trusses (all types)
2035550000,321100,1.0,NAICS_2012_Code,"Manufacturing of railway crossties, mine ties, switch ties, and bridge ties, treated"
2035575000,321100,1.0,NAICS_2012_Code,Manufacturing of railway crossties and mine ties (untreated)
2035600000,321100,1.0,NAICS_2012_Code,"Manufacturing of wood poles, piles, and posts, treated"
2035625000,321100,1.0,NAICS_2012_Code,"Manufacturing of plywood and sawn wood fence pickets, paling, and rails, treated"
2035650000,321910,1.0,NAICS_2012_Code,"Manufacturing of sawn wood fence pickets, posts, and rails not assembled into fence sections"
2035675000,3219A0,1.0,NAICS_2012_Code,"Manufacturing of wood fence pickets, posts, and rails assembled into fence sections"
2035700000,327330,1.0,NAICS_2012_Code,"Manufacturing of decorative block (including screen block, split block, slump block, shadowal block, etc.)"
2035725000,327330,1.0,NAICS_2012_Code,"Manufacturing of concrete pavers (including grid, interlocking, etc.)"
2035750000,327330,1.0,NAICS_2012_Code,Manufacturing of concrete brick
2035775000,327100,1.0,NAICS_2007_Code,Manufacturing of building or common brick
2035800000,327100,1.0,NAICS_2007_Code,"Manufacturing of glazed brick and other brick (paving, floor, and sewer)"
2035800003,327100,1.0,NAICS_2007_Code,"Manufacturing of other brick (paving, floor, and sewer)"
2035800006,327100,1.0,NAICS_2007_Code,Manufacturing of glazed brick and structural hollow tile
2035900000,327991,1.0,NAICS_2012_Code,"Manufacturing of monumental stone, dressed dimension granite (including gneiss, syenite, diorite, and cut granite)"
2035925000,327991,1.0,NAICS_2012_Code,"Manufacturing of building stone and other dressed dimension granite products, excluding monumental stone"
2035950000,327991,1.0,NAICS_2012_Code,"Manufacturing of dressed dimension limestone (including dolomite, travertine, calcareous, tufa, and cut limestone)"
2035975000,327991,1.0,NAICS_2012_Code,Manufacturing of dressed dimension marble and other stone
2035975003,327991,1.0,NAICS_2012_Code,"Manufacturing of dressed dimension building stone, monumental stone, and other marble products"
2035975006,327991,1.0,NAICS_2012_Code,"Manufacturing of other dressed dimension stone (including slate, sandstone, gabbro, basalt, etc.), and other dressed dimension stone products"
2036000000,327100,1.0,NAICS_2007_Code,"Manufacturing of clay floor and wall tile, glazed and unglazed (including ceramic mosaic tile)"
2036000003,327100,1.0,NAICS_2007_Code,Manufacturing of glazed floor and wall tile having a facial area greater than or equal to 6 square inches and less than 59 square inches
2036000006,327100,1.0,NAICS_2007_Code,Manufacturing of glazed floor and wall tile having a facial area greater than or equal to 59 square inches
2036000009,327100,1.0,NAICS_2007_Code,Manufacturing of glazed and unglazed ceramic mosaic tile having a facial area less than 6 square inches
2036000012,327100,1.0,NAICS_2007_Code,"Manufacturing of unglazed tile, including unglazed quarry tile having a facial area greater than or equal to 6 square inches"
2036025000,331110,1.0,NAICS_2007_Code,Manufacturing of carbon steel concrete reinforcing bars
2036030000,321200,1.0,NAICS_2012_Code,Manufacturing of wood sheathing products
2036030003,321200,1.0,NAICS_2012_Code,Manufacturing of cellulosic fiberboard (insulating board)
2036030006,321200,1.0,NAICS_2012_Code,"Manufacturing of softwood plywood products (rough, sanded, and specialties)"
2036030009,321200,1.0,NAICS_2012_Code,"Manufacturing of hardwood plywood, excluding prefinished hardwood plywood"
2036030012,321200,1.0,NAICS_2012_Code,Manufacturing of waferboard and oriented strandboard
2036050000,324122,1.0,NAICS_2012_Code,Manufacturing of roofing asphalt
2036075000,324122,1.0,NAICS_2012_Code,Manufacturing of fibrated and nonfibrated asphaltic roofing coatings
2036075003,324122,1.0,NAICS_2012_Code,Manufacturing of fibrated asphaltic roofing coatings
2036075006,324122,1.0,NAICS_2012_Code,Manufacturing of nonfibrated asphaltic roofing coatings
2036100000,324122,1.0,NAICS_2012_Code,"Manufacturing of other roofing asphalts and pitches, coatings, and cements"
2036100003,324122,1.0,NAICS_2012_Code,Manufacturing of asphaltic roofing cements
2036100006,324122,1.0,NAICS_2012_Code,"Manufacturing of other roofing asphalts and pitches, coatings, and cements, including coal tar base coatings, cements, and roofing pitch"
2036125000,324122,1.0,NAICS_2012_Code,"Manufacturing of asphalt smooth-surfaced roll roofing and cap sheets, organic and fiberglass base"
2036125003,324122,1.0,NAICS_2012_Code,"Manufacturing of asphalt smooth-surfaced roll roofing and cap sheets, organic base"
2036125006,324122,1.0,NAICS_2012_Code,"Manufacturing of asphalt smooth-surfaced roll roofing and cap sheets, fiberglass base"
2036150000,324122,1.0,NAICS_2012_Code,"Manufacturing of asphalt mineral-surfaced roll roofing and cap sheets, organic and fiberglass base"
2036150003,324122,1.0,NAICS_2012_Code,"Manufacturing of asphalt mineral-surfaced roll roofing and cap sheets, organic base"
2036150006,324122,1.0,NAICS_2012_Code,"Manufacturing of asphalt mineral-surfaced roll roofing and cap sheets, fiberglass base"
2036175000,324122,1.0,NAICS_2012_Code,"Manufacturing of asphalt strip shingles, organic base (excluding laminated), all weights"
2036175003,324122,1.0,NAICS_2012_Code,"Manufacturing of asphalt strip shingles, organic base (excluding laminated), 235 to 240 lb-sales sq"
2036175006,324122,1.0,NAICS_2012_Code,"Manufacturing of asphalt strip shingles, organic base (excluding laminated), all other weights"
2036200000,324122,1.0,NAICS_2012_Code,"Manufacturing of asphalt strip shingles, inorganic base (excluding laminated), 215 to 235 lb-sales sq"
2036225000,324122,1.0,NAICS_2012_Code,"Manufacturing of asphalt strip shingles, inorganic base (excluding laminated), all other weights"
2036250000,324122,1.0,NAICS_2012_Code,"Manufacturing of laminated or multilayered asphalt strip shingles, and individual shingles"
2036250003,324122,1.0,NAICS_2012_Code,"Manufacturing of laminated or multilayered asphalt strip shingles, organic or inorganic base"
2036250006,324122,1.0,NAICS_2012_Code,"Manufacturing of asphalt and tar individual shingles, organic or inorganic base, all styles"
2036275000,324122,1.0,NAICS_2012_Code,Manufacturing of other prepared asphalt and tar products for roofing and siding
2036275003,324122,1.0,NAICS_2012_Code,Manufacturing of asphalt and tar saturated felts and boards for nonbuilding use
2036275006,324122,1.0,NAICS_2012_Code,"Manufacturing of modified bitumen membranes, styrene butadiene styrene (SBS)"
2036275009,324122,1.0,NAICS_2012_Code,"Manufacturing of modified bitumen membranes, atactic polypropylene (APP)"
2036275012,324122,1.0,NAICS_2012_Code,"Manufacturing of saturated asphalt and tar building ply felts, organic base"
2036275015,324122,1.0,NAICS_2012_Code,"Manufacturing of saturated asphalt and tar building ply felts, fiberglass base"
2036275018,324122,1.0,NAICS_2012_Code,"Manufacturing of other saturated asphalt and tar building felts, organic base"
2036275021,324122,1.0,NAICS_2012_Code,"Manufacturing of other saturated asphalt and tar building felts, fiberglass base"
2036275024,324122,1.0,NAICS_2012_Code,Manufacturing of other prepared asphalt and tar products for roofing and siding
2036300000,326190,1.0,NAICS_2012_Code,"Manufacturing of building and construction reinforced and fiberglass plastics products, excluding piping"
2036325000,326290,1.0,NAICS_2012_Code,Manufacturing of single-ply rubber membrane roofing
2036350000,332320,1.0,NAICS_2012_Code,"Manufacturing of aluminum, steel, and other sheet metal roofing, all types, and roof drainage equipment (including eave troughs, etc.)"
2036375000,321100,1.0,NAICS_2012_Code,"Manufacturing of wood siding, shingles, and shakes"
2036375003,321100,1.0,NAICS_2012_Code,"Manufacturing of wood siding (weatherboards or clapboards), including drilled or treated, excluding treated with permanent wood preservatives"
2036375006,321100,1.0,NAICS_2012_Code,Manufacturing of wood shingles and shakes
2036400000,326190,1.0,NAICS_2012_Code,"Manufacturing of plastics siding and accessories (including soffit, fascia, and skirts) (excluding foam and reinforced plastics)"
2036425000,332320,1.0,NAICS_2012_Code,"Manufacturing of steel, aluminum and other sheet metal siding (including residential, commercial, industrial, farm buildings, etc.)"
2036450000,326190,1.0,NAICS_2012_Code,Manufacturing of plastics corrugated and flat panels (excluding foam and reinforced plastics)
2036475000,326140,1.0,NAICS_2012_Code,Manufacturing of building and construction polystyrene foam products
2036500000,326150,1.0,NAICS_2012_Code,Manufacturing of building and construction polyurethane foam products
2036525000,326290,1.0,NAICS_2012_Code,Manufacturing of chemically blown closed cell rubber sponge for construction applications
2036550000,327993,1.0,NAICS_2012_Code,"Manufacturing of loose fiber (blowing and pouring) (shipped as such) and granulated fiber, mineral wool for thermal and acoustical envelope insulation (for insulating homes and commercial and industrial buildings)"
2036575000,327993,1.0,NAICS_2012_Code,"Manufacturing of building batts, blankets, and rolls in thermal resistance (R) values R19 or more, mineral wool for thermal and acoustical envelope insulation (for insulating homes and commercial and industrial buildings)"
2036600000,327993,1.0,NAICS_2012_Code,"Manufacturing of building batts, blankets, and rolls (in thermal resistance (R) values) less than R19, mineral wool for thermal and acoustical envelope insulation (for homes and commercial and industrial buildings)"
2036600003,327993,1.0,NAICS_2012_Code,"Manufacturing of building batts, blankets, and rolls in thermal resistance (R) values R11 to R18.9, mineral wool for thermal and acoustical envelope insulation (for insulating homes and commercial and industrial buildings)"
2036600006,327993,1.0,NAICS_2012_Code,"Manufacturing of building batts, blankets, and rolls in thermal resistance (R) values R10.9 or less, mineral wool for thermal and acoustical envelope insulation (for insulating homes and commercial and industrial buildings)"
2036625000,327993,1.0,NAICS_2012_Code,"Manufacturing of acoustical (wall and ceiling) sold as acoustical insulation, mineral wool for thermal and acoustical envelope insulation (for homes and commercial and industrial buildings)"
2036650000,327993,1.0,NAICS_2012_Code,Manufacturing of board (including roof insulation) and other mineral wool for thermal and acoustical envelope insulation (for homes and commercial and industrial buildings)
2036650003,327993,1.0,NAICS_2012_Code,"Manufacturing of board (such as roof insulation), mineral wool for thermal and acoustical envelope insulation (for homes and commercial and industrial buildings)"
2036650006,327993,1.0,NAICS_2012_Code,Manufacturing of other mineral wool for thermal and acoustical envelope insulation (for homes and commercial and industrial buildings)
2036675000,313200,1.0,NAICS_2012_Code,Manufacturing of housewraps
2036675003,313200,1.0,NAICS_2012_Code,"Manufacturing of housewraps, wet laid (excluding paper; woven, knitted or tufted fabrics; and pressed, punched or woven felts)"
2036675006,313200,1.0,NAICS_2012_Code,"Manufacturing of housewraps, excluding wet laid (excluding paper; woven, knitted or tufted fabrics; and pressed, punched or woven felts)"
2036700000,321910,1.0,NAICS_2012_Code,Manufacturing of double hung wood window units
2036700003,321910,1.0,NAICS_2012_Code,"Manufacturing of double hung wood window units, cladded"
2036700006,321910,1.0,NAICS_2012_Code,Manufacturing of other double hung wood window units
2036725000,321910,1.0,NAICS_2012_Code,Manufacturing of casement wood window units
2036725003,321910,1.0,NAICS_2012_Code,"Manufacturing of casement wood window units, cladded"
2036725006,321910,1.0,NAICS_2012_Code,Manufacturing of other casement wood window units
2036750000,321910,1.0,NAICS_2012_Code,"Manufacturing of all other wood window units, including horizontal sliding, awning and single hung"
2036750003,321910,1.0,NAICS_2012_Code,"Manufacturing of horizontal sliding wood window units, cladded"
2036750006,321910,1.0,NAICS_2012_Code,Manufacturing of other horizontal sliding wood window units
2036750009,321910,1.0,NAICS_2012_Code,"Manufacturing of all other wood window units, including awning and single hung"
2036775000,321910,1.0,NAICS_2012_Code,"Manufacturing of wood sash, excluding sash shipped in window units"
2036775003,321910,1.0,NAICS_2012_Code,"Manufacturing of knockdown and open wood sash, excluding sash shipped in window units"
2036775006,321910,1.0,NAICS_2012_Code,"Manufacturing of glazed wood sash, excluding sash shipped in window units"
2036800000,321910,1.0,NAICS_2012_Code,"Manufacturing of wood window and door frames, including door frames shipped in door units, excluding window frames shipped in window units"
2036800003,321910,1.0,NAICS_2012_Code,"Manufacturing of wood window frames, excluding window frames shipped in window units"
2036800006,321910,1.0,NAICS_2012_Code,"Manufacturing of wood door frames, including door frames shipped in door units"
2036825000,321910,1.0,NAICS_2012_Code,"Manufacturing of wood panel, flush, and molded face doors, interior and exterior, including doors with glazed sections"
2036825003,321910,1.0,NAICS_2012_Code,"Manufacturing of panel Douglas fir doors, interior and exterior, including doors with glazed sections"
2036825006,321910,1.0,NAICS_2012_Code,"Manufacturing of panel western pine doors, interior and exterior, including doors with glazed sections"
2036825009,321910,1.0,NAICS_2012_Code,"Manufacturing of other panel wood doors, interior and exterior, including doors with glazed sections"
2036825012,321910,1.0,NAICS_2012_Code,"Manufacturing of flush, hollow core, softwood faced doors, interior and exterior, including doors with glazed sections"
2036825015,321910,1.0,NAICS_2012_Code,"Manufacturing of flush, hollow core, hardwood faced doors (including lauan, birch, oak, etc.), interior and exterior, including doors with glazed sections"
2036825018,321910,1.0,NAICS_2012_Code,"Manufacturing of flush, hollow core, hardboard faced doors, interior and exterior, including doors with glazed sections"
2036825021,321910,1.0,NAICS_2012_Code,"Manufacturing of flush, hollow core, other faced doors, interior and exterior, including doors with glazed sections"
2036825024,321910,1.0,NAICS_2012_Code,"Manufacturing of flush, solid wood stave core, hardwood faced doors (including lauan, birch, oak, etc.), interior and exterior, including doors with glazed sections"
2036825027,321910,1.0,NAICS_2012_Code,"Manufacturing of flush, solid composition core, hardwood faced doors (including lauan, birch, oak, etc.), interior and exterior, including doors with glazed sections"
2036825031,321910,1.0,NAICS_2012_Code,"Manufacturing of flush, solid core, other faced doors, interior and exterior, including doors with glazed sections"
2036825033,321910,1.0,NAICS_2012_Code,"Manufacturing of molded face doors, interior and exterior, including doors with glazed sections"
2036850000,321910,1.0,NAICS_2012_Code,"Manufacturing of other wood doors, including garage, patio, bifold, cabinet, screen, storm, and louver"
2036850003,321910,1.0,NAICS_2012_Code,Manufacturing of wood garage doors
2036850006,321910,1.0,NAICS_2012_Code,Manufacturing of wood bifold doors
2036850009,321910,1.0,NAICS_2012_Code,"Manufacturing of wood patio doors, sliding"
2036850012,321910,1.0,NAICS_2012_Code,"Manufacturing of wood patio doors, swinging"
2036850015,321910,1.0,NAICS_2012_Code,Manufacturing of wood cabinet doors
2036850018,321910,1.0,NAICS_2012_Code,"Manufacturing of other wood doors, including screen, storm, and louver"
2036875000,321910,1.0,NAICS_2012_Code,Manufacturing of wood moldings
2036900000,326190,1.0,NAICS_2012_Code,"Manufacturing of plastics doors, partitions, moldings, windows and frames, and decorative trim (excluding foam, hardware, and reinforced plastics)"
2036925000,332320,1.0,NAICS_2012_Code,"Manufacturing of residential aluminum doors, including garage and closet doors (excluding shower doors, tub enclosures, and storm doors)"
2036925003,332320,1.0,NAICS_2012_Code,"Manufacturing of swinging residential aluminum doors (excluding shower doors, tub enclosures, and storm doors)"
2036925006,332320,1.0,NAICS_2012_Code,"Manufacturing of sliding residential aluminum doors (glass, patio-type) (excluding shower doors, tub enclosures, and storm doors)"
2036925009,332320,1.0,NAICS_2012_Code,"Manufacturing of all other residential aluminum doors, including garage and closet doors (excluding shower doors, tub enclosures, and storm doors)"
2036950000,332320,1.0,NAICS_2012_Code,"Manufacturing of residential iron, steel and composite doors (excluding garage doors, shower doors, tub enclosures, and storm doors)"
2036975000,332320,1.0,NAICS_2012_Code,Manufacturing of residential iron and steel garage doors
2037000000,332320,1.0,NAICS_2012_Code,"Manufacturing of swing and all other commercial, institutional, and industrial aluminum doors (excluding shower doors, tub enclosures, and storm doors)"
2037025000,332320,1.0,NAICS_2012_Code,"Manufacturing of overhead and sliding commercial and institutional aluminum doors (excluding shower doors, tub enclosures, and storm doors)"
2037050000,332320,1.0,NAICS_2012_Code,"Manufacturing of overhead, swing, and all other industrial iron and steel doors (including sliding)"
2037075000,332320,1.0,NAICS_2012_Code,"Manufacturing of overhead, sliding, swing, and all other commercial and institutional iron and steel doors (excluding shower doors, tub enclosures, and storm doors)"
2037100000,332320,1.0,NAICS_2012_Code,"Manufacturing of aluminum and steel door frames, including trim sold as an integral part of the door frame (excluding storm door frames)"
2037125000,332320,1.0,NAICS_2012_Code,"Manufacturing of shower doors and tub enclosures (all metals), and other metal doors not made of aluminum or steel"
2037150000,332320,1.0,NAICS_2012_Code,"Manufacturing of all other metal window awning, skylights, sash, and frames, including jalousie, single- and double-hung frames (excluding storm sash)"
2037175000,332320,1.0,NAICS_2012_Code,"Manufacturing of all other metal molding, trim, store fronts and curtain walls (including combination of metal)"
2037200000,332320,1.0,NAICS_2012_Code,"Manufacturing of metal combination screen, storm sash, and storm doors"
2037225000,332320,1.0,NAICS_2012_Code,Manufacturing of metal window and door screens (excluding combination) and metal weather strip
2037250000,332320,1.0,NAICS_2012_Code,"Manufacturing of steel and aluminum sheet metal awnings, canopies, carports,  patios, cornices, domes, copings, soffits, fascia, and shutters"
2037275000,327200,1.0,NAICS_2012_Code,Manufacturing of specialized glass for windows and doors
2037275003,327200,1.0,NAICS_2012_Code,Manufacturing of rolled and wire glass
2037275006,327200,1.0,NAICS_2012_Code,Manufacturing of tempered glass for construction and architectural purposes
2037275009,327200,1.0,NAICS_2012_Code,"Manufacturing of tempered glass for appliances and other uses, excluding for construction, architectural, and automotive purposes"
2037275012,327200,1.0,NAICS_2012_Code,"Manufacturing of other glass products (including laminated, multi-glazed and sealed insulating glass units, bent, enameled, stained, leaded, faceted, and colored slabs)"
2037300000,327400,1.0,NAICS_2012_Code,Manufacturing of gypsum plaster building boards and lath
2037325000,327400,1.0,NAICS_2012_Code,Manufacturing of gypsum building plasters
2037350000,327400,1.0,NAICS_2012_Code,"Manufacturing of moldings, ornamental and architectural plaster work"
2037375000,337215,1.0,NAICS_2012_Code,"Manufacturing of partitions, movable (excluding freestanding), prefabricated, assembled and knock-down, excluding office partitions"
2037375003,337215,1.0,NAICS_2012_Code,"Manufacturing of partitions (excluding custom), wood, prefabricated, assembled and knock-down"
2037375006,337215,1.0,NAICS_2012_Code,"Manufacturing of partitions, toilet, prefabricated, assembled and knock-down, excluding wood"
2037375009,337215,1.0,NAICS_2012_Code,"Manufacturing of partitions, movable (excluding freestanding), prefabricated, assembled and knock-down, excluding wood"
2037400000,327400,1.0,NAICS_2012_Code,Manufacturing of other gypsum products
2037400003,327400,1.0,NAICS_2012_Code,Manufacturing of other calcined gypsum products
2037400006,327400,1.0,NAICS_2012_Code,Manufacturing of gypsum industrial plasters
2037525000,332320,1.0,NAICS_2012_Code,Manufacturing of fabricated sheet metal flooring
2037550000,332320,1.0,NAICS_2012_Code,"Manufacturing of open iron, steel, and aluminum flooring, grating, and studs for building construction"
2037575000,321910,1.0,NAICS_2012_Code,"Manufacturing of softwood flooring, edge worked (tongued, grooved, rabbeted, etc.)"
2037600000,321910,1.0,NAICS_2012_Code,Manufacturing of oak and maple hardwood flooring
2037625000,321910,1.0,NAICS_2012_Code,Manufacturing of glued laminated hardwood truck trailer flooring and railroad car decking
2037650000,326190,1.0,NAICS_2012_Code,"Manufacturing of plastics wall and counter coverings, including wall and ceiling tile (excluding acoustical insulation ceiling tiles and foam and reinforced plastics)"
2037675000,326190,1.0,NAICS_2007_Code,Manufacturing of resilient floor coverings
2037675003,326190,1.0,NAICS_2007_Code,"Manufacturing of resilient floor covering, sheet flooring, including vinyl and rubber"
2037675006,326190,1.0,NAICS_2007_Code,"Manufacturing of resilient floor covering, tile, including vinyl, vinyl composition, plain- and adhesive-backed, no-wax, rubber, etc."
2037700000,326290,1.0,NAICS_2012_Code,"Manufacturing of rubber floormats, excluding automotive"
2037700003,326290,1.0,NAICS_2012_Code,"Manufacturing of rubber floormats, matting, and stair treads, in rolls"
2037700006,326290,1.0,NAICS_2012_Code,"Manufacturing of individual rubber floormats and matting (including stair treads), excluding automotive"
2037700009,326290,1.0,NAICS_2012_Code,"Manufacturing of other rubber floor and wall coverings (including cove base, wainscoting, etc)"
2037725000,314110,1.0,NAICS_2012_Code,"Manufacturing of carpet and rugs, woven only or woven and finished"
2037750000,314110,1.0,NAICS_2012_Code,"Manufacturing of carpet and rugs, tufted"
2037750003,314110,1.0,NAICS_2012_Code,"Manufacturing of washable scatter rugs, bathmats, and sets (6 by 9 foot and smaller), tufted only or tufted and finished"
2037750006,314110,1.0,NAICS_2012_Code,"Manufacturing of hard-backed nonwashable accent and area rugs (6 by 9 foot and smaller), tufted only or tufted and finished"
2037750009,314110,1.0,NAICS_2012_Code,"Manufacturing of room-size rugs (larger than 6 by 9 foot), tufted only or tufted and finished"
2037750012,314110,1.0,NAICS_2012_Code,"Manufacturing of roll carpet and rug goods (6 foot and larger excluding artificial grass), tufted only or tufted and finished"
2037750015,314110,1.0,NAICS_2012_Code,"Manufacturing of artificial grass for nonathletic surfaces, carpet and rugs, tufted only or tufted and finished"
2037750018,314110,1.0,NAICS_2012_Code,"Manufacturing of automobile and aircraft carpet and rugs, tufted only or tufted and finished"
2037750021,314110,1.0,NAICS_2012_Code,"Manufacturing of modular carpet and rug tile, tufted only or tufted and finished"
2037750024,314110,1.0,NAICS_2012_Code,"Manufacturing of tufted carpet and rugs, finishing only"
2037775000,314900,1.0,NAICS_2012_Code,"Manufacturing of fabricated carpet and rugs (cut, sewn, and/or bound only)"
2037775003,314900,1.0,NAICS_2012_Code,"Manufacturing of fabricated carpet and rugs, except fabricated carpet tiles"
2037775006,314900,1.0,NAICS_2012_Code,"Manufacturing of fabricated carpet tiles, tufted and needle punched"
2037825000,314110,1.0,NAICS_2012_Code,"Manufacturing of other carpet, rugs, and mats"
2037850000,326290,1.0,NAICS_2012_Code,Manufacturing of latex foam and chemically blown open cell rubber sponge for carpet and rug cushions
2037875000,326150,1.0,NAICS_2012_Code,"Manufacturing of polyurethane foam carpet underlay, carpet and rug cushions"
2037875003,326150,1.0,NAICS_2012_Code,"Manufacturing of polyurethane foam carpet underlay, carpet and rug cushions, prime"
2037875006,326150,1.0,NAICS_2012_Code,"Manufacturing of polyurethane foam carpet underlay, carpet and rug cushions, bonded"
2037900000,313200,1.0,NAICS_2012_Code,"Manufacturing of punched or needled felts (including stitch bonded and carpet and rug linings and cushions), hair and/or jute, excluding hats"
2037925000,322220,1.0,NAICS_2007_Code,"Manufacturing of wallcoverings, paper-coated, fabric-coated, or laminated, including scenic and panel decorations"
2037950000,337110,1.0,NAICS_2012_Code,"Manufacturing of wood kitchen cabinets and related cabinetwork, stock line, for permanent installation"
2037975000,337110,1.0,NAICS_2012_Code,"Manufacturing of wood custom kitchen cabinets and related cabinetwork for permanent installation, excluding those sold directly to the customer at retail"
2038000000,337110,1.0,NAICS_2012_Code,"Manufacturing of wood kitchen cabinet and counter tops, wood and plastics laminated"
2038025000,337110,1.0,NAICS_2012_Code,"Manufacturing of bathroom vanities and related cabinetwork for permanent installation, excluding those sold directly to the customer at retail"
2038050000,337110,1.0,NAICS_2012_Code,"Manufacturing of wood bathroom vanity tops, wood and plastics laminated"
2038075000,337110,1.0,NAICS_2012_Code,"Manufacturing of wood kitchen cabinets, bathroom vanities, and related cabinetwork, custom, for permanent installation, sold directly to the customer at retail"
2038100000,326120,1.0,NAICS_2012_Code,"Manufacturing of plastics drain, waste, and vent pipe"
2038100003,326120,1.0,NAICS_2012_Code,"Manufacturing of plastics drain, waste, and vent pipe, PVC"
2038100006,326120,1.0,NAICS_2012_Code,"Manufacturing of plastics drain, waste, and vent pipe, ABS"
2038100009,326120,1.0,NAICS_2012_Code,"Manufacturing of plastics drain, waste, and vent pipe, other"
2038125000,326120,1.0,NAICS_2012_Code,Manufacturing of plastics water pipe
2038125003,326120,1.0,NAICS_2012_Code,"Manufacturing of plastics water pipe, PVC (pressure pipe) Schedule 40"
2038125006,326120,1.0,NAICS_2012_Code,"Manufacturing of plastics water pipe, CPVC CTS"
2038125009,326120,1.0,NAICS_2012_Code,"Manufacturing of plastics water pipe, PE (polyethylene pressure pipe)"
2038125012,326120,1.0,NAICS_2012_Code,"Manufacturing of plastics water pipe, PEX (crosslinked polyethylene)"
2038125015,326120,1.0,NAICS_2012_Code,"Manufacturing of plastics water pipe, other"
2038150000,326120,1.0,NAICS_2012_Code,"Manufacturing of plastics industrial and mining pipe (including chemical processing, food processing)"
2038150003,326120,1.0,NAICS_2012_Code,"Manufacturing of plastics industrial and mining pipe (including chemical processing, food processing), PVC (pressure pipe) Schedule 80"
2038150006,326120,1.0,NAICS_2012_Code,"Manufacturing of plastics industrial and mining pipe (including chemical processing, food processing), CPVC Schedule 80"
2038150009,326120,1.0,NAICS_2012_Code,"Manufacturing of plastics industrial and mining pipe (including chemical processing, food processing), fire sprinkler pipe, CPVC SDR 13.5"
2038150012,326120,1.0,NAICS_2012_Code,"Manufacturing of plastics industrial and mining pipe (including chemical processing, food processing), all other"
2038175000,326120,1.0,NAICS_2012_Code,Manufacturing of plastics oil and gas pipe
2038200000,326120,1.0,NAICS_2012_Code,Manufacturing of other plastics pipe
2038200003,326120,1.0,NAICS_2012_Code,Manufacturing of fiberglass piping
2038200006,326120,1.0,NAICS_2012_Code,Manufacturing of other plastics pipe
2038225000,326120,1.0,NAICS_2012_Code,Manufacturing of plastics pipe fittings and unions
2038225003,326120,1.0,NAICS_2012_Code,Manufacturing of PVC pipe fittings
2038225006,326120,1.0,NAICS_2012_Code,Manufacturing of CPVC pipe fittings
2038225009,326120,1.0,NAICS_2012_Code,Manufacturing of ABS pipe fittings
2038225012,326120,1.0,NAICS_2012_Code,Manufacturing of PE (polyethylene) pipe fittings
2038225015,326120,1.0,NAICS_2012_Code,Manufacturing of PEX (crosslinked polyethylene) or composite pipe fittings
2038225018,326120,1.0,NAICS_2012_Code,Manufacturing of all other plastics pipe fittings and unions
2038250000,331420,1.0,NAICS_2007_Code,Manufacturing of copper and copper-base alloy plumbing pipe and tube
2038275000,332996,1.0,NAICS_2012_Code,Manufacturing of fabricated iron and steel pipe and all other nonferrous fabricated pipe and pipe fittings
2038300000,33291A,1.0,NAICS_2012_Code,"Manufacturing of metal fittings, flanges, and unions for piping systems (iron, copper, copper alloy brass and bronze)"
2038325000,33291A,1.0,NAICS_2012_Code,"Manufacturing of cast and forged carbon, alloy, stainless steel, and other metal fittings, flanges, and unions"
2038325003,33291A,1.0,NAICS_2012_Code,Manufacturing of fire hose nozzles
2038325006,33291A,1.0,NAICS_2012_Code,"Manufacturing of all other cast and forged carbon, alloy, stainless steel, and other metal fittings, flanges, and unions, excluding fire hose nozzles and lawn sprinklers"
2038350000,33291A,1.0,NAICS_2012_Code,"Manufacturing of metal plumbing and heating valves, including specialties and parts"
2038375000,326190,1.0,NAICS_2012_Code,"Manufacturing of plastics plumbing fixtures, lavoratories, bathtubs (including wall surrounds when sold as units), shower stalls, hot tubs, spas, whirlpools, sinks, bidets, etc. made of fiberglass (FRP), PVC, ABS, and cultured marble"
2038400000,327100,1.0,NAICS_2007_Code,"Manufacturing of vitreous plumbing fixtures, vitreous china lavatories, and flush tanks, including all other plumbing accessories and earthenware"
2038425000,332999,1.0,NAICS_2007_Code,"Manufacturing of enameled iron and metal plumbing fixtures, including portable chemical toilets, water closet tanks, etc."
2038450000,332913,1.0,NAICS_2012_Code,"Manufacturing of metallic and nonmetallic single lever plumbing fixture controls, two- and three-handle bath and shower fittings, and antiscald bath or shower valves"
2038475000,332913,1.0,NAICS_2012_Code,"Manufacturing of metallic and nonmetallic lavatory and sink fittings (excluding single control), including drains and overflows"
2038500000,332913,1.0,NAICS_2012_Code,"Manufacturing of miscellaneous metallic and nonmetallic plumbing fixtures, fittings, and trim"
2038525000,333414,1.0,NAICS_2012_Code,"Manufacturing of cast iron, aluminum, and other nonferrous metal types of boilers, radiators, and convectors, including baseboard, finned tube, residential, and special types (excluding electric, automotive, and parts)"
2038550000,333414,1.0,NAICS_2012_Code,"Manufacturing of steel heating boilers (15 psi or less), and all other hot water heating boilers (excluding parts)"
2038575000,333415,1.0,NAICS_2012_Code,"Manufacturing of warm air furnaces, including duct furnaces and humidifiers, and electric comfort heating"
2038575003,333415,1.0,NAICS_2012_Code,"Manufacturing of warm air furnaces and humidifiers, oil, forced air, 150,000 Btuh bonnet output and under"
2038575006,333415,1.0,NAICS_2012_Code,"Manufacturing of warm air furnaces and humidifiers, oil, forced air, 150,001 Btuh bonnet output and over"
2038575009,333415,1.0,NAICS_2012_Code,"Manufacturing of warm air furnaces and humidifiers,  gas, forced air, 150,000 Btuh bonnet output and under"
2038575012,333415,1.0,NAICS_2012_Code,"Manufacturing of warm air furnaces and humidifiers,  gas, forced air, 150,001 Btuh bonnet output and over"
2038575015,333415,1.0,NAICS_2012_Code,Manufacturing of all other electric warm air furnaces
2038575018,333415,1.0,NAICS_2012_Code,"Manufacturing of humidifiers (attachments to warm air furnaces), all types, including central systems and self-contained (excluding portable humidifiers)"
2038600000,333415,1.0,NAICS_2012_Code,"Manufacturing of parts for warm air furnaces, including duct furnaces (excluding complete humidifiers)"
2038625000,333414,1.0,NAICS_2012_Code,"Manufacturing of floor and wall furnaces, unit heaters, gas-fired infrared heaters, and mechanical stokers"
2038625003,333414,1.0,NAICS_2012_Code,Manufacturing of floor and wall furnaces (gas and oil)
2038625006,333414,1.0,NAICS_2012_Code,"Manufacturing of gas-fired unit heaters, 400,000 Btu per hour or less"
2038625009,333414,1.0,NAICS_2012_Code,"Manufacturing of steam and hot water heating element, centrifugal fan-type (blower) and propeller fan-type unit heaters (excluding electric)"
2038625012,333414,1.0,NAICS_2012_Code,Manufacturing of gas-fired infrared heaters
2038625015,333414,1.0,NAICS_2012_Code,"Manufacturing of parts for floor and wall furnaces, unit heaters, gas-fired infrared heaters, and mechanical stokers"
2038650000,333414,1.0,NAICS_2012_Code,"Manufacturing of other heating system products, excluding industrial types (including parts for nonelectric heating equipment and oil burners)"
2038650003,333414,1.0,NAICS_2012_Code,Manufacturing of oil burners
2038650006,333414,1.0,NAICS_2012_Code,Manufacturing of parts and attachments for oil burners
2038650009,333414,1.0,NAICS_2012_Code,"Manufacturing of gas burners and gas conversion burners (including parts), 400,000 Btu per hour or less"
2038650012,333414,1.0,NAICS_2012_Code,"Manufacturing of gas burners and gas conversion burners (including parts), 400,001 Btu per hour or more"
2038650015,333414,1.0,NAICS_2012_Code,Manufacturing of parts and attachments for gas burners
2038650018,333414,1.0,NAICS_2012_Code,Manufacturing of heating unit ventilators (excluding electric)
2038650021,333414,1.0,NAICS_2012_Code,Manufacturing of solar energy collectors (water or air)
2038650024,333414,1.0,NAICS_2012_Code,Manufacturing of wall and baseboard heating units for permanent installation
2038650027,333414,1.0,NAICS_2012_Code,"Manufacturing of parts, accessories, and attachments for wall and baseboard heating units"
2038650031,333414,1.0,NAICS_2012_Code,"Manufacturing of other heating system products, boilers, expansion tanks, mechanical stokers, nonelectric prefabricated metal fireplaces, electric swimming pool heaters, and direct-fired water heater tanks (including parts)"
2038675000,332320,1.0,NAICS_2012_Code,"Manufacturing of sheet metal air-conditioning ducts (including dust collection ducts), stove pipe, furnace smoke pipe, and elbows"
2038700000,332320,1.0,NAICS_2012_Code,"Manufacturing of sheet metal roof ventilators, louvers, and dampers for heating, ventilation, and air conditioning"
2038700003,332320,1.0,NAICS_2012_Code,Manufacturing of steel and aluminum sheet metal roof ventilators
2038700006,332320,1.0,NAICS_2012_Code,"Manufacturing of steel sheet metal work for heating, ventilation, and air conditioning"
2038700009,332320,1.0,NAICS_2012_Code,"Manufacturing of aluminum sheet metal work for heating, ventilation, and air conditioning"
2038725000,332320,1.0,NAICS_2012_Code,Manufacturing of steel restaurant and hotel kitchen sheet metal equipment
2038750000,332320,1.0,NAICS_2012_Code,Manufacturing of aluminum and other sheet metal work
2038750003,332320,1.0,NAICS_2012_Code,Manufacturing of other steel sheet metal work
2038750006,332320,1.0,NAICS_2012_Code,Manufacturing of other aluminum sheet metal work
2038750009,332320,1.0,NAICS_2012_Code,Manufacturing of  aluminum restaurant and hotel kitchen sheet metal equipment
2038750012,332320,1.0,NAICS_2012_Code,Manufacturing of other sheet metal work (metals other than steel and aluminum)
2038775000,333413,1.0,NAICS_2007_Code,Manufacturing of power roof ventilators and parts
2038775003,333413,1.0,NAICS_2007_Code,"Manufacturing of axial- and propeller-type power roof ventilators, excluding parts"
2038775006,333413,1.0,NAICS_2007_Code,"Manufacturing of centrifugal-type power roof ventilators, excluding parts"
2038775009,333413,1.0,NAICS_2007_Code,Manufacturing of parts for power roof ventilators
2038800000,333413,1.0,NAICS_2007_Code,"Manufacturing of centrifugal blower-filter units, and classes I-IV centrifugal fans, excluding parts"
2038800003,333413,1.0,NAICS_2007_Code,Manufacturing of centrifugal classes I and II fans (more than 1 1/2 in. to 6 3/4 in. maximum total pressure)
2038800006,333413,1.0,NAICS_2007_Code,Manufacturing of centrifugal classes III and IV fans (more than 6 3/4 in. maximum total pressure)
2038800009,333413,1.0,NAICS_2007_Code,Manufacturing of centrifugal blower-filter units
2038825000,333415,1.0,NAICS_2012_Code,"Manufacturing of unitary air conditioners, excluding air source heat pumps"
2038825003,333415,1.0,NAICS_2012_Code,"Manufacturing of single package air conditioners, with or without evaporator fans (including refrigeration chassis and remote-condenser-type), horizontal, under 27,000 Btuh"
2038825006,333415,1.0,NAICS_2012_Code,"Manufacturing of single package air conditioners, with or without evaporator fans (including refrigeration chassis and remote-condenser-type), horizontal, 27,000 to 32,999 Btuh"
2038825009,333415,1.0,NAICS_2012_Code,"Manufacturing of single package air conditioners, with or without evaporator fans (including refrigeration chassis and remote-condenser-type), horizontal, 33,000 to 53,999 Btuh"
2038825012,333415,1.0,NAICS_2012_Code,"Manufacturing of single package air conditioners, with or without evaporator fans (including refrigeration chassis and remote-condenser-type), horizontal, 54,000 to 64,999 Btuh"
2038825015,333415,1.0,NAICS_2012_Code,"Manufacturing of single package air conditioners, with or without evaporator fans (including refrigeration chassis and remote-condenser-type), horizontal, 65,000 to 96,999 Btuh"
2038825018,333415,1.0,NAICS_2012_Code,"Manufacturing of single package air conditioners, with or without evaporator fans (including refrigeration chassis and remote-condenser-type), horizontal, 97,000 to 134,999 Btuh"
2038825021,333415,1.0,NAICS_2012_Code,"Manufacturing of single package air conditioners, with or without evaporator fans (including refrigeration chassis and remote-condenser-type), horizontal, 135,000 to 184,999  Btuh"
2038825024,333415,1.0,NAICS_2012_Code,"Manufacturing of single package air conditioners, with or without evaporator fans (including refrigeration chassis and remote-condenser-type), horizontal, 185,000 to 249,999  Btuh"
2038825027,333415,1.0,NAICS_2012_Code,"Manufacturing of single package air conditioners, with or without evaporator fans (including refrigeration chassis and remote-condenser-type),horizontal, 250,000 to 319,999 Btuh"
2038825031,333415,1.0,NAICS_2012_Code,"Manufacturing of single package air conditioners, with or without evaporator fans (including refrigeration chassis and remote-condenser-type),horizontal, 320,000 to 379,999  Btuh"
2038825033,333415,1.0,NAICS_2012_Code,"Manufacturing of single package air conditioners, with or without evaporator fans (including refrigeration chassis and remote-condenser-type),horizontal, 380,000 Btuh and over"
2038825036,333415,1.0,NAICS_2012_Code,"Manufacturing of single package air conditioners, with or without evaporator fans (including refrigeration chassis and remote-condenser-type), other than horizontal, 96,999 Btuh and over"
2038825039,333415,1.0,NAICS_2012_Code,"Manufacturing of year-round air conditioners, single package and remote-condenser types (excluding heat pumps), under 33,000 Btuh"
2038825042,333415,1.0,NAICS_2012_Code,"Manufacturing of year-round air conditioners, single package and remote-condenser types (excluding heat pumps), 33,000 to 38,999 Btuh"
2038825045,333415,1.0,NAICS_2012_Code,"Manufacturing of year-round air conditioners, single package and remote-condenser types (excluding heat pumps), 39,000 to 43,999 Btuh"
2038825048,333415,1.0,NAICS_2012_Code,"Manufacturing of year-round air conditioners, single package and remote-condenser types (excluding heat pumps), 44,000 to 53,999 Btuh"
2038825051,333415,1.0,NAICS_2012_Code,"Manufacturing of year-round air conditioners, single package and remote-condenser types (excluding heat pumps), 54,000 to 64,999 Btuh"
2038825054,333415,1.0,NAICS_2012_Code,"Manufacturing of year-round air conditioners, single package and remote-condenser types (excluding heat pumps), 65,000 to 134,999 Btuh"
2038825057,333415,1.0,NAICS_2012_Code,"Manufacturing of year-round air conditioners, single package and remote-condenser types (excluding heat pumps), 135,000 to 184,999 Btuh"
2038825061,333415,1.0,NAICS_2012_Code,"Manufacturing of year-round air conditioners, single package and remote-condenser types (excluding heat pumps), 185,000 to 249,999 Btuh"
2038825063,333415,1.0,NAICS_2012_Code,"Manufacturing of year-round air conditioners, single package and remote-condenser types (excluding heat pumps), 250,000 to 319,999 Btuh"
2038825066,333415,1.0,NAICS_2012_Code,"Manufacturing of year-round air conditioners, single package and remote-condenser types (excluding heat pumps), 320,000 to 379,999 Btuh"
2038825069,333415,1.0,NAICS_2012_Code,"Manufacturing of year-round air conditioners, single package and remote-condenser types (excluding heat pumps), 380,000 to 539,999 Btuh"
2038825072,333415,1.0,NAICS_2012_Code,"Manufacturing of year-round air conditioners, single package and remote-condenser types (excluding heat pumps), 540,000 to 639,999 Btuh"
2038825075,333415,1.0,NAICS_2012_Code,"Manufacturing of year-round air conditioners, single package and remote-condenser types (excluding heat pumps), 640,000 Btuh and over"
2038825078,333415,1.0,NAICS_2012_Code,Manufacturing of water source heat pumps (excluding room air conditioners)
2038825081,333415,1.0,NAICS_2012_Code,"Manufacturing of split system air-conditioning condensing units, under 22,000 Btuh"
2038825084,333415,1.0,NAICS_2012_Code,"Manufacturing of split system air-conditioning condensing units, 22,000 to 26,999 Btuh"
2038825087,333415,1.0,NAICS_2012_Code,"Manufacturing of split system air-conditioning condensing units, 27,000 to 32,999 Btuh"
2038825091,333415,1.0,NAICS_2012_Code,"Manufacturing of split system air-conditioning condensing units, 33,000 to 38,999 Btuh"
2038825093,333415,1.0,NAICS_2012_Code,"Manufacturing of split system air-conditioning condensing units, 39,000 to 43,999 Btuh"
2038825096,333415,1.0,NAICS_2012_Code,"Manufacturing of split system air-conditioning condensing units, 44,000 to 53,999 Btuh"
2038825099,333415,1.0,NAICS_2012_Code,"Manufacturing of split system air-conditioning condensing units, 54,000 to 64,999 Btuh"
2038825102,333415,1.0,NAICS_2012_Code,"Manufacturing of split system air-conditioning condensing units, 65,000 to 96,999 Btuh"
2038825105,333415,1.0,NAICS_2012_Code,"Manufacturing of split system air-conditioning condensing units, 97,000 to 134,999 Btuh"
2038825108,333415,1.0,NAICS_2012_Code,"Manufacturing of split system air-conditioning condensing units, 135,000 to 184,999 Btuh"
2038825111,333415,1.0,NAICS_2012_Code,"Manufacturing of split system air-conditioning condensing units, 185,000 to 249,999 Btuh"
2038825114,333415,1.0,NAICS_2012_Code,"Manufacturing of split system air-conditioning condensing units, 250,000 to 319,999 Btuh"
2038825117,333415,1.0,NAICS_2012_Code,"Manufacturing of split system air-conditioning condensing units, 320,000 to 379,999 Btuh"
2038825121,333415,1.0,NAICS_2012_Code,"Manufacturing of split system air-conditioning condensing units, 380,000 to 539,999 Btuh"
2038825123,333415,1.0,NAICS_2012_Code,"Manufacturing of split system air-conditioning condensing units, 540,000 and over"
2038825126,333415,1.0,NAICS_2012_Code,"Manufacturing of split system air-conditioning condensing coils, with blower"
2038825129,333415,1.0,NAICS_2012_Code,"Manufacturing of split system air-conditioning condensing coils, without blower"
2038825132,333415,1.0,NAICS_2012_Code,"Manufacturing of other unitary air conditioners, including recreational vehicle types, excluding any source of heat pumps"
2038850000,333415,1.0,NAICS_2012_Code,"Manufacturing of air-source heat pumps, excluding room air conditioners"
2038850003,333415,1.0,NAICS_2012_Code,"Manufacturing of air-source heat pumps (excluding room air conditioners), single package, under 27,000 Btuh"
2038850006,333415,1.0,NAICS_2012_Code,"Manufacturing of air-source heat pumps (excluding room air conditioners), single package, 27,000 to 41,999 Btuh"
2038850009,333415,1.0,NAICS_2012_Code,"Manufacturing of air-source heat pumps (excluding room air conditioners), single package, 42,000 to 64,999 Btuh"
2038850012,333415,1.0,NAICS_2012_Code,"Manufacturing of air-source heat pumps (excluding room air conditioners), single package, 65,000 Btuh and over"
2038850015,333415,1.0,NAICS_2012_Code,"Manufacturing of air-source heat pumps (excluding room air conditioners), split system, under 27,000 Btuh"
2038850018,333415,1.0,NAICS_2012_Code,"Manufacturing of air-source heat pumps (excluding room air conditioners), split system, 27,000 to 41,999 Btuh"
2038850021,333415,1.0,NAICS_2012_Code,"Manufacturing of air-source heat pumps (excluding room air conditioners), split system, 42,000 to 64,999 Btuh"
2038850024,333415,1.0,NAICS_2012_Code,"Manufacturing of air-source heat pumps (excluding room air conditioners), split system, 65,000 Btuh and over"
2038875000,333415,1.0,NAICS_2012_Code,Manufacturing of ground- and ground-water-source heat pumps
2038900000,333415,1.0,NAICS_2012_Code,"Manufacturing of refrigeration condensing units, all refrigerants, excluding ammonia (complete)"
2038900003,333415,1.0,NAICS_2012_Code,"Manufacturing of condensing units, refrigeration (complete), air-cooled hermetic-type, 1 hp and under, excluding ammonia (complete)"
2038900006,333415,1.0,NAICS_2012_Code,"Manufacturing of condensing units, refrigeration (complete), air-cooled hermetic-type, 1.5 hp, excluding ammonia (complete)"
2038900009,333415,1.0,NAICS_2012_Code,"Manufacturing of condensing units, refrigeration (complete), air-cooled hermetic-type, 2 hp and 2.5 hp, excluding ammonia (complete)"
2038900012,333415,1.0,NAICS_2012_Code,"Manufacturing of condensing units, refrigeration (complete), air-cooled hermetic-type, 3 hp, excluding ammonia (complete)"
2038900015,333415,1.0,NAICS_2012_Code,"Manufacturing of condensing units, refrigeration (complete), air-cooled hermetic-type, over 3 hp but under 15 hp, excluding ammonia (complete)"
2038900018,333415,1.0,NAICS_2012_Code,"Manufacturing of condensing units, refrigeration (complete), water-cooled hermetic-type, under 15 hp, excluding ammonia (complete)"
2038900021,333415,1.0,NAICS_2012_Code,"Manufacturing of condensing units, refrigeration (complete), water- or air-cooled hermetic-type, 15 hp, excluding ammonia (complete)"
2038900024,333415,1.0,NAICS_2012_Code,"Manufacturing of condensing units, refrigeration (complete), water- or air-cooled hermetic-type, 20 hp, excluding ammonia (complete)"
2038900027,333415,1.0,NAICS_2012_Code,"Manufacturing of condensing units, refrigeration (complete), water- or air-cooled hermetic-type, 25 hp, excluding ammonia (complete)"
2038900031,333415,1.0,NAICS_2012_Code,"Manufacturing of condensing units, refrigeration (complete), water- or air-cooled hermetic-type, 30 hp, excluding ammonia (complete)"
2038900033,333415,1.0,NAICS_2012_Code,"Manufacturing of condensing units, refrigeration (complete), water- or air-cooled hermetic-type, 40 hp and over, excluding ammonia (complete)"
2038900036,333415,1.0,NAICS_2012_Code,"Manufacturing of condensing units, refrigeration (complete), water- or air-cooled open-type (all sizes), excluding ammonia (complete)"
2038900039,333415,1.0,NAICS_2012_Code,"Manufacturing of other refrigeration condensing units (complete), excluding ammonia (complete)"
2038925000,333415,1.0,NAICS_2012_Code,Manufacturing of evaporative air coolers
2038950000,333415,1.0,NAICS_2012_Code,"Manufacturing of compressors and compressor units, all refrigerants, excluding automotives"
2038950003,333415,1.0,NAICS_2012_Code,"Manufacturing of compressors and compressor units, all refrigerants (excluding ammonia), hermetic-type motor compressors, under 10 hp, excluding automotive"
2038950006,333415,1.0,NAICS_2012_Code,"Manufacturing of compressors and compressor units, all refrigerants (excluding ammonia), hermetic-type motor compressors, 15 hp, excluding automotive"
2038950009,333415,1.0,NAICS_2012_Code,"Manufacturing of compressors and compressor units, all refrigerants (excluding ammonia), hermetic-type motor compressors, 20 hp, excluding automotive"
2038950012,333415,1.0,NAICS_2012_Code,"Manufacturing of compressors and compressor units, all refrigerants (excluding ammonia), hermetic-type motor compressors, 25 hp, excluding automotive"
2038950015,333415,1.0,NAICS_2012_Code,"Manufacturing of compressors and compressor units, all refrigerants (excluding ammonia), hermetic-type motor compressors, 30 hp, excluding automotive"
2038950018,333415,1.0,NAICS_2012_Code,"Manufacturing of compressors and compressor units, all refrigerants (excluding ammonia), hermetic-type motor compressors, 40 hp, excluding automotive"
2038950021,333415,1.0,NAICS_2012_Code,"Manufacturing of other compressors and compressor units, all refrigerants (excluding ammonia), including open- and screw-type, excluding automotive"
2038950024,333415,1.0,NAICS_2012_Code,"Manufacturing of compressors and compressor units, ammonia refrigerants (all types), excluding automotive"
2038975000,333415,1.0,NAICS_2012_Code,"Manufacturing of parts for air conditioners, heat pumps, and other cooling equipment"
2038975003,333415,1.0,NAICS_2012_Code,"Manufacturing of parts for heat transfer equipment, including air-conditioning condensing units"
2038975006,333415,1.0,NAICS_2012_Code,Manufacturing of parts for unitary air conditioners
2038975009,333415,1.0,NAICS_2012_Code,Manufacturing of parts for commercial refrigeration and related equipment
2038975012,333415,1.0,NAICS_2012_Code,Manufacturing of parts for compressors and compressor units
2038975015,333415,1.0,NAICS_2012_Code,"Manufacturing of parts for condensing units, excluding air-conditioning condensing units"
2039000000,333413,1.0,NAICS_2007_Code,"Manufacturing of air filters for air conditioners and furnaces, etc., of 2400 CFM or less, excluding parts"
2039025000,333415,1.0,NAICS_2012_Code,Manufacturing of all other miscellaneous parts for refrigeration and air-conditioning equipment
2039025003,333415,1.0,NAICS_2012_Code,Manufacturing of all other miscellaneous parts for refrigeration equipment
2039025006,333415,1.0,NAICS_2012_Code,Manufacturing of all other miscellaneous parts for air-conditioning equipment
2039050000,333413,1.0,NAICS_2007_Code,Manufacturing of parts for dust collection and air purification equipment
2039075000,332320,1.0,NAICS_2012_Code,"Manufacturing of iron and steel warm air and air-conditioning grills, registers, and air diffusers"
2039100000,332320,1.0,NAICS_2012_Code,"Manufacturing of other grills, including open mesh partitions"
2039125000,33131B,1.0,NAICS_2007_Code,"Manufacturing of aluminum and aluminum-base alloy wire and cable (excluding covered or insulated), including ACSR"
2039150000,327200,0.5,NAICS_2012_Code,"Manufacturing of fiber optic cable, for communications applications"
2039150000,335920,0.5,NAICS_2012_Code,"Manufacturing of fiber optic cable, for communications applications"
2039150003,335920,1.0,NAICS_2012_Code,"Manufacturing of fiber optic cable, for communications applications, single-mode stepped index"
2039150006,335920,1.0,NAICS_2012_Code,"Manufacturing of fiber optic cable, for communications applications, multimode index"
2039175000,327200,0.5,NAICS_2012_Code,"Manufacturing of fiber optic cable, for all other applications"
2039175000,335920,0.5,NAICS_2012_Code,"Manufacturing of fiber optic cable, for all other applications"
2039225000,335920,1.0,NAICS_2012_Code,"Manufacturing of telecom (low-voltage premise) wire and cable, made of nonferrous metals"
2039225003,335920,1.0,NAICS_2012_Code,Manufacturing of station wire and cable
2039225006,335920,1.0,NAICS_2012_Code,Manufacturing of inside wiring cable
2039250000,335920,1.0,NAICS_2012_Code,"Manufacturing of building wire and cable, made of nonferrous metals, 601 volts or less, used within structures for light and power for permanent installation"
2039250003,335920,1.0,NAICS_2012_Code,"Manufacturing of building wire and cable, thermoset insulated, cross-linked polyethylene"
2039250006,335920,1.0,NAICS_2012_Code,"Manufacturing of building wire and cable, thermoplastic insulated"
2039250009,335920,1.0,NAICS_2012_Code,"Manufacturing of service entrance cable (SER, SEU, ASE)"
2039250012,335920,1.0,NAICS_2012_Code,"Manufacturing of building wire and cable, nonmetallic, branch-circuit and underground feeder"
2039275000,335920,1.0,NAICS_2012_Code,"Manufacturing of power wire and cable, made from nonferrous metals for electric transmission and distribution"
2039275003,335920,1.0,NAICS_2012_Code,"Manufacturing of portable welding cable, plastic and rubber insulated, 2 kV or less"
2039275006,335920,1.0,NAICS_2012_Code,"Manufacturing of underground distribution cable (UD, URD), all insulations"
2039275009,335920,1.0,NAICS_2012_Code,"Manufacturing of thermoplastic insulated power cable, 2 kV or less (excluding underground)"
2039275012,335920,1.0,NAICS_2012_Code,Manufacturing of thermoset insulated power cable (excluding underground)
2039300000,335930,1.0,NAICS_2012_Code,"Manufacturing of current-carrying wiring devices, lampholders, power outlets, precious metal, attachments, plug caps, connector bodies, lightning arrestors, and other miscellaneous current-carrying wiring devices"
2039300003,335930,1.0,NAICS_2012_Code,"Manufacturing of current-carrying wiring devices, lampholders"
2039300006,335930,1.0,NAICS_2012_Code,"Manufacturing of current-carrying wiring devices, receptacles"
2039300009,335930,1.0,NAICS_2012_Code,"Manufacturing of current-carrying wiring devices, metal contacts, precious and other"
2039300012,335930,1.0,NAICS_2012_Code,"Manufacturing of current-carrying wiring devices, pin and sleeve connectors"
2039300015,335930,1.0,NAICS_2012_Code,"Manufacturing of current-carrying wiring devices, terminal blocks"
2039300018,335930,1.0,NAICS_2012_Code,"Manufacturing of current-carrying wiring devices, lightning arrestors for alternating current power transmission and distribution systems and substations, U.S. designation"
2039300021,335930,1.0,NAICS_2012_Code,"Manufacturing of current-carrying wiring devices, electric harnesses and assemblies, excluding engine harnesses"
2039325000,335930,1.0,NAICS_2012_Code,Manufacturing of current-carrying switches for electrical circuitry (including vehicular switches)
2039325003,335930,1.0,NAICS_2012_Code,Manufacturing of general-use flush-mounted switches
2039325006,335930,1.0,NAICS_2012_Code,Manufacturing of special-purpose switches
2039350000,335930,1.0,NAICS_2012_Code,Manufacturing of noncurrent-carrying pole and transmission line hardware
2039350003,335930,1.0,NAICS_2012_Code,"Manufacturing of pole and transmission line construction materials, overhead/underground line hardware"
2039350006,335930,1.0,NAICS_2012_Code,"Manufacturing of other pole and transmission line hardware, including anchors"
2039375000,335930,1.0,NAICS_2012_Code,"Manufacturing of noncurrent-carrying electrical conduit and conduit fittings, including plastics conduit and conduit fittings"
2039375003,335930,1.0,NAICS_2012_Code,Manufacturing of rigid metallic conduit
2039375006,335930,1.0,NAICS_2012_Code,"Manufacturing of noncurrent-carrying electrical conduit and conduit fittings, nonmetallic"
2039375009,335930,1.0,NAICS_2012_Code,Manufacturing of electrical metallic tubing
2039375012,335930,1.0,NAICS_2012_Code,Manufacturing of flexible steel and aluminum conduit
2039375015,335930,1.0,NAICS_2012_Code,Manufacturing of flexible nonmetallic conduit
2039375018,335930,1.0,NAICS_2012_Code,"Manufacturing of raceways and wire ways, including fittings, metal"
2039375021,335930,1.0,NAICS_2012_Code,Manufacturing of ventilated cable tray and accessories
2039375024,335930,1.0,NAICS_2012_Code,"Manufacturing of couplings, connectors, and unions"
2039375027,335930,1.0,NAICS_2012_Code,Manufacturing of locknuts and bushings
2039375031,335930,1.0,NAICS_2012_Code,Manufacturing of all other rigid conduit fittings
2039375033,335930,1.0,NAICS_2012_Code,"Manufacturing of armored cable, metallic sheathed cable, and flexible conduit fittings"
2039375036,335930,1.0,NAICS_2012_Code,Manufacturing of liquid-tight flexible conduit fittings
2039375039,335930,1.0,NAICS_2012_Code,Manufacturing of nonmetallic sheathed cable and cord fittings
2039375042,335930,1.0,NAICS_2012_Code,"Manufacturing of other cable, cord, and flexible conduit fittings"
2039400000,335930,1.0,NAICS_2012_Code,"Manufacturing of other noncurrent-carrying wiring devices and supplies (boxes, covers, bar hangers, etc.)"
2039400003,335930,1.0,NAICS_2012_Code,Manufacturing of stamped metal outlet boxes
2039400006,335930,1.0,NAICS_2012_Code,Manufacturing of stamped metal covers
2039400009,335930,1.0,NAICS_2012_Code,"Manufacturing of cast metal boxes, covers, gaskets, and accessories"
2039400012,335930,1.0,NAICS_2012_Code,"Manufacturing of switch, outlet, FM/TV, and telephone wall plates"
2039400015,335930,1.0,NAICS_2012_Code,"Manufacturing of plastic boxes and covers, including junction boxes"
2039400018,335930,1.0,NAICS_2012_Code,Manufacturing of floor boxes and covers
2039425000,335313,1.0,NAICS_2012_Code,"Manufacturing of low voltage panelboards and distribution boards and other switching and interrupting devices, 1000 volts or less"
2039425003,335313,1.0,NAICS_2012_Code,"Manufacturing of circuit breaker panelboards, 1000 volts or less"
2039425006,335313,1.0,NAICS_2012_Code,"Manufacturing of fusible panelboards, including combination switch fuse, 1000 volts or less"
2039425009,335313,1.0,NAICS_2012_Code,"Manufacturing of fusible distribution switchboards, 1000 volts or less"
2039425012,335313,1.0,NAICS_2012_Code,"Manufacturing of circuit breaker distribution switchboards, 1000 volts or less"
2039425015,335313,1.0,NAICS_2012_Code,"Manufacturing of heavy-duty knife switches, 1000 volts or less"
2039425018,335313,1.0,NAICS_2012_Code,"Manufacturing of circuit-breaker-type knife switches, 1000 volts or less"
2039425021,335313,1.0,NAICS_2012_Code,"Manufacturing of other knife switches, 1000 volts or less"
2039425024,335313,1.0,NAICS_2012_Code,"Manufacturing of other switches, 1000 volts or less"
2039425027,335313,1.0,NAICS_2012_Code,"Manufacturing of other low voltage switchgear apparatus, 1000 volts or less"
2039450000,335313,1.0,NAICS_2012_Code,"Manufacturing of molded case circuit breakers, 1000 volts or less"
2039475000,335313,1.0,NAICS_2012_Code,"Manufacturing of duct, including plug-in units and accessories, 1000 volts or less"
2039500000,335930,1.0,NAICS_2012_Code,Manufacturing of current-carrying wire connectors for electrical circuitry
2039500003,335930,1.0,NAICS_2012_Code,Manufacturing of pressure connectors
2039500006,335930,1.0,NAICS_2012_Code,Manufacturing of compression connectors
2039500009,335930,1.0,NAICS_2012_Code,"Manufacturing of preinsulated terminals and splicers, tool-installed"
2039500012,335930,1.0,NAICS_2012_Code,"Manufacturing of banded or strip terminals and splicers, machine-installed"
2039525000,334290,1.0,NAICS_2012_Code,"Manufacturing of alarm systems, including electric sirens and horns"
2039525003,334290,1.0,NAICS_2012_Code,Manufacturing of intrusion detection alarm systems
2039525006,334290,1.0,NAICS_2012_Code,Manufacturing of fire detection and prevention alarm systems
2039525009,334290,1.0,NAICS_2012_Code,Manufacturing of other alarm systems
2039550000,334290,1.0,NAICS_2012_Code,"Manufacturing of vehicular and pedestrian traffic control equipment, including electric railway signals and attachments"
2039575000,334512,1.0,NAICS_2012_Code,"Manufacturing of automatic environmental controls for monitoring residential, commercial, and appliance use"
2039575003,334512,1.0,NAICS_2012_Code,"Manufacturing of automatic environmental controls, temperature responsive, thermostats"
2039575006,334512,1.0,NAICS_2012_Code,"Manufacturing of automatic environmental controls, igniters"
2039575009,334512,1.0,NAICS_2012_Code,Manufacturing of computerized energy control systems for buildings
2039575012,334512,1.0,NAICS_2012_Code,Manufacturing of other automatic environmental controls
2039575015,334512,1.0,NAICS_2012_Code,Manufacturing of temperature responsive controls for major appliances
2039575018,334512,1.0,NAICS_2012_Code,Manufacturing of all other controls for major appliances
2039575021,334512,1.0,NAICS_2012_Code,Manufacturing of parts and components of controls for monitoring residential and commercial environments
2039600000,335120,1.0,NAICS_2012_Code,"Manufacturing of residential-type electric lighting fixtures (excluding portable), including parts and accessories"
2039625000,335120,1.0,NAICS_2012_Code,"Manufacturing of commercial- and institutional-type electric lighting fixtures, including parts and accessories"
2039650000,335120,1.0,NAICS_2012_Code,"Manufacturing of industrial-type electric lighting fixtures, including parts and accessories"
2039675000,335120,1.0,NAICS_2012_Code,"Manufacturing of outdoor lighting equipment, including parts and accessories"
2039700000,335120,1.0,NAICS_2012_Code,"Manufacturing of other incandescent electric lighting equipment, including marine markers and beacons"
2039725000,335311,1.0,NAICS_2012_Code,"Manufacturing of specialty transformers, excluding fluorescent lamp ballasts"
2039725003,335311,1.0,NAICS_2012_Code,Manufacturing of machine tool control transformers
2039725006,335311,1.0,NAICS_2012_Code,Manufacturing of indoor and outdoor instrument transformers
2039725009,335311,1.0,NAICS_2012_Code,"Manufacturing of all other specialty transformers (including luminous tube and ignition, open core and coil units, arc welders, and high-intensity discharge lamp transformers), excluding internal combustion engine ignition"
2039750000,335120,1.0,NAICS_2012_Code,"Manufacturing of lighting equipment, not elsewhere classified"
2039750006,335120,1.0,NAICS_2012_Code,"Manufacturing of other fluorescent lighting equipment, complete units, including processing and technical equipment"
2039750012,335120,1.0,NAICS_2012_Code,"Manufacturing of other electric lighting equipment (including electric insect killers/repellent lamps, fire logs, trouble lighting equipment, mercury and sodium vapor, and ultraviolet and infrared health lamp fixtures), excluding street and highway lighting equipment and signs"
2039760000,327200,1.0,NAICS_2012_Code,"Manufacturing of optical glass fiber, data and nondata transmission"
2039770000,327200,1.0,NAICS_2012_Code,Manufacturing of glass and glass fiber optical components
2039775000,333920,1.0,NAICS_2012_Code,"Manufacturing of geared and gearless electric passenger elevators (excluding farm, portable, and residential lifts)"
2039775003,333920,1.0,NAICS_2012_Code,"Manufacturing of geared electric passenger elevators (excluding farm, portable, and residential lifts)"
2039775006,333920,1.0,NAICS_2012_Code,"Manufacturing of gearless electric passenger elevators (excluding farm, portable, and residential lifts)"
2039800000,333920,1.0,NAICS_2012_Code,Manufacturing of hydraulic passenger elevators (excluding farm and portable)
2039825000,333920,1.0,NAICS_2012_Code,Manufacturing of other elevators and moving stairways (excluding parts and attachments)
2039825003,333920,1.0,NAICS_2012_Code,Manufacturing of electric freight elevators (excluding farm and portable)
2039825006,333920,1.0,NAICS_2012_Code,Manufacturing of hydraulic freight elevators (excluding farm and portable)
2039825009,333920,1.0,NAICS_2012_Code,Manufacturing of automobile lifts (service station and garage-type)
2039825012,333920,1.0,NAICS_2012_Code,"Manufacturing of moving stairways, escalators, and moving walkways"
2039825015,333920,1.0,NAICS_2012_Code,"Manufacturing of other nonfarm elevators (including sidewalk elevators, dumb waiters, man lifts, etc.) (excluding portable elevator-stackers)"
2039850000,333920,1.0,NAICS_2012_Code,"Manufacturing of parts for automobile lifts (service station), passenger and freight elevators and escalators"
2039850003,333920,1.0,NAICS_2012_Code,Manufacturing of parts for automobile lifts (service station and garage-type)
2039850006,333920,1.0,NAICS_2012_Code,Manufacturing of parts for passenger or freight elevators or escalators
2039875000,335220,1.0,NAICS_2012_Code,"Manufacturing of household water heaters, electric, for permanent installation"
2039875003,335220,1.0,NAICS_2012_Code,"Manufacturing of household water heaters, electric, 34 gallons and under (under 132 liters)"
2039875006,335220,1.0,NAICS_2012_Code,"Manufacturing of household water heaters, electric, 35-44 gallons (132 liters to 169 liters)"
2039875009,335220,1.0,NAICS_2012_Code,"Manufacturing of household water heaters, electric, 45-54 gallons (170 liters to 207 liters)"
2039875012,335220,1.0,NAICS_2012_Code,"Manufacturing of household water heaters, electric, 55 gallons and over (208 liters and over)"
2039875015,335220,1.0,NAICS_2012_Code,"Manufacturing of all other household water heaters, electric, including circulating and portable storage"
2039900000,335220,1.0,NAICS_2012_Code,"Manufacturing of household water heaters, excluding electric"
2039900003,335220,1.0,NAICS_2012_Code,"Manufacturing of indirect water heaters, including storage, cast or coil-type (less tank); tank (with or without generator coils); generator coils with tank collar (sold without tank); and instantaneous, excluding electric"
2039900006,335220,1.0,NAICS_2012_Code,"Manufacturing of direct fired water heaters, gas or oil"
2039925000,333318,1.0,NAICS_2007_Code,Manufacturing of service industry water heaters and water softeners
2039925003,333318,1.0,NAICS_2007_Code,Manufacturing of instantaneous service industry water heaters (including parts)
2039925006,333318,1.0,NAICS_2007_Code,"Manufacturing of all other service industry water heaters (including parts), more than 120 gallons (454.2 liters) capacity"
2039925009,333318,1.0,NAICS_2007_Code,Manufacturing of industrial water softeners
2039925012,333318,1.0,NAICS_2007_Code,"Manufacturing of farm, household, and commercial water softeners"
2039950000,335210,1.0,NAICS_2007_Code,"Manufacturing of  household vacuum cleaners, complete power units, central-system-type"
2039975000,333318,1.0,NAICS_2007_Code,Manufacturing of commercial and industrial central vacuum cleaner systems (including parts and attachments)
2040000000,33399A,1.0,NAICS_2012_Code,Manufacturing of automatic fire sprinklers
2040025000,339990,1.0,NAICS_2012_Code,"Manufacturing of fire extinguishing equipment, hand-portable and fixed-system (excluding water sprinkler systems), including parts and attachments"
2040025003,339990,1.0,NAICS_2012_Code,"Manufacturing of fire extinguishing equipment, fixed-system (including dry and wet chemical, inert gas, and two-wheeled chemical fire engines)"
2040025006,339990,1.0,NAICS_2012_Code,"Manufacturing of parts and attachments for fire extinguishing equipment, hand-portable and fixed-system (excluding water sprinkler systems)"
2040025009,339990,1.0,NAICS_2012_Code,"Manufacturing of fire extinguishers, hand-portable"
2040050000,332420,1.0,NAICS_2012_Code,"Manufacturing of metal tanks and vessels, custom fabricated and field erected"
2040075000,3219A0,1.0,NAICS_2012_Code,Manufacturing of components for prefabricated stationary wood buildings (not sold as complete units)
2040075003,3219A0,1.0,NAICS_2012_Code,"Manufacturing of components for prefabricated stationary wood residential buildings, including homes, townhouses, and apartments (not sold as complete units)"
2040075006,3219A0,1.0,NAICS_2012_Code,"Manufacturing of components for prefabricated stationary wood nonresidential buildings, including motels and hotels (not sold as complete units)"
2040100000,3219A0,1.0,NAICS_2012_Code,Manufacturing of precut packages for prefabricated stationary wood buildings (complete units)
2040100003,3219A0,1.0,NAICS_2012_Code,Manufacturing of precut packages for prefabricated stationary residential log homes (complete units)
2040100006,3219A0,1.0,NAICS_2012_Code,"Manufacturing of precut packages for other prefabricated stationary residential wood buildings, including homes, townhouses, and apartments (complete units)"
2040100009,3219A0,1.0,NAICS_2012_Code,"Manufacturing of precut packages for prefabricated stationary nonresidential wood buildings, including motels and hotels (complete units)"
2040125000,3219A0,1.0,NAICS_2012_Code,Manufacturing of prefabricated stationary wood buildings shipped in panel form (complete units)
2040125003,3219A0,1.0,NAICS_2012_Code,"Manufacturing of prefabricated stationary residential wood buildings, single and multifamily, including townhouses, shipped in panel form (complete units)"
2040125006,3219A0,1.0,NAICS_2012_Code,"Manufacturing of prefabricated stationary nonresidential wood buildings, including motels and hotels, shipped in panel form (complete units)"
2040150000,3219A0,1.0,NAICS_2012_Code,"Manufacturing of prefabricated stationary residential wood buildings, including homes, townhouses, and apartments, shipped in three-dimensional assemblies"
2040175000,3219A0,1.0,NAICS_2012_Code,"Manufacturing of prefabricated stationary nonresidential wood buildings, including motels and hotels, shipped in three-dimensional assemblies"
2040200000,327390,1.0,NAICS_2012_Code,"Manufacturing of precast concrete, prefabricated building systems and components"
2040200003,327390,1.0,NAICS_2012_Code,"Manufacturing of precast concrete, prefabricated building systems, primarily concrete, sold as complete units, and shipped in panel or modular form"
2040200006,327390,1.0,NAICS_2012_Code,Manufacturing of other precast concrete construction or building products (including prefabricated housing components)
2040225000,332310,1.0,NAICS_2012_Code,"Manufacturing of prefabricated metal building systems (excluding farm service buildings, residential buildings, and parts)"
2040225003,332310,1.0,NAICS_2012_Code,"Manufacturing of institutional, medical, and religious prefabricated metal building systems (excluding farm service buildings, residential buildings, and parts)"
2040225006,332310,1.0,NAICS_2012_Code,"Manufacturing of public and educational prefabricated metal building systems (excluding farm service buildings, residential buildings, and parts)"
2040250000,332310,1.0,NAICS_2012_Code,"Manufacturing of industrial and commercial prefabricated metal building systems (excluding farm service buildings, residential buildings, and parts)"
2040275000,332310,1.0,NAICS_2012_Code,"Manufacturing of prefabricated and portable farm services buildings, greenhouses, and grain storage buildings, steel and aluminum"
2040275003,332310,1.0,NAICS_2012_Code,"Manufacturing of prefabricated and portable greenhouses, steel and aluminum"
2040275006,332310,1.0,NAICS_2012_Code,"Manufacturing of prefabricated and portable grain storage buildings, including farm and commercial types, steel and aluminum"
2040275009,332310,1.0,NAICS_2012_Code,"Manufacturing of other prefabricated and portable farm service buildings (livestock shelters, machinery storage, etc.), steel and aluminum"
2040300000,332310,1.0,NAICS_2012_Code,Manufacturing of prefabricated and portable aluminum and steel buildings
2040300003,332310,1.0,NAICS_2012_Code,"Manufacturing of prefabricated and portable small steel utility buildings, including toolsheds, cabanas, storage houses, etc."
2040300006,332310,1.0,NAICS_2012_Code,Manufacturing of other prefabricated and portable steel buildings
2040300009,332310,1.0,NAICS_2012_Code,"Manufacturing of prefabricated and portable dwellings, steel and aluminum, including vacation homes and camps"
2040300012,332310,1.0,NAICS_2012_Code,"Manufacturing of prefabricated and portable small aluminum utility buildings, including toolsheds, cabanas, storage houses, etc."
2040300015,332310,1.0,NAICS_2012_Code,Manufacturing of other prefabricated and portable aluminum buildings
2040300018,332310,1.0,NAICS_2012_Code,"Manufacturing of panels, parts, and sections for prefabricated buildings, not sold as a complete unit, steel and aluminum"
2040325000,325510,1.0,NAICS_2012_Code,Manufacturing of architectural coatings
2040325003,325510,1.0,NAICS_2012_Code,"Manufacturing of exterior solvent-thinned paints and tinted bases, including barn and roof paints"
2040325006,325510,1.0,NAICS_2012_Code,"Manufacturing of exterior solvent-thinned enamels and tinted bases, including exterior-interior floor enamels"
2040325009,325510,1.0,NAICS_2012_Code,Manufacturing of exterior solvent-thinned undercoaters and primers
2040325012,325510,1.0,NAICS_2012_Code,Manufacturing of exterior solvent-thinned clear finishes and sealers
2040325015,325510,1.0,NAICS_2012_Code,"Manufacturing of exterior solvent-thinned stains, including shingle and shake"
2040325018,325510,1.0,NAICS_2012_Code,"Manufacturing of other exterior solvent-thinned coatings, including bituminous paints"
2040325021,325510,1.0,NAICS_2012_Code,"Manufacturing of exterior water-thinned paints and tinted bases, including barn and roof paints"
2040325024,325510,1.0,NAICS_2012_Code,Manufacturing of exterior-interior water-thinned deck and floor enamels
2040325027,325510,1.0,NAICS_2012_Code,Manufacturing of exterior water-thinned undercoaters and primers
2040325031,325510,1.0,NAICS_2012_Code,Manufacturing of exterior water-thinned stains and sealers
2040325033,325510,1.0,NAICS_2012_Code,Manufacturing of other exterior water-thinned coatings
2040325036,325510,1.0,NAICS_2012_Code,"Manufacturing of interior solvent-thinned wall paint and tinting bases, flat, including mill white paints"
2040325039,325510,1.0,NAICS_2012_Code,"Manufacturing of interior solvent-thinned paints and enamels, gloss, and quick-drying enamels"
2040325042,325510,1.0,NAICS_2012_Code,"Manufacturing of other interior solvent-thinned paints and tinting bases, including semigloss, eggshell, and satin"
2040325045,325510,1.0,NAICS_2012_Code,Manufacturing of interior solvent-thinned undercoaters and primers
2040325048,325510,1.0,NAICS_2012_Code,Manufacturing of interior solvent-thinned clear finishes and sealers
2040325051,325510,1.0,NAICS_2012_Code,Manufacturing of interior solvent-thinned stains
2040325054,325510,1.0,NAICS_2012_Code,Manufacturing of interior other solvent-thinned coatings
2040325057,325510,1.0,NAICS_2012_Code,"Manufacturing of interior water-thinned paints and tinting bases, flat"
2040325061,325510,1.0,NAICS_2012_Code,"Manufacturing of other interior water-thinned paints and tinting bases, including semigloss, eggshell, and satin"
2040325063,325510,1.0,NAICS_2012_Code,Manufacturing of interior water-thinned undercoaters and primers
2040325066,325510,1.0,NAICS_2012_Code,"Manufacturing of other interior water-thinned coatings, stains, and sealers"
2040325069,325510,1.0,NAICS_2012_Code,Manufacturing of architectural lacquers
2040350000,325510,1.0,NAICS_2012_Code,"Manufacturing of special-purpose coatings including all marine coatings, industrial, construction (excluding roofing and architectural coatings) and maintenance coatings, traffic marking paints, etc."
2040350003,325510,1.0,NAICS_2012_Code,"Manufacturing of interior paints, industrial, new construction, and maintenance"
2040350006,325510,1.0,NAICS_2012_Code,"Manufacturing of exterior paints, industrial, new construction, and maintenance"
2040350009,325510,1.0,NAICS_2012_Code,"Manufacturing of paints, traffic marking, all types, including shelf goods and highway department"
2040350012,325510,1.0,NAICS_2012_Code,"Manufacturing of paints and enamels, automotive, other transportation and machinery refinishing, including primers"
2040350015,325510,1.0,NAICS_2012_Code,"Manufacturing of paints, marine, ship and off-shore facilities and shelf goods for both new construction and marine refinishing and maintenance, excluding spar varnish"
2040350018,325510,1.0,NAICS_2012_Code,"Manufacturing of paints, marine, for yacht and pleasure craft, new construction, refinishing, and maintenance"
2040350021,325510,1.0,NAICS_2012_Code,Manufacturing of paint concentrates produced for packaging in aerosol containers
2040350024,325510,1.0,NAICS_2012_Code,"Manufacturing of other special-purpose paints and coatings, industrial, aerosol, and other marine"
2040375000,325510,1.0,NAICS_2012_Code,"Manufacturing of miscellaneous allied paint products, including paint and varnish removers, thinners, pigment dispersions, glazing compounds, etc."
2040375003,325510,1.0,NAICS_2012_Code,Manufacturing of paint and varnish removers
2040375006,325510,1.0,NAICS_2012_Code,Manufacturing of thinners for lacquers and other solvent-based paint products
2040375009,325510,1.0,NAICS_2012_Code,Manufacturing of pigment dispersions
2040375012,325510,1.0,NAICS_2012_Code,"Manufacturing of other miscellaneous allied paint products, including brush cleaners, ink vehicles, putty and glazing compounds, etc."
2040400000,325520,1.0,NAICS_2012_Code,Manufacturing of structural sealants (load-bearing)
2040400003,325520,1.0,NAICS_2012_Code,"Manufacturing of synthetic-base general performance structural (load-bearing) sealants (PVAC, butyl, vinyl, acrylic, neoprene, etc.)"
2040400006,325520,1.0,NAICS_2012_Code,"Manufacturing of synthetic-base special performance structural (load-bearing) sealants (polysulfide, silicone, epoxy, urethane, etc.)"
2040400009,325520,1.0,NAICS_2012_Code,"Manufacturing of synthetic-base structural (load-bearing) sealant preformed tapes (butyl, polybutene, polyisobutylene, etc.)"
2040425000,325520,1.0,NAICS_2012_Code,Manufacturing of nonstructural caulking compounds and sealants
2040425003,325520,1.0,NAICS_2012_Code,"Manufacturing of natural-base nonstructural (nonload-bearing) caulks, modified and unmodified oil base"
2040425006,325520,1.0,NAICS_2012_Code,Manufacturing of natural bituminous-base (coal tar or asphalt) nonstructural (nonload-bearing) caulking compounds and sealants
2040425009,325520,1.0,NAICS_2012_Code,"Manufacturing of synthetic-base nonstructural (nonload-bearing) general performance sealants (PVAC, butyl, vinyl, acrylic, neoprene, etc.)"
2040425012,325520,1.0,NAICS_2012_Code,"Manufacturing of synthetic-base nonstructural (nonload-bearing) special performance sealants (polysulfide, silicone, epoxy, urethane, etc.)"
2040425015,325520,1.0,NAICS_2012_Code,"Manufacturing of synthetic-base nonstructural (nonload-bearing) sealant preformed tapes (butyl, polybutene, polyisobutylene, etc.)"
2040450000,339990,1.0,NAICS_2012_Code,"Manufacturing of brushes (including kalsomine, marking, paperhanging, stenciling, and whitewash), paint and varnish"
2040475000,339990,1.0,NAICS_2012_Code,"Manufacturing of holders, pads, roller frames, and rollers (including replacement rollers), paint"
2040500000,322110,1.0,NAICS_2012_Code,"Manufacturing of turpentine, sulfate"
2040525000,339990,1.0,NAICS_2012_Code,"Manufacturing of brushes, all other types (including artists' brushes and hair pencils), excluding artists' airbrushes"
2040575000,327320,1.0,NAICS_2012_Code,Manufacturing of ready-mix concrete
2040600000,327999,1.0,NAICS_2012_Code,"Manufacturing of dry-mixed concrete materials (prepackaged sand, gravel, mortar, and cement premixes)"
2040625000,327400,1.0,NAICS_2012_Code,"Manufacturing of quicklime, hydrated lime, including cost of containers"
2040650000,327400,1.0,NAICS_2012_Code,Manufacturing of other lime
2040650003,327400,1.0,NAICS_2012_Code,Manufacturing of dead-burned dolomite
2040650006,327400,1.0,NAICS_2012_Code,"Manufacturing of other lime, excluding dead-burned dolomite"
2040675000,327999,1.0,NAICS_2012_Code,"Manufacturing of other nonmetallic mineral products (magnesite floor composition, stucco, artificial graphite, synthetic stones, etc.)"
2040775000,324110,0.5,NAICS_2012_Code,Manufacturing of asphalt paving mixtures and blocks
2040775000,324121,0.5,NAICS_2012_Code,Manufacturing of asphalt paving mixtures and blocks
2040775003,324121,1.0,NAICS_2012_Code,"Manufacturing of emulsified asphalt, including liquid additives"
2040775006,324110,0.5,NAICS_2012_Code,"Manufacturing of other liquid asphalt and tar paving materials, including cut-backs and road oil"
2040775006,324121,0.5,NAICS_2012_Code,"Manufacturing of other liquid asphalt and tar paving materials, including cut-backs and road oil"
2040775009,324121,1.0,NAICS_2012_Code,"Manufacturing of asphalt and tar paving mixtures (excluding liquid), including bituminous or asphaltic concrete, and asphaltic paving cements"
2040775012,324121,1.0,NAICS_2012_Code,"Manufacturing of other asphalt paving mixtures, excluding brick, concrete, granite, or stone"
2040800000,326120,1.0,NAICS_2012_Code,"Manufacturing of plastics sewer, stormdrain, and water main pipe"
2040800003,326120,1.0,NAICS_2012_Code,"Manufacturing of plastics sewer, stormdrain and water main pipe, PVC"
2040800006,326120,1.0,NAICS_2012_Code,"Manufacturing of plastics sewer, stormdrain and water main pipe, PE (polyethylene)"
2040800009,326120,1.0,NAICS_2012_Code,"Manufacturing of plastics sewer, stormdrain and water main pipe, all other"
2040825000,327100,1.0,NAICS_2007_Code,Manufacturing of vitrified clay sewer pipe and fittings
2040850000,327330,1.0,NAICS_2012_Code,Manufacturing of concrete reinforced and nonreinforced culvert pipe
2040875000,327330,1.0,NAICS_2012_Code,Manufacturing of concrete reinforced and nonreinforced storm sewer pipes
2040900000,327330,1.0,NAICS_2012_Code,"Manufacturing of concrete sanitary sewer pipes including other pipes such as concrete pressure, prestressed cylinder pressure, pretensioned cylinder, irrigation pipes, and drain tile"
2040925000,332320,1.0,NAICS_2012_Code,"Manufacturing of aluminum, steel, and other sheet metal culverts, flumes, irrigation pipes, etc."
2040950000,33291A,1.0,NAICS_2012_Code,"Manufacturing of industrial valves for water works and municipal equipment (IBBM, AWWA, and UL), excluding parts"
2040950003,33291A,1.0,NAICS_2012_Code,Manufacturing of industrial IBBM gate line and tapping valves for water works and municipal equipment
2040950006,33291A,1.0,NAICS_2012_Code,Manufacturing of industrial UL check valves (all pressures) for water works and municipal equipment
2040950009,33291A,1.0,NAICS_2012_Code,"Manufacturing of all other industrial UL valves (all pressures), including pest indicators, for water works and municipal equipment"
2040950012,33291A,1.0,NAICS_2012_Code,"Manufacturing of tapping sleeves and crosses for industrial valves for water works and municipal equipment (IBBM, AWWA, and UL)"
2040950015,33291A,1.0,NAICS_2012_Code,Manufacturing of fire hydrants
2040950018,33291A,1.0,NAICS_2012_Code,Manufacturing of industrial AWWA check valves (all pressures) for water works and municipal equipment
2040950021,33291A,1.0,NAICS_2012_Code,Manufacturing of industrial AWWA butterfly valves (all pressures) for water works and municipal equipment
2040975000,33291A,1.0,NAICS_2012_Code,"Manufacturing of parts for industrial valves for water works and municipal equipment (IBBM, AWWA, and UL)"
2041000000,33291A,1.0,NAICS_2012_Code,"Manufacturing of industrial plug valves (all metals, pressures, and types), including lubricated, cylindrical eccentric, and sleeve-lined, excluding parts"
2041025000,33291A,1.0,NAICS_2012_Code,"Manufacturing of parts for industrial plug valves (all metals, pressures, and types), including lubricated, cylindrical eccentric, and sleeve-lined"
2041050000,33291A,1.0,NAICS_2012_Code,"Manufacturing of automatic regulating and control valves and parts (excluding nuclear), power-operated, designed for modulating (throttling) service"
2041075000,33291A,1.0,NAICS_2012_Code,Manufacturing of lawn sprinklers
2041100000,331200,0.5,NAICS_2012_Code,"Manufacturing of steel nails, staples, tacks, spikes, and brads"
2041100000,332600,0.5,NAICS_2012_Code,"Manufacturing of steel nails, staples, tacks, spikes, and brads"
2041100003,331200,0.5,NAICS_2012_Code,Manufacturing of steel nails
2041100003,332600,0.5,NAICS_2012_Code,Manufacturing of steel nails
2041100006,331200,0.5,NAICS_2012_Code,"Manufacturing of steel staples, tacks, spikes, and brads"
2041100006,332600,0.5,NAICS_2012_Code,"Manufacturing of steel staples, tacks, spikes, and brads"
2041125000,332600,1.0,NAICS_2012_Code,"Manufacturing of nonferrous nails, brads, tacks, and staples"
2041150000,314900,1.0,NAICS_2007_Code,"Manufacturing of canvas tarpaulins and other covers (excluding truck and boat), flat or fitted"
2041175000,321910,1.0,NAICS_2012_Code,"Manufacturing of wood millwork products (excluding molding), including stairwork, exterior millwork, and softwood flooring"
2041200000,33721A,1.0,NAICS_2012_Code,"Manufacturing of custom architectural woodwork, millwork, and wood fixtures (including custom wood and plastics laminated fixture tops) (excluding kitchen counters and cabinets and bathroom vanities and vanity tops)"
2041225000,332119,1.0,NAICS_2007_Code,"Manufacturing of stamped and pressed vitreous (porcelain) enameled metal architectural parts (exterior and interior), including store front and curtain wall components"
2041250000,332320,1.0,NAICS_2012_Code,"Manufacturing of iron, steel, and aluminum stairs, staircases, and fire escapes and expanded metal plaster base accessories (including corner beads, screens, grounds, etc.)"
2041275000,332320,1.0,NAICS_2012_Code,Manufacturing of other aluminum and metal architectural and ornamental work
2041300000,332320,1.0,NAICS_2012_Code,Manufacturing of other iron and steel architectural and ornamental work
2041325000,332114,1.0,NAICS_2012_Code,"Manufacturing of custom roll formed products (carbon, stainless, and alloy steel), aluminum and other metal, for construction and mining"
2041350000,3259A0,1.0,NAICS_2012_Code,Manufacturing of miscellaneous petroleum and chemical products
2041350003,3259A0,1.0,NAICS_2012_Code,Manufacturing of concrete curing and floor hardening materials
2041350006,3259A0,1.0,NAICS_2012_Code,"Manufacturing of drilling mud materials (mud thinners, thickeners, and purifiers)"
2041375000,326190,1.0,NAICS_2012_Code,"Manufacturing of plastics hardware (clamps, handles, hinges, locks, casters, knobs, nails, etc.) (excluding foam and wire coated)"
2041400000,326190,1.0,NAICS_2012_Code,"Manufacturing of building and construction fabricated plastics products (excluding foam, plumbing fixtures, hardware, or reinforced plastics)"
2041400003,326190,1.0,NAICS_2012_Code,"Manufacturing of building and construction plastics fittings and unions, other than pipe (excluding foam, plumbing fixtures, hardware, and reinforced plastics)"
2041400006,326190,1.0,NAICS_2012_Code,Manufacturing of other building and construction plastics products (excluding foam and reinforced plastics)
2041425000,327100,1.0,NAICS_2007_Code,"Manufacturing of all other structural clay products (architectural terra cotta, drain tile, flue tile, roofing tile, conduit, etc.), excluding clay refractories"
2041450000,327100,1.0,NAICS_2007_Code,Manufacturing of clay refractories
2041450003,327100,1.0,NAICS_2007_Code,"Manufacturing of fireclay, high alumina, and insulating brick and shapes"
2041450006,327100,1.0,NAICS_2007_Code,"Manufacturing of unshaped clay refractory bonding mortars, castable refractories, and gunning mixes"
2041450009,327100,1.0,NAICS_2007_Code,Manufacturing of all other clay refractories
2041475000,327100,1.0,NAICS_2007_Code,Manufacturing of nonclay refractories (excluding dead-burned magnesia)
2041475003,327100,1.0,NAICS_2007_Code,Manufacturing of magnesite and magnesite-chrome brick and shapes and chrome brick
2041475006,327100,1.0,NAICS_2007_Code,Manufacturing of all other brick and shapes
2041475009,327100,1.0,NAICS_2007_Code,"Manufacturing of unshaped nonclay refractories, mortars, plastic refractories, and ramming mixes"
2041475012,327100,1.0,NAICS_2007_Code,Manufacturing of all other nonclay refractories
2041500000,332500,1.0,NAICS_2012_Code,"Manufacturing of doorlocks and locksets; screen, storm door, and window hardware; cabinet and closet hardware; hinges, padlocks, door controls, and other builders' hardware (including architectural trim hardware)"
2041525000,331200,0.5,NAICS_2012_Code,"Manufacturing of noninsulated ferrous wire rope, cable, and fabricated wire rope assemblies (including lifting slings)"
2041525000,332600,0.5,NAICS_2012_Code,"Manufacturing of noninsulated ferrous wire rope, cable, and fabricated wire rope assemblies (including lifting slings)"
2041600000,332999,1.0,NAICS_2012_Code,"Manufacturing of fabricated assemblies of railroad frogs, switches, and crossings"
2041650000,332999,1.0,NAICS_2012_Code,Manufacturing of metal pipe hangers and supports (excluding metal framing)
2041675000,331200,0.5,NAICS_2012_Code,Manufacturing of steel wire fencing and fence gates
2041675000,332600,0.5,NAICS_2012_Code,Manufacturing of steel wire fencing and fence gates
2041700000,332320,1.0,NAICS_2012_Code,"Manufacturing of steel and aluminum fences, gates (other than wire), and railings and window guards"
2041725000,33399A,1.0,NAICS_2012_Code,"Manufacturing of parts for products used for separating solids, liquids, and gases (excluding parts for filters and strainers and fluid power products)"
2041750000,3259A0,1.0,NAICS_2012_Code,Manufacturing of explosives and blasting accessories
2041775000,332320,1.0,NAICS_2012_Code,Manufacturing of metal stalls and corrals
2041800000,334118,1.0,NAICS_2007_Code,"Manufacturing of parts, attachments, and accessories for computer terminals (excluding point-of-sale and funds-transfer devices)"
2041825000,334118,1.0,override,"Manufacturing of parts, subassemblies, and accessories for computer peripheral equipment"
2041850000,334118,1.0,override,Manufacturing of parts and attachments for point-of-sale terminals and fund-transfer devices
2041875000,333318,1.0,NAICS_2007_Code,Manufacturing of parts and attachments for office machines
2041900000,334112,1.0,NAICS_2012_Code,"Manufacturing of parts, attachments, and accessories for computer storage devices"
2041925000,334418,1.0,NAICS_2012_Code,"Manufacturing of printed circuit assemblies, loaded boards and modules (printed circuit boards with inserted electronic components)"
2041925003,334418,1.0,NAICS_2012_Code,Manufacturing of computer and peripheral printed board assemblies
2041925006,334418,1.0,NAICS_2012_Code,Manufacturing of communications printed board assemblies
2041925009,334418,1.0,NAICS_2012_Code,Manufacturing of industrial process control board assemblies
2041925012,334418,1.0,NAICS_2012_Code,"Manufacturing of instrumentation printed board assemblies, excluding industrial process"
2041925015,334418,1.0,NAICS_2012_Code,Manufacturing of search and detection printed board assemblies
2041925018,334418,1.0,NAICS_2012_Code,Manufacturing of consumer electronics printed board assemblies
2041925021,334418,1.0,NAICS_2012_Code,Manufacturing of other printed board assemblies
2041950000,324110,0.5,NAICS_2012_Code,Manufacturing of petroleum lubricating oils and greases
2041950000,324190,0.5,NAICS_2012_Code,Manufacturing of petroleum lubricating oils and greases
2041950003,324110,0.5,NAICS_2012_Code,"Manufacturing of lubricating oils (including hydraulic fluids, quenching and cutting oils, transformer oils, liquid rust preventives, etc.)"
2041950003,324190,0.5,NAICS_2012_Code,"Manufacturing of lubricating oils (including hydraulic fluids, quenching and cutting oils, transformer oils, liquid rust preventives, etc.)"
2041950006,324110,0.5,NAICS_2012_Code,Manufacturing of lubricating greases
2041950006,324190,0.5,NAICS_2012_Code,Manufacturing of lubricating greases
2041975000,324110,0.5,NAICS_2012_Code,Manufacturing of microcrystalline petroleum waxes
2041975000,324190,0.5,NAICS_2012_Code,Manufacturing of microcrystalline petroleum waxes
2042000000,324110,0.6666666666666666,NAICS_2012_Code,Manufacturing of crystalline petroleum waxes
2042000000,324190,0.3333333333333333,NAICS_2012_Code,Manufacturing of crystalline petroleum waxes
2042025000,324110,1.0,NAICS_2012_Code,"Manufacturing of other finished petroleum products, including waxes"
2042025009,324110,1.0,NAICS_2012_Code,Manufacturing of petrolatum
2042025012,324110,1.0,NAICS_2012_Code,Manufacturing of other finished petroleum products
2042050000,326210,1.0,NAICS_2012_Code,Manufacturing of passenger car pneumatic tires (casings)
2042050003,326210,1.0,NAICS_2012_Code,Manufacturing of passenger car pneumatic tires (casings) intended for original equipment manufactures (OEM) sales
2042050006,326210,1.0,NAICS_2012_Code,Manufacturing of passenger car pneumatic tires (casings) intended for replacement/aftermarket sales
2042075000,326210,1.0,NAICS_2012_Code,Manufacturing of truck and bus (including off-the-highway) pneumatic tires
2042075003,326210,1.0,NAICS_2012_Code,Manufacturing of truck and bus (including off-the-highway) pneumatic tires intended for original equipment manufactures (OEM) sales
2042075006,326210,1.0,NAICS_2012_Code,Manufacturing of truck and bus (including off-the-highway) pneumatic tires intended for replacement/aftermarket sales
2042100000,326210,1.0,NAICS_2012_Code,Manufacturing of tractor and implement (farm and industrial) pneumatic tires
2042125000,326210,1.0,NAICS_2012_Code,Manufacturing of industrial and utility pneumatic tires (including garden)
2042150000,326210,1.0,NAICS_2012_Code,"Manufacturing of other pneumatic tires and casing including motor bike, motorcycle, moped, bicycle, aircraft, and mobile home"
2042175000,326210,1.0,NAICS_2012_Code,Manufacturing of solid and semipneumatic tires
2042200000,326210,1.0,NAICS_2012_Code,Manufacturing of inner tubes
2042225000,326210,1.0,NAICS_2012_Code,"Manufacturing of tread rubber, tire sundries, and repair materials"
2042250000,326210,1.0,NAICS_2012_Code,Manufacturing of rebuilt and retreaded tires
2042275000,325610,1.0,NAICS_2012_Code,Manufacturing of automobile polish and cleaners
2042275003,325610,1.0,NAICS_2012_Code,"Manufacturing of automobile polish and cleaners, household"
2042275006,325610,1.0,NAICS_2012_Code,"Manufacturing of automobile polish and cleaners, industrial and institutional"
2042300000,325610,1.0,NAICS_2012_Code,Manufacturing of automotive windshield washer fluid
2042325000,3259A0,1.0,NAICS_2012_Code,Manufacturing of automotive chemicals
2042350000,336310,1.0,NAICS_2007_Code,"Manufacturing of carburetors and parts, new and rebuilt (all types)"
2042375000,336310,1.0,NAICS_2007_Code,"Manufacturing of pistons, piston rings, and piston pins (engine)"
2042400000,336310,1.0,NAICS_2007_Code,Manufacturing of valves (engine intake and exhaust)
2042425000,336310,1.0,NAICS_2007_Code,"Manufacturing of gasoline engines and engine parts for motor vehicles, rebuilt"
2042425003,336310,1.0,NAICS_2007_Code,"Manufacturing of gasoline engines and engine parts for motor vehicles, rebuilt (excluding rebuilt heavy truck and bus gasoline engines)"
2042425006,336310,1.0,NAICS_2007_Code,"Manufacturing of heavy truck and bus gasoline engines, rebuilt"
2042435000,336310,1.0,NAICS_2007_Code,"Manufacturing of gasoline engine parts for motor vehicles, new"
2042440000,333618,1.0,NAICS_2012_Code,"Manufacturing of parts and accessories for internal combustion engines, excluding aircraft and gas automotive engines and turbines"
2042450000,336320,1.0,NAICS_2007_Code,"Manufacturing of rebuilt battery charging alternators and generators for internal combustion engines (all types), including rebuilt regulators for alternators and generators"
2042450003,336320,1.0,NAICS_2007_Code,"Manufacturing of rebuilt battery charging alternators and generators for internal combustion engines, all types"
2042450006,336320,1.0,NAICS_2007_Code,Manufacturing of rebuilt regulators for battery charging alternators and generators 
2042475000,336320,1.0,NAICS_2007_Code,"Manufacturing of rebuilt starting (engine cranking) motors, all types"
2042525000,335312,1.0,NAICS_2012_Code,Armature rewinding on a factory basis
2042550000,336320,1.0,NAICS_2007_Code,"Manufacturing of other rebuilt electrical components (including cruise control and windshield washer-wiper units), excluding engine electrical equipment"
2042575000,3363A0,1.0,NAICS_2012_Code,Manufacturing of motor vehicle shock absorbers
2042600000,3363A0,1.0,NAICS_2012_Code,Manufacturing of motor vehicle tie rod ends
2042625000,3363A0,1.0,NAICS_2012_Code,"Manufacturing of motor vehicle steering idler arms, drag links, and control arms"
2042650000,3363A0,1.0,NAICS_2012_Code,"Manufacturing of motor vehicle steering wheels, columns, and gearboxes"
2042675000,3363A0,1.0,NAICS_2012_Code,"Manufacturing of other motor vehicle steering and suspension components, including motor vehicle ball joints"
2042700000,3363A0,1.0,NAICS_2012_Code,"Manufacturing of motor vehicle drum brake assemblies and parts, new"
2042725000,3363A0,1.0,NAICS_2012_Code,"Manufacturing of motor vehicle disc brake assemblies and parts, new"
2042750000,3363A0,1.0,NAICS_2012_Code,"Manufacturing of other motor vehicle brake parts and assemblies, new"
2042775000,3363A0,1.0,NAICS_2012_Code,"Manufacturing of motor vehicle brake parts and assemblies, rebuilt"
2042800000,336350,1.0,NAICS_2012_Code,"Manufacturing of parts for manual and automatic transmissions, new"
2042825000,336350,1.0,NAICS_2012_Code,"Manufacturing of motor vehicle drive train components, rebuilt"
2042830000,332991,1.0,NAICS_2012_Code,Manufacturing of parts and components for ball and roller bearings (including balls and rollers) (excluding cups and cones)
2042830003,332991,1.0,NAICS_2012_Code,Manufacturing of ball bearings (excluding cups and cones)
2042830006,332991,1.0,NAICS_2012_Code,"Manufacturing of other antifriction ball bearing components and parts, including unassembled ball bearings, cages, races, seals, shields, etc. (excluding ball)"
2042830009,332991,1.0,NAICS_2012_Code,Manufacturing of parts and components for rollers
2042830012,332991,1.0,NAICS_2012_Code,"Manufacturing of other roller bearings parts and components (excluding rollers), for tapered roller bearings (excluding cup and cone assemblies)"
2042830015,332991,1.0,NAICS_2012_Code,"Manufacturing of other roller bearings parts and components (excluding rollers), for cylindrical roller bearings"
2042830018,332991,1.0,NAICS_2012_Code,"Manufacturing of other roller bearings parts and components (excluding rollers), for spherical roller bearings"
2042830021,332991,1.0,NAICS_2012_Code,"Manufacturing of other roller bearings parts and components (excluding rollers), for other roller bearings"
2042830024,332991,1.0,NAICS_2012_Code,"Manufacturing of housings and parts and components for housings, including housing closures, collars, spacers, sleeves, adapters, and other miscellaneous items"
2042835000,333613,1.0,NAICS_2012_Code,Manufacturing of parts for mechanical power transmission equipment
2042840000,336350,1.0,NAICS_2012_Code,"Manufacturing of motor vehicle axle parts, new"
2042845000,336350,1.0,NAICS_2012_Code,"Manufacturing of other motor vehicle drive train components, excluding wheels and brakes, new"
2042847000,333612,1.0,NAICS_2012_Code,"Manufacturing of parts for geared speed changers, industrial high-speed drives, gear motors, speed reducers, and mechanical variable speed drives"
2042850000,336390,1.0,NAICS_2007_Code,Manufacturing of motor vehicle air-conditioning systems
2042875000,336390,1.0,NAICS_2007_Code,"Manufacturing of automotive air-conditioning compressors (open-type, with or without motor)"
2042900000,336390,1.0,NAICS_2007_Code,"Manufacturing of motor vehicle air-conditioning hose assemblies, new"
2042925000,336390,1.0,NAICS_2007_Code,"Manufacturing of radiators, radiator shells and cores, new"
2042925003,336390,1.0,NAICS_2007_Code,"Manufacturing of gasoline engine radiators, complete, new, for motor vehicles"
2042925006,336390,1.0,NAICS_2007_Code,"Manufacturing of gasoline engine radiator shells and cores, new, for motor vehicles"
2042925009,336390,1.0,NAICS_2007_Code,"Manufacturing of stationary engine radiators for internal combustion engines, excluding aircraft and gasoline automotive engines and gas turbines"
2042925012,336390,1.0,NAICS_2007_Code,"Manufacturing of motor vehicle heater cores, new"
2042950000,336390,1.0,NAICS_2007_Code,"Manufacturing of exhaust system parts, new (including mufflers, resonators, pipes, and catalytic converters)"
2042975000,314900,0.3333333333333333,NAICS_2007_Code,Manufacturing of miscellaneous motor vehicle parts and components
2042975000,326290,0.3333333333333333,NAICS_2012_Code,Manufacturing of miscellaneous motor vehicle parts and components
2042975000,336390,0.3333333333333333,NAICS_2007_Code,Manufacturing of miscellaneous motor vehicle parts and components
2042975003,336390,1.0,NAICS_2007_Code,"Manufacturing of motor vehicle windshield wiper blades, new"
2042975012,326290,1.0,NAICS_2012_Code,Manufacturing of individual rubber automotive floormats and matting
2042975015,336390,1.0,NAICS_2007_Code,Manufacturing of parts for automobile and light truck trailers
2042975018,336390,1.0,NAICS_2007_Code,"Manufacturing of all other motor vehicle parts and accessories, new"
2042975021,314900,1.0,NAICS_2007_Code,"Manufacturing of canvas truck and boat covers, flat or fitted"
2042975024,336390,1.0,NAICS_2007_Code,"Manufacturing of other motor vehicle parts, excluding carburetors and engine electrical equipment, rebuilt"
2043000000,331510,1.0,NAICS_2012_Code,Manufacturing of cast carbon steel railroad car wheels and railway specialties
2043025000,336500,1.0,NAICS_2012_Code,"Manufacturing of parts and accessories for railroads, streetcars, truck assemblies, railway maintenance of railway way equipment, etc., including brake equipment"
2043025003,336500,1.0,NAICS_2012_Code,"Manufacturing of airbrakes and other brake equipment, railroad and streetcars"
2043025006,336500,1.0,NAICS_2012_Code,"Manufacturing of parts and accessories for railroads, streetcars, truck assemblies, railway maintenance of railway way equipment, etc."
2043050000,336500,1.0,NAICS_2012_Code,"Manufacturing of locomotive parts, excluding fuel lubricating and cooling medium pumps"
2043075000,336390,1.0,NAICS_2007_Code,"Manufacturing of trailer hitches (for travel trailers, automobile trailers, and light-duty truck trailers)"
2043100000,326290,1.0,NAICS_2012_Code,Manufacturing of all other miscellaneous rubber goods
2043100003,326290,1.0,NAICS_2012_Code,"Manufacturing of rubber tank blocks, treads, and band tracks"
2043100006,326290,1.0,NAICS_2012_Code,Manufacturing of molded and extruded rubber tubing
2043125000,336999,1.0,NAICS_2012_Code,"Manufacturing of parts for other transportation equipment, excluding automobile and light truck trailers"
2043150000,333111,1.0,NAICS_2012_Code,"Manufacturing of parts for farm-type wheel tractors (excluding operator cabs), for sale separately"
2043170000,333111,1.0,NAICS_2012_Code,"Manufacturing of parts for other commercial turf and ground care equipment, excluding mowing equipment"
2043175000,333111,1.0,NAICS_2012_Code,"Manufacturing of other parts for farm machinery (excluding for wheel tractors ), including operator cabs, for sale separately"
2043175003,333111,1.0,NAICS_2012_Code,Manufacturing of parts for farm dairy machines and equipment
2043175006,333111,1.0,NAICS_2012_Code,Manufacturing of parts for sprayers and dusters
2043175009,333111,1.0,NAICS_2012_Code,Manufacturing of parts for farm blowers
2043175012,333111,1.0,NAICS_2012_Code,"Manufacturing of parts for planting, seeding, and fertilizing machinery"
2043175015,333111,1.0,NAICS_2012_Code,Manufacturing of parts for harvest machinery
2043175018,333111,1.0,NAICS_2012_Code,Manufacturing of parts for haying machinery
2043175021,333111,1.0,NAICS_2012_Code,"Manufacturing of parts for plows (excluding plowshares), replacement units only"
2043175024,333111,1.0,NAICS_2012_Code,"Manufacturing of parts for harrows, rollers, pulverizers, and similar equipment"
2043175027,333111,1.0,NAICS_2012_Code,Manufacturing of parts for cultivators and weeders
2043175031,333111,1.0,NAICS_2012_Code,Manufacturing of parts for machines preparing crops
2043175033,333111,1.0,NAICS_2012_Code,Manufacturing of parts for farm poultry equipment
2043175036,333111,1.0,NAICS_2012_Code,Manufacturing of parts for other barnyard equipment
2043175039,333111,1.0,NAICS_2012_Code,Manufacturing of parts for self-propelled irrigation systems
2043175042,333111,1.0,NAICS_2012_Code,Manufacturing of parts for hog equipment
2043175045,333111,1.0,NAICS_2012_Code,"Manufacturing of parts for farm wagons and other farm transportation equipment, including operator cabs for farm tractors"
2043175048,333111,1.0,NAICS_2012_Code,Manufacturing of parts for stalk shredders and cutters or rotary mowers (PTO)
2043200000,333120,1.0,NAICS_2012_Code,"Manufacturing of parts for power cranes, draglines, shovels, and excavators (including surface mining equipment)"
2043225000,333120,1.0,NAICS_2012_Code,"Manufacturing of parts for contractors' off-highway wheel tractors, crawler tractors, and tractor shovel loaders"
2043250000,333120,1.0,NAICS_2012_Code,Manufacturing of parts for other construction machinery
2043250003,333120,1.0,NAICS_2012_Code,"Manufacturing of parts for mixers, pavers, and related equipment"
2043250006,333120,1.0,NAICS_2012_Code,"Manufacturing of parts for off-highway trucks, coal haulers, truck-type tractor chassis, trailers and wagons"
2043250009,333120,1.0,NAICS_2012_Code,"Manufacturing of parts for motor graders and light maintainers, rollers and compactors, rough-terrain forklifts, scraper bowls, and self-propelled continuous ditchers and trenchers"
2043250012,333120,1.0,NAICS_2012_Code,Manufacturing of parts for construction machinery for mounting on tractors and other prime movers
2043250015,333120,1.0,NAICS_2012_Code,"Manufacturing of parts for other construction machinery and equipment (excluding winches, hoists, and railroad rolling stock)"
2043275000,333130,1.0,NAICS_2012_Code,Manufacturing of parts and attachments for mining machinery and equipment
2043300000,333130,1.0,NAICS_2012_Code,Manufacturing of parts for rotary oil and gas field drilling equipment (excluding for portable drilling rigs)
2043325000,333130,1.0,NAICS_2012_Code,Manufacturing of parts for other oil and gas field drilling equipment (excluding parts for rotary drilling equipment and portable drilling rigs)
2043350000,333130,1.0,NAICS_2012_Code,Manufacturing of parts for oil and gas field production machinery and tools (excluding parts for portable drilling rigs and other drilling equipment)
2043375000,333130,1.0,NAICS_2012_Code,Manufacturing of parts for portable drilling rigs used on the surface (above ground)
2043400000,33329A,1.0,NAICS_2007_Code,Manufacturing of parts for special industry machinery and equipment
2043400003,33329A,1.0,NAICS_2007_Code,Manufacturing of parts for electroplating equipment
2043400006,33329A,1.0,NAICS_2007_Code,Manufacturing of parts for metal finishing equipment
2043425000,333517,1.0,NAICS_2007_Code,Manufacturing of parts for metal cutting machine tools
2043450000,333517,1.0,NAICS_2007_Code,Manufacturing of parts for metal forming machine tools
2043450003,333517,1.0,NAICS_2007_Code,Manufacturing of parts for die-casting machines
2043450006,333517,1.0,NAICS_2007_Code,Manufacturing of other parts for metal forming machine tools
2043475000,33351B,1.0,NAICS_2007_Code,"Manufacturing of parts, excluding rolls, for rolling mill machinery"
2043500000,33351B,1.0,NAICS_2007_Code,Manufacturing of parts and attachments for metalworking assembly machines
2043525000,33351B,1.0,NAICS_2007_Code,Manufacturing of parts and attachments for other metalworking machinery (excluding handheld and ultrasonic)
2043575000,33399A,1.0,NAICS_2012_Code,Manufacturing of arc welding metal electrodes
2043600000,33399A,1.0,NAICS_2012_Code,"Manufacturing of gas welding and cutting parts, attachments, and accessories"
2043600003,33399A,1.0,NAICS_2012_Code,Manufacturing of tips for gas welding and cutting equipment
2043600006,33399A,1.0,NAICS_2012_Code,Manufacturing of pressure regulators for gas welding and cutting equipment
2043600009,33399A,1.0,NAICS_2012_Code,"Manufacturing of all other spare parts, accessories, attachments, adaptors, etc., for gas welding and cutting equipment"
2043625000,333920,1.0,NAICS_2012_Code,"Manufacturing of parts, attachments, and accessories for unit handling conveyors and conveying systems"
2043650000,333920,1.0,NAICS_2012_Code,"Manufacturing of belt conveyor idlers, pulleys, and all other parts, attachments, and accessories for bulk material handling conveyors and conveying systems"
2043675000,333920,1.0,NAICS_2012_Code,Manufacturing of parts and attachments for hoists
2043700000,333920,1.0,NAICS_2012_Code,Manufacturing of parts and attachments for overhead traveling cranes and monorail systems
2043700003,333920,1.0,NAICS_2012_Code,"Manufacturing of parts and attachments for overhead traveling cranes, except buckets, grabs, and grips"
2043700006,333920,1.0,NAICS_2012_Code,Manufacturing of parts and attachments for monorail systems
2043725000,333920,1.0,NAICS_2012_Code,"Manufacturing of parts for winches, aerial work platforms, and automobile hoists"
2043725003,333920,1.0,NAICS_2012_Code,Manufacturing of parts for winches for mounting on tractors and other prime movers
2043725006,333920,1.0,NAICS_2012_Code,Manufacturing of parts for winches for aerial work platforms and automobile hoists
2043750000,333920,1.0,NAICS_2012_Code,Manufacturing of parts and attachments for industrial trucks and tractors
2043775000,333611,1.0,NAICS_2012_Code,"Manufacturing of parts and accessories for turbines, turbine generators, and turbine generator sets"
2043800000,335311,1.0,NAICS_2012_Code,"Manufacturing of commercial, institutional, and industrial general-purpose transformers, all voltages"
2043825000,335311,1.0,NAICS_2012_Code,"Manufacturing of parts, including renewal and repair parts, subassemblies and accessories for all transformers"
2043850000,335312,1.0,NAICS_2012_Code,"Manufacturing of parts and supplies for motors, generators, generator sets, and other rotating equipment, excluding motors for built-in jobs"
2043875000,335314,1.0,NAICS_2012_Code,Manufacturing of parts for industrial controls and motor-control accessories
2043875003,335314,1.0,NAICS_2012_Code,Manufacturing of motor control accessories
2043875006,335314,1.0,NAICS_2012_Code,Manufacturing of parts for industrial controls
2043900000,335999,1.0,NAICS_2012_Code,Manufacturing of semiconductor battery chargers
2043900003,335999,1.0,NAICS_2012_Code,"Manufacturing of semiconductor battery chargers, automotive"
2043900006,335999,1.0,NAICS_2012_Code,"Manufacturing of semiconductor battery chargers, industrial and railroad"
2043910000,335313,1.0,NAICS_2012_Code,Manufacturing of parts for switchgear assemblies
2043910003,335313,1.0,NAICS_2012_Code,"Manufacturing of parts for metal-enclosed load interrupter switchgear assemblies, all voltages"
2043910006,335313,1.0,NAICS_2012_Code,"Manufacturing of parts for metal-enclosed low voltage power circuit breaker switchgear assemblies 1,000 volts and below, excluding load interrupter switchgear"
2043925000,33329A,1.0,NAICS_2007_Code,"Manufacturing of parts, attachments, and accessories for woodworking machinery, excluding saw blades and cutting tools"
2043950000,33329A,1.0,NAICS_2007_Code,Manufacturing of parts for other machinery for working plastics and making products from plastics
2043975000,33329A,1.0,NAICS_2007_Code,"Manufacturing of parts for rubber working machinery, excluding tire molds"
2044000000,33329A,1.0,NAICS_2007_Code,Manufacturing of parts and attachments for paper industry wood preparation equipment
2044025000,33329A,1.0,NAICS_2007_Code,Manufacturing of parts and attachments for paper industry pulp mill machinery
2044050000,33329A,1.0,NAICS_2007_Code,Manufacturing of parts and attachments for paper industry machines for finishing paper
2044075000,33329A,1.0,NAICS_2007_Code,"Manufacturing of parts and attachments for paper mill machinery, excluding machines for finishing paper"
2044100000,33329A,1.0,NAICS_2007_Code,Manufacturing of parts and attachments for paper and paperboard converting equipment
2044125000,33329A,1.0,NAICS_2007_Code,"Manufacturing of parts, attachments, and accessories for textile machinery"
2044150000,33329A,1.0,NAICS_2007_Code,"Manufacturing of parts, attachments, and accessories for printing presses, including flying pasters, dryers, folders, and reels, all types"
2044175000,33329A,1.0,NAICS_2007_Code,"Manufacturing of parts, attachments, and accessories for bindery equipment, all types"
2044200000,33329A,1.0,NAICS_2007_Code,"Manufacturing of parts, attachments, and accessories for prepress preparatory equipment (excluding typesetting and camera parts)"
2044225000,33329A,1.0,NAICS_2007_Code,"Manufacturing of parts, attachments, and accessories for other printing trades machinery and equipment, all types"
2044250000,33329A,1.0,NAICS_2007_Code,Manufacturing of parts and attachments for dairy and milk products plant machinery and equipment
2044275000,33329A,1.0,NAICS_2007_Code,Manufacturing of parts and attachments for commercial food preparation machines (excluding packaging machinery and food cooking and warming equipment)
2044300000,333318,1.0,NAICS_2007_Code,Manufacturing of parts and accessories for commercial cooking and food-warming equipment
2044325000,33329A,1.0,NAICS_2007_Code,"Manufacturing of parts and attachments for bakery furnaces, ovens, presses, crushers, sorting, grading, and other parts and attachments for industrial food products machinery"
2044350000,333993,1.0,NAICS_2012_Code,"Manufacturing of parts for packing, packaging, and bottling machinery"
2044375000,33329A,1.0,NAICS_2007_Code,Manufacturing of parts for chemical manufacturing machinery and equipment
2044375003,33329A,1.0,NAICS_2007_Code,"Manufacturing of parts for chemical manufacturing distilling, rectifying, fractionating, heat exchange, dryers, gas and air liquefying machinery and equipment"
2044375006,33329A,1.0,NAICS_2007_Code,Manufacturing of parts for other chemical manufacturing machinery and equipment
2044400000,33329A,1.0,NAICS_2007_Code,Manufacturing of parts for foundry machinery and equipment
2044425000,33329A,1.0,NAICS_2007_Code,"Manufacturing of parts, attachments, and accessories for printed circuit board manufacturing machinery and equipment, excluding testing"
2044450000,33329A,1.0,NAICS_2007_Code,Manufacturing of parts for other special industry machinery and equipment
2044450003,33329A,1.0,NAICS_2007_Code,Manufacturing of parts for petroleum refining machinery
2044450006,33329A,1.0,NAICS_2007_Code,"Manufacturing of parts for tobacco processing, clay products forming equipment, cement making, desalinization, and special industry machinery and equipment"
2044450009,33329A,1.0,NAICS_2007_Code,"Manufacturing of parts for machines for working stone, ceramics, and similar materials (including glass)"
2044450012,33329A,1.0,NAICS_2007_Code,Manufacturing of parts for concrete products forming equipment
2044450015,33329A,1.0,NAICS_2007_Code,Manufacturing of parts for glassmaking machinery and equipment
2044450018,33329A,1.0,NAICS_2007_Code,Manufacturing of parts for electric battery making machines
2044475000,333991,1.0,NAICS_2012_Code,"Manufacturing of parts, attachments, and accessories for pneumatic-powered and hydraulic handtools"
2044475003,333991,1.0,NAICS_2012_Code,"Manufacturing of parts, attachments, and accessories for pneumatic-powered handtools"
2044475006,333991,1.0,NAICS_2012_Code,"Manufacturing of parts, attachments, and accessories for hydraulic handtools"
2044500000,333991,1.0,NAICS_2012_Code,"Manufacturing of parts, attachments, and accessories for battery-powered (cordless) handtools"
2044525000,333991,1.0,NAICS_2012_Code,"Manufacturing of parts, attachments, and accessories for electric-powered handtools (excluding battery-powered)"
2044550000,333994,1.0,NAICS_2012_Code,"Manufacturing of parts and attachments for industrial fuel-fired furnaces, ovens, and kilns"
2044575000,333994,1.0,NAICS_2012_Code,"Manufacturing of parts and attachments for electric industrial furnaces, ovens, and kilns, including high-frequency induction and dielectric heating equipment"
2044600000,333994,1.0,NAICS_2012_Code,Manufacturing of parts and attachments for electric industrial tubular heaters and all other miscellaneous electrical heating equipment for industrial use
2044625000,332410,1.0,NAICS_2012_Code,Manufacturing of parts and attachments for steel power boilers (excluding nuclear applications)
2044650000,333914,1.0,NAICS_2012_Code,"Manufacturing of parts and attachments for pumps and pumping equipment, excluding for hydraulic fluid power, and air and gas compressors (including packaged pumps)"
2044675000,333912,1.0,NAICS_2012_Code,"Manufacturing of parts and attachments for air and gas compressors (excluding refrigeration, ice making, and air-conditioning equipment), including packaged compressors"
2044700000,333912,1.0,NAICS_2012_Code,Manufacturing of parts and attachments for industrial spraying equipment
2044725000,33399A,1.0,NAICS_2012_Code,"Manufacturing of parts, attachments, and accessories for scales and balances"
2044725003,33399A,1.0,NAICS_2012_Code,Manufacturing of printers for scales and balances
2044725006,33399A,1.0,NAICS_2012_Code,Manufacturing of digital indicators for scales and balances
2044725009,33399A,1.0,NAICS_2012_Code,Manufacturing of other accessories and attachments for scales and balances
2044725012,33399A,1.0,NAICS_2012_Code,Manufacturing of parts for scales and balances
2044750000,33399A,1.0,NAICS_2012_Code,Manufacturing of parts for all other miscellaneous general industrial machinery and equipment
2044775000,333413,1.0,NAICS_2007_Code,Manufacturing of parts for industrial air purification equipment
2044800000,333413,1.0,NAICS_2007_Code,"Manufacturing of penthouses, shutters, guards, and other parts and accessories for industrial centrifugal, axial, and propeller fans and blowers (excluding power roof ventilators)"
2044825000,33291A,1.0,NAICS_2012_Code,"Manufacturing of gates, globes, angles, straightway (Y-type) check, stop and check, cross, 3- and 4-way, and other industrial valves, excluding parts"
2044850000,33291A,1.0,NAICS_2012_Code,"Manufacturing of parts for gates, globes, angles, straightway (Y-type) check, stop and check, cross, 3- and 4-way, and other industrial valves"
2044875000,33291A,1.0,NAICS_2012_Code,"Manufacturing of industrial ball valves (all metals, pressures, and types), including manual and power-operated, on-off valves, excluding parts"
2044900000,33291A,1.0,NAICS_2012_Code,"Manufacturing of parts for industrial ball valves (all metals, pressures, and types), including manual and power-operated, on-off valves"
2044925000,33291A,1.0,NAICS_2012_Code,"Manufacturing of industrial butterfly valves (all metals, pressures, and types), including manual and power-operated, on-off valves, excluding parts"
2044950000,33291A,1.0,NAICS_2012_Code,"Manufacturing of parts for industrial butterfly valves (all metals, pressures, and types), including manual and power-operated, on-off valves"
2044975000,33291A,1.0,NAICS_2012_Code,"Manufacturing of all other miscellaneous industrial valves (all metals, pressures, and types), including safety valves"
2045000000,33399A,1.0,NAICS_2012_Code,"Manufacturing of all other miscellaneous machinery products, excluding electrical"
2045010000,334514,1.0,NAICS_2012_Code,"Manufacturing of parts, components, and accessories for gas and liquid meters"
2045015000,334514,1.0,NAICS_2012_Code,Manufacturing of parts for counting devices
2045020000,316000,1.0,NAICS_2007_Code,"Manufacturing of industrial belting and other industrial products, made wholly or mostly of leather"
2045025000,333318,1.0,NAICS_2007_Code,"Manufacturing of parts for automatic merchandising machines and coin-operated mechanisms, excluding time switches and money changing and dispensing machines"
2045050000,333318,1.0,NAICS_2007_Code,Manufacturing of parts for money changing and dispensing machines
2045075000,333914,1.0,NAICS_2012_Code,Manufacturing of parts and attachments for measuring and dispensing pumps
2045100000,333318,1.0,NAICS_2007_Code,"Manufacturing of parts, attachments, and accessories for commercial laundry equipment and presses"
2045125000,333318,1.0,NAICS_2007_Code,Manufacturing of parts and attachments for commercial and industrial portable vacuum cleaners
2045150000,333318,1.0,NAICS_2007_Code,Manufacturing of parts and attachments for automotive maintenance equipment (excluding handtools)
2045175000,332999,1.0,NAICS_2012_Code,"Manufacturing of flexible hose and tubing (including steel, stainless steel, aluminum, copper, alloys, and other types)"
2045200000,333318,1.0,NAICS_2007_Code,"Manufacturing of all other parts and attachments for service industry equipment (including parts for water softeners) (excluding tanks), floor and carpet cleaning equipment, and dishwashing machines"
2045201000,334511,1.0,NAICS_2012_Code,"Manufacturing of parts and components for aeronautical, nautical, and navigational instruments"
2045202000,33451A,1.0,NAICS_2012_Code,Manufacturing of parts for physical properties testing equipment
2045203000,33451A,1.0,NAICS_2012_Code,Manufacturing of parts for physical properties inspection equipment
2045204000,33451A,1.0,NAICS_2012_Code,Manufacturing of parts for kinematic testing and measuring equipment
2045205000,33451A,1.0,NAICS_2012_Code,Manufacturing of parts and components for nuclear radiation detection and monitoring instruments
2045206000,33451A,1.0,NAICS_2012_Code,Manufacturing of parts for survey and drafting instruments
2045207000,334513,1.0,NAICS_2012_Code,Manufacturing of parts for process control instruments
2045208000,334515,1.0,NAICS_2012_Code,Manufacturing of parts and accessories for electrical integrating meters
2045209000,334515,1.0,NAICS_2012_Code,Manufacturing of parts and components for test equipment
2045210000,334515,1.0,NAICS_2012_Code,Manufacturing of parts and accessories for indicating and recording instruments
2045211000,334516,1.0,NAICS_2012_Code,Manufacturing of parts and components for analytical and scientific instruments
2045212000,334510,1.0,NAICS_2012_Code,Manufacturing of parts and accessories for electromedical and electrotherapeutic equipment
2045213000,334517,1.0,NAICS_2012_Code,Manufacturing of parts and accessories for X-ray equipment
2045214000,337127,1.0,NAICS_2012_Code,Manufacturing of parts for laboratory furniture
2045215000,333314,1.0,NAICS_2012_Code,Manufacturing of parts and accessories for binoculars and astronomical instruments
2045216000,333314,1.0,NAICS_2012_Code,Manufacturing of other optical components
2045217000,333314,1.0,NAICS_2012_Code,Manufacturing of parts and accessories for all other miscellaneous optical instruments and lenses
2045218000,333314,1.0,NAICS_2012_Code,"Manufacturing of parts and accessories for sighting, tracking, and fire-control equipment"
2045225000,326190,1.0,NAICS_2012_Code,"Manufacturing of plastics shoe products, including taps, soling slabs, and quarterlinings"
2045250000,326290,1.0,NAICS_2012_Code,"Manufacturing of shoe products, rubber, elastomer resin"
2045275000,33299A,1.0,NAICS_2012_Code,Manufacturing of parts and attachments for small firearms
2045300000,333112,1.0,NAICS_2012_Code,"Manufacturing of parts and attachments for consumer lawn, garden, and snow equipment"
2045300003,333112,1.0,NAICS_2012_Code,"Manufacturing of parts for consumer nonriding lawn, garden, and snow equipment"
2045300006,333112,1.0,NAICS_2012_Code,"Manufacturing of attachments for consumer nonriding lawn, garden, and snow equipment"
2045300009,333112,1.0,NAICS_2012_Code,"Manufacturing of parts for consumer riding lawn, garden, and snow equipment (including tractors, riding mowers, and other equipment)"
2045300012,333112,1.0,NAICS_2012_Code,"Manufacturing of attachments (all types) for consumer riding lawn, garden, and snow equipment (including tractors, riding mowers, and other equipment)"
2045325000,335120,1.0,NAICS_2012_Code,"Manufacturing of parts and accessories for nonelectric lighting equipment (including reflectors and fittings, incandescent mantles, etc.)"
2045350000,335311,1.0,NAICS_2012_Code,Manufacturing of fluorescent lamp ballasts
2045375000,335120,1.0,NAICS_2012_Code,Manufacturing of parts and accessories other electric lighting equipment
2045400000,335210,1.0,NAICS_2007_Code,"Manufacturing of parts and attachments for small household electric appliances, including fans"
2045425000,335210,1.0,NAICS_2007_Code,"Manufacturing of parts for household vacuum cleaners, floor waxing machines and floor polishing machines"
2045450000,335220,1.0,NAICS_2012_Code,"Manufacturing of parts and attachments for household refrigerators and freezers, excluding hardware"
2045475000,335220,1.0,NAICS_2012_Code,"Manufacturing of parts, accessories, and attachments for household laundry equipment"
2045500000,335313,1.0,NAICS_2012_Code,Manufacturing of fuses and fuse equipment less than 2300 volts (excluding power distribution cut-outs)
2045525000,333415,1.0,NAICS_2012_Code,Manufacturing of parts for dehumidifiers and room air conditioners
2045530000,335220,1.0,NAICS_2012_Code,Manufacturing of parts and accessories for outdoor and other portable cooking equipment
2045535000,3259A0,0.5,NAICS_2012_Code,Manufacturing of swimming pool chemical preparations and supplies
2045535000,326190,0.5,NAICS_2012_Code,Manufacturing of swimming pool chemical preparations and supplies
2045535003,3259A0,1.0,NAICS_2012_Code,Manufacturing of swimming pool chemical preparations
2045535006,326190,1.0,NAICS_2012_Code,Manufacturing of plastics swimming pool liners and covers (excluding foam and reinforced plastics)
2045540000,335220,1.0,NAICS_2012_Code,"Manufacturing of parts and accessories for household electric ranges and ovens (including burners, rotisseries, oven racks, broiler pans, etc.)"
2045545000,335220,1.0,NAICS_2012_Code,"Manufacturing of parts and accessories for gas household ranges and ovens (including burners, rotisseries, oven racks, broiler pans, etc.)"
2045547000,332500,0.3333333333333333,NAICS_2012_Code,"Manufacturing of parts and accessories for dishwashers and other miscellaneous major household appliances (including food waste disposers and trash compactors, etc.)"
2045547000,332720,0.3333333333333333,NAICS_2012_Code,"Manufacturing of parts and accessories for dishwashers and other miscellaneous major household appliances (including food waste disposers and trash compactors, etc.)"
2045547000,335220,0.3333333333333333,NAICS_2012_Code,"Manufacturing of parts and accessories for dishwashers and other miscellaneous major household appliances (including food waste disposers and trash compactors, etc.)"
2045547003,332500,1.0,NAICS_2012_Code,Manufacturing of refrigerator and stove hardware
2045547006,335220,1.0,NAICS_2012_Code,Manufacturing of parts for electric water heaters
2045547009,335220,1.0,NAICS_2012_Code,Manufacturing of parts for nonelectric water heaters
2045547012,335220,1.0,NAICS_2012_Code,Manufacturing of parts for household dishwashing machines
2045547015,332720,1.0,NAICS_2012_Code,"Manufacturing of parts for household appliances (excluding fasteners; including radio and television) made by cold-, warm-, or hot-heading processes"
2045547018,335220,1.0,NAICS_2012_Code,Manufacturing of all other parts for major household appliances
2045550000,339990,1.0,NAICS_2012_Code,"Manufacturing of pianos (nonelectronic) and organs, parts, excluding benches"
2045560000,339990,1.0,NAICS_2012_Code,"Manufacturing of musical instruments, other, parts and accessories (including mouthpieces, music stands, and strings (excluding strings for nonelectronic pianos)), excluding benches and instrument cases"
2045565000,33329A,1.0,NAICS_2007_Code,Manufacturing of parts for household sewing machines
2045575000,325412,1.0,NAICS_2012_Code,"Manufacturing of in vivo diagnostic substances, contrast media products (both iodinated and barium products), radioactive reagents, angiourographic agents, and all other in vivo diagnostic substances"
2045600000,325413,1.0,NAICS_2012_Code,"Manufacturing of in-vitro diagnostic substances (clinical chemistry) reagents, standards and controls, including toxicology, blood bank, coagulation, virology, serology, cytology, etc. products, and culture media"
2045625000,325414,1.0,NAICS_2012_Code,"Manufacturing of blood and blood derivatives, for human use"
2045650000,325414,1.0,NAICS_2012_Code,"Manufacturing of vaccines, toxoids, and antigens, excluding allergens, for human use"
2045675000,325414,1.0,NAICS_2012_Code,"Manufacturing of other biologics, excluding diagnostic, for human use"
2045700000,325414,1.0,NAICS_2012_Code,"Manufacturing of biological veterinary vaccines, bacterins, toxoids, other antigens, and other biological products"
2045725000,325414,1.0,NAICS_2012_Code,"Manufacturing of biological products, excluding diagnostic, for veterinary, industrial, and all other miscellaneous uses, biological products for industrial and other uses, non-diagnostic culture media"
2045750000,339112,1.0,NAICS_2012_Code,Manufacturing of surgical and medical syringes and hypodermic needles
2045775000,339112,1.0,NAICS_2012_Code,Manufacturing of surgical and medical catheters
2045800000,339112,1.0,NAICS_2012_Code,"Manufacturing of surgical and medical internal fixation devices (bone nails, plates, and screws, etc.)"
2045825000,339113,1.0,NAICS_2012_Code,Manufacturing of artificial joints and limbs
2045850000,339113,1.0,NAICS_2012_Code,Manufacturing of intraocular lenses
2045875000,339113,1.0,NAICS_2012_Code,"Manufacturing of surgical appliances and supplies, excluding orthopedic and prosthetic appliances"
2045875003,339113,1.0,NAICS_2012_Code,Manufacturing of sutures
2045875006,339113,1.0,NAICS_2012_Code,"Manufacturing of surgical gloves, rubber, including household gloves"
2045875009,339113,1.0,NAICS_2012_Code,"Manufacturing of bandages, elastic"
2045875012,339113,1.0,NAICS_2012_Code,"Manufacturing of bandages, other types (including muslin and plaster of Paris), excluding self-adhering"
2045875015,339113,1.0,NAICS_2012_Code,"Manufacturing of adhesive plaster, medicated and non-medicated, including self-adhering"
2045875018,339113,1.0,NAICS_2012_Code,"Manufacturing of gauze, absorbent and packing"
2045875021,339113,1.0,NAICS_2012_Code,"Manufacturing of cotton, sterile and non-sterile, including cotton balls"
2045875024,339113,1.0,NAICS_2012_Code,"Manufacturing of surgical dressings, other types (including compresses, pads, and sponges)"
2045875027,339113,1.0,NAICS_2012_Code,"Manufacturing of other surgical appliances and supplies, including therapeutic appliances and disposable drapes"
2045875031,339113,1.0,NAICS_2012_Code,Manufacturing of stents
2045875033,339113,1.0,NAICS_2012_Code,"Manufacturing of surgical appliances and supplies, parts"
2045900000,326290,1.0,NAICS_2012_Code,"Manufacturing of other latex foam products (including clothing, insulation and padding, hospital padding, and topper pads)"
2045925000,326190,1.0,NAICS_2012_Code,"Manufacturing of plastics hospitalware (pitchers, wash basins, trays, bedpans, etc.) (excluding foam and wire coated)"
2045950000,339114,1.0,NAICS_2012_Code,"Manufacturing of dental supplies, professional, (including tools for use with dental hand pieces, alloys for amalgams, impression materials, filling materials, etc.)"
2045975000,339114,1.0,NAICS_2012_Code,"Manufacturing of dental metals, artificial teeth not customized for individual application, and other dental laboratory supplies"
2046000000,339116,1.0,NAICS_2012_Code,"Manufacturing of orthodontic appliances (artificial teeth, bridges, crowns, dentures, etc.), customized for individual application (prescription basis)"
2046025000,325412,1.0,NAICS_2012_Code,"Manufacturing of pharmaceutical preparations for veterinary use (including medicinal premixes and medicated pet care products; excluding pet flea and tick products), excluding diagnostics"
2046025003,325412,1.0,NAICS_2012_Code,Manufacturing of veterinary anesthetics
2046025006,325412,1.0,NAICS_2012_Code,Manufacturing of veterinary anthelmintics
2046025009,325412,1.0,NAICS_2012_Code,"Manufacturing of veterinary antibiotic preparations, penicillins"
2046025012,325412,1.0,NAICS_2012_Code,"Manufacturing of veterinary antibiotic preparations, tetracyclines, and other antibiotics"
2046025015,325412,1.0,NAICS_2012_Code,"Manufacturing of veterinary antiseptics, wound dressings, and fungicides"
2046025018,325412,1.0,NAICS_2012_Code,"Manufacturing of veterinary hormones, including insulin, ACTH (corticotropin), and other hormone preparations"
2046025021,325412,1.0,NAICS_2012_Code,"Manufacturing of veterinary nitrofurans, nutrients, and tonics"
2046025024,325412,1.0,NAICS_2012_Code,"Manufacturing of veterinary parasiticides, external"
2046025027,325412,1.0,NAICS_2012_Code,"Manufacturing of other pharmaceutical preparations, including vitamins, minerals, tranquilizers, ataractics, intravenous solutions, sulfonamides, electrolytes, hemostatics, and hematinics, for veterinary use"
2046050000,325610,1.0,NAICS_2012_Code,"Manufacturing of commercial, industrial, and institutional dry, liquid, and aerosol hard surface cleaners"
2046075000,325610,1.0,NAICS_2012_Code,"Manufacturing of commercial, industrial, and institutional dishwashing detergents"
2046100000,325610,1.0,NAICS_2012_Code,"Manufacturing of commercial, industrial, and institutional metal cleaners"
2046125000,325610,1.0,NAICS_2012_Code,"Manufacturing of commercial, industrial, and institutional scouring cleaners"
2046150000,325610,1.0,NAICS_2012_Code,"Manufacturing of dairy, farm, and food plant cleaners, sanitizers, etc."
2046175000,325610,1.0,NAICS_2012_Code,"Manufacturing of commercial, industrial, and institutional soaps, excluding specialty cleaners"
2046200000,325610,1.0,NAICS_2012_Code,Manufacturing of specialty cleaning and sanitation products
2046200003,325610,1.0,NAICS_2012_Code,"Manufacturing of rug and upholstery cleaners, industrial- and institutional-type preparations"
2046200006,325610,1.0,NAICS_2012_Code,"Manufacturing of other specialty detergents, including sweeping compounds, wallpaper cleaners, etc."
2046225000,325610,1.0,NAICS_2012_Code,"Manufacturing of disinfectants, nonagricultural, industrial and institutional"
2046250000,325610,1.0,NAICS_2012_Code,"Manufacturing of air and room fresheners, aerosol-type, industrial and institutional (excluding potpourri)"
2046275000,325610,1.0,NAICS_2012_Code,"Manufacturing of glass window cleaning preparations and toilet bowl cleaners, industrial and institutional"
2046275003,325610,1.0,NAICS_2012_Code,"Manufacturing of glass window cleaning preparations, excluding automotive windshield washer fluid, industrial and institutional"
2046275006,325610,1.0,NAICS_2012_Code,"Manufacturing of toilet bowl cleaners, industrial and institutional"
2046300000,325610,1.0,NAICS_2012_Code,"Manufacturing of polishing preparations and related products, industrial and institutional"
2046300003,325610,1.0,NAICS_2012_Code,"Manufacturing of furniture polish and cleaners, industrial and institutional"
2046300006,325610,1.0,NAICS_2012_Code,"Manufacturing of floor polish, water emulsion, industrial and institutional"
2046300009,325610,1.0,NAICS_2012_Code,"Manufacturing of other polishing preparations and related products, including metal polish and polishing cloths and papers"
2046325000,339990,1.0,NAICS_2012_Code,"Manufacturing of brushes, all other types, excluding personal and paint and varnish"
2046325003,339990,1.0,NAICS_2012_Code,"Manufacturing of brushes, maintenance (including dusting, floor, scrub, twisted-in-wire, and window), industrial"
2046325006,339990,1.0,NAICS_2012_Code,"Manufacturing of brushes, other types (including cup, dentists', end, jewelers', power-driven, and rotary), industrial"
2046350000,325610,1.0,NAICS_2012_Code,"Manufacturing of commercial, industrial, and institutional dry and liquid laundry detergents"
2046375000,325610,1.0,NAICS_2012_Code,"Manufacturing of liquid laundry fabric softeners and rinses, and other laundry aids"
2046375003,325610,1.0,NAICS_2012_Code,Manufacturing of industrial and institutional liquid laundry fabric softeners and rinses
2046375006,325610,1.0,NAICS_2012_Code,"Manufacturing of other laundry aids, including ironing aids and drycleaning spotting preparations"
2046400000,3259A0,1.0,NAICS_2012_Code,"Manufacturing of photographic presensitized printing plates (unexposed), phototypesetting and imagesetting film, sensitized photographic paper and cloth, silver-halide-type (excluding X-ray)"
2046425000,3259A0,1.0,NAICS_2012_Code,"Manufacturing of sensitized photographic film and plates (including X-ray), paper, and cloth and photographic diffusion transfer materials (including both imager and receiver sheets), other than silver-halide-type"
2046450000,3259A0,1.0,NAICS_2012_Code,Manufacturing of prepared photographic chemicals (excluding plate chemicals)
2046500000,3259A0,1.0,NAICS_2012_Code,"Manufacturing of other prepared photographic chemicals, including plate"
2046525000,314900,1.0,NAICS_2007_Code,"Manufacturing of canvas products, tents, other types (including air supported and tension structures)"
2046550000,316000,1.0,NAICS_2007_Code,"Manufacturing of saddlery, harness, and accouterments, made of leather or leather substitutes such as rubber, plastics, fabric or textiles"
2046575000,3219A0,1.0,NAICS_2012_Code,Manufacturing of small wood wares and wood toilet seats
2046575003,3219A0,1.0,NAICS_2012_Code,"Manufacturing of wood toothpicks, skewers, candy sticks, ice cream sticks, tongue depressors, drink mixers, and similar small wood wares"
2046575006,3219A0,1.0,NAICS_2012_Code,"Manufacturing of wood toilet seats, including molded wood"
2046600000,3219A0,1.0,NAICS_2012_Code,Manufacturing of wood ladders
2046600003,3219A0,1.0,NAICS_2012_Code,Manufacturing of wood stepladders
2046600006,3219A0,1.0,NAICS_2012_Code,"Manufacturing of wood rung ladders (nonextension, extension, and scaffolding ladders)"
2046625000,332320,1.0,NAICS_2012_Code,"Manufacturing of metal scaffolding (suspended and access), shoring and forming for concrete work (iron, steel, aluminum, and all other material combinations)"
2046650000,332999,1.0,NAICS_2012_Code,"Manufacturing of metal step, platform, and rung-type ladders, metal ladder-type step stools, and ladder accessories"
2046675000,3219A0,1.0,NAICS_2012_Code,Manufacturing of all other miscellaneous wood products
2046675003,3219A0,1.0,NAICS_2012_Code,"Manufacturing of cork and cork products of natural, waste (including granulated and ground), and composition cork (excluding gaskets)"
2046675006,3219A0,1.0,NAICS_2012_Code,Manufacturing of all other miscellaneous wood products
2046700000,3259A0,1.0,NAICS_2012_Code,"Manufacturing of fireworks and pyrotechnics, including flares, igniters (jet fuel or other), railroad torpedoes, toy pistol caps, etc."
2046725000,326150,1.0,NAICS_2012_Code,"Manufacturing of products made of foam other than polystyrene or polyurethane, including phenolics, vinyl and cellulose acetate, etc."
2046750000,326190,1.0,NAICS_2012_Code,"Manufacturing of other consumer, institutional, and commercial plastics products, including plastics laboratory ware (petri dishes, flasks, funnels, etc.) (excluding foam and wire-coated)"
2046775000,326290,1.0,NAICS_2012_Code,"Manufacturing of rubber balloons (including consumer, advertising, meteorological, etc)"
2046800000,334610,1.0,NAICS_2012_Code,"Manufacturing of magnetic and optical recording media, including unrecorded disks and tapes"
2046800003,334610,1.0,NAICS_2012_Code,Manufacturing of optical disks
2046800006,334610,1.0,NAICS_2012_Code,"Manufacturing of magnetic recording media, including parts"
2046825000,322210,1.0,NAICS_2007_Code,Manufacturing of cups and liquid-tight paper and paperboard containers
2046825003,322210,1.0,NAICS_2007_Code,"Manufacturing of liquid-tight and round-nested paperboard food containers, including lids and tops"
2046825006,322210,1.0,NAICS_2007_Code,Manufacturing of paperboard drinking cups and portion serving cups
2046850000,322210,1.0,NAICS_2007_Code,"Manufacturing of other sanitary paper and paperboard food containers, boards, and trays, excluding folding"
2046850003,322210,1.0,NAICS_2007_Code,"Manufacturing of pressed paperboard plates, dishes, spoons, and similar products"
2046850006,322210,1.0,NAICS_2007_Code,"Manufacturing of other sanitary paper and paperboard items, including tablecloths, soda straws, and ovenable paperboard food trays"
2046875000,326140,1.0,NAICS_2012_Code,Manufacturing of polystyrene foam food containers
2046900000,326150,1.0,NAICS_2012_Code,Manufacturing of polyurethane foam food containers
2046925000,326140,1.0,NAICS_2012_Code,Manufacturing of consumer and institutional polystyrene foam products
2046950000,326150,1.0,NAICS_2012_Code,Manufacturing of consumer and institutional polyurethane foam products
2046975000,326190,1.0,NAICS_2012_Code,"Manufacturing of plastics cups (vending machines, over-the-counter, carryout, etc.) (excluding foam)"
2047000000,326190,1.0,NAICS_2012_Code,"Manufacturing of plastics food trays, and baskets (excluding foam)"
2047025000,322220,1.0,NAICS_2007_Code,Manufacturing of gift wrap paper
2047025003,322220,1.0,NAICS_2007_Code,"Manufacturing of all other gift wrap paper, retail counter items, all types and weights"
2047025006,322220,1.0,NAICS_2007_Code,"Manufacturing of laminated aluminum foil gift wrap, including other paper gift wrapping (counter rolls and flat sheets for stores' own use, and paper gift wrap materials shipped to other manufacturers for further processing)"
2047050000,332999,1.0,NAICS_2012_Code,"Manufacturing of converted unmounted aluminum foil flexible packaging products, including gift wrap (not laminated to other materials)"
2047050003,332999,1.0,NAICS_2012_Code,Manufacturing of coated aluminum foil less than .001 inch thickness (not laminated to other materials)
2047050006,332999,1.0,NAICS_2012_Code,Manufacturing of coated aluminum foil .001 to .003 inch thickness (not laminated to other materials)
2047050009,332999,1.0,NAICS_2012_Code,Manufacturing of coated aluminum foil greater than .003 inch thickness (not laminated to other materials)
2047075000,322220,1.0,NAICS_2007_Code,"Manufacturing of single-web paper, rolls and sheets, including waxed, for flexible packaging uses"
2047075003,322220,1.0,NAICS_2007_Code,"Manufacturing of plastics-coated single-web paper, rolls and sheets, for flexible packaging uses"
2047075006,322220,1.0,NAICS_2007_Code,"Manufacturing of single-web paper (other than plastics-coated), rolls and sheets, including waxed, for flexible packaging uses"
2047100000,322220,1.0,NAICS_2007_Code,"Manufacturing of paper/paper multiweb laminated rolls and sheets, for flexible packaging uses"
2047125000,322220,1.0,NAICS_2007_Code,"Manufacturing of film/paper multiweb laminated rolls and sheets, for flexible packaging uses"
2047150000,322220,1.0,NAICS_2007_Code,"Manufacturing of laminated aluminum film/foil (without paper) multiweb combinations, rolls and sheets for flexible packaging uses"
2047175000,322220,1.0,NAICS_2007_Code,"Manufacturing of extrusion-laminated aluminum foil/paper combinations, rolls and sheets for flexible packaging uses"
2047200000,322220,1.0,NAICS_2007_Code,"Manufacturing of adhesive- or wax-laminated aluminum foil/paper combinations, rolls and sheets for flexible packaging uses"
2047225000,322220,1.0,NAICS_2007_Code,"Manufacturing of other laminated aluminum foils, including laminated aluminum paper/poly and foil/poly combinations (including foil/foil), rolls and sheets for flexible packaging uses"
2047250000,322220,1.0,NAICS_2007_Code,"Manufacturing of pasted, lined, laminated, or surface-coated paperboard"
2047275000,326110,1.0,NAICS_2012_Code,"Manufacturing of single-web film, rolls, and sheets, including coextruded, for flexible packaging uses"
2047275003,326110,1.0,NAICS_2012_Code,"Manufacturing of polyethylene single-web film, rolls, and sheets, including coextruded, for flexible packaging uses"
2047275006,326110,1.0,NAICS_2012_Code,"Manufacturing of polypropylene single-web film, rolls, and sheets, including coextruded, for flexible packaging uses"
2047275009,326110,1.0,NAICS_2012_Code,"Manufacturing of nylon single-web film, rolls, and sheets, including coextruded, for flexible packaging uses"
2047275012,326110,1.0,NAICS_2012_Code,"Manufacturing of PETG single-web film, rolls, and sheets, including coextruded, for flexible packaging uses"
2047275015,326110,1.0,NAICS_2012_Code,"Manufacturing of PVC single-web film, rolls, and sheets, including coextruded, for flexible packaging uses"
2047275018,326110,1.0,NAICS_2012_Code,"Manufacturing of all other single-web film, rolls, and sheets, including coextruded, for flexible packaging uses"
2047300000,326110,1.0,NAICS_2012_Code,"Manufacturing of coextruded single-web film, for flexible packaging uses"
2047325000,326110,1.0,NAICS_2012_Code,"Manufacturing of polypropylene/polypropylene multiweb laminated rolls and sheets, for flexible packaging uses"
2047350000,326110,1.0,NAICS_2012_Code,"Manufacturing of metalized film/film multiweb laminated rolls and sheets, for flexible packaging uses"
2047375000,326110,1.0,NAICS_2012_Code,"Manufacturing of cellophane/other and other film/film multiweb laminated rolls and sheets, for flexible packaging uses"
2047375003,326110,1.0,NAICS_2012_Code,"Manufacturing of cellophane/other film multiweb laminated rolls and sheets, for flexible packaging uses"
2047375006,326110,1.0,NAICS_2012_Code,"Manufacturing of other film/film multiweb laminated rolls and sheets, for flexible packaging uses"
2047400000,322220,1.0,NAICS_2007_Code,"Manufacturing of specialty bags, pouches, and liners, coated and single-web paper"
2047425000,322220,1.0,NAICS_2007_Code,"Manufacturing of specialty bags, pouches, and liners, multiweb laminations and foil, excluding film-film"
2047425003,322220,1.0,NAICS_2007_Code,"Manufacturing of paper/film multiweb specialty bags, pouches, and liners"
2047425006,322220,1.0,NAICS_2007_Code,"Manufacturing of foil specialty bags, pouches, and liners, and all paper or film combinations with foil"
2047425009,322220,1.0,NAICS_2007_Code,"Manufacturing of other multiweb specialty bags, pouches, and liners, including paper/paper"
2047450000,322220,1.0,NAICS_2007_Code,Manufacturing of uncoated paper grocers' bags and sacks
2047475000,322220,1.0,NAICS_2007_Code,"Manufacturing of uncoated paper variety bags, pouches (merchandise), and shopping bags"
2047475003,322220,1.0,NAICS_2007_Code,Manufacturing of uncoated paper variety bags and pouches (merchandise)
2047475006,322220,1.0,NAICS_2007_Code,Manufacturing of uncoated paper shopping bags
2047500000,322220,1.0,NAICS_2007_Code,"Manufacturing of all other uncoated paper bags and pouches (including specialty bags, mothproof bags, etc.)"
2047525000,326110,1.0,NAICS_2012_Code,Manufacturing of polyethylene grocery and variety bags and pouches
2047550000,326110,1.0,NAICS_2012_Code,Manufacturing of polyethylene refuse bags
2047550003,326110,1.0,NAICS_2012_Code,"Manufacturing of polyethylene refuse bags, industrial"
2047550006,326110,1.0,NAICS_2012_Code,"Manufacturing of polyethylene refuse bags, household"
2047575000,326110,1.0,NAICS_2012_Code,Manufacturing of polyethylene textile and clothing bags and pouches
2047600000,326110,1.0,NAICS_2012_Code,Manufacturing of polyethylene household food storage bags and pouches (sandwich and freezer)
2047625000,326110,1.0,NAICS_2012_Code,"Manufacturing of other polyethylene bags, pouches, and liners"
2047625003,326110,1.0,NAICS_2012_Code,Manufacturing of polyethylene produce bags
2047625006,326110,1.0,NAICS_2012_Code,Manufacturing of polyethylene drum and box liners
2047625009,326110,1.0,NAICS_2012_Code,Manufacturing of polyethylene bread bags
2047625012,326110,1.0,NAICS_2012_Code,Manufacturing of polyethylene newspaper sleeves
2047625015,326110,1.0,NAICS_2012_Code,"Manufacturing of other polyethylene single-web film, specialty bags, pouches, and liners"
2047650000,326110,1.0,NAICS_2012_Code,"Manufacturing of coextruded single-web film specialty bags, pouches, and liners"
2047650003,326110,1.0,NAICS_2012_Code,"Manufacturing of coextruded bags, pouches, and liners, used for meat"
2047650006,326110,1.0,NAICS_2012_Code,"Manufacturing of coextruded bags, pouches, and liners, for medical uses"
2047650009,326110,1.0,NAICS_2012_Code,"Manufacturing of coextruded bags, pouches, and liners, used for food, excluding produce and meat"
2047650012,326110,1.0,NAICS_2012_Code,"Manufacturing of coextruded bags, pouches, and liners, used for produce"
2047650015,326110,1.0,NAICS_2012_Code,"Manufacturing of coextruded bags, pouches, and liners, used for pet food"
2047650018,326110,1.0,NAICS_2012_Code,"Manufacturing of all other coextruded bags, pouches, and liners, used for non-food"
2047675000,326110,1.0,NAICS_2012_Code,"Manufacturing of other single-web film specialty bags, pouches, and liners"
2047700000,326110,1.0,NAICS_2012_Code,"Manufacturing of multiweb film/film combination specialty bags, pouches, and liners"
2047725000,322220,1.0,NAICS_2007_Code,"Manufacturing of single and double wall shipping sacks and bags, all materials, excluding textiles"
2047750000,322220,1.0,NAICS_2007_Code,"Manufacturing of multiwall (three-ply or more) shipping sacks and bags, all materials, excluding textiles"
2047775000,326110,1.0,NAICS_2012_Code,Manufacturing of polyethylene shipping sacks
2047800000,314900,1.0,NAICS_2007_Code,"Manufacturing of textile bags, excluding duffle bags"
2047800003,314900,1.0,NAICS_2007_Code,"Manufacturing of  textile storage bags (including laundry, wardrobe, and shoe), with or without external supporting frames"
2047800006,314900,1.0,NAICS_2007_Code,Manufacturing of other textile bags
2047825000,322210,1.0,NAICS_2012_Code,"Manufacturing of folding paperboard boxes, packaging, and packaging components"
2047850000,322210,1.0,NAICS_2007_Code,"Manufacturing of setup (rigid) paperboard boxes, classified by end use"
2047850003,322210,1.0,NAICS_2007_Code,"Manufacturing of setup (rigid) paperboard boxes for textiles, wearing apparel, and hosiery"
2047850006,322210,1.0,NAICS_2007_Code,Manufacturing of setup (rigid) paperboard boxes for department stores and other retail stores
2047850009,322210,1.0,NAICS_2007_Code,Manufacturing of setup (rigid) paperboard boxes for confections
2047850012,322210,1.0,NAICS_2007_Code,"Manufacturing of setup (rigid) paperboard boxes for cosmetics, including soap"
2047850015,322210,1.0,NAICS_2007_Code,"Manufacturing of setup (rigid) paperboard boxes for all other end uses (including stationery and office supplies, and hardware and household supplies)"
2047875000,322210,1.0,NAICS_2007_Code,"Manufacturing of milk and milk-type paperboard cartons, including juice, beverage, and other products"
2047900000,322299,1.0,NAICS_2012_Code,"Manufacturing of molded pulp goods, including egg cartons, florist pots, food trays, etc."
2047925000,3219A0,1.0,NAICS_2012_Code,Manufacturing of nailed and lock-corner wood boxes
2047950000,3219A0,1.0,NAICS_2012_Code,Manufacturing of wood box and crate shook
2047975000,3219A0,1.0,NAICS_2012_Code,"Manufacturing of wirebound wood boxes (made from lumber, veneer, and plywood) and wood slack and tight cooperage (hogsheads, barrels, kegs, tubs, etc.), new and recoopered used"
2048000000,322210,1.0,NAICS_2012_Code,Manufacturing of corrugated shipping containers for food and beverages and carryout boxes for retail food
2048025000,322210,1.0,NAICS_2012_Code,Manufacturing of corrugated shipping containers for paper and allied products
2048050000,322210,1.0,NAICS_2012_Code,"Manufacturing of corrugated shipping containers for metal and electrical machinery, equipment, supplies, products, and appliances"
2048075000,322210,1.0,NAICS_2012_Code,Manufacturing of other corrugated shipping containers for all other end uses
2048100000,326190,1.0,NAICS_2012_Code,Manufacturing of plastics shipping boxes and cases
2048125000,326190,1.0,NAICS_2012_Code,Manufacturing of plastics individual packing boxes and cases for consumer products (excluding foam)
2048150000,322210,1.0,NAICS_2007_Code,Manufacturing of paperboard fiber drums with ends of any material
2048175000,322210,1.0,NAICS_2007_Code,"Manufacturing of fiber cans, all fiber and composite"
2048200000,322210,1.0,NAICS_2007_Code,Manufacturing of fiber cores and tubes
2048225000,322210,1.0,NAICS_2007_Code,"Manufacturing of paperboard cones, reels, spools, bobbins, blocks, and all vulcanized fiber products"
2048250000,326190,1.0,NAICS_2012_Code,"Manufacturing of plastics pails and drums, more than 3 gallons"
2048275000,332430,1.0,NAICS_2012_Code,Manufacturing of steel pails (1 to 12 gallon capacity) and fabricated steel boxes
2048300000,332430,1.0,NAICS_2012_Code,Manufacturing of steel shipping barrels and drums (excluding beer barrels) (more than 12 gallon capacity)
2048325000,332430,1.0,NAICS_2012_Code,"Manufacturing of metal barrels, vacuum and insulated bottles, grain bins and vats, and other barrels"
2048325003,332430,1.0,NAICS_2012_Code,"Manufacturing of metal fluid milk shipping and delivery containers (excluding crates) and sheet metal grain bins and vats (excluding drying floors, fans, and heaters) (steel and aluminum)"
2048325006,332430,1.0,NAICS_2012_Code,"Manufacturing of vacuum and insulated bottles, jugs, and chests (excluding those made principally of foam plastics), and other sheet metal bins and vats, including feed storage bins and sheet metal vats (steel and aluminum)"
2048325009,332430,1.0,NAICS_2012_Code,"Manufacturing of all other metal barrels and containers (including beer barrels, air cargo containers, and parts for metal barrels and pails)"
2048350000,3219A0,1.0,NAICS_2012_Code,"Manufacturing of wood pallets and pallet containers, wood and metal combination"
2048375000,326190,1.0,NAICS_2012_Code,Manufacturing of plastics pallets
2048400000,332999,1.0,NAICS_2012_Code,Manufacturing of metal pallets and skids (excluding wood and metal combinations)
2048425000,326160,1.0,NAICS_2012_Code,Manufacturing of plastics bottles
2048450000,327200,1.0,NAICS_2012_Code,Manufacturing of glass containers (including value of packaging)
2048475000,326190,1.0,NAICS_2012_Code,"Manufacturing of plastics packaging (excluding film and sheet, foam, boxes, pallets, and bottles)"
2048475003,326190,1.0,NAICS_2012_Code,Manufacturing of plastics tubs (for food products)
2048475006,326190,1.0,NAICS_2012_Code,"Manufacturing of plastics jars (for toilet goods, cosmetics, and food products)"
2048500000,326190,1.0,NAICS_2012_Code,Manufacturing of plastics closure products
2048500003,326190,1.0,NAICS_2012_Code,"Manufacturing of plastics closures, nonpressure, child-resistant, for prescription products"
2048500006,326190,1.0,NAICS_2012_Code,"Manufacturing of plastics closures, nonpressure and nonchild-resistant, including dispensing and nondispensing"
2048500009,326190,1.0,NAICS_2012_Code,"Manufacturing of plastics closures for glass, metal, or plastics pressure containers"
2048500012,326190,1.0,NAICS_2012_Code,"Manufacturing of all other plastics closures, nonpressure, including nonprescription"
2048525000,326190,1.0,NAICS_2012_Code,Manufacturing of other plastics packaging
2048550000,332430,1.0,NAICS_2012_Code,"Manufacturing of steel cans and tinware end products (including ice cream cans, lids, ends, and parts)"
2048575000,332430,1.0,NAICS_2012_Code,"Manufacturing of aluminum cans (including lids, ends, and parts)"
2048600000,332119,1.0,NAICS_2007_Code,Manufacturing of metal commercial closures and metal home-canning closures
2048600003,332119,1.0,NAICS_2007_Code,"Manufacturing of metal and metal-composite closures, including home-canning closures"
2048600006,332119,1.0,NAICS_2007_Code,"Manufacturing of all other metal closures, including metal crowns (including soft drinks and beer) and roll-ons"
2048625000,332999,1.0,NAICS_2012_Code,"Manufacturing of fabricated metal collapsible tubes, aluminum and all other metals, including tin, tin-coated, tin-lead alloy, and lead"
2048650000,3219A0,1.0,NAICS_2012_Code,"Manufacturing of wood reels for wire and cable, excluding wood flour"
2048675000,332999,1.0,NAICS_2012_Code,Manufacturing of metal spools and reels
2048700000,326140,1.0,NAICS_2012_Code,Manufacturing of polystyrene foam protective shipping pads and shaped cushioning and other foam packaging supplies
2048725000,326140,1.0,NAICS_2012_Code,Manufacturing of other polystyrene foam products
2048750000,326150,1.0,NAICS_2012_Code,Manufacturing of packaging polyurethane foam products
2048750003,326150,1.0,NAICS_2012_Code,"Manufacturing of polyurethane foam protective shipping pads and shaped cushioning (peanuts, disks, etc.)"
2048750006,326150,1.0,NAICS_2012_Code,Manufacturing of other polyurethane foam packaging products
2048775000,326150,1.0,NAICS_2012_Code,"Manufacturing of other polyurethane foam products, including medical, clothing, fillers, diapers, etc."
2048800000,326190,1.0,NAICS_2012_Code,Manufacturing of plastics blister and bubble formed packaging
2048825000,332999,1.0,NAICS_2012_Code,Manufacturing of flat metal strapping
2048850000,314900,1.0,NAICS_2007_Code,"Manufacturing of rope, manmade soft fiber, three-sixteenths of an inch in diameter and larger"
2048875000,314900,1.0,NAICS_2007_Code,"Manufacturing of twine, manmade soft fiber, less than three-sixteenths of an inch in diameter, industrial and agriculture"
2048900000,314900,1.0,NAICS_2007_Code,"Manufacturing of cordage and twine, manmade soft fiber, all other types"
2048925000,314900,1.0,NAICS_2007_Code,"Manufacturing of cordage and twine, soft fiber (including hemp, jute, and paper), excluding cotton and manmade fiber"
2048950000,314900,1.0,NAICS_2007_Code,"Manufacturing of cordage and twine, cotton"
2048950003,314900,1.0,NAICS_2007_Code,"Manufacturing of cordage and twine, cotton, all other types (including fish nets)"
2048950006,314900,1.0,NAICS_2007_Code,"Manufacturing of cotton braided cordage, any size, wrapping, seine, and other twine, cotton"
2048975000,314900,1.0,NAICS_2007_Code,"Manufacturing of cordage and twine, hard fiber"
2049000000,314900,1.0,NAICS_2007_Code,"Manufacturing of fishing line and fish netting, manmade soft fiber, commercial and recreational"
2049000003,314900,1.0,NAICS_2007_Code,"Manufacturing of fishing line and fish netting, manmade soft fiber, commercial"
2049000006,314900,1.0,NAICS_2007_Code,"Manufacturing of fishing line and fish netting, manmade soft fiber, recreational"
2049025000,322210,1.0,NAICS_2012_Code,"Manufacturing of corrugated paperboard in sheets and rolls, lined and unlined"
2049050000,322210,1.0,NAICS_2012_Code,"Manufacturing of other corrugated and solid fiber products, including containers, pallets, pads, partitions, point-of-purchase displays, etc."
2049075000,322299,1.0,NAICS_2012_Code,"Manufacturing of all other paper and paperboard products, including cellulose insulation, wrapping products, filters, crepe paper (excluding fine crepe paper), etc."
2049100000,326190,1.0,NAICS_2012_Code,Manufacturing of plastics grower flowerpots and accessories (excluding foam and wire coated)
2049125000,322220,1.0,NAICS_2007_Code,"Manufacturing of gummed sealing tape, paper base and reinforced base, used for sealing and securing including other gummed paper products"
2049150000,322220,1.0,NAICS_2007_Code,"Manufacturing of all pressure-sensitive products (single- and double-faced), including pressure-sensitive base stock for labels, and other non-label products"
2049175000,326290,1.0,NAICS_2012_Code,"Manufacturing of pressure-sensitive tape, rubber-backed (including friction)"
2049185000,322220,1.0,NAICS_2007_Code,"Manufacturing of converted foil, unmounted or coated, plain or printed, including composition for nonpackaging applications"
2049200000,322230,1.0,NAICS_2007_Code,"Manufacturing of file folders, including hanging, expandable, wallets, jackets, pockets, and all other die-cut paper and paperboard office supplies"
2049225000,322230,1.0,NAICS_2007_Code,Manufacturing of paper supplies for business machines and other miscellaneous unprinted paper office supplies
2049250000,322230,1.0,NAICS_2007_Code,"Manufacturing of envelopes, commercial, all types and materials"
2049275000,322230,1.0,NAICS_2007_Code,Manufacturing of stationery
2049275003,322230,1.0,NAICS_2007_Code,Manufacturing of boxed stationery and portfolios
2049275006,322230,1.0,NAICS_2007_Code,"Manufacturing of all other stationery products, including packaged paper and envelopes, noncommercial"
2049300000,322230,1.0,NAICS_2007_Code,"Manufacturing of tablets and pads, 8 1/2 in. x 11 in. and 8 1/2 in. x 14 in., excluding columnar"
2049325000,322230,1.0,NAICS_2007_Code,"Manufacturing of all other tablets and pads, including columnar"
2049350000,322230,1.0,NAICS_2007_Code,"Manufacturing of notebooks, bound with wire (excluding columnar), staples, thread, or plastics (including composition, memo, and stenographic but excluding case-made)"
2049375000,322230,1.0,NAICS_2007_Code,"Manufacturing of looseleaf paper fillers, school and commercial types"
2049400000,322230,1.0,NAICS_2007_Code,"Manufacturing of wrapped ream paper (exclude looseleaf fillers, photographic and photocopy paper, and paper for fax machines)"
2049425000,322230,1.0,NAICS_2007_Code,"Manufacturing of all other miscellaneous tablets, pads, and related products"
2049450000,323110,1.0,NAICS_2007_Code,"Manufacturing of unit set business forms, loose or bound, including label/form combination, tabulating card sets, and other types"
2049475000,323110,1.0,NAICS_2007_Code,"Manufacturing of manifold books and pegboard accounting systems, including manifold sales books"
2049500000,323110,1.0,NAICS_2007_Code,"Manufacturing of custom continuous business forms, including label/form combination, jumbo roll-feed, self-mailer, and other types"
2049510000,339940,1.0,NAICS_2007_Code,Manufacturing of carbon paper and stencil paper
2049525000,323110,1.0,NAICS_2007_Code,"Manufacturing of stock continuous business forms, including jumbo roll-feed and other types"
2049550000,323110,1.0,NAICS_2007_Code,"Manufacturing of checkbooks (including inserts and refills, but excluding those in continuous form and die-cut)"
2049575000,323110,1.0,NAICS_2007_Code,"Manufacturing of blankbooks, excluding checkbooks and looseleaf types, including albums, time planners-organizers, ledger and account books, address books, etc., and refills"
2049600000,323110,1.0,NAICS_2007_Code,"Manufacturing of looseleaf binders, devices, inserts, and forms, including post binders, components and products specifically for use in looseleaf binders (excluding looseleaf filler paper), and metals"
2049625000,339940,1.0,NAICS_2007_Code,"Manufacturing of pens, mechanical pencils, markers, and associated parts"
2049650000,339940,1.0,NAICS_2007_Code,Manufacturing of nonmechanical (wood-cased) pencils and graphite and colored sticks
2049675000,339940,1.0,NAICS_2007_Code,"Manufacturing of chalk and crayons, including tailors' chalk (excluding artists')"
2049700000,339940,1.0,NAICS_2007_Code,Manufacturing of blackboards and whiteboards
2049725000,339940,1.0,NAICS_2007_Code,"Manufacturing of artists' equipment (including airbrushes, children's school art equipment, drawing tables and boards, palettes, sketch boxes, pantographs, and pyrography goods), excluding brushes"
2049750000,339940,1.0,NAICS_2007_Code,"Manufacturing of other art materials (including artists' chalk and crayons, modeling clay and other modeling material, tempera colors, fingerpaint, block printing ink, and watercolors), excluding drawing and India ink"
2049775000,339940,1.0,NAICS_2007_Code,"Manufacturing of inked ribbons, computer (electronic data processing)"
2049800000,339940,1.0,NAICS_2007_Code,Manufacturing of other inked ribbons
2049850000,3259A0,1.0,NAICS_2012_Code,"Manufacturing of prepared photographic chemicals, office copy toners"
2049875000,3259A0,1.0,NAICS_2012_Code,"Manufacturing of writing and stamp pad inks, including indelible ink and marking fluid, excluding drawing inks"
2049900000,339940,1.0,NAICS_2007_Code,"Manufacturing of office supplies and small office equipment (including tape dispensers, paper cutters and trimmers, pencil sharpeners, staplers, and staple removers)"
2049925000,339940,1.0,NAICS_2007_Code,"Manufacturing of marking devices, including dies, hand stamps, embossing seals, letters, numerals, stamp pads, stencils, etc."
2049950000,326290,1.0,NAICS_2012_Code,"Manufacturing of other rubber goods (including bare rubber thread, and rubber stationers' sundries such as bands, finger cots, and erasers) (excluding rubber life preservers)"
2049975000,332200,1.0,NAICS_2007_Code,"Manufacturing of precision measuring tools (inspection, quality control, tool room, and machinists'), comparators, limit gauges, adjustable size, laser, pneumatic, electronic, and all other precision tools and parts"
2050000000,33351B,1.0,NAICS_2012_Code,"Manufacturing of cutting tools (including broaches, reamers, hobs) and all other miscellaneous solid and tipped carbide cutting tools for machine tools and metalworking machinery, excluding tips and blanks"
2050025000,33351B,1.0,NAICS_2012_Code,"Manufacturing of high-speed steel end and solid and tipped carbide end mills, non- and indexable-inserted-blade-type, throwaway-insert-type, and all other miscellaneous milling cutters"
2050050000,33351B,1.0,NAICS_2012_Code,"Manufacturing of threading tools, including blanks, tips, inserts, and all other miscellaneous high-speed steel cutting tools for machine tools"
2050075000,33351B,1.0,NAICS_2012_Code,"Manufacturing of carbon and high-speed steel shank and solid and tipped carbide twist drills, including masonry twist drill bits, gun drills, combined drills, countersinks, and counterbores"
2050100000,33351B,1.0,NAICS_2012_Code,Manufacturing of taps (excluding taps in threading sets and screw plates and inserted chaser types) and precision ground carbide indexible and throwaway inserts for machine tools and metalworking machinery
2050125000,33351B,1.0,NAICS_2012_Code,"Manufacturing of tool holders, tracer and tapering attachments, lathe chucks, rotary tables, collets, jaws, vises, tool room specialties, and all other attachments and accessories for machine tools and metalworking machinery"
2050150000,332200,1.0,NAICS_2007_Code,"Manufacturing of mechanics' hand service tools, including slip and solid joint pliers, wrenches (socket, drive, open-end, box, torque, adjustable, etc.), extensions and sockets, and all other mechanics' handtools"
2050175000,332200,1.0,NAICS_2007_Code,"Manufacturing of other hand-operated edge tools (including agricultural, forestry, professional and craft tools, axes, adzes, hatchets, chisels, palette knives, paperhanger knives, putty knives, animal clippers, etc.)"
2050200000,332200,1.0,NAICS_2007_Code,"Manufacturing of  steel rule dies (excluding metal cutting), for machines and power-driven handtools"
2050225000,332200,1.0,NAICS_2007_Code,"Manufacturing of  other cutting dies, for use in cutting cloth, paper, leathers, etc. (excluding dies for cutting metal), for machines and power-driven handtools"
2050250000,332200,1.0,NAICS_2007_Code,Manufacturing of all other woodcutting machine tools
2050250003,332200,1.0,NAICS_2007_Code,"Manufacturing of dies and interchangeable woodcutting tools, for machines and power-driven handtools"
2050250006,332200,1.0,NAICS_2007_Code,Manufacturing of machine knives
2050250009,332200,1.0,NAICS_2007_Code,"Manufacturing of countersink, drill, and router bits for woodcutting"
2050250012,332200,1.0,NAICS_2007_Code,Manufacturing of all other woodcutting machine tools (including milling cutters)
2050275000,332200,1.0,NAICS_2007_Code,"Manufacturing of all other miscellaneous handtools, including wood- and metal-working files and rasps, precision files, shovels, spades, forged tools (hammers, picks, and mauls, etc.), hoes, rakes, non-powered lawn mowers, clamps, screw jacks, etc."
2050300000,332200,1.0,NAICS_2007_Code,Manufacturing of woodworking power sawblades and accessories
2050300003,332200,1.0,NAICS_2007_Code,"Manufacturing of power circular saw blades for woodworking, solid tooth"
2050300006,332200,1.0,NAICS_2007_Code,"Manufacturing of power circular saw blades for woodworking, inserted tooth"
2050300009,332200,1.0,NAICS_2007_Code,"Manufacturing of all other woodworking power saw blades (scroll, jig, band, etc.) and teeth for inserted power woodworking saws"
2050325000,332200,1.0,NAICS_2007_Code,Manufacturing of metalworking and other power saw blades and accessories
2050325003,332200,1.0,NAICS_2007_Code,Manufacturing of power circular saw blades for metalworking (including metal teeth and cutting segments
2050325006,332200,1.0,NAICS_2007_Code,"Manufacturing of power band saw blades for metalworking (including flexible back, spring temper metal cutting, and high-speed metal cutting)"
2050325009,332200,1.0,NAICS_2007_Code,"Manufacturing of other metalworking saw blades (including saber, reciprocating etc.), and hack (power only)"
2050325012,332200,1.0,NAICS_2007_Code,Manufacturing of all other power saw blades
2050350000,332200,1.0,NAICS_2007_Code,Manufacturing of all other hand-operated saws
2050350003,332200,1.0,NAICS_2007_Code,Manufacturing of hand-operated hacksaws
2050350006,332200,1.0,NAICS_2007_Code,Manufacturing of hand-operated carpenter crosscut saws and ripsaws
2050350009,332200,1.0,NAICS_2007_Code,"Manufacturing of other handsaws (including heavy handsaws, crosscut, buck, miter, coping, pruning, compass, etc.), including frames and blades"
2050375000,339113,0.5,NAICS_2012_Code,"Manufacturing of personal safety equipment and clothing, industrial and nonindustrial"
2050375000,339115,0.5,NAICS_2012_Code,"Manufacturing of personal safety equipment and clothing, industrial and nonindustrial"
2050375003,339113,1.0,NAICS_2012_Code,"Manufacturing of personal safety equipment, respiratory protection (including abrasive, canister, and gas masks)"
2050375006,339113,1.0,NAICS_2012_Code,"Manufacturing of personal safety equipment, industrial helmets and hardhats"
2050375009,339113,1.0,NAICS_2012_Code,"Manufacturing of personal safety equipment, eye and face protection (including face shields, masks, and welding helmets), excluding eye protectors and industrial goggles"
2050375012,339113,1.0,NAICS_2012_Code,"Manufacturing of personal safety equipment, industrial rubber gloves"
2050375015,339113,1.0,NAICS_2012_Code,"Manufacturing of personal safety equipment, protective clothing (excluding footwear and gloves), including rubber and rubberized"
2050400000,339115,1.0,NAICS_2012_Code,"Manufacturing of industrial eye protectors, goggles, mountings, and welding circles and plates"
2050425000,325520,1.0,NAICS_2012_Code,Manufacturing of natural base glues and adhesives
2050425003,325520,1.0,NAICS_2012_Code,Manufacturing of hide (dry forms) animal glues
2050425006,325520,1.0,NAICS_2012_Code,"Manufacturing of flexible, nonwarp, and liquid animal glues (not glue stock)"
2050425009,325520,1.0,NAICS_2012_Code,"Manufacturing of protein adhesives, including casein, blood, fish, soybean, albumen, etc."
2050425012,325520,1.0,NAICS_2012_Code,Manufacturing of dextrine vegetable adhesives
2050425015,325520,1.0,NAICS_2012_Code,Manufacturing of starch vegetable adhesives
2050425018,325520,1.0,NAICS_2012_Code,"Manufacturing of other natural base glues and adhesives made from natural gums, shellac, silicates, lacquers, and oleoresinous varnishes"
2050450000,325520,1.0,NAICS_2012_Code,Manufacturing of epoxy adhesives
2050475000,325520,1.0,NAICS_2012_Code,Manufacturing of rubber and synthetic resin combinations
2050500000,325520,1.0,NAICS_2012_Code,"Manufacturing of hot melt adhesives, including polyamide, polyolefin, and other hot melts"
2050525000,325520,1.0,NAICS_2012_Code,"Manufacturing of adhesive films, all types, including pressure-sensitive structural and nonstructural adhesive films"
2050550000,325520,1.0,NAICS_2012_Code,Manufacturing of vinyl-type adhesives
2050550003,325520,1.0,NAICS_2012_Code,Manufacturing of polyvinyl acetate adhesives
2050550006,325520,1.0,NAICS_2012_Code,Manufacturing of polyvinyl chloride and copolymer adhesives
2050550009,325520,1.0,NAICS_2012_Code,Manufacturing of other vinyl-polymer-type adhesives
2050575000,325520,1.0,NAICS_2012_Code,Manufacturing of other synthetic resin and rubber adhesives
2050575003,325520,1.0,NAICS_2012_Code,"Manufacturing of phenolics and phenolic derivative adhesives, including resorcinol"
2050575006,325520,1.0,NAICS_2012_Code,Manufacturing of urea and modified urea adhesives
2050575009,325520,1.0,NAICS_2012_Code,Manufacturing of acrylic adhesives
2050575012,325520,1.0,NAICS_2012_Code,Manufacturing of cyanoacrylate adhesives
2050575015,325520,1.0,NAICS_2012_Code,Manufacturing of polyester adhesives
2050575018,325520,1.0,NAICS_2012_Code,Manufacturing of urethane adhesives
2050575021,325520,1.0,NAICS_2012_Code,Manufacturing of styrenic adhesives
2050575024,325520,1.0,NAICS_2012_Code,Manufacturing of latex-type rubber cement
2050575027,325520,1.0,NAICS_2012_Code,Manufacturing of solvent-type rubber cement
2050575031,325520,1.0,NAICS_2012_Code,"Manufacturing of other synthetic resin and rubber adhesives, including cellulose, nitrocellulose, polyamide, anaerobic, etc."
2050600000,3259A0,1.0,NAICS_2012_Code,"Manufacturing of evaporated salt (bulk, pressed blocks, and packaged), excluding table salt"
2050625000,3259A0,1.0,NAICS_2012_Code,Manufacturing of water treating compounds
2050625003,3259A0,1.0,NAICS_2012_Code,Manufacturing of cooling tower compounds
2050625006,3259A0,1.0,NAICS_2012_Code,"Manufacturing of water treating compounds, excluding swimming pool and cooling tower"
2050635000,3259A0,1.0,NAICS_2012_Code,Manufacturing of sizes (paper)
2050650000,3259A0,1.0,NAICS_2012_Code,"Manufacturing of chemical preparations, other"
2050675000,326110,1.0,NAICS_2012_Code,Manufacturing of unlaminated polyethylene film and sheet
2050700000,326110,1.0,NAICS_2012_Code,Manufacturing of unlaminated polypropylene film and sheet
2050725000,326110,1.0,NAICS_2012_Code,Manufacturing of unlaminated vinyl and vinyl copolymer film and sheet
2050750000,326110,1.0,NAICS_2012_Code,Manufacturing of other unlaminated plastics film and sheet
2050750003,326110,1.0,NAICS_2012_Code,Manufacturing of unlaminated cellulosic film and sheet
2050750006,326110,1.0,NAICS_2012_Code,Manufacturing of unlaminated acrylic film and sheet
2050750009,326110,1.0,NAICS_2012_Code,Manufacturing of other unlaminated plastics film and sheet
2050775000,326120,1.0,NAICS_2012_Code,"Manufacturing of unlaminated rods, tubes, profiles, and other shapes, including acrylate, methacrylate, polyamide, polyethylene, polypropylene, polystyrene, vinyl, vinyl copolymer, cellulosic, styrene copolymer"
2050800000,326220,1.0,NAICS_2012_Code,"Manufacturing of industrial rubber and plastics hose without fittings (acid and chemical handling, food and beverage, petroleum curb pump, dock, transfer, and other industrial hose)"
2050825000,326220,1.0,NAICS_2012_Code,"Manufacturing of rubber and plastics water hose (including fire, irrigation, water suction-discharge, and other water hose)"
2050850000,326220,1.0,NAICS_2012_Code,Manufacturing of rubber and plastics inner-tube-type air hose (excluding pneumatic power transfer)
2050875000,326220,1.0,NAICS_2012_Code,"Manufacturing of all other pneumatic and hydraulic hose, without fittings, made of rubber and other materials (plastics, nylon, etc.)"
2050900000,326290,1.0,NAICS_2012_Code,Manufacturing of all other industrial rubber products
2050900003,326290,1.0,NAICS_2012_Code,"Manufacturing of vulcanized film and sheet rubber, elastomeric linings, and other rubber products (including jar rings and fuel cells), etc"
2050900006,326290,1.0,NAICS_2012_Code,"Manufacturing of paper mill, steel mill, plastics, and other industrial roll coverings, rubber"
2050925000,326190,1.0,NAICS_2012_Code,Manufacturing of other fabricated fiberglass and reinforced products (excluding furniture)
2050950000,332600,1.0,NAICS_2007_Code,Manufacturing of precision mechanical extension- and torsion-type wire springs
2050975000,332600,1.0,NAICS_2007_Code,Manufacturing of precision mechanical compression-type wire springs
2051000000,332119,1.0,NAICS_2007_Code,"Manufacturing of metal spinning products, excluding cooking and kitchen utensils"
2051025000,332119,1.0,NAICS_2007_Code,"Manufacturing of stamped and pressed metal chemical milling products, milled contoured metal, clad and bonded metal products, and perforated metal end products"
2051025003,332119,1.0,NAICS_2007_Code,"Manufacturing of stamped and pressed metal chemical milling products, milled contoured metal, and clad and bonded metal products"
2051025006,332119,1.0,NAICS_2007_Code,Manufacturing of perforated metal end products
2051050000,332430,1.0,NAICS_2012_Code,Manufacturing of stamped and pressed light gauge metal end products (excluding spinning products and metal electric enclosures)
2051050003,332430,1.0,NAICS_2012_Code,"Manufacturing of stamped and pressed light gauge galvanized steel pails, ash cans, garbage cans, tubs, etc. (excluding shipping containers)"
2051050006,332430,1.0,NAICS_2012_Code,"Manufacturing of other stamped and pressed light gauge metal pails, ash cans, garbage cans, tubs, etc. (including other grades of steel) (excluding shipping containers)"
2051050009,332430,1.0,NAICS_2012_Code,Manufacturing of stamped and pressed light gauge metal mailboxes (commercial and multiple unit residential)
2051050012,332430,1.0,NAICS_2012_Code,Manufacturing of stamped and pressed light gauge metal truck tool boxes
2051050015,332430,1.0,NAICS_2012_Code,Manufacturing of stamped and pressed light gauge metal tool boxes (excluding truck tool boxes)
2051075000,332999,1.0,NAICS_2012_Code,Manufacturing of all other fabricated metal products
2051075003,332999,1.0,NAICS_2012_Code,"Manufacturing of traps, handcuffs, and leg irons"
2051075006,332999,1.0,NAICS_2012_Code,"Manufacturing of all other fabricated metal products (including mobile tactical shelters, container units for military helicopters and airplanes, air cargo pallets, and jobsite storage containers)"
2051100000,33299A,1.0,NAICS_2012_Code,"Manufacturing of ammunition (excluding for small arms), including complete and separate loading artillery rounds, steel and non-steel parts and cases, and all other ammunition (more than 30 mm, more than 1.18 in.)"
2051125000,33299A,1.0,NAICS_2012_Code,"Manufacturing of other ammunition products, including industrial shells and cartridges, air gun ammunition, percussion caps"
2051150000,313300,1.0,NAICS_2012_Code,"Manufacturing of vinyl coated fabrics, including expanded vinyl coated"
2051175000,313300,1.0,NAICS_2012_Code,"Manufacturing of rubber coated fabrics, including inflatable and all other types, excluding garment and footwear"
2051200000,313300,1.0,NAICS_2012_Code,"Manufacturing of coated or laminated fabrics and coated yarns, including impregnated fabrics"
2051225000,313200,1.0,NAICS_2012_Code,"Manufacturing of pressed felts, excluding hats"
2051250000,313200,1.0,NAICS_2012_Code,"Manufacturing of punched or needled felts, including stitch bonded (excluding carpet and rugs suitable for outdoor use (indoor-outdoor)), wool and manmade fibers, excluding hats"
2051275000,314900,1.0,NAICS_2012_Code,"Manufacturing of fabricated flags, banners, and similar emblems, excluding banner printing"
2051300000,314900,1.0,NAICS_2012_Code,Manufacturing of parachutes and shop towels
2051300003,314900,1.0,NAICS_2012_Code,Manufacturing of parachutes
2051300006,314900,1.0,NAICS_2012_Code,Manufacturing of industrial shop towels
2051325000,313200,1.0,NAICS_2012_Code,"Manufacturing of wipers (including windshield, industrial, and lithographic), made from nonwoven fabrics"
2051350000,327200,1.0,NAICS_2012_Code,"Manufacturing of all other machine-made pressed and blown glassware (including lighting, electronic, scientific, laboratory, industrial, and technical)"
2051350003,327200,1.0,NAICS_2012_Code,"Manufacturing of tubing, rods and canes, all types (excluding electrical and electronic)"
2051350006,327200,1.0,NAICS_2012_Code,"Manufacturing of scientific and laboratory glassware, reusable"
2051350009,327200,1.0,NAICS_2012_Code,"Manufacturing of scientific and laboratory glassware, disposable"
2051350012,327200,1.0,NAICS_2012_Code,Manufacturing of technical and industrial glassware
2051350015,327200,1.0,NAICS_2012_Code,Manufacturing of opthalmic lens blanks and optical instruments lens blanks
2051350018,327200,1.0,NAICS_2012_Code,"Manufacturing of other glassware (including balls, radomes, nose cones, nursery bottles, vials, etc.)"
2051375000,327910,1.0,NAICS_2012_Code,"Manufacturing of nonmetallic coated abrasive products and buffing wheels, polishing wheels, and laps"
2051400000,335110,1.0,NAICS_2012_Code,Manufacturing of electric lamp bulbs and tubes (including sealed beam lamp bulbs)
2051425000,335110,1.0,NAICS_2012_Code,"Manufacturing of electric lamp (bulbs and tubes) components (including bases, supports, lead-ins, filaments, etc.), excluding lamp bulb blanks"
2051450000,335999,1.0,NAICS_2012_Code,"Manufacturing of surge suppressors, designed for equipment operating on 110-120 volt circuits, excluding industrial-use surge suppressors"
2051475000,332114,1.0,NAICS_2012_Code,"Manufacturing of custom roll formed products (carbon, stainless, and alloy steel), aluminum and other metal, for all other general industry and miscellaneous materials and supplies, not elsewhere classified"
2051500000,314900,1.0,NAICS_2007_Code,Manufacturing of all other canvas and related products
2051550000,31161A,1.0,NAICS_2012_Code,Custom slaughtering of animals
2051575000,314900,1.0,NAICS_2012_Code,Embroidery services (excluding Schiffli machine products)
2051625000,313100,1.0,NAICS_2007_Code,"Filament yarns, throwing, texturing, winding, warping, etc., on commission"
2051625003,313100,1.0,NAICS_2007_Code,"Filament yarns, throwing or texturing on commission"
2051625006,313100,1.0,NAICS_2007_Code,"Filament yarns, winding, warping, etc., on commission"
2051650000,313200,1.0,NAICS_2007_Code,"Weft (circular) knit fabrics, nonapparel-type, knitting only or knitting and finishing (excluding hosiery) on commission"
2051675000,313200,1.0,NAICS_2007_Code,"Warp knit fabrics, lace and net goods, knitting only or knitting and finishing on contract or commission"
2051700000,313300,1.0,NAICS_2007_Code,"Broadwoven fabrics, cotton, print cloth, finishing on job or commission"
2051715000,339990,1.0,NAICS_2012_Code,"Manufacturing of all other miscellaneous fabricated products, including products made from a combination of materials"
2051725000,313300,1.0,NAICS_2007_Code,"Broadwoven fabrics, manmade fiber and silk, finishing on job or commission"
2051750000,313300,1.0,NAICS_2007_Code,"Knit fabrics, weft and warp, owned by others, finishing on commission"
2051750003,313300,1.0,NAICS_2007_Code,"Knit fabrics, weft and warp, broad (more than 12 inches wide), owned by others, finishing on commission"
2051750006,313300,1.0,NAICS_2007_Code,"Knit fabrics, weft and warp, narrow (12 inches wide or less), owned by others, finishing on commission"
2051750009,313300,1.0,NAICS_2007_Code,"Warp lace and net goods, excluding raschel and burned-out lace, dyeing and finishing on contract or commission"
2051775000,315000,1.0,NAICS_2007_Code,"Contract knitting only or knitting and finishing knitting mill apparel products, excluding underwear and nightwear"
2051800000,315000,1.0,NAICS_2007_Code,"Contract manufacturing of men's and boys' (including unisex)  tailored suits, coats, jackets, and vests, cut and sew"
2051825000,315000,1.0,NAICS_2007_Code,"Contract manufacturing of men's and boys' (including unisex) shirts, excluding work shirts, cut and sew"
2051850000,315000,1.0,NAICS_2007_Code,"Contract manufacturing of men's and boys' underwear and nightwear, including robes, cut and sew"
2051875000,315000,1.0,NAICS_2007_Code,"Contract manufacturing of men's and boys' (including unisex) sweaters; pants; jeans; shorts; sweatpants; swimwear; coveralls; washable service apparel; nontailored coats, jackets, and vests; jogging and warm-up suits; playsuits; ski apparel; other outerwear; and work apparel, cut and sew"
2051900000,315000,1.0,NAICS_2007_Code,"Contract manufacturing of men's and boys' team sport uniforms, costumes, and other apparel and apparel accessories, cut and sew"
2051925000,315000,1.0,NAICS_2007_Code,"Contract manufacturing of women's, misses', girls', and infants' shirts and blouses, cut and sew"
2051950000,315000,1.0,NAICS_2007_Code,"Contract manufacturing of women's, girls', and infants' dresses, cut and sew"
2051975000,315000,1.0,NAICS_2007_Code,"Contract manufacturing of women's, girls', and infants' skirts, tailored suits, coats, jackets, and vests, cut and sew"
2052000000,315000,1.0,NAICS_2007_Code,"Contract manufacturing of women's, girls', and infants' sweaters; slacks; jeans; shorts; sweatpants; swimwear; coveralls; washable service apparel; nontailored coats, jackets, and vests; jogging and warm-up suits; playsuits; ski apparel; other outerwear; and work apparel, cut and sew "
2052025000,315000,1.0,NAICS_2007_Code,"Contract manufacturing of women's, girls', and infants' underwear and nightwear, including robes and foundation garments, cut and sew"
2052050000,315000,1.0,NAICS_2007_Code,"Contract manufacturing of women's, girls', and infants', team sport uniforms, costumes, and other apparel and apparel accessories, cut and sew"
2052075000,316000,1.0,NAICS_2012_Code,Tanning or finishing leather owned by others
2052100000,321100,1.0,NAICS_2012_Code,Contract or custom sawing of logs owned by others
2052125000,321100,1.0,NAICS_2012_Code,"Treating wood owned by others with arsenical chemicals, creosote, and other chemicals (including fire-retardant and pentachlorophenol)"
2052150000,321910,1.0,NAICS_2012_Code,Contract resawing and planing of sawn wood fence stock and wood lath
2052175000,3219A0,1.0,NAICS_2012_Code,Contract kiln drying of lumber
2052200000,323110,1.0,NAICS_2007_Code,Magazine and periodical printing (lithographic)
2052200003,323110,1.0,NAICS_2007_Code,"Magazine and periodical printing (lithographic), excluding magazines and comics for Sunday newspapers"
2052200006,323110,1.0,NAICS_2007_Code,"Magazine and comic printing for Sunday newspapers (lithographic), excluding printing of newspaper advertising inserts"
2052225000,323110,1.0,NAICS_2012_Code,"Magazine and periodical printing (gravure), including magazine and comic supplements for Sunday newspapers (excluding printing of newspaper advertising inserts)"
2052250000,323110,1.0,NAICS_2007_Code,Magazine and periodical printing (letterpress)
2052275000,323110,1.0,NAICS_2012_Code,"Textbook printing and binding, including all grades (K through college and other post high school level), teachers' editions, workbooks, and standardized tests"
2052300000,323110,1.0,NAICS_2012_Code,"Technical, scientific, and professional book printing and binding"
2052325000,323110,1.0,NAICS_2012_Code,Religious book printing and binding
2052350000,323110,1.0,NAICS_2012_Code,"General book printing and binding, including book club, mail order, mass market, and other trade books for adults and juveniles (including toy and coloring books)"
2052375000,323110,1.0,NAICS_2012_Code,"Other book printing and binding, including reference (encyclopedias, dictionaries, etc.), university press, music, and all other books printed and bound"
2052400000,323110,1.0,NAICS_2012_Code,"Books, printing only, not bound"
2052425000,323110,1.0,NAICS_2012_Code,"Pamphlets, printing only or printing and binding (excluding advertising pamphlets)"
2052450000,323120,1.0,NAICS_2007_Code,Hardcover edition binding of books printed elsewhere
2052450003,323120,1.0,NAICS_2007_Code,"Hardbound edition binding of elementary, high school, and college textbooks, and technical, scientific, business, and professional books printed elsewhere"
2052450006,323120,1.0,NAICS_2007_Code,"Hardbound edition binding of general consumer, trade, religious, reference, and all other books (including book club and direct mail) printed elsewhere"
2052475000,323120,1.0,NAICS_2007_Code,"Library binding, hardcover binding of periodicals and records, and other hardcover binding (excluding edition) of books printed elsewhere"
2052500000,323120,1.0,NAICS_2007_Code,"Softcover, pamphlet, and other binding of books and materials (excluding sample books) printed elsewhere"
2052525000,323120,1.0,NAICS_2007_Code,"Sample books, swatches, and cards (color, carpet, upholstery, drapery, etc.), including sample mounting"
2052550000,323110,1.0,NAICS_2007_Code,"Direct mail advertising printing (lithographic), including circulars, letters, pamphlets, cards, etc., excluding catalogs"
2052575000,323110,1.0,NAICS_2007_Code,"Advertising printing, excluding direct mail (lithographic)"
2052575003,323110,1.0,NAICS_2007_Code,"Display advertising printing (lithographic), including posters and counter, floor display, point-of-purchase, and other advertising display material"
2052575006,323110,1.0,NAICS_2007_Code,Preprinted newspaper advertising insert printing (lithographic) (advertising supplements not regularly issued)
2052575009,323110,1.0,NAICS_2007_Code,"Other advertising printing (lithographic), including brochures, pamphlets, magazine inserts, shopping news, etc."
2052600000,323110,1.0,NAICS_2012_Code,Advertising printing (gravure)
2052600003,323110,1.0,NAICS_2012_Code,"Direct mail advertising printing (gravure), including circulars, letters, pamphlets, cards, and printed envelopes (excluding catalogs)"
2052600006,323110,1.0,NAICS_2012_Code,"Advertising printing excluding direct mail (gravure), including newspaper advertising inserts, advertising display materials, brochures, pamphlets, magazine inserts, etc. (excluding catalogs)"
2052625000,323110,1.0,NAICS_2007_Code,"Advertising printing (flexographic), including direct mail, display, magazine and preprinted newspaper inserts, brochures, pamphlets, etc., excluding label and wrapper printing"
2052650000,323110,1.0,NAICS_2012_Code,"Advertising printing (screen), including point-of-purchase, counter, window, and floor display materials, posters, inserts, brochures, etc."
2052675000,323110,1.0,NAICS_2007_Code,"Advertising printing (letterpress), including direct mail (excluding catalogs), display advertising materials, newspaper and magazine inserts, brochures, circulars, etc."
2052700000,323110,1.0,NAICS_2007_Code,Financial and legal printing (lithographic)
2052700003,323110,1.0,NAICS_2007_Code,"Annual report, SEC filing, prospectus, and other corporate financial printing (lithographic)"
2052700006,323110,1.0,NAICS_2007_Code,"Bank and bank form printing (lithographic), including debit-credit slips, ledger and statement sheets, installment-loan coupons, etc. (excluding checkbooks)"
2052700009,323110,1.0,NAICS_2007_Code,"Other financial and legal printing (lithographic), including insurance forms, briefs, etc. (excluding checkbooks)"
2052725000,323110,1.0,NAICS_2007_Code,"Financial and legal printing (flexographic), including annual corporate reports, bank printing, etc."
2052750000,323110,1.0,NAICS_2007_Code,Financial and legal printing (letterpress)
2052775000,323110,1.0,NAICS_2007_Code,"Catalog and directory printing (lithographic), including direct mail catalogs, business reference services directories, and all other catalogs and directories"
2052800000,323110,1.0,NAICS_2012_Code,"Catalog and directory printing (gravure), including direct mail catalogs, business reference services directories, and all other catalogs and directories"
2052825000,323110,1.0,NAICS_2007_Code,Catalog and directory printing (letterpress)
2052850000,323110,1.0,NAICS_2007_Code,Engraving (printing)
2052850003,323110,1.0,NAICS_2007_Code,Security engraving (printing)
2052850006,323110,1.0,NAICS_2007_Code,Social engraving (printing)
2052850009,323110,1.0,NAICS_2007_Code,Business stationery and other commercial engraving (printing)
2052875000,323110,1.0,NAICS_2007_Code,Quick printing
2052900000,323110,1.0,NAICS_2007_Code,Digital printing
2052925000,323110,1.0,NAICS_2007_Code,"Newspaper, art reproduction and picture print, and greeting cards printing (lithographic)"
2052925003,323110,1.0,NAICS_2007_Code,Newspaper printing (lithographic)
2052925006,323110,1.0,NAICS_2007_Code,Art reproduction and picture print printing (lithographic)
2052925009,323110,1.0,NAICS_2007_Code,"Greeting cards, printed for publication by others (lithographic)"
2052950000,323110,1.0,NAICS_2007_Code,"Lithographic printing on metal, excluding sign and display manufacturing"
2052975000,323120,1.0,NAICS_2007_Code,"Miscellaneous binding and postpress work, including collating, perforating, folding, gluing, die-cutting, gold or foil stamping, etc."
2053000000,323110,1.0,NAICS_2012_Code,"Other commercial and general job printing (screen), excluding on textiles and apparel"
2053000003,323110,1.0,NAICS_2012_Code,"Screen printing on metal, excluding sign and display manufacturing"
2053000006,323110,1.0,NAICS_2012_Code,Screen printing on glass or plastics containers for others
2053000009,323110,1.0,NAICS_2012_Code,"All other commercial and general job printing (screen), excluding on textiles and apparel, including customized stationery"
2053025000,323110,1.0,NAICS_2007_Code,"Calendar, map, and atlas printing (lithographic), including calendar pads and globe covers"
2053050000,323110,1.0,NAICS_2007_Code,Other commercial and general job printing (letterpress)
2053050003,323110,1.0,NAICS_2007_Code,"Printed decalcomanias and pressure-sensitives (self-adhesive) (letterpress), including bumper stickers, etc., excluding labels"
2053050006,323110,1.0,NAICS_2007_Code,"Tag printing (including embossed) and business form printing (letterpress), excluding manifold, financial, legal, and looseleaf forms"
2053050009,323110,1.0,NAICS_2007_Code,"Ticket, coupon, and food and beverage check printing (letterpress), including transportation and amusement"
2053050012,323110,1.0,NAICS_2007_Code,Calendar and calendar pad printing (letterpress)
2053050015,323110,1.0,NAICS_2007_Code,"Embossing or embossing and printing plastics cards (credit, ID, etc.)"
2053050018,323110,1.0,NAICS_2007_Code,"All other commercial and general job printing (letterpress), including customized stationery"
2053075000,323110,1.0,NAICS_2007_Code,"All other commercial and general job printing (excluding lithographic (offset), gravure, flexographic, screen, quick, digital, letterpress, and engraving printing)"
2053075003,323110,1.0,NAICS_2007_Code,Pad printing
2053075006,323110,1.0,NAICS_2007_Code,"All other commercial and general job printing (excluding lithographic (offset), gravure, flexographic, screen, quick, digital, letterpress, engraving, and pad printing)"
2053100000,323110,1.0,NAICS_2007_Code,Other commercial and general job printing (lithographic)
2053100003,323110,1.0,NAICS_2007_Code,Scientific and technical recording chart and chart paper printing (lithographic)
2053100009,323110,1.0,NAICS_2007_Code,"Printed decalcomanias and pressure-sensitives (self-adhesive) (lithographic), including bumper stickers, etc., excluding labels"
2053100012,323110,1.0,NAICS_2007_Code,"Ticket, credit card, business stationery, and all other commercial and general job printing (lithographic)"
2053125000,323110,1.0,NAICS_2012_Code,"Other commercial and general job printing (gravure), including customized stationery"
2053150000,323110,1.0,NAICS_2007_Code,"All other commercial and general job printing (flexographic), including customized stationery"
2053175000,323110,1.0,NAICS_2012_Code,"Screen printed decalcomanias and pressure-sensitives (self-adhesive) (including bumper stickers, etc.), excluding labels"
2053200000,323110,1.0,NAICS_2012_Code,"Screen printing on garments, apparel accessories, and other fabric articles, excluding labels and banners"
2053225000,323110,1.0,NAICS_2007_Code,Label and wrapper printing (lithographic)
2053225003,323110,1.0,NAICS_2007_Code,Label printing (lithographic)
2053225006,323110,1.0,NAICS_2007_Code,Printed rolls and sheets for packaging purposes (printing only) (lithographic)
2053250000,323110,1.0,NAICS_2012_Code,Label printing (gravure)
2053275000,323110,1.0,NAICS_2012_Code,Printed rolls and sheets for packaging purposes (printing only) (gravure)
2053300000,323110,1.0,NAICS_2007_Code,Label printing (flexographic)
2053325000,323110,1.0,NAICS_2007_Code,Printed rolls and sheets for packaging purposes (printing only) (flexographic)
2053350000,323110,1.0,NAICS_2007_Code,Label and wrapper printing (letterpress)
2053350003,323110,1.0,NAICS_2007_Code,Label printing (letterpress)
2053350006,323110,1.0,NAICS_2007_Code,Printed rolls and sheets for packaging purposes (printing only) (letterpress)
2053375000,323110,1.0,NAICS_2012_Code,Label printing (screen)
2053400000,323120,1.0,NAICS_2007_Code,"Prepress services, excluding platemaking (including film, assembled flats, color separations, typesetting, imagesetting, etc.)"
2053410000,323120,1.0,NAICS_2007_Code,"Printing plates and cylinders, prepared for printing (excluding blank plates and blank cylinders)"
2053410003,323120,1.0,NAICS_2007_Code,"Lithographic plates, prepared for printing (excluding blank plates)"
2053410006,323120,1.0,NAICS_2007_Code,"Flexographic plates, prepared for printing (excluding blank plates)"
2053410009,323120,1.0,NAICS_2007_Code,"Gravure plates and cylinders, prepared for printing (excluding blank plates and blank cylinders)"
2053410012,323120,1.0,NAICS_2007_Code,All other printing plates prepared for printing (excluding blank plates)
2053425000,3259A0,1.0,NAICS_2012_Code,Filling pressurized aerosol containers with materials owned by others (excluding interplant transfers)
2053450000,332800,1.0,NAICS_2012_Code,"Heat treating of metal for the trade (heat treating, pickling, annealing, brazing, shot peening, tempering, etc.)"
2053475000,332800,1.0,NAICS_2012_Code,"Metal coating, engraving (excluding jewelry and silverware), and allied services to manufacturers"
2053475003,332800,1.0,NAICS_2012_Code,Physical vapor deposition (PVD) thin film vacuum coating of metals
2053475006,332800,1.0,NAICS_2012_Code,Chemical vapor deposition (CVD) thin film vacuum coating of metals
2053475009,332800,1.0,NAICS_2012_Code,"All other thin film vacuum coating (electronics, plastics, glass, etc.)"
2053475012,332800,1.0,NAICS_2012_Code,"All other metal coating, engraving and etching (excluding jewelry and silverware), and allied services to manufacturers"
2053500000,332800,1.0,NAICS_2012_Code,"Electroplating, plating, polishing, anodizing, and coloring"
2053525000,332710,1.0,NAICS_2012_Code,Machine shop job work and job order repairs
2053625000,334610,1.0,NAICS_2007_Code,Software reproducing
2053650000,334610,1.0,NAICS_2007_Code,"Reproduction of audio discs, records, and compact discs (CD), full-length"
2053675000,334610,1.0,NAICS_2007_Code,"Reproduction of audio tapes, cassette full-length"
2053700000,334610,1.0,NAICS_2007_Code,Reproduction of audio discs and compact disc (CD) singles-maxisingles
2053725000,334610,1.0,NAICS_2007_Code,"Reproduction of video recording media, including video discs, DVD, and video tapes"
2053750000,334610,1.0,NAICS_2007_Code,"All other reproduction of recording media, including audio tape and cassette singles-maxisingles"
2053825000,336411,1.0,NAICS_2012_Code,Aeronautical services on complete aircraft for military customers
2053835000,336411,1.0,NAICS_2012_Code,Aeronautical services on complete aircraft for civilian customers
2053850000,336412,1.0,NAICS_2012_Code,Aeronautical services on aircraft engines
2053850003,336412,1.0,NAICS_2012_Code,Aeronautical services on military aircraft engines (including other aircraft engines built to military specifications)
2053850006,336412,1.0,NAICS_2012_Code,Aeronautical services on civilian aircraft engines
2053875000,336414,1.0,NAICS_2012_Code,Manufacturing services on complete guided missiles
2053900000,336414,1.0,NAICS_2012_Code,Manufacturing services on complete space vehicles
2053900003,336414,1.0,NAICS_2012_Code,Manufacturing services on complete space vehicles for U.S. Government military customers
2053900006,336414,1.0,NAICS_2012_Code,Manufacturing services on complete space vehicles for other customers
2053925000,33641A,1.0,NAICS_2012_Code,"Manufacturing services on complete missiles, space vehicle engines, and propulsion units"
2053950000,336611,1.0,NAICS_2012_Code,"Ship modification, conversion, overhaul, and other manufacturing services, military"
2053975000,336611,1.0,NAICS_2012_Code,"Ship modification, conversion, overhaul, and other manufacturing services, nonmilitary"
2054000000,336500,1.0,NAICS_2012_Code,"Railroad vehicle modification, conversion, overhaul, and other manufacturing services"
2054025000,336211,1.0,NAICS_2012_Code,Upfitting
2054050000,336411,1.0,NAICS_2012_Code,"Modification, conversion, and overhaul of previously accepted aircraft"
2054050003,336411,1.0,NAICS_2012_Code,"Modification, conversion, and overhaul of military aircraft and all other aircraft built to military specifications"
2054050006,336411,1.0,NAICS_2012_Code,"Modification, conversion, and overhaul of previously accepted aircraft for civilian customers"
2054075000,339910,1.0,NAICS_2007_Code,"Lapidary work, except for watch jewels"
3000075000,3219A0,1.0,NAICS_2012_Code,"Constructions of manufactured (mobile) homes, all width sizes (including multisection)"
3000925000,3219A0,1.0,NAICS_2012_Code,"Nonresidential mobile building constructions, office and other commercial"
3000950000,3219A0,1.0,NAICS_2012_Code,"Other nonresidential mobile building constructions, including classroom and industrial"
