commodity,industry,million_usd,moved
1111A0,1111A0,37922.0,False
115000,1111A0,179.0,False
713900,1111A0,116.0,False
1111B0,1111B0,66790.0,False
115000,1111B0,377.0,False
713900,1111B0,245.0,False
111200,111200,18582.0,False
115000,111200,136.0,False
713900,111200,88.0,False
111300,111300,29731.0,False
115000,111300,138.0,False
713900,111300,89.0,False
111400,111400,19644.0,False
115000,111400,136.0,False
713900,111400,88.0,False
111900,111900,25460.0,False
113000,111900,1513.0,False
114000,111900,1.0,False
115000,111900,105.0,False
3219A0,111900,15.0,False
713900,111900,66.0,False
112120,112120,38106.0,False
115000,112120,262.0,False
713900,112120,170.0,False
1121A0,1121A0,87445.0,False
115000,1121A0,368.0,False
713900,1121A0,239.0,False
112300,112300,44165.0,False
115000,112300,245.0,False
713900,112300,159.0,False
112A00,112A00,32707.0,False
113000,112A00,111.0,False
115000,112A00,150.0,False
713900,112A00,97.0,False
111400,113000,28.0,False
113000,113000,18223.0,False
2332D0,113000,515.0,False
114000,114000,8480.0,False
115000,115000,25328.0,False
2332D0,115000,322.0,False
211000,211000,203939.0,False
2123A0,211000,53.0,False
213111,211000,4841.0,False
21311A,211000,8085.0,False
233240,211000,835.0,False
333130,211000,130.0,False
324110,211000,25354.0,False
325120,211000,123.0,False
325190,211000,41.0,False
325310,211000,7.0,False
424700,211000,1183.0,False
541511,211000,115.0,False
541700,211000,946.0,False
212100,212100,26775.0,False
21311A,212100,5639.0,False
233240,212100,3387.0,False
423A00,212100,13.0,False
541511,212100,1.0,False
541700,212100,8.0,False
212230,212230,11430.0,False
2122A0,212230,1203.0,False
233240,212230,698.0,False
541700,212230,24.0,False
2122A0,2122A0,14112.0,False
21311A,2122A0,352.0,False
233240,2122A0,1116.0,False
423A00,2122A0,1.0,False
541700,2122A0,44.0,False
212310,212310,13947.0,False
2123A0,212310,137.0,False
21311A,212310,26.0,False
233240,212310,2158.0,False
327320,212310,31.0,False
327400,212310,39.0,False
327991,212310,23.0,False
324121,212310,71.0,False
423A00,212310,16.0,False
541700,212310,12.0,False
212310,2123A0,93.0,False
2123A0,2123A0,13448.0,False
21311A,2123A0,5.0,False
233240,2123A0,2335.0,False
327320,2123A0,25.0,False
327991,2123A0,1.0,False
327992,2123A0,70.0,False
324121,2123A0,24.0,False
325180,2123A0,2142.0,False
423A00,2123A0,46.0,False
541700,2123A0,16.0,False
211000,213111,14.0,False
213111,213111,22736.0,False
21311A,213111,2653.0,False
233240,213111,1439.0,False
332710,213111,2.0,False
424700,213111,36.0,False
541511,213111,7.0,False
541700,213111,75.0,False
211000,21311A,240.0,False
213111,21311A,1002.0,False
21311A,21311A,72930.0,False
233240,21311A,4755.0,False
332710,21311A,369.0,False
324110,21311A,34.0,False
423A00,21311A,1.0,False
424700,21311A,122.0,False
541511,21311A,30.0,False
541700,21311A,269.0,False
221100,221100,351281.0,False
221200,221100,7824.0,False
221300,221100,996.0,False
233240,221100,2077.0,False
423800,221100,1415.0,False
444000,221100,824.0,False
4B0000,221100,2.0,False
486000,221100,965.0,False
541511,221100,357.0,False
541700,221100,107.0,False
211000,221200,76.0,False
221100,221200,1560.0,False
221200,221200,60196.0,False
233240,221200,544.0,False
4B0000,221200,3.0,False
486000,221200,1584.0,False
541511,221200,135.0,False
541700,221200,28.0,False
221100,221300,322.0,False
221200,221300,309.0,False
221300,221300,10046.0,False
2332D0,221300,1.0,False
233240,221300,14.0,False
444000,221300,4.0,False
541511,221300,1.0,False
541700,221300,3.0,False
562000,221300,5.0,False
S00203,221300,4107.0,False
233210,233210,45025.0,False
233262,233262,94786.0,False
230301,230301,200123.0,False
541511,230301,386.0,False
541700,230301,15.0,False
230302,230302,80273.0,False
2332A0,2332A0,160242.0,False
233412,233412,75093.0,False
2334A0,2334A0,250167.0,False
233230,233230,63523.0,False
2332D0,2332D0,114163.0,False
233240,233240,102085.0,False
233411,233411,254640.0,False
2332C0,2332C0,135588.0,False
233230,321100,46.0,False
321100,321100,32356.0,False
321200,321100,22.0,False
321910,321100,19.0,False
3219A0,321100,104.0,False
337110,321100,1.0,False
337215,321100,1.0,False
325310,321100,1.0,False
423A00,321100,377.0,False
541700,321100,39.0,False
S00401,321100,2.0,False
233230,321200,101.0,False
321100,321200,273.0,False
321200,321200,23707.0,False
321910,321200,46.0,False
3219A0,321200,128.0,False
332310,321200,12.0,False
423A00,321200,193.0,False
541511,321200,1.0,False
541700,321200,19.0,False
S00401,321200,68.0,False
233230,321910,234.0,False
321100,321910,2721.0,False
321200,321910,29.0,False
321910,321910,21331.0,False
3219A0,321910,385.0,False
332320,321910,87.0,False
332500,321910,50.0,False
337110,321910,48.0,False
337215,321910,1.0,False
33721A,321910,146.0,False
326130,321910,51.0,False
326190,321910,40.0,False
423A00,321910,306.0,False
541511,321910,7.0,False
541700,321910,20.0,False
S00401,321910,157.0,False
233230,3219A0,221.0,False
321100,3219A0,30.0,False
321200,3219A0,183.0,False
321910,3219A0,9.0,False
3219A0,3219A0,24269.0,False
327100,3219A0,24.0,False
327390,3219A0,105.0,False
327400,3219A0,11.0,False
332430,3219A0,10.0,False
337121,3219A0,1.0,False
337122,3219A0,6.0,False
33712N,3219A0,48.0,False
337215,3219A0,5.0,False
322210,3219A0,4.0,False
326140,3219A0,28.0,False
326190,3219A0,4.0,False
423800,3219A0,113.0,False
423A00,3219A0,45.0,False
541511,3219A0,9.0,False
541700,3219A0,22.0,False
S00401,3219A0,59.0,False
233230,327100,51.0,False
3219A0,327100,18.0,False
327100,327100,7798.0,False
327200,327100,2.0,False
327330,327100,3.0,False
327400,327100,17.0,False
327992,327100,42.0,False
33291A,327100,4.0,False
336992,327100,3.0,False
337110,327100,17.0,False
325180,327100,4.0,False
326190,327100,35.0,False
423A00,327100,69.0,False
541511,327100,4.0,False
541700,327100,69.0,False
233230,327200,164.0,False
327200,327200,25711.0,False
331490,327200,1.0,False
332320,327200,22.0,False
332500,327200,69.0,False
335920,327200,135.0,False
339930,327200,4.0,False
339940,327200,2.0,False
316000,327200,15.0,False
322220,327200,6.0,False
322299,327200,10.0,False
3259A0,327200,36.0,False
326190,327200,3.0,False
423A00,327200,24.0,False
541511,327200,8.0,False
541700,327200,155.0,False
S00401,327200,3.0,False
233230,327310,41.0,False
327310,327310,7970.0,False
327320,327310,181.0,False
327400,327310,51.0,False
327999,327310,15.0,False
423A00,327310,59.0,False
541511,327310,1.0,False
541700,327310,36.0,False
212310,327320,100.0,False
2123A0,327320,247.0,False
233230,327320,145.0,False
327100,327320,1.0,False
327310,327320,100.0,False
327320,327320,30333.0,False
327330,327320,42.0,False
327390,327320,130.0,False
327992,327320,27.0,False
327999,327320,77.0,False
33329A,327320,3.0,False
324121,327320,26.0,False
3259A0,327320,3.0,False
423A00,327320,243.0,False
541511,327320,9.0,False
541700,327320,181.0,False
233230,327330,40.0,False
327320,327330,17.0,False
327330,327330,5961.0,False
327390,327330,98.0,False
327999,327330,33.0,False
33329A,327330,3.0,False
423A00,327330,220.0,False
541511,327330,3.0,False
541700,327330,50.0,False
2123A0,327390,3.0,False
233230,327390,61.0,False
327320,327390,34.0,False
327330,327390,97.0,False
327390,327390,12139.0,False
327400,327390,13.0,False
327999,327390,9.0,False
324110,327390,1.0,False
324121,327390,7.0,False
423A00,327390,73.0,False
541511,327390,5.0,False
541700,327390,94.0,False
212310,327400,81.0,False
233230,327400,42.0,False
321200,327400,2.0,False
3219A0,327400,5.0,False
327100,327400,12.0,False
327400,327400,7879.0,False
423A00,327400,54.0,False
541511,327400,1.0,False
541700,327400,32.0,False
233230,327910,37.0,False
327910,327910,4655.0,False
314900,327910,9.0,False
322220,327910,4.0,False
325510,327910,2.0,False
325610,327910,11.0,False
326190,327910,1.0,False
423A00,327910,96.0,False
541511,327910,1.0,False
541700,327910,19.0,False
212310,327991,42.0,False
233230,327991,26.0,False
321910,327991,3.0,False
327991,327991,4892.0,False
337110,327991,5.0,False
326190,327991,2.0,False
423A00,327991,7.0,False
541511,327991,3.0,False
541700,327991,47.0,False
233230,327992,25.0,False
327100,327992,474.0,False
327992,327992,3832.0,False
423A00,327992,15.0,False
541511,327992,1.0,False
541700,327992,15.0,False
233230,327993,34.0,False
327200,327993,6.0,False
327993,327993,6179.0,False
423A00,327993,36.0,False
541511,327993,2.0,False
541700,327993,36.0,False
233230,327999,29.0,False
327390,327999,1.0,False
327999,327999,4859.0,False
423A00,327999,155.0,False
541511,327999,1.0,False
541700,327999,23.0,False
233230,331110,77.0,False
331110,331110,84818.0,False
331200,331110,626.0,False
331410,331110,10.0,False
331490,331110,162.0,False
33211A,331110,260.0,False
332600,331110,3.0,False
33399A,331110,1.0,False
335930,331110,16.0,False
324190,331110,1706.0,False
423A00,331110,100.0,False
541511,331110,24.0,False
541700,331110,149.0,False
S00401,331110,156.0,False
233230,331200,21.0,False
331110,331200,16851.0,False
331200,331200,5341.0,False
33131B,331200,7.0,False
331410,331200,2.0,False
331420,331200,9.0,False
331490,331200,73.0,False
331510,331200,33.0,False
33211A,331200,4.0,False
332320,331200,1.0,False
332600,331200,100.0,False
332710,331200,2.0,False
332800,331200,8.0,False
332999,331200,36.0,False
335930,331200,3.0,False
314900,331200,1.0,False
324190,331200,1.0,False
423A00,331200,103.0,False
541511,331200,8.0,False
541700,331200,152.0,False
S00401,331200,186.0,False
233230,331314,7.0,False
331313,331314,5662.0,False
331410,331314,84.0,False
332800,331314,5.0,False
333912,331314,77.0,False
423A00,331314,46.0,False
541511,331314,1.0,False
541700,331314,5.0,False
S00401,331314,3.0,False
233230,331313,7.0,False
331313,331313,2735.0,False
33131B,331313,22.0,False
325180,331313,17.0,False
423A00,331313,2.0,False
541511,331313,1.0,False
541700,331313,9.0,False
S00401,331313,1.0,False
233230,33131B,29.0,False
327200,33131B,5.0,False
331200,33131B,1.0,False
331313,33131B,412.0,False
33131B,33131B,25147.0,False
331420,33131B,82.0,False
331490,33131B,347.0,False
332710,33131B,12.0,False
332800,33131B,324.0,False
332999,33131B,1.0,False
335920,33131B,33.0,False
322220,33131B,2.0,False
423A00,33131B,227.0,False
541511,33131B,6.0,False
541700,33131B,42.0,False
S00401,33131B,262.0,False
233230,331410,7.0,False
327100,331410,1.0,False
331410,331410,9992.0,False
331490,331410,87.0,False
332119,331410,1.0,False
325130,331410,14.0,False
325180,331410,60.0,False
423A00,331410,22.0,False
541511,331410,2.0,False
541700,331410,17.0,False
S00401,331410,49.0,False
233230,331420,10.0,False
327200,331420,5.0,False
331110,331420,2.0,False
33131B,331420,345.0,False
331410,331420,1170.0,False
331420,331420,19331.0,False
331490,331420,132.0,False
332119,331420,5.0,False
332999,331420,265.0,False
33441A,331420,1.0,False
335920,331420,464.0,False
335999,331420,5.0,False
325211,331420,1.0,False
423A00,331420,134.0,False
541511,331420,6.0,False
541700,331420,48.0,False
233230,331490,10.0,False
331110,331490,101.0,False
331410,331490,4190.0,False
331490,331490,9517.0,False
33211A,331490,71.0,False
335920,331490,1.0,False
325180,331490,31.0,False
423A00,331490,49.0,False
541511,331490,5.0,False
541700,331490,44.0,False
S00401,331490,30.0,False
233230,331510,14.0,False
331110,331510,1.0,False
331510,331510,16303.0,False
331520,331510,278.0,False
332710,331510,88.0,False
332800,331510,15.0,False
33291A,331510,32.0,False
332999,331510,93.0,False
423A00,331510,195.0,False
541511,331510,9.0,False
541700,331510,44.0,False
S00401,331510,15.0,False
233230,331520,10.0,False
331510,331520,132.0,False
331520,331520,12045.0,False
332710,331520,77.0,False
332999,331520,13.0,False
333511,331520,21.0,False
333514,331520,247.0,False
333517,331520,1.0,False
333613,331520,15.0,False
333618,331520,5.0,False
423A00,331520,109.0,False
541511,331520,8.0,False
541700,331520,36.0,False
S00401,331520,49.0,False
233230,332114,14.0,False
331110,332114,31.0,False
331200,332114,11.0,False
332114,332114,6403.0,False
332310,332114,113.0,False
332320,332114,45.0,False
332420,332114,4.0,False
332710,332114,7.0,False
332996,332114,4.0,False
333414,332114,8.0,False
336370,332114,2.0,False
423A00,332114,41.0,False
541511,332114,2.0,False
541700,332114,9.0,False
S00401,332114,95.0,False
233230,33211A,24.0,False
331110,33211A,55.0,False
331200,33211A,1.0,False
331410,33211A,11.0,False
331490,33211A,31.0,False
332114,33211A,1.0,False
33211A,33211A,12462.0,False
332320,33211A,3.0,False
332710,33211A,2.0,False
332720,33211A,7.0,False
33291A,33211A,1.0,False
332999,33211A,28.0,False
333514,33211A,8.0,False
333613,33211A,6.0,False
333618,33211A,4.0,False
336212,33211A,1.0,False
324190,33211A,1.0,False
423A00,33211A,153.0,False
541511,33211A,15.0,False
541700,33211A,57.0,False
S00401,33211A,89.0,False
233230,332119,20.0,False
331110,332119,6.0,False
331200,332119,1.0,False
332114,332119,1.0,False
332119,332119,9874.0,False
332200,332119,1.0,False
332310,332119,7.0,False
332320,332119,5.0,False
332410,332119,2.0,False
332500,332119,1.0,False
332600,332119,14.0,False
332710,332119,23.0,False
332720,332119,21.0,False
332800,332119,11.0,False
332999,332119,3.0,False
333511,332119,1.0,False
333514,332119,167.0,False
335930,332119,2.0,False
336370,332119,250.0,False
337215,332119,20.0,False
339910,332119,4.0,False
326190,332119,2.0,False
423A00,332119,28.0,False
541511,332119,20.0,False
541700,332119,67.0,False
S00401,332119,680.0,False
233230,332200,11.0,False
331200,332200,1.0,False
332200,332200,8660.0,False
332320,332200,1.0,False
332430,332200,11.0,False
332710,332200,1.0,False
332720,332200,1.0,False
332800,332200,1.0,False
333130,332200,1.0,False
33329A,332200,3.0,False
333314,332200,1.0,False
333318,332200,1.0,False
333514,332200,1.0,False
33351B,332200,91.0,False
333991,332200,84.0,False
335120,332200,1.0,False
335999,332200,2.0,False
336390,332200,1.0,False
337127,332200,1.0,False
339940,332200,8.0,False
339990,332200,46.0,False
314900,332200,5.0,False
323110,332200,3.0,False
323120,332200,15.0,False
3259A0,332200,1.0,False
326120,332200,10.0,False
326190,332200,1.0,False
423A00,332200,319.0,False
541511,332200,14.0,False
541700,332200,139.0,False
541800,332200,4.0,False
S00401,332200,11.0,False
233230,332310,1191.4884418008066,True
321200,332310,6.0687017409209165,True
3219A0,332310,5.05725145076743,True
332114,332310,259.94272456944594,True
33211A,332310,2.022900580306972,True
332119,332310,4.045801160613944,True
332310,332310,42278.68742506558,True
332320,332310,629.1220804754684,True
332420,332310,7.080152031074403,True
332710,332310,254.8854731186785,True
332720,332310,58.664116828902195,True
332800,332310,19.217555512916235,True
332996,332310,56.64121624859522,True
332999,332310,61.69846769936265,True
333111,332310,1.011450290153486,True
333318,332310,63.721368279669626,True
333414,332310,16.183204642455777,True
333514,332310,11.125953191688346,True
333517,332310,11.125953191688346,True
333920,332310,4.045801160613944,True
33451A,332310,6.0687017409209165,True
336370,332310,2.022900580306972,True
339910,332310,1.011450290153486,True
314900,332310,1.011450290153486,True
325130,332310,2.022900580306972,True
326190,332310,5.05725145076743,True
423A00,332310,992.2327346405699,True
541511,332310,29.332058414451097,True
541700,332310,478.41598724259893,True
541800,332310,1.011450290153486,True
S00401,332310,262.9770754399064,True
2332A0,332320,102.0,False
233230,332320,320.0,False
321910,332320,143.0,False
3219A0,332320,5.0,False
327200,332320,37.0,False
327390,332320,3.0,False
331200,332320,1.0,False
33131B,332320,2.0,False
332119,332320,41.0,False
332310,332320,132.0,False
332320,332320,40287.0,False
332410,332320,1.0,False
332420,332320,136.0,False
332500,332320,158.0,False
332600,332320,1.0,False
332710,332320,105.0,False
332720,332320,145.0,False
332800,332320,38.0,False
332999,332320,98.0,False
333111,332320,67.0,False
333415,332320,1.0,False
333413,332320,53.0,False
333514,332320,10.0,False
33451A,332320,12.0,False
335999,332320,6.0,False
336390,332320,1.0,False
337127,332320,3.0,False
337215,332320,27.0,False
339910,332320,2.0,False
339990,332320,6.0,False
314900,332320,4.0,False
326120,332320,17.0,False
326150,332320,1.0,False
326190,332320,185.0,False
423A00,332320,688.0,False
541511,332320,38.0,False
541700,332320,335.0,False
S00401,332320,267.0,False
233230,332410,66.0,False
332410,332410,6941.0,False
332420,332410,4.0,False
332710,332410,11.0,False
333415,332410,6.0,False
333912,332410,1.0,False
333914,332410,9.0,False
423A00,332410,80.0,False
541511,332410,4.0,False
541700,332410,16.0,False
S00401,332410,6.0,False
2332A0,332420,84.0,False
233230,332420,83.0,False
332310,332420,30.0,False
332320,332420,22.0,False
332410,332420,25.0,False
332420,332420,7818.0,False
332710,332420,10.0,False
332800,332420,5.0,False
33291A,332420,1.0,False
332996,332420,3.0,False
332999,332420,19.0,False
333130,332420,29.0,False
333611,332420,12.0,False
336211,332420,15.0,False
336212,332420,5.0,False
326190,332420,2.0,False
423A00,332420,19.0,False
541511,332420,6.0,False
541700,332420,131.0,False
S00401,332420,73.0,False
233230,332430,165.0,False
331200,332430,1.0,False
332310,332430,2.0,False
332320,332430,1.0,False
332430,332430,17474.0,False
332710,332430,1.0,False
332999,332430,1.0,False
333111,332430,2.0,False
333318,332430,35.0,False
333994,332430,1.0,False
337127,332430,1.0,False
322210,332430,1.0,False
326190,332430,1.0,False
423A00,332430,52.0,False
541511,332430,6.0,False
541700,332430,24.0,False
S00401,332430,188.0,False
233230,332500,8.0,False
332119,332500,2.0,False
332320,332500,35.0,False
332500,332500,8288.0,False
332800,332500,1.0,False
334118,332500,1.0,False
335220,332500,128.0,False
335313,332500,3.0,False
335999,332500,4.0,False
336360,332500,1.0,False
336370,332500,19.0,False
336390,332500,62.0,False
33712N,332500,3.0,False
337215,332500,1.0,False
339920,332500,2.0,False
314900,332500,1.0,False
423A00,332500,30.0,False
541511,332500,9.0,False
541700,332500,37.0,False
S00401,332500,14.0,False
233230,332600,14.0,False
327200,332600,1.0,False
331200,332600,3217.0,False
332119,332600,29.0,False
332320,332600,1.0,False
332500,332600,6.0,False
332600,332600,5462.0,False
332800,332600,14.0,False
332999,332600,2.0,False
337215,332600,2.0,False
313200,332600,9.0,False
314900,332600,7.0,False
326190,332600,8.0,False
423A00,332600,176.0,False
541511,332600,16.0,False
541700,332600,55.0,False
S00401,332600,182.0,False
233230,332710,78.74193046493015,True
331110,332710,7.8032543703984825,True
331200,332710,1.4187735218906332,True
332114,332710,2.8375470437812664,True
33211A,332710,0.7093867609453166,True
332119,332710,63.13542172413318,True
332200,332710,1.4187735218906332,True
332310,332710,282.335930856236,True
332320,332710,18.444055784578232,True
332420,332710,23.40976311119545,True
332710,332710,35594.89552859762,True
332720,332710,705.83982714059,True
332800,332710,113.50188175125066,True
332996,332710,4.965707326617216,True
332999,332710,14.897121979851649,True
333111,332710,4.965707326617216,True
333120,332710,12.7689616970157,True
333130,332710,0.7093867609453166,True
33329A,332710,34.759951286320515,True
333511,332710,7.0938676094531665,True
333514,332710,256.0886207012593,True
333517,332710,7.0938676094531665,True
33351B,332710,32.631791003484565,True
333914,332710,0.7093867609453166,True
333920,332710,17.734669023632915,True
333993,332710,4.965707326617216,True
33399A,332710,31.922404242539248,True
335999,332710,2.8375470437812664,True
336214,332710,2.1281602828359496,True
336350,332710,0.7093867609453166,True
336370,332710,4.256320565671899,True
336413,332710,0.7093867609453166,True
339990,332710,7.0938676094531665,True
324110,332710,0.7093867609453166,True
324190,332710,2.1281602828359496,True
3259A0,332710,0.7093867609453166,True
326190,332710,2.8375470437812664,True
423800,332710,50.366460027117476,True
541511,332710,25.5379233940314,True
541700,332710,271.69512944205627,True
811400,332710,152.51815360324306,True
S00401,332710,87.96395835721925,True
233230,332720,5.0,False
332119,332720,158.0,False
332200,332720,1.0,False
332310,332720,51.0,False
332320,332720,24.0,False
332420,332720,1.0,False
332500,332720,1.0,False
332710,332720,552.0,False
332720,332720,27572.0,False
332800,332720,183.0,False
33291A,332720,7.0,False
332999,332720,7.0,False
33329A,332720,9.0,False
333415,332720,9.0,False
333511,332720,1.0,False
333514,332720,77.0,False
333517,332720,35.0,False
33351B,332720,2.0,False
333613,332720,5.0,False
333991,332720,1.0,False
33399A,332720,95.0,False
334413,332720,8.0,False
335220,332720,7.0,False
336370,332720,40.0,False
336413,332720,24.0,False
313200,332720,11.0,False
325520,332720,4.0,False
3259A0,332720,1.0,False
326190,332720,2.0,False
423A00,332720,288.0,False
541511,332720,11.0,False
541700,332720,56.0,False
S00401,332720,324.0,False
233230,332800,16.0,False
331110,332800,5.0,False
331313,332800,3.0,False
332119,332800,25.0,False
332200,332800,1.0,False
332310,332800,21.0,False
332320,332800,5.0,False
332430,332800,2.0,False
332710,332800,54.0,False
332720,332800,15.0,False
332800,332800,25202.0,False
333514,332800,1.0,False
333517,332800,1.0,False
33351B,332800,1.0,False
334418,332800,1.0,False
336370,332800,14.0,False
336390,332800,1.0,False
339940,332800,2.0,False
339950,332800,4.0,False
323110,332800,102.0,False
325510,332800,5.0,False
326190,332800,7.0,False
423A00,332800,79.0,False
541511,332800,6.0,False
541700,332800,93.0,False
541800,332800,11.0,False
S00401,332800,252.0,False
233230,332913,6.0,False
3219A0,332913,5.0,False
332913,332913,4410.0,False
33291A,332913,2.0,False
332999,332913,19.0,False
333318,332913,2.0,False
33399A,332913,5.0,False
339113,332913,5.0,False
326120,332913,115.0,False
326190,332913,123.0,False
326290,332913,16.0,False
423A00,332913,123.0,False
541511,332913,4.0,False
541700,332913,15.0,False
S00401,332913,1.0,False
233230,33291A,47.0,False
332200,33291A,2.0,False
332420,33291A,28.0,False
332710,33291A,13.0,False
332913,33291A,13.0,False
33291A,33291A,23709.0,False
332996,33291A,125.0,False
332999,33291A,2.0,False
333130,33291A,20.0,False
333414,33291A,4.0,False
333415,33291A,10.0,False
333611,33291A,8.0,False
333613,33291A,2.0,False
333914,33291A,152.0,False
333991,33291A,2.0,False
33399A,33291A,121.0,False
33399B,33291A,350.0,False
334511,33291A,17.0,False
334512,33291A,62.0,False
334513,33291A,70.0,False
33451A,33291A,8.0,False
335314,33291A,38.0,False
335930,33291A,1.0,False
335999,33291A,2.0,False
336320,33291A,4.0,False
336390,33291A,1.0,False
336412,33291A,24.0,False
336413,33291A,22.0,False
339990,33291A,6.0,False
324190,33291A,1.0,False
326190,33291A,33.0,False
326220,33291A,6.0,False
423A00,33291A,317.0,False
541511,33291A,28.0,False
541700,33291A,799.0,False
S00401,33291A,19.0,False
233230,332991,12.0,False
33211A,332991,32.0,False
332720,332991,9.0,False
332991,332991,5956.0,False
333612,332991,14.0,False
333613,332991,93.0,False
336310,332991,17.0,False
423A00,332991,11.0,False
541511,332991,10.0,False
541700,332991,39.0,False
S00401,332991,7.0,False
233230,332996,14.0,False
33131B,332996,1.0,False
331510,332996,11.0,False
332114,332996,44.0,False
33211A,332996,1.0,False
332310,332996,91.0,False
332420,332996,6.0,False
332710,332996,7.0,False
332720,332996,5.0,False
33291A,332996,42.0,False
332996,332996,5738.0,False
332999,332996,36.0,False
333120,332996,17.0,False
33399A,332996,7.0,False
326120,332996,2.0,False
326220,332996,24.0,False
423A00,332996,70.0,False
541511,332996,12.0,False
541700,332996,45.0,False
S00401,332996,24.0,False
233230,33299A,23.0,False
33211A,33299A,1.0,False
332310,33299A,6.0,False
332800,33299A,29.0,False
332996,33299A,7.0,False
33299A,33299A,12535.0,False
332999,33299A,2.0,False
33399A,33299A,6.0,False
334511,33299A,76.0,False
336120,33299A,1.0,False
336413,33299A,4.0,False
33641A,33299A,31.0,False
336999,33299A,4.0,False
339990,33299A,8.0,False
3259A0,33299A,9.0,False
423A00,33299A,184.0,False
541511,33299A,17.0,False
541700,33299A,79.0,False
S00401,33299A,19.0,False
233230,332999,24.0,False
3219A0,332999,1.0,False
331200,332999,1.0,False
332114,332999,1.0,False
332119,332999,1.0,False
332200,332999,3.0,False
332310,332999,10.0,False
332320,332999,2.0,False
332420,332999,3.0,False
332430,332999,3.0,False
332600,332999,1.0,False
332710,332999,12.0,False
332720,332999,3.0,False
332800,332999,14.0,False
332913,332999,12.0,False
332996,332999,7.0,False
332999,332999,13016.0,False
333120,332999,7.0,False
333318,332999,11.0,False
333511,332999,2.0,False
33351B,332999,1.0,False
333920,332999,8.0,False
333993,332999,4.0,False
33399A,332999,5.0,False
33451A,332999,3.0,False
335120,332999,1.0,False
335920,332999,1.0,False
336360,332999,35.0,False
336390,332999,11.0,False
337215,332999,1.0,False
339113,332999,5.0,False
339910,332999,38.0,False
339950,332999,1.0,False
339990,332999,11.0,False
314900,332999,1.0,False
326120,332999,1.0,False
326130,332999,1.0,False
326140,332999,13.0,False
326190,332999,7.0,False
326220,332999,11.0,False
326290,332999,3.0,False
423A00,332999,160.0,False
541511,332999,30.0,False
541700,332999,103.0,False
541800,332999,1.0,False
S00401,332999,284.0,False
233230,333111,43.0,False
331110,333111,4.0,False
332310,333111,1.0,False
332320,333111,1.0,False
332430,333111,46.0,False
33291A,333111,9.0,False
333111,333111,23878.0,False
333112,333111,267.0,False
333120,333111,177.0,False
33329A,333111,1.0,False
333318,333111,5.0,False
333920,333111,36.0,False
335120,333111,29.0,False
335210,333111,1.0,False
336112,333111,3.0,False
336211,333111,1.0,False
337215,333111,1.0,False
339920,333111,1.0,False
324190,333111,1.0,False
325510,333111,71.0,False
423800,333111,66.0,False
541511,333111,45.0,False
541700,333111,348.0,False
S00401,333111,30.0,False
233230,333112,10.0,False
333111,333112,435.0,False
333112,333112,7112.0,False
333618,333112,71.0,False
335220,333112,244.0,False
423800,333112,1.0,False
541511,333112,13.0,False
541700,333112,60.0,False
S00401,333112,1.0,False
233230,333120,50.0,False
332430,333120,2.0,False
332710,333120,4.0,False
333111,333120,95.0,False
333120,333120,31497.0,False
333130,333120,87.0,False
33329A,333120,26.0,False
333414,333120,6.0,False
333920,333120,8.0,False
335313,333120,3.0,False
423800,333120,275.0,False
541511,333120,49.0,False
541700,333120,385.0,False
233230,333130,41.0,False
332710,333130,20.0,False
333120,333130,298.0,False
333130,333130,16587.0,False
33351B,333130,16.0,False
333611,333130,1.0,False
333914,333130,11.0,False
333920,333130,16.0,False
336500,333130,1.0,False
423800,333130,71.0,False
532400,333130,13.0,False
541511,333130,49.0,False
541700,333130,462.0,False
233230,333242,13.0,False
333242,333242,8312.0,False
33329A,333242,10.0,False
333994,333242,17.0,False
33399A,333242,3.0,False
326110,333242,2.0,False
423800,333242,181.0,False
541511,333242,15.0,False
541700,333242,272.0,False
S00401,333242,1.0,False
233230,33329A,109.0,False
332119,33329A,2.0,False
332200,33329A,5.0,False
332320,33329A,1.0,False
332710,33329A,83.0,False
33291A,33329A,1.0,False
332991,33329A,4.0,False
333111,33329A,1.0,False
333242,33329A,6002.0,False
33329A,33329A,23851.0,False
333318,33329A,358.0,False
333415,33329A,11.0,False
333511,33329A,21.0,False
33351B,33329A,31.0,False
333912,33329A,1.0,False
333914,33329A,1.0,False
333920,33329A,34.0,False
333993,33329A,15.0,False
333994,33329A,5.0,False
33399A,33329A,55.0,False
33441A,33329A,1.0,False
335312,33329A,1.0,False
335314,33329A,16.0,False
339990,33329A,1.0,False
325180,33329A,16.0,False
325610,33329A,1.0,False
3259A0,33329A,1.0,False
423800,33329A,226.0,False
541511,33329A,73.0,False
541700,33329A,507.0,False
S00401,33329A,10.0,False
233230,333314,4.0,False
333314,333314,4367.0,False
33441A,333314,4.0,False
334511,333314,85.0,False
334516,333314,7.0,False
334517,333314,2.0,False
33451A,333314,3.0,False
325610,333314,1.0,False
423400,333314,5.0,False
541511,333314,19.0,False
541700,333314,413.0,False
233230,333316,2.0,False
333316,333316,1105.0,False
333912,333316,5.0,False
334111,333316,1.0,False
334118,333316,378.0,False
334418,333316,1.0,False
339114,333316,1.0,False
423400,333316,4.0,False
541511,333316,7.0,False
541700,333316,141.0,False
233230,333318,15.0,False
332119,333318,2.0,False
33329A,333318,11.0,False
333318,333318,17427.0,False
333415,333318,3.0,False
333413,333318,1.0,False
33399A,333318,71.0,False
334418,333318,27.0,False
335220,333318,1139.0,False
335999,333318,6.0,False
336112,333318,1.0,False
423400,333318,53.0,False
541511,333318,61.0,False
541700,333318,1032.0,False
233230,333414,9.0,False
327100,333414,17.0,False
332410,333414,1.0,False
332420,333414,1.0,False
333318,333414,2.0,False
333414,333414,4257.0,False
333415,333414,8.0,False
335220,333414,6.0,False
423A00,333414,69.0,False
541511,333414,11.0,False
541700,333414,65.0,False
S00401,333414,6.0,False
2332A0,333415,7.0,False
233230,333415,58.0,False
33329A,333415,1.0,False
333318,333415,4.0,False
333414,333415,5.0,False
333415,333415,32482.0,False
333517,333415,1.0,False
333914,333415,1.0,False
335220,333415,59.0,False
335313,333415,8.0,False
336310,333415,1.0,False
336500,333415,19.0,False
423A00,333415,129.0,False
541511,333415,67.0,False
541700,333415,407.0,False
S00401,333415,4.0,False
233230,333413,12.0,False
332310,333413,11.0,False
332320,333413,6.0,False
332430,333413,1.0,False
33329A,333413,2.0,False
333415,333413,4.0,False
333413,333413,5755.0,False
333912,333413,2.0,False
333994,333413,1.0,False
335312,333413,8.0,False
423A00,333413,71.0,False
541511,333413,23.0,False
541700,333413,132.0,False
233230,333511,3.8345985158924916,True
331510,333511,0.7669197031784983,True
332310,333511,0.7669197031784983,True
332710,333511,79.75964913056383,True
332720,333511,6.135357625427987,True
332999,333511,8.436116734963482,True
333511,333511,6304.871271901707,True
333514,333511,50.61670040978089,True
33351B,333511,20.706831985819456,True
333920,333511,0.7669197031784983,True
33399A,333511,1.5338394063569967,True
336412,333511,0.7669197031784983,True
339113,333511,0.7669197031784983,True
325510,333511,1.5338394063569967,True
326190,333511,0.7669197031784983,True
423A00,333511,13.037634954034472,True
541511,333511,8.436116734963482,True
541700,333511,81.29348853692082,True
S00401,333511,9.20303643814198,True
233230,333514,6.0,False
332119,333514,29.0,False
332310,333514,19.0,False
332600,333514,1.0,False
332710,333514,232.0,False
332720,333514,77.0,False
332800,333514,39.0,False
33291A,333514,12.0,False
332999,333514,1.0,False
33329A,333514,1.0,False
333511,333514,16.0,False
333514,333514,8360.0,False
333517,333514,36.0,False
33351B,333514,38.0,False
33399A,333514,2.0,False
336370,333514,206.0,False
339990,333514,8.0,False
325211,333514,1.0,False
326190,333514,1.0,False
423800,333514,170.0,False
541511,333514,18.0,False
541700,333514,154.0,False
S00401,333514,38.0,False
233230,333517,38.0,False
327910,333517,26.0,False
332710,333517,21.0,False
332991,333517,7.0,False
33329A,333517,9.0,False
333514,333517,91.0,False
333517,333517,7343.0,False
33351B,333517,129.0,False
333920,333517,1.0,False
33399A,333517,2.0,False
335313,333517,4.0,False
335314,333517,1.0,False
423800,333517,65.0,False
541511,333517,12.0,False
541700,333517,132.0,False
S00401,333517,8.0,False
233230,33351B,20.0,False
327910,33351B,5.0,False
33211A,33351B,43.0,False
332119,33351B,37.0,False
332200,33351B,24.0,False
332430,33351B,13.0,False
332710,33351B,37.0,False
332720,33351B,28.0,False
33299A,33351B,2.0,False
33329A,33351B,31.0,False
333316,33351B,1.0,False
333511,33351B,17.0,False
333514,33351B,50.0,False
333517,33351B,159.0,False
33351B,33351B,7984.0,False
333613,33351B,48.0,False
333914,33351B,42.0,False
33399A,33351B,3.0,False
334111,33351B,3.0,False
423800,33351B,209.0,False
541511,33351B,11.0,False
541700,33351B,178.0,False
S00401,33351B,37.0,False
233230,333611,31.0,False
333611,333611,11875.0,False
333618,333611,497.0,False
333912,333611,9.0,False
336310,333611,13.0,False
336412,333611,93.0,False
33641A,333611,1.0,False
336992,333611,4.0,False
423800,333611,62.0,False
541511,333611,14.0,False
541700,333611,393.0,False
S00401,333611,5.0,False
233230,333612,1.0,False
332991,333612,7.0,False
333612,333612,2896.0,False
333613,333612,141.0,False
333920,333612,4.0,False
339990,333612,3.0,False
326220,333612,1.0,False
423800,333612,6.0,False
541511,333612,6.0,False
541700,333612,107.0,False
S00401,333612,3.0,False
233230,333613,1.0,False
332200,333613,1.0,False
332710,333613,17.0,False
332991,333613,9.0,False
332999,333613,2.0,False
333112,333613,1.0,False
333612,333613,120.0,False
333613,333613,4617.0,False
333618,333613,1.0,False
333920,333613,1.0,False
33399A,333613,4.0,False
336320,333613,16.0,False
3363A0,333613,5.0,False
336999,333613,11.0,False
339113,333613,8.0,False
423800,333613,8.0,False
541511,333613,7.0,False
541700,333613,119.0,False
S00401,333613,28.0,False
233230,333618,8.0,False
333112,333618,3.0,False
333415,333618,1.0,False
333611,333618,2.0,False
333618,333618,24683.0,False
335312,333618,15.0,False
336310,333618,285.0,False
336350,333618,8.0,False
336390,333618,1.0,False
3363A0,333618,2.0,False
423800,333618,27.0,False
541511,333618,24.0,False
541700,333618,576.0,False
S00401,333618,19.0,False
233230,333912,13.0,False
333111,333912,2.0,False
333611,333912,3.0,False
333912,333912,8781.0,False
333914,333912,171.0,False
33399A,333912,9.0,False
423800,333912,41.0,False
541511,333912,15.0,False
541700,333912,124.0,False
233230,333914,20.0,False
332420,333914,7.0,False
332710,333914,17.0,False
333130,333914,1.0,False
33329A,333914,4.0,False
333415,333914,2.0,False
333618,333914,9.0,False
333912,333914,8.0,False
333914,333914,16934.0,False
334514,333914,16.0,False
335312,333914,5.0,False
335313,333914,3.0,False
423800,333914,299.0,False
541511,333914,22.0,False
541700,333914,166.0,False
233230,333920,38.0,False
332310,333920,24.0,False
332320,333920,27.0,False
332710,333920,4.0,False
33291A,333920,1.0,False
333111,333920,85.0,False
333120,333920,35.0,False
333130,333920,35.0,False
33329A,333920,130.0,False
333318,333920,5.0,False
333415,333920,11.0,False
333413,333920,17.0,False
333517,333920,2.0,False
333618,333920,2.0,False
333920,333920,28271.0,False
33399A,333920,73.0,False
336112,333920,1.0,False
336120,333920,305.0,False
336211,333920,89.0,False
336214,333920,1.0,False
336350,333920,2.0,False
336390,333920,36.0,False
337110,333920,3.0,False
337215,333920,1.0,False
339990,333920,10.0,False
326220,333920,3.0,False
423800,333920,668.0,False
541511,333920,62.0,False
541700,333920,405.0,False
233230,333991,5.0,False
331490,333991,2.0,False
332200,333991,8.0,False
332600,333991,25.0,False
333112,333991,8.0,False
333318,333991,126.0,False
33351B,333991,1.0,False
333912,333991,2.0,False
333914,333991,5.0,False
333991,333991,2913.0,False
33399A,333991,2.0,False
33399B,333991,1.0,False
335120,333991,9.0,False
335312,333991,27.0,False
335999,333991,47.0,False
423800,333991,121.0,False
541511,333991,7.0,False
541700,333991,47.0,False
233230,333993,7.0,False
332710,333993,31.0,False
33329A,333993,12.0,False
333318,333993,14.0,False
333920,333993,14.0,False
333993,333993,6703.0,False
33399A,333993,4.0,False
423800,333993,90.0,False
541511,333993,16.0,False
541700,333993,115.0,False
233230,333994,3.0,False
327992,333994,13.0,False
33329A,333994,48.0,False
333414,333994,1.0,False
333618,333994,1.0,False
333994,333994,2509.0,False
335220,333994,1.0,False
339990,333994,4.0,False
325510,333994,3.0,False
423800,333994,10.0,False
541511,333994,7.0,False
541700,333994,52.0,False
233230,33399A,43.0,False
332200,33399A,1.0,False
332310,33399A,2.0,False
332320,33399A,11.0,False
332710,33399A,33.0,False
332720,33399A,114.0,False
332800,33399A,2.0,False
33291A,33399A,95.0,False
332999,33399A,18.0,False
333130,33399A,41.0,False
333242,33399A,6.0,False
33329A,33399A,43.0,False
333318,33399A,9.0,False
333413,33399A,8.0,False
333514,33399A,6.0,False
33351B,33399A,8.0,False
333920,33399A,33.0,False
333991,33399A,2.0,False
333994,33399A,6.0,False
33399A,33399A,21984.0,False
335120,33399A,2.0,False
335999,33399A,6.0,False
337900,33399A,3.0,False
339113,33399A,40.0,False
326290,33399A,1.0,False
423800,33399A,235.0,False
541511,33399A,44.0,False
541700,33399A,315.0,False
233230,33399B,14.0,False
331490,33399B,1.0,False
332710,33399B,13.0,False
33291A,33399B,126.0,False
333120,33399B,11.0,False
333514,33399B,1.0,False
333914,33399B,10.0,False
333920,33399B,1.0,False
33399A,33399B,96.0,False
33399B,33399B,10302.0,False
335999,33399B,18.0,False
336412,33399B,5.0,False
336413,33399B,24.0,False
336992,33399B,1.0,False
423800,33399B,381.0,False
541511,33399B,26.0,False
541700,33399B,621.0,False
233230,334111,1.0,False
333318,334111,128.0,False
334111,334111,8093.0,False
334112,334111,31.0,False
334118,334111,284.0,False
334210,334111,2.0,False
334418,334111,242.0,False
33441A,334111,40.0,False
334610,334111,37.0,False
423400,334111,89.0,False
541511,334111,168.0,False
541700,334111,9918.0,False
233230,334112,1.0,False
334111,334112,1.0,False
334112,334112,4004.0,False
334118,334112,32.0,False
334418,334112,1.0,False
334610,334112,20.0,False
423400,334112,14.0,False
541511,334112,29.0,False
541700,334112,1194.0,False
233230,334118,2.0,False
327400,334118,42.0,False
333316,334118,10.0,False
333318,334118,22.0,False
334112,334118,1.0,False
334118,334118,6311.0,False
334418,334118,7.0,False
334511,334118,18.0,False
334610,334118,128.0,False
335311,334118,3.0,False
322220,334118,3.0,False
325211,334118,27.0,False
3252A0,334118,14.0,False
325520,334118,3.0,False
325910,334118,22.0,False
3259A0,334118,16.0,False
326110,334118,35.0,False
423400,334118,58.0,False
541511,334118,65.0,False
541700,334118,1965.0,False
233230,334210,2.0,False
334111,334210,36.0,False
334112,334210,26.0,False
334118,334210,1.0,False
334210,334210,5226.0,False
334220,334210,4.0,False
33441A,334210,1.0,False
423600,334210,33.0,False
541511,334210,29.0,False
541700,334210,2549.0,False
233230,334220,6.0,False
334210,334220,30.0,False
334220,334220,25467.0,False
334290,334220,1.0,False
334418,334220,1.0,False
334511,334220,69.0,False
334515,334220,3.0,False
33451A,334220,1.0,False
336414,334220,5.0,False
33641A,334220,24.0,False
423600,334220,4.0,False
541511,334220,71.0,False
541700,334220,4059.0,False
233230,334290,1.0,False
334220,334290,7.0,False
334290,334290,4149.0,False
334418,334290,13.0,False
334300,334290,12.0,False
335314,334290,2.0,False
335999,334290,9.0,False
336320,334290,1.0,False
339113,334290,7.0,False
339990,334290,5.0,False
423600,334290,47.0,False
541511,334290,27.0,False
541700,334290,1167.0,False
233230,334413,3.0,False
33131B,334413,8.0,False
331490,334413,1.0,False
332320,334413,3.0,False
333242,334413,3.0,False
333316,334413,49.0,False
333912,334413,4.0,False
334112,334413,56.0,False
334220,334413,5.0,False
334413,334413,50296.0,False
334418,334413,98.0,False
33441A,334413,185.0,False
334511,334413,22.0,False
334515,334413,9.0,False
334517,334413,1.0,False
335110,334413,24.0,False
335120,334413,36.0,False
335220,334413,118.0,False
335999,334413,1.0,False
325180,334413,16.0,False
423600,334413,361.0,False
541511,334413,241.0,False
541700,334413,12646.0,False
233230,334418,1.0,False
333130,334418,1.0,False
334118,334418,5.0,False
334413,334418,1.0,False
334418,334418,17950.0,False
33441A,334418,51.0,False
334511,334418,3.0,False
334610,334418,1.0,False
423600,334418,255.0,False
541511,334418,74.0,False
541700,334418,1668.0,False
233230,33441A,2.0,False
327200,33441A,8.0,False
331420,33441A,7.0,False
331490,33441A,25.0,False
332999,33441A,1.0,False
334210,33441A,1.0,False
334220,33441A,1.0,False
334413,33441A,40.0,False
334418,33441A,160.0,False
33441A,33441A,24867.0,False
334511,33441A,1.0,False
334513,33441A,1.0,False
33451A,33441A,1.0,False
334300,33441A,2.0,False
335311,33441A,4.0,False
335313,33441A,6.0,False
335314,33441A,2.0,False
335920,33441A,25.0,False
335930,33441A,101.0,False
335999,33441A,54.0,False
423600,33441A,236.0,False
541511,33441A,168.0,False
541700,33441A,4348.0,False
233230,334510,5.0,False
332420,334510,4.0,False
33299A,334510,2.0,False
33399A,334510,1.0,False
33441A,334510,3.0,False
334510,334510,30798.0,False
334516,334510,1.0,False
334517,334510,75.0,False
339112,334510,437.0,False
339113,334510,207.0,False
325180,334510,1.0,False
325610,334510,2.0,False
3259A0,334510,1.0,False
326190,334510,1.0,False
423600,334510,633.0,False
541511,334510,83.0,False
541700,334510,1170.0,False
233230,334511,9.0,False
33329A,334511,4.0,False
333314,334511,175.0,False
333318,334511,9.0,False
333618,334511,19.0,False
334210,334511,4.0,False
334220,334511,397.0,False
334290,334511,3.0,False
334413,334511,15.0,False
334418,334511,2.0,False
33441A,334511,7.0,False
334511,334511,48981.0,False
334515,334511,532.0,False
334516,334511,37.0,False
334517,334511,1.0,False
33451A,334511,18.0,False
335312,334511,1.0,False
335999,334511,2.0,False
336411,334511,24.0,False
336414,334511,591.0,False
33641A,334511,38.0,False
339112,334511,2.0,False
326190,334511,1.0,False
423600,334511,98.0,False
541511,334511,149.0,False
541700,334511,2745.0,False
33291A,334512,6.0,False
333314,334512,1.0,False
333415,334512,67.0,False
334512,334512,2794.0,False
335314,334512,3.0,False
336310,334512,3.0,False
336350,334512,1.0,False
326190,334512,21.0,False
423600,334512,24.0,False
541511,334512,21.0,False
541700,334512,254.0,False
233230,334513,2.0,False
33291A,334513,2.0,False
333415,334513,3.0,False
33399A,334513,2.0,False
334511,334513,1.0,False
334513,334513,10194.0,False
334515,334513,60.0,False
334516,334513,71.0,False
334610,334513,3.0,False
335314,334513,25.0,False
335920,334513,1.0,False
336320,334513,1.0,False
423600,334513,44.0,False
541511,334513,75.0,False
541700,334513,985.0,False
233230,334514,1.0,False
33291A,334514,42.0,False
334220,334514,1.0,False
334514,334514,5108.0,False
334515,334514,2.0,False
335314,334514,1.0,False
326190,334514,3.0,False
423600,334514,61.0,False
541511,334514,12.0,False
541700,334514,673.0,False
233230,334515,2.0,False
333314,334515,5.0,False
334111,334515,21.0,False
334220,334515,5.0,False
334418,334515,2.0,False
33441A,334515,6.0,False
334511,334515,21.0,False
334513,334515,26.0,False
334514,334515,10.0,False
334515,334515,10539.0,False
334516,334515,26.0,False
33451A,334515,32.0,False
335314,334515,7.0,False
335999,334515,22.0,False
423600,334515,22.0,False
541511,334515,46.0,False
541700,334515,1250.0,False
233230,334516,3.0,False
333314,334516,3.0,False
333415,334516,1.0,False
334510,334516,11.0,False
334513,334516,13.0,False
334515,334516,34.0,False
334516,334516,14928.0,False
33451A,334516,10.0,False
334610,334516,1.0,False
335911,334516,112.0,False
339113,334516,5.0,False
325190,334516,2.0,False
325413,334516,1.0,False
325620,334516,3.0,False
3259A0,334516,18.0,False
423600,334516,117.0,False
541511,334516,44.0,False
541700,334516,583.0,False
233230,334517,2.0,False
334418,334517,1.0,False
334510,334517,360.0,False
334517,334517,8881.0,False
339112,334517,8.0,False
423600,334517,38.0,False
541511,334517,16.0,False
541700,334517,218.0,False
233230,33451A,2.0,False
332999,33451A,1.0,False
33441A,33451A,2.0,False
334511,33451A,6.0,False
334513,33451A,1.0,False
334514,33451A,1.0,False
334515,33451A,4.0,False
334516,33451A,47.0,False
33451A,33451A,11871.0,False
335314,33451A,1.0,False
339910,33451A,5.0,False
326190,33451A,1.0,False
423600,33451A,34.0,False
541511,33451A,44.0,False
541700,33451A,1178.0,False
334220,334300,3.0,False
334300,334300,2876.0,False
423600,334300,72.0,False
541511,334300,29.0,False
541700,334300,131.0,False
334610,334610,1725.0,False
335314,334610,26.0,False
323110,334610,3.0,False
423600,334610,1.0,False
423A00,334610,8.0,False
541511,334610,14.0,False
541700,334610,49.0,False
541800,334610,40.0,False
233230,335110,1.0,False
327200,335110,3.0,False
332310,335110,2.0,False
335110,335110,1355.0,False
335120,335110,45.0,False
339950,335110,3.0,False
423600,335110,48.0,False
541511,335110,4.0,False
541700,335110,38.0,False
233230,335120,6.0,False
332320,335120,2.0,False
333993,335120,1.0,False
334290,335120,1.0,False
335110,335120,1.0,False
335120,335120,11151.0,False
335312,335120,33.0,False
335911,335120,5.0,False
335999,335120,2.0,False
33712N,335120,6.0,False
33721A,335120,1.0,False
339950,335120,6.0,False
314900,335120,4.0,False
3259A0,335120,1.0,False
326190,335120,89.0,False
423600,335120,454.0,False
541511,335120,23.0,False
541700,335120,163.0,False
233230,335210,2.0,False
333318,335210,32.0,False
333414,335210,2.0,False
333415,335210,1.0,False
335210,335210,3301.0,False
335312,335210,3.0,False
339112,335210,3.0,False
339990,335210,1.0,False
322299,335210,7.0,False
423600,335210,180.0,False
541511,335210,3.0,False
541700,335210,60.0,False
233230,335220,9.0,False
332500,335220,36.0,False
333318,335220,11.0,False
333414,335220,79.0,False
333415,335220,12.0,False
333994,335220,13.0,False
335220,335220,18348.0,False
423600,335220,259.0,False
541511,335220,12.0,False
541700,335220,266.0,False
233230,335311,5.0,False
33441A,335311,1.0,False
335311,335311,5035.0,False
335312,335311,2.0,False
335313,335311,13.0,False
335999,335311,6.0,False
423600,335311,59.0,False
541511,335311,21.0,False
541700,335311,202.0,False
233230,335312,10.0,False
333318,335312,1.0,False
333413,335312,1.0,False
333611,335312,1.0,False
333618,335312,279.0,False
335312,335312,8835.0,False
335313,335312,52.0,False
335314,335312,189.0,False
335930,335312,83.0,False
335999,335312,299.0,False
336320,335312,1.0,False
336500,335312,9.0,False
423100,335312,244.0,False
541511,335312,29.0,False
541700,335312,257.0,False
233230,335313,10.0,False
331420,335313,1.0,False
331490,335313,1.0,False
332310,335313,14.0,False
332710,335313,1.0,False
333111,335313,1.0,False
333914,335313,10.0,False
334418,335313,1.0,False
33441A,335313,1.0,False
334300,335313,10.0,False
335311,335313,159.0,False
335312,335313,9.0,False
335313,335313,10950.0,False
335314,335313,345.0,False
335930,335313,1.0,False
335999,335313,27.0,False
423600,335313,255.0,False
541511,335313,27.0,False
541700,335313,269.0,False
233230,335314,9.0,False
33291A,335314,20.0,False
334118,335314,1.0,False
334513,335314,26.0,False
334515,335314,43.0,False
334610,335314,5.0,False
335313,335314,102.0,False
335314,335314,9883.0,False
335930,335314,2.0,False
335999,335314,39.0,False
423600,335314,94.0,False
541511,335314,37.0,False
541700,335314,403.0,False
233230,335911,2.0,False
331490,335911,3.0,False
334413,335911,3.0,False
335911,335911,7233.0,False
335912,335911,12.0,False
335920,335911,25.0,False
335999,335911,2.0,False
423600,335911,113.0,False
541511,335911,12.0,False
541700,335911,97.0,False
233230,335912,1.0,False
331490,335912,85.0,False
335911,335912,32.0,False
335912,335912,2232.0,False
423600,335912,1.0,False
541511,335912,8.0,False
541700,335912,63.0,False
233230,335920,5.0,False
327200,335920,330.0,False
327999,335920,1.0,False
33131B,335920,11.0,False
331420,335920,188.0,False
331490,335920,11.0,False
33441A,335920,8.0,False
335920,335920,10574.0,False
335930,335920,8.0,False
335999,335920,1.0,False
423600,335920,123.0,False
541511,335920,16.0,False
541700,335920,134.0,False
233230,335930,4.0,False
331110,335930,2.0,False
332119,335930,1.0,False
33329A,335930,1.0,False
33399A,335930,24.0,False
334418,335930,1.0,False
33441A,335930,65.0,False
334511,335930,1.0,False
334515,335930,1.0,False
335120,335930,32.0,False
335313,335930,11.0,False
335314,335930,37.0,False
335930,335930,12758.0,False
336320,335930,578.0,False
322220,335930,223.0,False
324190,335930,19.0,False
325510,335930,2.0,False
423600,335930,294.0,False
541511,335930,29.0,False
541700,335930,229.0,False
233230,335991,1.0,False
333130,335991,1.0,False
335991,335991,3299.0,False
423600,335991,92.0,False
541511,335991,5.0,False
541700,335991,40.0,False
233230,335999,3.0,False
331420,335999,312.0,False
331490,335999,71.0,False
33399A,335999,3.0,False
334413,335999,1.0,False
334418,335999,1.0,False
33441A,335999,35.0,False
334300,335999,1.0,False
335120,335999,1.0,False
335210,335999,1.0,False
335311,335999,4.0,False
335312,335999,2.0,False
335313,335999,3.0,False
335314,335999,7.0,False
335999,335999,10172.0,False
339113,335999,11.0,False
339920,335999,1.0,False
423600,335999,19.0,False
541511,335999,20.0,False
541700,335999,166.0,False
233230,336111,41.0,False
336111,336111,32758.0,False
336112,336111,3452.0,False
336310,336111,989.0,False
336390,336111,209.0,False
423100,336111,68.0,False
541511,336111,33.0,False
541700,336111,2449.0,False
233230,336112,121.0,False
333618,336112,1.0,False
336112,336112,211395.0,False
336120,336112,33.0,False
336310,336112,2.0,False
336390,336112,27.0,False
541511,336112,18.0,False
541700,336112,1249.0,False
233230,336120,22.0,False
336112,336120,240.0,False
336120,336120,25386.0,False
336390,336120,25.0,False
336500,336120,1.0,False
423100,336120,58.0,False
541511,336120,8.0,False
541700,336120,452.0,False
233230,336211,32.0,False
333120,336211,13.0,False
333920,336211,10.0,False
336112,336211,68.0,False
336120,336211,3638.0,False
336211,336211,10201.0,False
336212,336211,37.0,False
336390,336211,305.0,False
336500,336211,2.0,False
314900,336211,11.0,False
326290,336211,1.0,False
423100,336211,121.0,False
541511,336211,11.0,False
541700,336211,441.0,False
233230,336212,23.0,False
333111,336212,2.0,False
336112,336212,5.0,False
336120,336212,5.0,False
336211,336212,228.0,False
336212,336212,10449.0,False
336214,336212,1.0,False
336390,336212,30.0,False
314900,336212,1.0,False
423100,336212,42.0,False
541511,336212,7.0,False
541700,336212,249.0,False
233230,336213,7.0,False
331490,336213,9.0,False
336213,336213,5343.0,False
336214,336213,37.0,False
325510,336213,2.0,False
423100,336213,6.0,False
541511,336213,4.0,False
541700,336213,158.0,False
233230,336214,30.0,False
332310,336214,14.0,False
332710,336214,1.0,False
333920,336214,26.0,False
336212,336214,111.0,False
336213,336214,842.0,False
336214,336214,14177.0,False
336390,336214,64.0,False
336999,336214,1984.0,False
314900,336214,22.0,False
423100,336214,63.0,False
541511,336214,9.0,False
541700,336214,362.0,False
233230,336310,26.0,False
331490,336310,1.0,False
332710,336310,1.0,False
333612,336310,2.0,False
333618,336310,77.0,False
33399A,336310,4.0,False
335911,336310,33.0,False
336120,336310,7.0,False
336310,336310,36153.0,False
336320,336310,788.0,False
336350,336310,1241.0,False
336370,336310,2.0,False
336390,336310,186.0,False
3363A0,336310,31.0,False
339990,336310,2.0,False
314900,336310,3.0,False
423100,336310,187.0,False
541511,336310,24.0,False
541700,336310,1079.0,False
S00401,336310,39.0,False
233230,336320,17.0,False
327200,336320,1.0,False
333618,336320,1.0,False
334210,336320,3.0,False
334514,336320,1.0,False
334515,336320,1.0,False
334300,336320,72.0,False
335120,336320,1.0,False
335312,336320,1.0,False
335314,336320,69.0,False
335920,336320,1.0,False
335930,336320,1.0,False
336310,336320,32.0,False
336320,336320,21436.0,False
336360,336320,590.0,False
336390,336320,126.0,False
3363A0,336320,199.0,False
314900,336320,1.0,False
423100,336320,459.0,False
541511,336320,24.0,False
541700,336320,874.0,False
S00401,336320,114.0,False
233230,336350,31.0,False
332119,336350,3.0,False
332913,336350,2.0,False
332991,336350,1.0,False
333111,336350,1.0,False
333415,336350,6.0,False
333514,336350,8.0,False
333613,336350,8.0,False
333618,336350,6.0,False
336310,336350,234.0,False
336320,336350,224.0,False
336350,336350,39283.0,False
336390,336350,91.0,False
3363A0,336350,355.0,False
336992,336350,2.0,False
314900,336350,1.0,False
423100,336350,246.0,False
541511,336350,31.0,False
541700,336350,1378.0,False
S00401,336350,56.0,False
233230,336360,20.0,False
332600,336360,2.0,False
332999,336360,5.0,False
333514,336360,150.0,False
33451A,336360,1.0,False
336310,336360,195.0,False
336360,336360,29768.0,False
336390,336360,411.0,False
3363A0,336360,139.0,False
336413,336360,11.0,False
337127,336360,5.0,False
339990,336360,11.0,False
314900,336360,16.0,False
326140,336360,1.0,False
326190,336360,1.0,False
326220,336360,31.0,False
326290,336360,1.0,False
423100,336360,7.0,False
541511,336360,28.0,False
541700,336360,933.0,False
S00401,336360,61.0,False
233230,336370,26.0,False
332119,336370,574.0,False
332710,336370,1.0,False
332720,336370,1.0,False
332800,336370,2.0,False
332913,336370,19.0,False
33299A,336370,45.0,False
332999,336370,24.0,False
333415,336370,20.0,False
333511,336370,7.0,False
333514,336370,548.0,False
33399A,336370,2.0,False
334118,336370,3.0,False
336310,336370,23.0,False
336370,336370,34920.0,False
336390,336370,15.0,False
336500,336370,16.0,False
325510,336370,1.0,False
326120,336370,1.0,False
326190,336370,3.0,False
423100,336370,233.0,False
541511,336370,34.0,False
541700,336370,1274.0,False
S00401,336370,116.0,False
233230,336390,54.0,False
332119,336390,6.0,False
332500,336390,102.0,False
333111,336390,6.0,False
333415,336390,51.0,False
333514,336390,128.0,False
33351B,336390,1.0,False
333618,336390,1.0,False
333920,336390,2.0,False
33399A,336390,1.0,False
334300,336390,59.0,False
335220,336390,1.0,False
335999,336390,1.0,False
336112,336390,2.0,False
336120,336390,3.0,False
336211,336390,15.0,False
336212,336390,1.0,False
336310,336390,209.0,False
336320,336390,848.0,False
336350,336390,366.0,False
336360,336390,100.0,False
336370,336390,89.0,False
336390,336390,58366.0,False
3363A0,336390,294.0,False
336500,336390,2.0,False
336991,336390,12.0,False
339920,336390,24.0,False
314110,336390,3.0,False
314900,336390,574.0,False
325610,336390,9.0,False
326190,336390,92.0,False
326220,336390,5.0,False
326290,336390,40.0,False
423100,336390,1715.0,False
541511,336390,58.0,False
541700,336390,2287.0,False
S00401,336390,151.0,False
233230,3363A0,20.0,False
331510,3363A0,13.0,False
332600,3363A0,5.0,False
333514,3363A0,1.0,False
333618,3363A0,402.0,False
336211,3363A0,2.0,False
336310,3363A0,8.0,False
336320,3363A0,2.0,False
336350,3363A0,579.0,False
336390,3363A0,366.0,False
3363A0,3363A0,24251.0,False
314900,3363A0,14.0,False
326290,3363A0,1.0,False
423100,3363A0,435.0,False
541511,3363A0,24.0,False
541700,3363A0,1211.0,False
S00401,3363A0,120.0,False
233230,336411,57.0,False
332310,336411,1.0,False
33329A,336411,4.0,False
333318,336411,18.0,False
333611,336411,1.0,False
334511,336411,461.0,False
335999,336411,2.0,False
336411,336411,134002.0,False
336412,336411,145.0,False
336413,336411,6854.0,False
336414,336411,110.0,False
33641A,336411,5.0,False
336992,336411,1.0,False
325520,336411,32.0,False
423800,336411,229.0,False
541511,336411,244.0,False
541700,336411,7404.0,False
233230,336412,21.0,False
333514,336412,5.0,False
333611,336412,152.0,False
334511,336412,3.0,False
336211,336412,2.0,False
336412,336412,42913.0,False
336413,336412,78.0,False
423800,336412,189.0,False
541511,336412,89.0,False
541700,336412,3203.0,False
S00401,336412,9.0,False
233230,336413,17.0,False
33211A,336413,1.0,False
332500,336413,7.0,False
333611,336413,11.0,False
333618,336413,2.0,False
33399B,336413,1.0,False
334511,336413,24.0,False
335314,336413,9.0,False
336214,336413,1.0,False
336411,336413,587.0,False
336412,336413,129.0,False
336413,336413,33666.0,False
33641A,336413,1.0,False
326290,336413,4.0,False
423800,336413,65.0,False
541511,336413,118.0,False
541700,336413,2466.0,False
S00401,336413,29.0,False
233230,336414,10.0,False
33299A,336414,1.0,False
334220,336414,17.0,False
334511,336414,2.0,False
336414,336414,16643.0,False
33641A,336414,144.0,False
336992,336414,67.0,False
541511,336414,66.0,False
541700,336414,2854.0,False
233230,33641A,3.0,False
331490,33641A,1.0,False
33299A,33641A,16.0,False
33329A,33641A,52.0,False
33441A,33641A,36.0,False
334511,33641A,1.0,False
335999,33641A,11.0,False
336411,33641A,226.0,False
336412,33641A,28.0,False
336413,33641A,38.0,False
336414,33641A,267.0,False
33641A,33641A,7080.0,False
336992,33641A,2.0,False
3259A0,33641A,5.0,False
541511,33641A,17.0,False
541700,33641A,1723.0,False
233230,336500,13.0,False
332500,336500,2.0,False
332710,336500,2.0,False
333618,336500,98.0,False
335312,336500,23.0,False
335999,336500,4.0,False
336500,336500,12605.0,False
336612,336500,1.0,False
326290,336500,9.0,False
423800,336500,15.0,False
541511,336500,13.0,False
S00401,336500,14.0,False
233230,336611,466.0,False
336611,336611,24865.0,False
336612,336611,161.0,False
336999,336611,9.0,False
423800,336611,1.0,False
541511,336611,15.0,False
S00401,336611,5.0,False
233230,336612,148.0,False
336212,336612,3.0,False
336214,336612,1.0,False
336310,336612,2.0,False
336611,336612,5.0,False
336612,336612,9990.0,False
336999,336612,3.0,False
339920,336612,12.0,False
316000,336612,1.0,False
326190,336612,48.0,False
326290,336612,108.0,False
423800,336612,137.0,False
541511,336612,7.0,False
233230,336991,1.0,False
336991,336991,7196.0,False
339920,336991,2.0,False
423800,336991,8.0,False
541511,336991,3.0,False
541700,336991,368.0,False
233230,336992,1.0,False
33211A,336992,161.0,False
33299A,336992,22.0,False
334511,336992,124.0,False
336112,336992,254.0,False
336120,336992,1.0,False
336211,336992,2.0,False
336370,336992,1.0,False
3363A0,336992,1.0,False
336611,336992,6.0,False
336992,336992,5795.0,False
423800,336992,134.0,False
541511,336992,2.0,False
541700,336992,1140.0,False
233230,336999,1.0,False
333111,336999,38.0,False
333613,336999,1.0,False
33399A,336999,1.0,False
335220,336999,394.0,False
336120,336999,3.0,False
336214,336999,1957.0,False
336320,336999,1.0,False
3363A0,336999,6.0,False
336611,336999,1.0,False
336612,336999,3.0,False
336991,336999,23.0,False
336999,336999,5903.0,False
339990,336999,1.0,False
423800,336999,8.0,False
541511,336999,4.0,False
541700,336999,421.0,False
233230,337110,138.0,False
321200,337110,26.0,False
321910,337110,357.0,False
327100,337110,2.0,False
327991,337110,2.0,False
332999,337110,3.0,False
33451A,337110,2.0,False
335220,337110,8.0,False
337110,337110,14240.0,False
337122,337110,1.0,False
337127,337110,2.0,False
337215,337110,20.0,False
33721A,337110,200.0,False
337900,337110,1.0,False
325510,337110,1.0,False
326190,337110,14.0,False
423A00,337110,28.0,False
541511,337110,12.0,False
233230,337121,65.0,False
3219A0,337121,12.0,False
332600,337121,5.0,False
336360,337121,1.0,False
337121,337121,11593.0,False
337122,337121,117.0,False
33712N,337121,75.0,False
337215,337121,149.0,False
33721A,337121,4.0,False
337900,337121,58.0,False
314120,337121,8.0,False
423A00,337121,213.0,False
541511,337121,6.0,False
233230,337122,27.0,False
3219A0,337122,69.0,False
327200,337122,10.0,False
335120,337122,1.0,False
337110,337122,4.0,False
337121,337122,130.0,False
337122,337122,3544.0,False
337127,337122,4.0,False
33712N,337122,235.0,False
337215,337122,8.0,False
33721A,337122,25.0,False
337900,337122,16.0,False
423A00,337122,8.0,False
541511,337122,3.0,False
233230,337127,31.0,False
321100,337127,13.0,False
321200,337127,8.0,False
332320,337127,4.0,False
332800,337127,3.0,False
33329A,337127,1.0,False
333415,337127,65.0,False
33399A,337127,5.0,False
337121,337127,6.0,False
337127,337127,4492.0,False
33712N,337127,1.0,False
337215,337127,2.0,False
33721A,337127,122.0,False
339113,337127,8.0,False
339114,337127,80.0,False
325610,337127,7.0,False
423A00,337127,60.0,False
541511,337127,3.0,False
335120,33712N,6.0,False
337121,33712N,62.0,False
337122,33712N,160.0,False
337127,33712N,1.0,False
33712N,33712N,2785.0,False
337215,33712N,8.0,False
33721A,33712N,1.0,False
337900,33712N,100.0,False
339920,33712N,5.0,False
316000,33712N,1.0,False
326190,33712N,1.0,False
423A00,33712N,244.0,False
541511,33712N,1.0,False
233230,337215,44.0,False
3219A0,337215,30.0,False
331200,337215,31.0,False
332320,337215,10.0,False
332710,337215,1.0,False
332999,337215,15.0,False
33329A,337215,2.0,False
333318,337215,2.0,False
333415,337215,7.0,False
337110,337215,11.0,False
337127,337215,1.0,False
33712N,337215,2.0,False
337215,337215,6766.0,False
33721A,337215,87.0,False
339113,337215,4.0,False
339115,337215,12.0,False
339950,337215,13.0,False
314900,337215,1.0,False
323110,337215,1.0,False
326190,337215,4.0,False
423A00,337215,151.0,False
541511,337215,5.0,False
541700,337215,82.0,False
541800,337215,9.0,False
233230,33721A,108.0,False
321100,33721A,1.0,False
321910,33721A,24.0,False
3219A0,33721A,45.0,False
327100,33721A,3.0,False
327991,33721A,2.0,False
332320,33721A,2.0,False
332500,33721A,3.0,False
332720,33721A,2.0,False
335220,33721A,10.0,False
335911,33721A,4.0,False
337110,33721A,62.0,False
337121,33721A,22.0,False
337122,33721A,1.0,False
337127,33721A,116.0,False
33712N,33721A,5.0,False
337215,33721A,151.0,False
33721A,33721A,18008.0,False
339950,33721A,36.0,False
323110,33721A,9.0,False
326190,33721A,1.0,False
423A00,33721A,245.0,False
541511,33721A,7.0,False
541700,33721A,135.0,False
541800,33721A,20.0,False
233230,337900,8.0,False
332320,337900,4.0,False
332500,337900,1.0,False
332600,337900,22.0,False
332999,337900,19.0,False
333994,337900,3.0,False
33451A,337900,12.0,False
33712N,337900,87.0,False
337900,337900,9842.0,False
339910,337900,2.0,False
313300,337900,2.0,False
314120,337900,75.0,False
314900,337900,8.0,False
326190,337900,10.0,False
423A00,337900,67.0,False
541511,337900,1.0,False
541700,337900,26.0,False
233230,339112,4.0,False
332119,339112,6.0,False
332710,339112,9.0,False
332720,339112,1.0,False
334510,339112,63.0,False
336350,339112,1.0,False
336390,339112,16.0,False
33641A,339112,1.0,False
336999,339112,1.0,False
339112,339112,36556.0,False
339113,339112,1443.0,False
339114,339112,1.0,False
339115,339112,13.0,False
314900,339112,1.0,False
322220,339112,1.0,False
326190,339112,13.0,False
326290,339112,8.0,False
423400,339112,861.0,False
541511,339112,100.0,False
541700,339112,3567.0,False
541800,339112,283.0,False
233230,339113,4.0,False
321100,339113,4.0,False
332710,339113,1.0,False
33329A,339113,3.0,False
333415,339113,2.0,False
333514,339113,1.0,False
334510,339113,53.0,False
337127,339113,15.0,False
339112,339113,2032.0,False
339113,339113,26682.0,False
339115,339113,1364.0,False
339990,339113,2.0,False
314900,339113,7.0,False
316000,339113,7.0,False
322220,339113,7.0,False
325412,339113,2.0,False
326190,339113,2.0,False
326290,339113,90.0,False
423400,339113,2064.0,False
541511,339113,83.0,False
541700,339113,2658.0,False
331410,339114,3.0,False
332119,339114,11.0,False
332600,339114,1.0,False
337110,339114,3.0,False
339112,339114,1.0,False
339113,339114,9.0,False
339114,339114,3937.0,False
339116,339114,34.0,False
339910,339114,5.0,False
423400,339114,392.0,False
541511,339114,13.0,False
541700,339114,352.0,False
233230,339115,1.0,False
339113,339115,1.0,False
339115,339115,5382.0,False
423400,339115,530.0,False
541511,339115,21.0,False
541700,339115,532.0,False
233230,339116,1.0,False
339114,339116,102.0,False
339116,339116,4832.0,False
423400,339116,45.0,False
541511,339116,37.0,False
541700,339116,655.0,False
233230,339910,15.0,False
3219A0,339910,36.0,False
327100,339910,12.0,False
327200,339910,2.0,False
327400,339910,1.0,False
327991,339910,1.0,False
332119,339910,1.0,False
332999,339910,2.0,False
33451A,339910,1.0,False
339910,339910,7519.0,False
339930,339910,2.0,False
339990,339910,1.0,False
315000,339910,2.0,False
316000,339910,3.0,False
3259A0,339910,12.0,False
326190,339910,1.0,False
423A00,339910,229.0,False
541511,339910,15.0,False
541700,339910,98.0,False
233230,339920,19.0,False
332320,339920,1.0,False
33299A,339920,1.0,False
333314,339920,1.0,False
334300,339920,8.0,False
339113,339920,1.0,False
339920,339920,9210.0,False
339950,339920,2.0,False
314900,339920,2.0,False
315000,339920,3.0,False
316000,339920,590.0,False
326120,339920,1.0,False
326190,339920,1.0,False
423A00,339920,229.0,False
541511,339920,26.0,False
541700,339920,192.0,False
541800,339920,1.0,False
233230,339930,3.0,False
327200,339930,1.0,False
332710,339930,1.0,False
339920,339930,15.0,False
339930,339930,1748.0,False
339990,339930,3.0,False
316000,339930,2.0,False
3259A0,339930,9.0,False
423A00,339930,83.0,False
541511,339930,7.0,False
541700,339930,65.0,False
541800,339930,78.0,False
233230,339940,5.0,False
3219A0,339940,1.0,False
33329A,339940,2.0,False
339930,339940,3.0,False
339940,339940,2569.0,False
339990,339940,45.0,False
322220,339940,2.0,False
322230,339940,21.0,False
323110,339940,2.0,False
325910,339940,1.0,False
423A00,339940,140.0,False
541511,339940,7.0,False
541700,339940,44.0,False
541800,339940,8.0,False
2332A0,339950,407.6133500559029,True
233230,339950,22.14195975612312,True
331110,339950,2.012905432374829,True
33131B,339950,3.019358148562244,True
33211A,339950,1.0064527161874146,True
332320,339950,6.038716297124488,True
332430,339950,9.058074445686731,True
332800,339950,2.012905432374829,True
332999,339950,7.045169013311902,True
33451A,339950,3.019358148562244,True
334610,339950,1.0064527161874146,True
337110,339950,3.019358148562244,True
337215,339950,52.33554124174556,True
33721A,339950,107.69044063205337,True
339940,339950,6.038716297124488,True
339950,339950,9740.44724389784,True
339990,339950,3.019358148562244,True
314900,339950,8.051621729499317,True
322210,339950,15.09679074281122,True
323110,339950,152.98081286048702,True
323120,339950,4.025810864749658,True
326110,339950,10.064527161874146,True
326190,339950,18.116148891373463,True
423A00,339950,100.64527161874146,True
541511,339950,48.3097303769959,True
541700,339950,301.9358148562244,True
541800,339950,2690.2481103689593,True
233230,339990,277.0,False
321100,339990,15.0,False
3219A0,339990,12.0,False
327100,339990,4.0,False
327992,339990,17.0,False
331200,339990,1.0,False
331410,339990,4.0,False
332119,339990,26.0,False
332200,339990,13.0,False
332320,339990,9.0,False
332500,339990,1.0,False
332710,339990,174.0,False
332720,339990,26.0,False
332996,339990,1.0,False
332999,339990,1.0,False
33329A,339990,47.0,False
333318,339990,2.0,False
333511,339990,16.0,False
33351B,339990,7.0,False
333914,339990,53.0,False
33399A,339990,8.0,False
33441A,339990,1.0,False
334300,339990,57.0,False
335120,339990,21.0,False
336310,339990,11.0,False
336412,339990,22.0,False
337127,339990,3.0,False
33712N,339990,1.0,False
337215,339990,8.0,False
339930,339990,8.0,False
339950,339990,7.0,False
339990,339990,24658.0,False
312200,339990,1.0,False
313200,339990,2.0,False
313300,339990,3.0,False
314120,339990,1.0,False
315000,339990,2.0,False
324190,339990,1.0,False
325520,339990,132.0,False
325610,339990,3.0,False
325620,339990,3.0,False
3259A0,339990,22.0,False
326190,339990,4.0,False
326290,339990,139.0,False
423800,339990,133.0,False
423A00,339990,150.0,False
541511,339990,71.0,False
541700,339990,677.0,False
541800,339990,5.0,False
233230,311111,1.0,False
311111,311111,22981.0,False
311119,311111,88.0,False
424A00,311111,88.0,False
541511,311111,2.0,False
541700,311111,87.0,False
233230,311119,3.0,False
311111,311119,108.0,False
311119,311119,30498.0,False
311210,311119,197.0,False
311224,311119,239.0,False
31161A,311119,7.0,False
311990,311119,1.0,False
312120,311119,2.0,False
325412,311119,7.0,False
325310,311119,2.0,False
325610,311119,1.0,False
424A00,311119,362.0,False
541511,311119,2.0,False
541700,311119,97.0,False
233230,311210,3.0,False
311119,311210,47.0,False
311210,311210,13790.0,False
311224,311210,98.0,False
311230,311210,30.0,False
311810,311210,66.0,False
3118A0,311210,1516.0,False
312120,311210,700.0,False
424A00,311210,50.0,False
541511,311210,3.0,False
541700,311210,79.0,False
233230,311221,2.0,False
311221,311221,8135.0,False
311225,311221,666.0,False
311224,311221,16.0,False
311940,311221,2.0,False
311990,311221,1.0,False
324110,311221,4.0,False
324190,311221,3.0,False
325190,311221,813.0,False
424A00,311221,14.0,False
541511,311221,2.0,False
541700,311221,80.0,False
233230,311225,2.0,False
311221,311225,804.0,False
311225,311225,6962.0,False
311224,311225,938.0,False
31161A,311225,317.0,False
311940,311225,390.0,False
424A00,311225,32.0,False
541511,311225,1.0,False
541700,311225,26.0,False
233230,311224,5.0,False
311210,311224,264.0,False
311221,311224,252.0,False
311225,311224,2019.0,False
311224,311224,28800.0,False
31161A,311224,11.0,False
311940,311224,3.0,False
312120,311224,41.0,False
324110,311224,7.0,False
324190,311224,4.0,False
325190,311224,483.0,False
424A00,311224,735.0,False
541511,311224,1.0,False
541700,311224,34.0,False
233230,311230,1.0,False
311210,311230,1.0,False
311230,311230,8881.0,False
311300,311230,353.0,False
311420,311230,110.0,False
311514,311230,11.0,False
311810,311230,3.0,False
3118A0,311230,204.0,False
311910,311230,199.0,False
311990,311230,286.0,False
312110,311230,1.0,False
325412,311230,22.0,False
424400,311230,8.0,False
541511,311230,2.0,False
541700,311230,59.0,False
233230,311300,17.0,False
311230,311300,413.0,False
311300,311300,35762.0,False
311410,311300,21.0,False
311514,311300,2.0,False
31151A,311300,33.0,False
311520,311300,1.0,False
311810,311300,6.0,False
3118A0,311300,6.0,False
311910,311300,134.0,False
311930,311300,6.0,False
311940,311300,89.0,False
311990,311300,49.0,False
325190,311300,26.0,False
424400,311300,250.0,False
541511,311300,7.0,False
541700,311300,184.0,False
233230,311410,13.0,False
311119,311410,8.0,False
311230,311410,24.0,False
311410,311410,31602.0,False
311420,311410,134.0,False
311615,311410,15.0,False
31161A,311410,29.0,False
311700,311410,125.0,False
311810,311410,32.0,False
3118A0,311410,50.0,False
311940,311410,21.0,False
311990,311410,241.0,False
3259A0,311410,11.0,False
424400,311410,16.0,False
541511,311410,3.0,False
541700,311410,150.0,False
233230,311420,14.0,False
311210,311420,1.0,False
311410,311420,27.0,False
311420,311420,31460.0,False
311513,311420,1.0,False
31151A,311420,399.0,False
31161A,311420,1.0,False
311700,311420,129.0,False
311910,311420,1.0,False
311920,311420,1.0,False
311930,311420,1.0,False
311940,311420,411.0,False
311990,311420,99.0,False
312110,311420,745.0,False
3259A0,311420,1.0,False
424400,311420,63.0,False
541511,311420,3.0,False
541700,311420,159.0,False
233230,311513,3.0,False
311420,311513,2.0,False
311513,311513,42279.0,False
311514,311513,2259.0,False
31151A,311513,2394.0,False
311810,311513,4.0,False
3118A0,311513,8.0,False
311940,311513,89.0,False
311990,311513,101.0,False
312110,311513,5.0,False
424400,311513,485.0,False
541511,311513,9.0,False
541700,311513,148.0,False
233230,311514,2.0,False
311230,311514,6.0,False
311300,311514,371.0,False
311410,311514,120.0,False
311420,311514,6039.0,False
311513,311514,23.0,False
311514,311514,14882.0,False
31151A,311514,1308.0,False
311520,311514,12.0,False
31161A,311514,2.0,False
3118A0,311514,375.0,False
311920,311514,177.0,False
311930,311514,16.0,False
311940,311514,85.0,False
311990,311514,70.0,False
312110,311514,55.0,False
325411,311514,4.0,False
325412,311514,214.0,False
424400,311514,36.0,False
541511,311514,3.0,False
541700,311514,71.0,False
233230,31151A,3.0,False
311225,31151A,60.0,False
311410,31151A,3.0,False
311420,31151A,271.0,False
311513,31151A,198.0,False
311514,31151A,4235.0,False
31151A,31151A,36560.0,False
311520,31151A,439.0,False
311920,31151A,100.0,False
311940,31151A,13.0,False
311990,31151A,78.0,False
312110,31151A,812.0,False
424400,31151A,744.0,False
541511,31151A,10.0,False
541700,31151A,190.0,False
233230,311520,1.0,False
311420,311520,1.0,False
311514,311520,96.0,False
31151A,311520,443.0,False
311520,311520,6783.0,False
311810,311520,3.0,False
311990,311520,5.0,False
312110,311520,290.0,False
424400,311520,91.0,False
541511,311520,4.0,False
541700,311520,56.0,False
233230,311615,10.0,False
311119,311615,3.0,False
311420,311615,2.0,False
311615,311615,66356.0,False
31161A,311615,1047.0,False
424400,311615,29.0,False
541511,311615,7.0,False
541700,311615,106.0,False
233230,31161A,24.0,False
311210,31161A,1.0,False
311225,31161A,46.0,False
311410,31161A,28.0,False
311420,31161A,114.0,False
31151A,31161A,3.0,False
311615,31161A,1415.0,False
31161A,31161A,145535.0,False
3118A0,31161A,4.0,False
311940,31161A,123.0,False
311990,31161A,182.0,False
316000,31161A,643.0,False
424400,31161A,338.0,False
541511,31161A,8.0,False
541700,31161A,164.0,False
233230,311700,2.0,False
311410,311700,31.0,False
311700,311700,13581.0,False
311990,311700,87.0,False
424400,311700,98.0,False
541700,311700,18.0,False
233230,311810,5.0,False
311230,311810,14.0,False
311300,311810,162.0,False
311410,311810,68.0,False
311420,311810,12.0,False
311514,311810,3.0,False
31151A,311810,62.0,False
311810,311810,40193.0,False
3118A0,311810,1671.0,False
311910,311810,14.0,False
311940,311810,23.0,False
311990,311810,260.0,False
3259A0,311810,12.0,False
424400,311810,462.0,False
541511,311810,8.0,False
541700,311810,143.0,False
233230,3118A0,3.0,False
311230,3118A0,14.0,False
311300,3118A0,402.0,False
311410,3118A0,18.0,False
311420,3118A0,308.0,False
31151A,3118A0,36.0,False
311810,3118A0,1627.0,False
3118A0,3118A0,19453.0,False
311910,3118A0,755.0,False
311920,3118A0,13.0,False
311940,3118A0,90.0,False
311990,3118A0,2606.0,False
325412,3118A0,1.0,False
424400,3118A0,988.0,False
541511,3118A0,3.0,False
541700,3118A0,61.0,False
233230,311910,5.0,False
311119,311910,9.0,False
311210,311910,1.0,False
311221,311910,1.0,False
311225,311910,8.0,False
311224,311910,9.0,False
311230,311910,6.0,False
311300,311910,278.0,False
311420,311910,71.0,False
3118A0,311910,30.0,False
311910,311910,36968.0,False
311940,311910,3.0,False
311990,311910,122.0,False
424400,311910,1102.0,False
541511,311910,4.0,False
541700,311910,158.0,False
233230,311920,2.0,False
311300,311920,39.0,False
311420,311920,11.0,False
311513,311920,36.0,False
31151A,311920,3.0,False
3118A0,311920,13.0,False
311920,311920,13029.0,False
311930,311920,2.0,False
311940,311920,241.0,False
311990,311920,115.0,False
312110,311920,65.0,False
424400,311920,147.0,False
541511,311920,2.0,False
541700,311920,64.0,False
233230,311930,2.0,False
311300,311930,44.0,False
311420,311930,101.0,False
311514,311930,6.0,False
311810,311930,3.0,False
311930,311930,11280.0,False
311940,311930,26.0,False
311990,311930,99.0,False
312110,311930,79.0,False
424400,311930,42.0,False
541511,311930,1.0,False
541700,311930,105.0,False
233230,311940,3.0,False
311210,311940,10.0,False
311221,311940,1.0,False
311225,311940,183.0,False
311420,311940,709.0,False
311513,311940,35.0,False
31151A,311940,5.0,False
3118A0,311940,66.0,False
311910,311940,118.0,False
311920,311940,4.0,False
311930,311940,38.0,False
311940,311940,19904.0,False
311990,311940,298.0,False
312130,311940,2.0,False
424400,311940,207.0,False
541511,311940,3.0,False
541700,311940,141.0,False
233230,311990,4.0,False
339930,311990,2.0,False
339950,311990,2.0,False
311230,311990,143.0,False
311300,311990,173.0,False
311410,311990,403.0,False
311420,311990,151.0,False
311513,311990,16.0,False
311514,311990,72.0,False
31151A,311990,1.0,False
311520,311990,59.0,False
31161A,311990,99.0,False
311810,311990,91.0,False
3118A0,311990,282.0,False
311910,311990,47.0,False
311920,311990,1.0,False
311930,311990,21.0,False
311940,311990,631.0,False
311990,311990,27233.0,False
312110,311990,1.0,False
325412,311990,27.0,False
325620,311990,18.0,False
424400,311990,117.0,False
541511,311990,7.0,False
541700,311990,206.0,False
541800,311990,2.0,False
233230,312110,10.0,False
311420,312110,161.0,False
31151A,312110,37.0,False
311520,312110,11.0,False
311930,312110,408.0,False
311990,312110,20.0,False
312110,312110,43077.0,False
424400,312110,895.0,False
541511,312110,14.0,False
541700,312110,229.0,False
233230,312120,7.0,False
311210,312120,724.0,False
311224,312120,51.0,False
312110,312120,1.0,False
312120,312120,28276.0,False
312130,312120,27.0,False
312140,312120,5.0,False
424A00,312120,327.0,False
541511,312120,9.0,False
541700,312120,129.0,False
233230,312130,4.0,False
311225,312130,1.0,False
311420,312130,1.0,False
311940,312130,2.0,False
312120,312130,4.0,False
312130,312130,20584.0,False
312140,312130,94.0,False
424A00,312130,370.0,False
541511,312130,9.0,False
541700,312130,116.0,False
233230,312140,3.0,False
311119,312140,1.0,False
311221,312140,5.0,False
312120,312140,311.0,False
312130,312140,10.0,False
312140,312140,11779.0,False
325190,312140,2.0,False
424A00,312140,17.0,False
541511,312140,2.0,False
541700,312140,37.0,False
233230,312200,15.0,False
312200,312200,47239.0,False
322299,312200,22.0,False
424A00,312200,95.0,False
541511,312200,3.0,False
541700,312200,50.0,False
S00401,312200,1.0,False
233230,313100,7.0,False
313100,313100,3135.0,False
313300,313100,482.0,False
3252A0,313100,3434.0,False
424A00,313100,9.0,False
541700,313100,18.0,False
233230,313200,8.0,False
327200,313200,1.0,False
332430,313200,3.0,False
33329A,313200,2.0,False
339113,313200,1.0,False
339930,313200,2.0,False
339990,313200,4.0,False
313100,313200,16.0,False
313200,313200,10206.0,False
313300,313200,1120.0,False
314120,313200,487.0,False
314900,313200,1082.0,False
315000,313200,25.0,False
316000,313200,2.0,False
322220,313200,1.0,False
323110,313200,2.0,False
325190,313200,64.0,False
3252A0,313200,35.0,False
3259A0,313200,14.0,False
326110,313200,1.0,False
326290,313200,7.0,False
424A00,313200,100.0,False
541511,313200,3.0,False
541700,313200,86.0,False
233230,313300,3.0,False
313100,313300,126.0,False
313200,313300,128.0,False
313300,313300,6580.0,False
315000,313300,17.0,False
3252A0,313300,2.0,False
326220,313300,1.0,False
424A00,313300,88.0,False
541700,313300,89.0,False
233230,314110,7.0,False
313200,314110,1.0,False
314110,314110,9565.0,False
314900,314110,73.0,False
3252A0,314110,7.0,False
325520,314110,3.0,False
326190,314110,2.0,False
423A00,314110,54.0,False
541511,314110,4.0,False
541700,314110,35.0,False
233230,314120,3.0,False
327200,314120,1.0,False
332320,314120,1.0,False
337900,314120,26.0,False
339930,314120,1.0,False
313200,314120,12.0,False
314120,314120,3338.0,False
314900,314120,5.0,False
316000,314120,1.0,False
3259A0,314120,9.0,False
326150,314120,2.0,False
424A00,314120,85.0,False
541511,314120,2.0,False
541700,314120,18.0,False
233230,314900,19.181876656635524,True
331200,314900,1.009572455612396,True
332320,314900,8.076579644899168,True
332500,314900,1.009572455612396,True
332999,314900,20.19144911224792,True
333618,314900,1.009572455612396,True
33451A,314900,15.143586834185939,True
336360,314900,3.0287173668371876,True
336390,314900,503.7766553505856,True
337900,314900,6.057434733674375,True
339113,314900,1.009572455612396,True
339910,314900,2.019144911224792,True
339920,314900,3.0287173668371876,True
339950,314900,3.0287173668371876,True
339990,314900,4.038289822449584,True
313200,314900,10.09572455612396,True
314110,314900,43.411615591333025,True
314120,314900,26.248883845922293,True
314900,314900,7414.368179984957,True
315000,314900,63.60306470358095,True
316000,314900,7.067007189286771,True
322210,314900,1.009572455612396,True
323110,314900,169.60817254288253,True
326190,314900,516.9010972735467,True
326290,314900,1.009572455612396,True
424A00,314900,164.56031026482054,True
541511,314900,4.038289822449584,True
541700,314900,46.44033295817022,True
541800,314900,3.0287173668371876,True
233230,315000,1.0,False
313200,315000,4.0,False
313300,315000,152.0,False
314120,315000,2.0,False
314900,315000,23.0,False
315000,315000,10205.0,False
316000,315000,4.0,False
323110,315000,15.0,False
326110,315000,1.0,False
326290,315000,3.0,False
424A00,315000,259.0,False
541511,315000,20.0,False
541700,315000,180.0,False
233230,316000,1.0,False
327200,316000,17.0,False
339930,316000,8.0,False
339950,316000,2.0,False
31161A,316000,902.0,False
313300,316000,1.0,False
314900,316000,14.0,False
315000,316000,18.0,False
316000,316000,3617.0,False
323110,316000,1.0,False
3259A0,316000,56.0,False
424A00,316000,131.0,False
541511,316000,1.0,False
541700,316000,62.0,False
541800,316000,1.0,False
233230,322110,4.0,False
321100,322110,30.0,False
322110,322110,6286.0,False
322120,322110,12.0,False
322130,322110,471.0,False
325190,322110,8.0,False
423A00,322110,2.0,False
541700,322110,13.0,False
233230,322120,29.0,False
321100,322120,293.0,False
313200,322120,37.0,False
313300,322120,9.0,False
322110,322120,580.0,False
322120,322120,30794.0,False
322130,322120,163.0,False
322220,322120,99.0,False
322291,322120,5576.0,False
325190,322120,1.0,False
424A00,322120,1.0,False
541511,322120,5.0,False
541700,322120,152.0,False
233230,322130,18.0,False
321100,322130,16.0,False
313300,322130,1.0,False
314120,322130,1.0,False
322110,322130,570.0,False
322120,322130,501.0,False
322130,322130,31586.0,False
325190,322130,21.0,False
326190,322130,1.0,False
424A00,322130,38.0,False
541511,322130,3.0,False
541700,322130,79.0,False
233230,322210,16.0,False
3219A0,322210,40.0,False
339950,322210,4.0,False
339990,322210,1.0,False
314900,322210,1.0,False
322210,322210,61909.0,False
322220,322210,85.0,False
322299,322210,4.0,False
323110,322210,37.0,False
323120,322210,5.0,False
326140,322210,3.0,False
326190,322210,347.0,False
424A00,322210,1555.0,False
541511,322210,23.0,False
541700,322210,43.0,False
541800,322210,224.0,False
S00401,322210,353.0,False
233230,322220,6.0,False
3219A0,322220,3.0,False
327200,322220,25.0,False
327910,322220,36.0,False
334118,322220,578.0,False
334610,322220,1.0,False
339113,322220,1.0,False
339990,322220,44.0,False
313200,322220,139.0,False
313300,322220,8.0,False
314900,322220,1.0,False
322120,322220,651.0,False
322210,322220,5.0,False
322220,322220,19237.0,False
322230,322220,30.0,False
322299,322220,49.0,False
323110,322220,40.0,False
323120,322220,13.0,False
325190,322220,18.0,False
325211,322220,33.0,False
325520,322220,2.0,False
325610,322220,2.0,False
3259A0,322220,2.0,False
326110,322220,155.0,False
326190,322220,48.0,False
326290,322220,39.0,False
424A00,322220,154.0,False
541511,322220,9.0,False
541700,322220,108.0,False
541800,322220,9.0,False
S00401,322220,10.0,False
233230,322230,2.0,False
322120,322230,2.0,False
322220,322230,13.0,False
322230,322230,5481.0,False
322299,322230,2.0,False
323110,322230,5.0,False
424A00,322230,93.0,False
541511,322230,3.0,False
541700,322230,27.0,False
541800,322230,2.0,False
S00401,322230,57.0,False
233230,322291,4.0,False
339113,322291,21.0,False
339115,322291,14.0,False
313200,322291,1.0,False
314900,322291,26.0,False
316000,322291,1.0,False
322120,322291,4493.0,False
322210,322291,28.0,False
322291,322291,6360.0,False
322299,322291,202.0,False
424A00,322291,155.0,False
541511,322291,4.0,False
541700,322291,62.0,False
S00401,322291,11.0,False
233230,322299,2.0,False
322220,322299,4.0,False
322230,322299,1.0,False
322299,322299,4236.0,False
323110,322299,2.0,False
424A00,322299,36.0,False
541511,322299,3.0,False
541700,322299,266.0,False
541800,322299,32.0,False
S00401,322299,22.0,False
233230,323110,14.0,False
3219A0,323110,22.0,False
332200,323110,1.0,False
332800,323110,43.0,False
332999,323110,11.0,False
33329A,323110,1.0,False
333511,323110,1.0,False
333993,323110,1.0,False
334118,323110,4.0,False
33441A,323110,1.0,False
335930,323110,1.0,False
337215,323110,5.0,False
33721A,323110,6.0,False
339910,323110,1.0,False
339930,323110,199.0,False
339940,323110,33.0,False
339950,323110,340.0,False
339990,323110,1.0,False
313200,323110,6.0,False
313300,323110,1.0,False
314900,323110,495.0,False
315000,323110,8.0,False
322210,323110,107.0,False
322220,323110,590.0,False
322230,323110,44.0,False
322299,323110,9.0,False
323110,323110,58884.0,False
323120,323110,1399.0,False
326110,323110,224.0,False
326190,323110,17.0,False
424A00,323110,935.0,False
541511,323110,187.0,False
541700,323110,119.0,False
541800,323110,16413.0,False
561400,323110,349.0,False
S00401,323110,206.0,False
233230,323120,0.9895785071259245,True
332200,323120,12.86452059263702,True
332800,323120,0.9895785071259245,True
339940,323120,2.9687355213777735,True
339950,323120,2.9687355213777735,True
314900,323120,0.9895785071259245,True
322230,323120,10.88536357838517,True
323110,323120,143.12946253077462,True
323120,323120,2942.016901685374,True
326110,323120,1.979157014251849,True
424A00,323120,10.88536357838517,True
541511,323120,10.88536357838517,True
541700,323120,6.927049549881472,True
541800,323120,30.676933720903662,True
561400,323120,12.86452059263702,True
S00401,323120,1.979157014251849,True
211000,324110,3.0,False
2123A0,324110,4.0,False
233230,324110,246.0,False
324110,324110,445415.0,False
324121,324110,6.0,False
324122,324110,64.0,False
324190,324110,6870.0,False
325110,324110,21018.0,False
325180,324110,110.0,False
325190,324110,10561.0,False
325610,324110,26.0,False
424700,324110,9806.0,False
541511,324110,21.0,False
541700,324110,131.0,False
212310,324121,9.0,False
2123A0,324121,36.0,False
233230,324121,4.0,False
327320,324121,33.0,False
327992,324121,25.0,False
327999,324121,109.0,False
335220,324121,11.0,False
324110,324121,1.0,False
324121,324121,12789.0,False
324122,324121,20.0,False
423A00,324121,147.0,False
541511,324121,4.0,False
541700,324121,15.0,False
233230,324122,3.0,False
332320,324122,1.0,False
324110,324122,2.0,False
324121,324122,121.0,False
324122,324122,10484.0,False
423A00,324122,205.0,False
541511,324122,3.0,False
541700,324122,12.0,False
233230,324190,8.0,False
331110,324190,84.0,False
324110,324190,1393.0,False
324190,324190,17952.0,False
325110,324190,169.0,False
325190,324190,50.0,False
325610,324190,101.0,False
3259A0,324190,42.0,False
424700,324190,180.0,False
541511,324190,5.0,False
541700,324190,17.0,False
233230,325110,17.0,False
324110,325110,3747.0,False
324190,325110,310.0,False
325110,325110,39567.0,False
325180,325110,85.0,False
325190,325110,4281.0,False
325211,325110,4679.0,False
3252A0,325110,452.0,False
424700,325110,683.0,False
541511,325110,14.0,False
541700,325110,348.0,False
233230,325120,1.0,False
324110,325120,1.0,False
325110,325120,93.0,False
325120,325120,9072.0,False
325180,325120,66.0,False
325190,325120,9.0,False
325211,325120,73.0,False
325610,325120,10.0,False
424A00,325120,55.0,False
541511,325120,10.0,False
541700,325120,205.0,False
233230,325130,2.0,False
327400,325130,11.0,False
331410,325130,2.0,False
325130,325130,6601.0,False
325180,325130,38.0,False
325190,325130,22.0,False
325610,325130,17.0,False
3259A0,325130,1.0,False
424A00,325130,158.0,False
541511,325130,7.0,False
541700,325130,110.0,False
233230,325180,7.0,False
33329A,325180,3.0,False
33399A,325180,1.0,False
325120,325180,2.0,False
325180,325180,29445.0,False
325190,325180,731.0,False
325211,325180,357.0,False
3252A0,325180,15.0,False
325310,325180,92.0,False
325610,325180,96.0,False
3259A0,325180,52.0,False
424A00,325180,264.0,False
541511,325180,21.0,False
541700,325180,398.0,False
233230,325190,29.0,False
33329A,325190,1.0,False
335911,325190,10.0,False
339112,325190,75.0,False
311119,325190,19.0,False
311210,325190,166.0,False
311221,325190,4039.0,False
311224,325190,65.0,False
312120,325190,26.0,False
312140,325190,3099.0,False
324110,325190,1915.0,False
324121,325190,124.0,False
324190,325190,660.0,False
325110,325190,1353.0,False
325120,325190,34.0,False
325130,325190,60.0,False
325180,325190,1182.0,False
325190,325190,94625.0,False
325211,325190,4024.0,False
3252A0,325190,813.0,False
325411,325190,103.0,False
325310,325190,777.0,False
325320,325190,130.0,False
325520,325190,270.0,False
325610,325190,655.0,False
3259A0,325190,262.0,False
326110,325190,77.0,False
326140,325190,1.0,False
424A00,325190,1145.0,False
541511,325190,27.0,False
541700,325190,510.0,False
233230,325211,19.0,False
327100,325211,1.0,False
333511,325211,4.0,False
322220,325211,135.0,False
324110,325211,31.0,False
324190,325211,24.0,False
325110,325211,1229.0,False
325120,325211,427.0,False
325180,325211,170.0,False
325190,325211,3584.0,False
325211,325211,77336.0,False
3252A0,325211,590.0,False
325411,325211,6.0,False
325320,325211,103.0,False
325510,325211,365.0,False
325520,325211,91.0,False
325610,325211,360.0,False
3259A0,325211,714.0,False
326110,325211,1969.0,False
326120,325211,113.0,False
326130,325211,49.0,False
326140,325211,44.0,False
326190,325211,28.0,False
326290,325211,4.0,False
424A00,325211,954.0,False
541511,325211,30.0,False
541700,325211,265.0,False
233230,3252A0,4.0,False
331200,3252A0,4.0,False
334220,3252A0,9.0,False
313100,3252A0,2.0,False
316000,3252A0,3.0,False
325190,3252A0,10.0,False
325211,3252A0,271.0,False
3252A0,3252A0,14386.0,False
325520,3252A0,5.0,False
3259A0,3252A0,13.0,False
424A00,3252A0,279.0,False
541511,3252A0,18.0,False
541700,3252A0,130.0,False
233230,325411,1.0,False
339114,325411,125.0,False
325180,325411,2.0,False
325190,325411,522.0,False
325211,325411,1.0,False
325411,325411,10370.0,False
325320,325411,5.0,False
325610,325411,26.0,False
325620,325411,57.0,False
326110,325411,1.0,False
424200,325411,5.0,False
541511,325411,24.0,False
541700,325411,3869.0,False
233230,325412,10.0,False
334510,325412,24.0,False
339112,325412,31.0,False
339113,325412,245.0,False
339114,325412,45.0,False
311119,325412,19.0,False
311300,325412,418.0,False
311940,325412,58.0,False
325180,325412,1.0,False
325190,325412,249.0,False
325411,325412,651.0,False
325412,325412,144691.0,False
325413,325412,195.0,False
325414,325412,2163.0,False
325320,325412,32.0,False
325520,325412,4.0,False
325610,325412,178.0,False
325620,325412,336.0,False
3259A0,325412,2.0,False
424200,325412,2718.0,False
541511,325412,168.0,False
541700,325412,30040.0,False
233230,325413,1.0,False
334516,325413,418.0,False
325411,325413,3.0,False
325413,325413,13176.0,False
325414,325413,661.0,False
424200,325413,68.0,False
541511,325413,21.0,False
541700,325413,3274.0,False
233230,325414,2.0,False
325412,325414,2108.0,False
325414,325414,28271.0,False
325620,325414,2.0,False
424200,325414,941.0,False
541511,325414,27.0,False
541700,325414,4415.0,False
233230,325310,5.0,False
327992,325310,45.0,False
325120,325310,16.0,False
325180,325310,162.0,False
325190,325310,7.0,False
325310,325310,16262.0,False
325320,325310,15.0,False
3259A0,325310,1.0,False
424A00,325310,188.0,False
541511,325310,12.0,False
541700,325310,429.0,False
233230,325320,3.0,False
325412,325320,1.0,False
325310,325320,1.0,False
325320,325320,14516.0,False
325610,325320,22.0,False
424A00,325320,62.0,False
541511,325320,7.0,False
541700,325320,288.0,False
233230,325510,3.0,False
321910,325510,1.0,False
335930,325510,2.0,False
339930,325510,1.0,False
339990,325510,24.0,False
322220,325510,1.0,False
325211,325510,185.0,False
325510,325510,26604.0,False
325520,325510,40.0,False
325610,325510,2.0,False
325910,325510,1.0,False
3259A0,325510,1.0,False
424A00,325510,667.0,False
541511,325510,16.0,False
541700,325510,269.0,False
233230,325520,1.0,False
332913,325520,14.0,False
324190,325520,1.0,False
325190,325520,12.0,False
325211,325520,11.0,False
3252A0,325520,1.0,False
325510,325520,26.0,False
325520,325520,14618.0,False
325610,325520,1.0,False
3259A0,325520,88.0,False
326150,325520,1.0,False
326290,325520,8.0,False
424A00,325520,89.0,False
541511,325520,9.0,False
541700,325520,158.0,False
233230,325610,5.0,False
327910,325610,2.0,False
332200,325610,1.0,False
333318,325610,15.0,False
339990,325610,9.0,False
324190,325610,125.0,False
325180,325610,6.0,False
325190,325610,1146.0,False
325211,325610,283.0,False
325320,325610,231.0,False
325510,325610,7.0,False
325610,325610,34862.0,False
325620,325610,567.0,False
3259A0,325610,175.0,False
424A00,325610,1185.0,False
541511,325610,22.0,False
541700,325610,906.0,False
233230,325620,4.0,False
332200,325620,17.0,False
333318,325620,1.0,False
335120,325620,7.0,False
335210,325620,8.0,False
339990,325620,81.0,False
311930,325620,8.0,False
312110,325620,33.0,False
322291,325620,92.0,False
325110,325620,4.0,False
325190,325620,204.0,False
325412,325620,985.0,False
325610,325620,479.0,False
325620,325620,36883.0,False
3259A0,325620,1.0,False
326160,325620,1.0,False
326190,325620,2.0,False
424A00,325620,3444.0,False
541511,325620,22.0,False
541700,325620,727.0,False
233230,325910,1.0,False
33329A,325910,8.0,False
334118,325910,4.0,False
33441A,325910,1.0,False
336390,325910,1.0,False
325190,325910,2.0,False
325211,325910,28.0,False
325510,325910,5.0,False
325910,325910,4093.0,False
3259A0,325910,4.0,False
326290,325910,7.0,False
424A00,325910,63.0,False
541511,325910,4.0,False
541700,325910,54.0,False
233230,3259A0,8.0,False
321200,3259A0,3.0,False
327200,3259A0,49.0,False
332119,3259A0,6.0,False
33329A,3259A0,40.0,False
333316,3259A0,13.0,False
334118,3259A0,468.0,False
334413,3259A0,91.0,False
334517,3259A0,1.0,False
335313,3259A0,4.0,False
335912,3259A0,3.0,False
339930,3259A0,19.0,False
339990,3259A0,14.0,False
311119,3259A0,1.0,False
311940,3259A0,37.0,False
311990,3259A0,4.0,False
312110,3259A0,2.0,False
316000,3259A0,67.0,False
324190,3259A0,161.0,False
325180,3259A0,44.0,False
325190,3259A0,105.0,False
325211,3259A0,269.0,False
3252A0,3259A0,75.0,False
325414,3259A0,7.0,False
325310,3259A0,2.0,False
325320,3259A0,14.0,False
325510,3259A0,23.0,False
325610,3259A0,32.0,False
325910,3259A0,169.0,False
3259A0,3259A0,39047.0,False
326110,3259A0,29.0,False
326120,3259A0,11.0,False
326130,3259A0,59.0,False
326190,3259A0,297.0,False
326220,3259A0,133.0,False
424A00,3259A0,1035.0,False
541511,3259A0,39.0,False
541700,3259A0,484.0,False
233230,326110,15.0,False
327200,326110,6.0,False
332119,326110,7.0,False
332999,326110,3.0,False
336370,326110,2.0,False
339950,326110,3.0,False
313300,326110,175.0,False
322120,326110,4.0,False
322220,326110,355.0,False
323110,326110,9.0,False
323120,326110,1.0,False
325120,326110,34.0,False
325211,326110,89.0,False
325510,326110,1.0,False
326110,326110,37233.0,False
326120,326110,23.0,False
326130,326110,86.0,False
326140,326110,9.0,False
326150,326110,1.0,False
326190,326110,12.0,False
326290,326110,7.0,False
423800,326110,718.0,False
541511,326110,21.0,False
541700,326110,297.0,False
541800,326110,20.0,False
S00401,326110,64.0,False
233230,326120,6.0,False
331200,326120,6.0,False
332320,326120,54.0,False
332600,326120,2.0,False
333130,326120,2.0,False
333511,326120,10.0,False
334118,326120,1.0,False
33441A,326120,5.0,False
324110,326120,46.0,False
324190,326120,9.0,False
325110,326120,4.0,False
325211,326120,179.0,False
326110,326120,297.0,False
326120,326120,17210.0,False
326130,326120,35.0,False
326140,326120,163.0,False
326150,326120,4.0,False
326160,326120,149.0,False
326190,326120,95.0,False
326290,326120,3.0,False
423800,326120,230.0,False
541511,326120,11.0,False
541700,326120,154.0,False
S00401,326120,123.0,False
233230,326130,1.0,False
327200,326130,2.0,False
322120,326130,1.0,False
322220,326130,14.0,False
323110,326130,1.0,False
325211,326130,18.0,False
325510,326130,1.0,False
326110,326130,12.0,False
326120,326130,27.0,False
326130,326130,4241.0,False
326190,326130,50.0,False
423800,326130,25.0,False
541511,326130,4.0,False
541700,326130,59.0,False
S00401,326130,7.0,False
233230,326140,3.0,False
336320,326140,4.0,False
322130,326140,15.0,False
322210,326140,9.0,False
325211,326140,629.0,False
3252A0,326140,1.0,False
326110,326140,32.0,False
326120,326140,1.0,False
326140,326140,8431.0,False
326150,326140,116.0,False
326190,326140,509.0,False
423800,326140,8.0,False
541511,326140,7.0,False
541700,326140,86.0,False
541800,326140,1.0,False
S00401,326140,12.0,False
233230,326150,4.0,False
321910,326150,1.0,False
332720,326150,3.0,False
333242,326150,1.0,False
337900,326150,7.0,False
339113,326150,4.0,False
322210,326150,36.0,False
324122,326150,3.0,False
325211,326150,3.0,False
3252A0,326150,65.0,False
326110,326150,4.0,False
326120,326150,9.0,False
326140,326150,102.0,False
326150,326150,10438.0,False
326190,326150,16.0,False
326210,326150,1.0,False
423800,326150,87.0,False
541511,326150,8.0,False
541700,326150,97.0,False
S00401,326150,40.0,False
233230,326160,5.0,False
325211,326160,6.0,False
326110,326160,23.0,False
326120,326160,130.0,False
326160,326160,10803.0,False
326190,326160,48.0,False
423800,326160,4.0,False
541511,326160,7.0,False
541700,326160,97.0,False
S00401,326160,9.0,False
233230,326190,31.0,False
321910,326190,4.0,False
3219A0,326190,6.0,False
327100,326190,1.0,False
327200,326190,5.0,False
327390,326190,4.0,False
327400,326190,3.0,False
327991,326190,22.0,False
331200,326190,1.0,False
331313,326190,4.0,False
332119,326190,2.0,False
332310,326190,14.0,False
332320,326190,56.0,False
332420,326190,2.0,False
332430,326190,6.0,False
332500,326190,1.0,False
332710,326190,1.0,False
332720,326190,17.0,False
332800,326190,1.0,False
33291A,326190,1.0,False
332999,326190,29.0,False
333130,326190,11.0,False
33329A,326190,6.0,False
333318,326190,54.0,False
333414,326190,5.0,False
333415,326190,10.0,False
333511,326190,41.0,False
333514,326190,6.0,False
333914,326190,1.0,False
333994,326190,6.0,False
33399A,326190,1.0,False
334513,326190,10.0,False
33451A,326190,2.0,False
335120,326190,178.0,False
335220,326190,1.0,False
335911,326190,5.0,False
335920,326190,2.0,False
335999,326190,2.0,False
336360,326190,9.0,False
336390,326190,23.0,False
3363A0,326190,55.0,False
336612,326190,11.0,False
337110,326190,6.0,False
33712N,326190,8.0,False
337215,326190,77.0,False
33721A,326190,6.0,False
339112,326190,17.0,False
339113,326190,10.0,False
339920,326190,66.0,False
339930,326190,50.0,False
339950,326190,8.0,False
339990,326190,601.0,False
313200,326190,1.0,False
314900,326190,8.0,False
322210,326190,86.0,False
322220,326190,8.0,False
322299,326190,1.0,False
323110,326190,26.0,False
325211,326190,33.0,False
325610,326190,1.0,False
3259A0,326190,265.0,False
326110,326190,30.0,False
326120,326190,83.0,False
326130,326190,7.0,False
326140,326190,140.0,False
326150,326190,27.0,False
326160,326190,159.0,False
326190,326190,95438.0,False
326220,326190,17.0,False
326290,326190,137.0,False
423800,326190,550.0,False
541511,326190,69.0,False
541700,326190,839.0,False
541800,326190,174.0,False
S00401,326190,12.0,False
233230,326210,14.0,False
333111,326210,69.0,False
326210,326210,18544.0,False
326290,326210,236.0,False
423100,326210,640.0,False
541511,326210,11.0,False
541700,326210,220.0,False
S00401,326210,2.0,False
233230,326220,4.0,False
332320,326220,1.0,False
33329A,326220,1.0,False
333413,326220,1.0,False
333920,326220,1.0,False
313300,326220,22.0,False
325190,326220,2.0,False
326190,326220,2.0,False
326220,326220,5061.0,False
326290,326220,93.0,False
423800,326220,87.0,False
541511,326220,4.0,False
541700,326220,80.0,False
233230,326290,12.0,False
334510,326290,1.0,False
336310,326290,1.0,False
336360,326290,16.0,False
336390,326290,335.0,False
336413,326290,21.0,False
336612,326290,47.0,False
339113,326290,117.0,False
339920,326290,1.0,False
339930,326290,2.0,False
339990,326290,66.0,False
313300,326290,3.0,False
314900,326290,13.0,False
322120,326290,1.0,False
322220,326290,2.0,False
322291,326290,1.0,False
325190,326290,1.0,False
325520,326290,8.0,False
325620,326290,1.0,False
326150,326290,9.0,False
326160,326290,3.0,False
326190,326290,35.0,False
326220,326290,639.0,False
326290,326290,16382.0,False
423800,326290,345.0,False
541511,326290,11.0,False
541700,326290,185.0,False
230301,423100,17.0,False
2332A0,423100,15.0,False
336320,423100,23.0,False
423100,423100,125946.0,False
532100,423100,2195.0,False
541511,423100,106.0,False
541700,423100,4.0,False
811100,423100,4411.0,False
230301,423400,201.0,False
2332A0,423400,26.0,False
333318,423400,1.0,False
423400,423400,191384.0,False
532400,423400,340.0,False
541511,423400,1189.0,False
541512,423400,41.0,False
54151A,423400,6.0,False
541700,423400,357.0,False
561400,423400,7.0,False
811200,423400,7361.0,False
811300,423400,577.0,False
230301,423600,31.0,False
2332A0,423600,338.0,False
423600,423600,210821.0,False
532400,423600,175.0,False
532A00,423600,710.0,False
541511,423600,265.0,False
541512,423600,37.0,False
54151A,423600,2010.0,False
541700,423600,11.0,False
811200,423600,13760.0,False
811300,423600,589.0,False
230301,423800,37.0,False
2332A0,423800,274.0,False
336320,423800,36.0,False
423800,423800,153310.0,False
48A000,423800,524.0,False
532400,423800,3942.0,False
532A00,423800,2645.0,False
541511,423800,468.0,False
541700,423800,10.0,False
811200,423800,158.0,False
811300,423800,12313.0,False
230301,423A00,3370.0,False
2332A0,423A00,880.0,False
339910,423A00,4.0,False
423A00,423A00,261244.0,False
532400,423A00,119.0,False
532A00,423A00,87.0,False
541511,423A00,812.0,False
541700,423A00,24.0,False
811300,423A00,2114.0,False
811400,423A00,1877.0,False
2332A0,424200,45.0,False
424200,424200,194020.0,False
532400,424200,3.0,False
541511,424200,107.0,False
541700,424200,9.0,False
811400,424200,17770.0,False
2332A0,424400,6.0,False
311615,424400,2.0,False
31161A,424400,1131.0,False
424400,424400,171389.0,False
541511,424400,102.0,False
541700,424400,5.0,False
811400,424400,664.0,False
230301,424700,16.0,False
2332A0,424700,24.0,False
424700,424700,60960.0,False
486000,424700,62.0,False
541511,424700,29.0,False
541700,424700,2.0,False
811300,424700,767.0,False
115000,424A00,79.0,False
2332A0,424A00,80.0,False
424A00,424A00,331647.0,False
493000,424A00,319.0,False
532400,424A00,6.0,False
532A00,424A00,429.0,False
541511,424A00,291.0,False
541700,424A00,16.0,False
561400,424A00,13.0,False
811200,424A00,36.0,False
811300,424A00,1798.0,False
811400,424A00,2262.0,False
230301,425000,5.0,False
2332A0,425000,194.0,False
425000,425000,47545.0,False
532A00,425000,258.0,False
541511,425000,1485.0,False
541512,425000,237.0,False
541700,425000,51.0,False
811300,425000,2100.0,False
2332A0,441000,6.0,False
441000,441000,255952.0,False
522A00,441000,3572.0,False
532100,441000,147.0,False
532A00,441000,6.0,False
541511,441000,67.0,False
541700,441000,3.0,False
713900,441000,88.0,False
811100,441000,47651.0,False
811400,441000,2296.0,False
311810,445000,8375.0,False
445000,445000,209336.0,False
522A00,445000,35.0,False
532A00,445000,7.0,False
541511,445000,8.0,False
541700,445000,1.0,False
561400,445000,2.0,False
722211,445000,8286.0,False
722A00,445000,935.0,False
2332A0,452000,2287.0,False
311810,452000,2003.0,False
452000,452000,183000.0,False
722211,452000,3941.0,False
722A00,452000,2925.0,False
811100,452000,1571.0,False
811200,452000,172.0,False
811400,452000,47.0,False
230302,444000,1250.0,False
2332A0,444000,490.0,False
444000,444000,119653.0,False
541511,444000,8.0,False
541700,444000,1.0,False
811400,444000,82.0,False
446000,446000,101030.0,False
522A00,446000,293.0,False
532400,446000,388.0,False
541511,446000,29.0,False
541700,446000,2.0,False
621300,446000,9.0,False
722211,446000,125.0,False
811400,446000,28.0,False
812900,446000,1194.0,False
2332A0,447000,5.0,False
447000,447000,78087.0,False
532100,447000,1.0,False
722211,447000,13439.0,False
722A00,447000,135.0,False
811100,447000,1996.0,False
339910,448000,1635.0,False
448000,448000,121323.0,False
532A00,448000,414.0,False
541511,448000,13.0,False
541700,448000,1.0,False
811400,448000,489.0,False
230302,454000,1372.0,False
2332A0,454000,39.0,False
454000,454000,260663.0,False
512100,454000,383.0,False
541511,454000,1168.0,False
541700,454000,4565.0,False
713900,454000,105.0,False
722211,454000,2289.0,False
722A00,454000,84.0,False
811200,454000,3704.0,False
811400,454000,2138.0,False
111400,4B0000,191.0,False
230302,4B0000,1006.0,False
2332A0,4B0000,456.0,False
4B0000,4B0000,180657.0,False
512100,4B0000,25.0,False
532A00,4B0000,354.0,False
541511,4B0000,286.0,False
541700,4B0000,34.0,False
5419A0,4B0000,23.0,False
561400,4B0000,91.0,False
611B00,4B0000,99.0,False
713900,4B0000,200.0,False
722211,4B0000,221.0,False
811200,4B0000,2.0,False
811400,4B0000,462.0,False
812900,4B0000,1194.0,False
115000,481000,735.0,False
2332C0,481000,36.0,False
481000,481000,209902.0,False
48A000,481000,1567.0,False
532400,481000,545.0,False
541511,481000,99.0,False
541300,481000,1372.0,False
541700,481000,261.0,False
621900,481000,84.0,False
2332C0,482000,162.0,False
482000,482000,80080.0,False
532400,482000,373.0,False
541511,482000,115.0,False
541700,482000,314.0,False
2332C0,483000,1.0,False
483000,483000,52085.0,False
48A000,483000,2379.0,False
541511,483000,8.0,False
541700,483000,34.0,False
713200,483000,293.0,False
2332C0,484000,32.0,False
484000,484000,336846.0,False
48A000,484000,2820.0,False
492000,484000,15737.0,False
493000,484000,5857.0,False
532100,484000,305.0,False
541511,484000,80.0,False
541610,484000,75.0,False
541700,484000,217.0,False
562000,484000,4651.0,False
485000,485000,77217.0,False
48A000,485000,8.0,False
541511,485000,1.0,False
541700,485000,55.0,False
541800,485000,1.0,False
221200,486000,162.0,False
233240,486000,116.0,False
486000,486000,47507.0,False
541511,486000,20.0,False
541700,486000,189.0,False
2332C0,48A000,76.36698540578885,True
445000,48A000,10.909569343684122,True
481000,48A000,28.761591906076323,True
483000,48A000,368.9417996227721,True
484000,48A000,532.5853397780339,True
485000,48A000,464.1525866221972,True
48A000,48A000,132780.20476858385,True
493000,48A000,1207.9868600552056,True
532100,48A000,2.9753370937320334,True
541511,48A000,228.10917718612257,True
541610,48A000,4351.92638909872,True
541700,48A000,553.4126994341582,True
561900,48A000,2.9753370937320334,True
722A00,48A000,36.69582415602841,True
811100,48A000,844.9957346198975,True
2332C0,492000,9.0,False
484000,492000,18.0,False
492000,492000,96697.0,False
541511,492000,43.0,False
541700,492000,162.0,False
2332A0,493000,63.0,False
484000,493000,318.0,False
48A000,493000,1548.0,False
493000,493000,121063.0,False
541511,493000,123.0,False
541610,493000,186.0,False
541700,493000,400.0,False
2332A0,511110,2.0,False
323110,511110,354.0,False
424A00,511110,1.0,False
4B0000,511110,31.0,False
511110,511110,13452.0,False
511120,511110,4.0,False
5111A0,511110,443.0,False
519130,511110,62.0,False
541511,511110,210.0,False
541700,511110,12.0,False
541800,511110,11412.0,False
541400,511110,8.0,False
561900,511110,45.0,False
562000,511110,1.0,False
2332A0,511120,5.0,False
323110,511120,327.0,False
424A00,511120,211.0,False
4B0000,511120,19.0,False
511110,511120,6.0,False
511120,511120,13963.0,False
511130,511120,188.0,False
519130,511120,3.0,False
541511,511120,121.0,False
5416A0,511120,1.0,False
541700,511120,13.0,False
541800,511120,12650.0,False
561900,511120,133.0,False
2332A0,511130,6.0,False
323110,511130,868.0,False
424A00,511130,56.0,False
4B0000,511130,13.0,False
511120,511130,5.0,False
511130,511130,35778.0,False
5111A0,511130,648.0,False
541511,511130,79.0,False
5416A0,511130,7.0,False
541700,511130,8.0,False
541800,511130,961.0,False
611B00,511130,67.0,False
2332A0,5111A0,3.0,False
323110,5111A0,195.0,False
424A00,5111A0,60.0,False
4B0000,5111A0,18.0,False
5111A0,5111A0,7122.0,False
519130,5111A0,1072.0,False
541511,5111A0,44.0,False
541700,5111A0,4.0,False
541800,5111A0,2325.0,False
423400,511200,1092.0898255213742,True
4B0000,511200,1836.1510253271458,True
511200,511200,212838.13710912617,True
518200,511200,32783.6964930551,True
541511,511200,7746.637168945573,True
541512,511200,3401.527320710427,True
541700,511200,21159.74041060553,True
611B00,511200,250.02056445086407,True
811200,511200,1.0000822578034563,True
2332A0,512100,55.72720535781666,True
334610,512100,5.970772002623213,True
423A00,512100,2.9853860013116065,True
4B0000,512100,183.10367474711185,True
512100,512100,127522.9556276834,True
512200,512100,164.19623007213835,True
531ORE,512100,117.42518271825652,True
532400,512100,51.74669068940118,True
541511,512100,301.52398613247226,True
541700,512100,1117.5294931576448,True
541800,512100,196.04034741946217,True
713100,512100,41.79540401836249,True
4B0000,512200,2.0,False
512100,512200,16.0,False
512200,512200,18100.0,False
531ORE,512200,14.0,False
541511,512200,14.0,False
541700,512200,68.0,False
541400,512200,3.0,False
233240,515100,327.0,False
423800,515100,6.0,False
4B0000,515100,30.0,False
512100,515100,179.0,False
512200,515100,294.0,False
515100,515100,34369.0,False
515200,515100,594.0,False
541511,515100,166.0,False
541700,515100,1836.0,False
541800,515100,54998.0,False
811200,515100,3.0,False
233240,515200,343.0,False
4B0000,515200,36.0,False
512100,515200,773.0,False
515100,515200,46165.0,False
515200,515200,21915.0,False
541511,515200,80.0,False
541700,515200,672.0,False
541800,515200,38057.0,False
233240,517110,602.274246741247,True
423800,517110,35.36670878964145,True
4B0000,517110,97.77854783018518,True
515100,517110,91.53736392613081,True
517110,517110,305992.7304850922,True
517210,517110,516.9780667191706,True
517A00,517110,6287.992783334781,True
518200,517110,7.281381221396769,True
532400,517110,8296.613803122948,True
541511,517110,1200.3877042131244,True
541512,517110,41.60789269369582,True
5416A0,517110,2.080394634684791,True
541700,517110,1974.2945083158668,True
541800,517110,5221.7905330588255,True
811200,517110,240.28558030609335,True
233240,517210,72.0,False
423800,517210,1.0,False
4B0000,517210,2974.0,False
517110,517210,23106.0,False
517210,517210,219914.0,False
517A00,517210,999.0,False
532400,517210,1144.0,False
541511,517210,238.0,False
541512,517210,12.0,False
541700,517210,397.0,False
541800,517210,4.0,False
811200,517210,242.0,False
233240,517A00,217.0,False
423800,517A00,72.0,False
4B0000,517A00,423.0,False
517110,517A00,19606.0,False
517210,517A00,248.0,False
517A00,517A00,22528.0,False
532400,517A00,54.0,False
541511,517A00,179.0,False
541512,517A00,123.0,False
541700,517A00,332.0,False
541800,517A00,170.0,False
811200,517A00,204.0,False
233240,518200,533.1289779305907,True
334290,518200,464.8563404554869,True
423400,518200,507.0247341901099,True
4B0000,518200,79.3167405960766,True
511200,518200,7769.024540916971,True
517110,518200,1901.5937555565706,True
517A00,518200,3.0120281239016427,True
518200,518200,144119.37747340865,True
5191A0,518200,454.81624670914806,True
532400,518200,16.064149994142095,True
541511,518200,5085.307482520607,True
541512,518200,1364.772634319219,True
54151A,518200,1900.5897461819366,True
541300,518200,41.16438435998912,True
541610,518200,1203.8072401860234,True
541700,518200,9594.313584001366,True
561300,518200,47.18844060779241,True
611B00,518200,87.34881559314765,True
811200,518200,73.29268434827331,True
2332A0,519130,1.0,False
423400,519130,2106.0,False
454000,519130,18.0,False
511120,519130,2.0,False
511130,519130,599.0,False
5111A0,519130,3177.0,False
518200,519130,549.0,False
519130,519130,55653.0,False
541511,519130,392.0,False
541700,519130,10629.0,False
541800,519130,106888.0,False
4B0000,5191A0,1.0,False
5111A0,5191A0,83.0,False
5191A0,5191A0,6637.0,False
541511,5191A0,107.0,False
541700,5191A0,1482.0,False
541800,5191A0,133.0,False
2332A0,522A00,1.0,False
522A00,522A00,308211.0,False
52A000,522A00,19200.0,False
523900,522A00,975.0,False
523A00,522A00,204.0,False
532100,522A00,67177.0,False
532400,522A00,1166.0,False
541511,522A00,1157.0,False
541700,522A00,748.0,False
2332A0,52A000,0.9988289525517704,True
522A00,52A000,9583.279010855378,True
52A000,52A000,617431.9414121975,True
523900,52A000,20355.13522405253,True
523A00,52A000,5907.07442539117,True
532100,52A000,411.5175284513294,True
532400,52A000,192.7739878424917,True
541511,52A000,1976.6824970999537,True
541700,52A000,1196.597085157021,True
522A00,523900,6310.0,False
52A000,523900,148.0,False
523900,523900,327468.0,False
523A00,523900,12787.0,False
524200,523900,1369.0,False
541511,523900,660.0,False
541700,523900,308.0,False
522A00,523A00,14205.0,False
52A000,523A00,345.0,False
523900,523A00,37763.0,False
523A00,523A00,143325.0,False
524200,523A00,1910.0,False
541511,523A00,641.0,False
541700,523A00,795.0,False
524113,524113,86909.0,False
524200,524113,847.0,False
541511,524113,325.0,False
541700,524113,365.0,False
2332A0,5241XX,2.0,False
5241XX,5241XX,559541.0,False
524200,5241XX,5724.0,False
541511,5241XX,1282.0,False
541700,5241XX,1360.0,False
2332A0,524200,1.0,False
523900,524200,844.0,False
523A00,524200,495.0,False
524200,524200,359842.0,False
541100,524200,77.0,False
541511,524200,1166.0,False
541700,524200,483.0,False
525000,525000,157317.0,False
541511,525000,2.0,False
541700,525000,4.0,False
2332A0,531HSO,64.0,False
531HSO,531HSO,1555618.0,False
2332A0,531HST,1.0,False
233412,531HST,4448.0,False
233411,531HST,15830.0,False
531HST,531HST,476294.0,False
541511,531HST,75.0,False
541700,531HST,54.0,False
230302,531ORE,250.0,False
2332A0,531ORE,45.0,False
522A00,531ORE,1475.0,False
524200,531ORE,385.0,False
531ORE,531ORE,1262195.0,False
541511,531ORE,230.0,False
541700,531ORE,231.0,False
5419A0,531ORE,49.0,False
721000,531ORE,59.0,False
813B00,531ORE,214.0,False
441000,532100,464.214085843371,True
522A00,532100,61.59533593008706,True
5241XX,532100,479.7223515174257,True
531ORE,532100,130.26943166205956,True
532100,532100,62885.454160407164,True
541511,532100,32.05041572637973,True
541700,532100,28.94876259156879,True
811100,532100,22.745456321946907,True
2332A0,532400,35.0,False
452000,532400,516.0,False
444000,532400,51.0,False
4B0000,532400,12.0,False
484000,532400,1004.0,False
522A00,532400,7.0,False
5241XX,532400,48.0,False
531ORE,532400,842.0,False
532100,532400,240.0,False
532400,532400,82923.0,False
532A00,532400,1230.0,False
541511,532400,27.0,False
541700,532400,31.0,False
611B00,532400,2.0,False
811300,532400,817.0,False
2332A0,532A00,13.988116801321956,True
452000,532A00,2101.214973798577,True
4B0000,532A00,170.85485521614675,True
484000,532A00,55.952467205287824,True
5241XX,532A00,41.964350403965874,True
532100,532A00,77.0325209132243,True
532400,532A00,2925.514713876478,True
532A00,532A00,21815.623995368755,True
541511,532A00,33.97114080321047,True
541700,532A00,20.982175201982937,True
811300,532A00,47.959257604532425,True
811400,532A00,23.979628802266213,True
812900,532A00,44.961804004249146,True
523900,533000,65.0,False
533000,533000,157014.0,False
541511,533000,36.0,False
541700,533000,88.0,False
2332A0,541100,2.0,False
541100,541100,338765.0,False
541511,541100,359.0,False
541700,541100,79.0,False
5419A0,541100,114.0,False
2332A0,541511,3.0726016865932584,True
423400,541511,26.62921461714157,True
4B0000,541511,114.71046296614831,True
511200,541511,2578.9370156139416,True
517110,541511,3.0726016865932584,True
517A00,541511,2.0484011243955056,True
518200,541511,3030.7787982063655,True
532400,541511,14.33880787076854,True
541511,541511,123946.4488243279,True
541512,541511,3949.6072330123,True
54151A,541511,10299.360853460603,True
541700,541511,4421.473827007699,True
561300,541511,3607.2343800604854,True
611B00,541511,117.78306465274157,True
811200,541511,571.5039137063461,True
2332A0,541512,3.01768738501209,True
423400,541512,66.38912247026599,True
4B0000,541512,466.73564888186996,True
511200,541512,8846.853517060445,True
517110,541512,123.98969570843025,True
518200,541512,4701.430186109236,True
532400,541512,68.40091406027405,True
541511,541512,68034.76799089258,True
541512,541512,165711.23343275563,True
54151A,541512,13542.375088139257,True
541300,541512,68.40091406027405,True
541700,541512,4455.11247607285,True
561300,541512,644.7792045975833,True
611B00,541512,120.70749540048362,True
811200,541512,2696.8066264058048,True
2332A0,54151A,1.0354817706956976,True
423400,54151A,34.17089843295802,True
4B0000,54151A,254.72851559114162,True
511200,54151A,629.5729165829841,True
517110,54151A,103.54817706956976,True
518200,54151A,1498.3737483857358,True
532400,54151A,27.958007808783833,True
541511,54151A,2773.0201819230783,True
541512,54151A,13132.678888398597,True
54151A,54151A,28450.365983804793,True
541700,54151A,856.3434243653419,True
561300,54151A,735.1920571939453,True
611B00,54151A,112.86751300583104,True
811200,54151A,471.1442056665424,True
2332A0,541200,7.0,False
523900,541200,450.0,False
541511,541200,819.0,False
541200,541200,163064.0,False
541610,541200,6582.0,False
541700,541200,148.0,False
2332A0,541300,369.0,False
452000,541300,485.0,False
444000,541300,64.0,False
4B0000,541300,20.0,False
541511,541300,1691.0,False
541300,541300,322368.0,False
541700,541300,2336.0,False
541400,541300,1669.0,False
561700,541300,206.0,False
2332A0,541610,49.10594484326644,True
4B0000,541610,71.15351191575341,True
518200,541610,54776.17822945423,True
541511,541610,4581.750636803738,True
541512,541610,7590.099531901419,True
54151A,541610,525.1329611810534,True
541200,541610,1998.3113064790466,True
541610,541610,178549.60957875111,True
5416A0,541610,1583.4161806604282,True
541700,541610,1018.1967338930348,True
561300,541610,948.0453841169399,True
2332A0,5416A0,11.0,False
4B0000,5416A0,23.0,False
541511,5416A0,387.0,False
541512,5416A0,87.0,False
541300,5416A0,213.0,False
541610,5416A0,192.0,False
5416A0,5416A0,51928.0,False
541700,5416A0,282.0,False
561200,5416A0,200.0,False
2332A0,541700,17.0,False
4B0000,541700,230.0,False
541511,541700,1073.0,False
541300,541700,1070.0,False
5416A0,541700,2589.0,False
541700,541700,250340.0,False
2332A0,541800,21.0,False
4B0000,541800,29.0,False
541511,541800,611.0,False
541700,541800,108.0,False
541800,541800,127776.0,False
5419A0,541800,303.0,False
2332A0,541400,5.9995835682936525,True
323110,541400,6.999514163009261,True
452000,541400,2.9997917841468262,True
444000,541400,1.9998611894312175,True
4B0000,541400,70.99507222480823,True
518200,541400,94.99340649798283,True
541511,541400,102.43841585651786,True
541700,541400,13.999028326018522,True
541400,541400,34932.57532638979,True
2332A0,541920,3.0,False
4B0000,541920,20.0,False
532A00,541920,34.0,False
541511,541920,52.0,False
541700,541920,6.0,False
541920,541920,12369.0,False
811200,541920,6.0,False
2332A0,541940,7.0,False
4B0000,541940,935.0,False
541511,541940,368.0,False
541700,541940,55.0,False
541940,541940,39372.0,False
812900,541940,1752.0,False
2332A0,5419A0,20.0,False
452000,5419A0,22.0,False
4B0000,5419A0,8.0,False
541511,5419A0,276.0,False
541700,5419A0,78.0,False
5419A0,5419A0,87829.0,False
2332A0,550000,75.0,False
541511,550000,11270.0,False
541700,550000,5408.0,False
550000,550000,550361.0,False
2332A0,561300,837.0,False
4B0000,561300,58.0,False
541511,561300,5064.0,False
541200,561300,951.0,False
541610,561300,612.0,False
541700,561300,139.0,False
541800,561300,301.0,False
561300,561300,377431.0,False
561100,561300,44.0,False
561600,561300,373.0,False
624A00,561300,28.0,False
2332A0,561700,149.0,False
444000,561700,172.0,False
448000,561700,49.0,False
4B0000,561700,24.0,False
541511,561700,5.0,False
541300,561700,6715.0,False
541700,561700,1.0,False
561700,561700,186000.0,False
562000,561700,364.0,False
2332A0,561100,4.045296028124722,True
4B0000,561100,53.600172372652565,True
524200,561100,99.10975268905568,True
531ORE,561100,195.18553335701782,True
541511,561100,1141.7848039382027,True
541512,561100,315.5330901937283,True
54151A,561100,3148.2516338880646,True
541200,561100,12287.586685428842,True
541300,561100,275.0801299124811,True
541610,561100,4080.692368370813,True
5416A0,561100,4.045296028124722,True
541700,561100,1078.0713914952382,True
561100,561100,37561.081950052656,True
561200,561100,4637.931896244993,True
2332A0,561200,20.0,False
4B0000,561200,12.0,False
524200,561200,31.0,False
531ORE,561200,49.0,False
541511,561200,25.0,False
54151A,561200,94.0,False
541200,561200,30.0,False
541300,561200,98.0,False
541610,561200,380.0,False
5416A0,561200,109.0,False
541700,561200,1.0,False
561100,561200,2.0,False
561200,561200,28701.0,False
2332A0,561400,19.0,False
323110,561400,750.0,False
4B0000,561400,85.0,False
541511,561400,597.0,False
541700,561400,22.0,False
541800,561400,19.0,False
561400,561400,75770.0,False
561600,561400,112.0,False
561900,561400,2153.0,False
4B0000,561500,746.0,False
541511,561500,480.0,False
541700,561500,9.0,False
561500,561500,57526.0,False
2332D0,561600,4.0,False
4B0000,561600,18.0,False
532400,561600,196.0,False
541511,561600,133.0,False
5416A0,561600,190.0,False
541700,561600,4.0,False
561600,561600,65486.0,False
611B00,561600,23.0,False
2332A0,561900,41.0,False
323110,561900,724.0,False
4B0000,561900,19.0,False
541511,561900,185.0,False
541700,561900,4.0,False
541800,561900,12946.0,False
561400,561900,13483.0,False
561600,561900,66.0,False
561900,561900,27716.0,False
211000,562000,227.0,False
2332D0,562000,1.0,False
444000,562000,75.0,False
48A000,562000,450.0,False
532400,562000,127.0,False
541511,562000,19.0,False
5416A0,562000,137.0,False
541700,562000,5.0,False
562000,562000,111995.0,False
S00401,562000,829.0,False
233262,611100,468.0,False
454000,611100,57.0,False
541511,611100,674.0,False
611100,611100,46282.0,False
721000,611100,377.0,False
722A00,611100,240.0,False
233262,611A00,54.0,False
2334A0,611A00,69.0,False
454000,611A00,232.0,False
4B0000,611A00,97.0,False
5241XX,611A00,108.0,False
531ORE,611A00,63.0,False
541511,611A00,3352.0,False
541200,611A00,30.0,False
541700,611A00,30082.0,False
611A00,611A00,158045.0,False
711200,611A00,1611.0,False
721000,611A00,26387.0,False
722110,611A00,4131.0,False
722A00,611A00,9642.0,False
811100,611A00,5.0,False
812100,611A00,11.0,False
233262,611B00,103.0,False
446000,611B00,16.0,False
4B0000,611B00,210.0,False
541511,611B00,659.0,False
541700,611B00,20.0,False
611B00,611B00,73566.0,False
233210,621100,208.0,False
446000,621100,1739.0,False
448000,621100,54.0,False
532400,621100,7.0,False
532A00,621100,2.0,False
541511,621100,172.0,False
541700,621100,61.0,False
621100,621100,492093.0,False
722211,621100,27.0,False
233210,621200,14.0,False
446000,621200,23.0,False
541511,621200,1.0,False
541700,621200,1.0,False
621200,621200,129400.0,False
621500,621200,288.0,False
233210,621300,11.0,False
446000,621300,5354.0,False
448000,621300,91.0,False
532400,621300,175.0,False
532A00,621300,44.0,False
541511,621300,26.0,False
541700,621300,47.0,False
621300,621300,98036.0,False
722211,621300,13.0,False
233210,621400,169.0,False
446000,621400,404.0,False
448000,621400,99.0,False
532400,621400,10.0,False
541511,621400,229.0,False
541700,621400,37.0,False
621400,621400,162142.0,False
722211,621400,1.0,False
233210,621500,7.0,False
446000,621500,4.0,False
541511,621500,193.0,False
541700,621500,32.0,False
621500,621500,54787.0,False
233210,621600,1.0,False
446000,621600,107.0,False
532400,621600,106.0,False
532A00,621600,18.0,False
541511,621600,51.0,False
541700,621600,7.0,False
621600,621600,89829.0,False
233210,621900,4.0,False
446000,621900,16.0,False
532400,621900,18.0,False
532A00,621900,4.0,False
541511,621900,88.0,False
541700,621900,8.0,False
621900,621900,34614.0,False
233210,622000,1225.858792723019,True
446000,622000,1354.8439348610855,True
532400,622000,105.98779121422513,True
532A00,622000,26.996890214944138,True
541511,622000,2492.712863179842,True
541700,622000,7056.187194328177,True
621600,622000,3508.595843119962,True
622000,622000,826668.9887651318,True
722211,622000,1493.827925226909,True
233210,623A00,35.87276819775453,True
446000,623A00,9.964657832709593,True
531ORE,623A00,126.55115447541182,True
541511,623A00,5.978794699625755,True
541700,623A00,0.9964657832709592,True
621600,623A00,125.55468869214087,True
623A00,623A00,185688.76710836453,True
623B00,623A00,3.985863133083837,True
624400,623A00,7.971726266167674,True
722211,623A00,181.3567725553146,True
233210,623B00,6.0,False
446000,623B00,8.0,False
531ORE,623B00,30.0,False
541511,623B00,23.0,False
541700,623B00,8.0,False
621400,623B00,5.0,False
621600,623B00,4.0,False
623B00,623B00,53821.0,False
624100,623B00,157.0,False
624400,623B00,431.0,False
722211,623B00,243.0,False
233210,624100,44.0,False
446000,624100,11.0,False
541511,624100,73.0,False
541700,624100,11.0,False
621400,624100,258.0,False
623A00,624100,1957.0,False
624100,624100,111915.0,False
624400,624100,1082.0,False
624A00,624100,2451.0,False
233210,624400,3.0,False
541511,624400,2.0,False
541700,624400,1.0,False
624400,624400,52656.0,False
233210,624A00,89.0,False
444000,624A00,7.0,False
446000,624A00,55.0,False
541511,624A00,36.0,False
541700,624A00,3.0,False
624A00,624A00,52854.0,False
2332D0,711100,242.00572357711377,True
4B0000,711100,128.00302734657257,True
531ORE,711100,47.001111603819616,True
532A00,711100,21.00049667404706,True
533000,711100,13.000307464886276,True
541511,711100,11.00026016259608,True
541800,711100,71.28018848694298,True
711100,711100,25900.697153716053,True
711500,711100,136.00321655573336,True
711A00,711100,79.00186844046276,True
722211,711100,281.00664597177257,True
2332D0,711200,59.97136732208821,True
4B0000,711200,194.9069437967867,True
532A00,711200,169.20492923017744,True
533000,711200,952.0454562381503,True
541511,711200,22.48926274578308,True
541700,711200,1.070917273608718,True
541800,711200,5836.499141167513,True
611B00,711200,306.2823402520934,True
711200,711200,37004.137722885054,True
711A00,711200,544.0259749932287,True
713200,711200,2378.5072646849626,True
722211,711200,1262.6114655846786,True
812900,711200,230.24721382587438,True
2332D0,711500,47.37064519874002,True
4B0000,711500,33.37477275365774,True
533000,711500,329.44130524578287,True
541511,711500,4.306422290794547,True
541800,711500,147.49496345971323,True
711500,711500,37454.43987656981,True
711A00,711500,7186.342197763401,True
722211,711500,3.2298167180959103,True
2332D0,711A00,152.44740191822086,True
4B0000,711A00,182.53570492839603,True
531ORE,711A00,507.4893774382878,True
533000,711A00,24.070642408140134,True
541511,711A00,26.076529275485147,True
541700,711A00,1.0029434336725056,True
541800,711A00,2311.2306352284977,True
711100,711A00,18531.385823966884,True
711200,711A00,4484.160091949772,True
711A00,711A00,23407.63233341345,True
722211,711A00,1692.9685160391894,True
2332D0,712000,87.0,False
4B0000,712000,571.0,False
531ORE,712000,417.0,False
532A00,712000,19.0,False
533000,712000,14.0,False
541511,712000,34.0,False
541700,712000,2.0,False
541800,712000,124.0,False
711100,712000,15.0,False
712000,712000,18662.0,False
713900,712000,2.0,False
721000,712000,7.0,False
722211,712000,473.0,False
812900,712000,99.0,False
2332D0,713100,241.07503486803057,True
4B0000,713100,1398.4352645041774,True
531ORE,713100,53.01650144400673,True
532A00,713100,134.041720632017,True
541511,713100,3.0009340440003807,True
541700,713100,1.0003113480001269,True
541800,713100,18.66150515570693,True
713100,713100,15302.521467915552,True
721000,713100,131.04078658801663,True
722211,713100,3612.124277628458,True
812900,713100,264.0821958720335,True
2332D0,713200,75.0,False
4B0000,713200,100.0,False
541511,713200,31.0,False
541700,713200,1.0,False
711100,713200,11.0,False
713200,713200,34477.0,False
722211,713200,708.0,False
2332D0,713900,193.0,False
441000,713900,1.0,False
4B0000,713900,531.0,False
531ORE,713900,6.0,False
532A00,713900,49.0,False
541511,713900,9.0,False
541700,713900,1.0,False
611B00,713900,2714.0,False
624400,713900,588.0,False
711200,713900,1.0,False
713100,713900,625.0,False
713900,713900,76275.0,False
721000,713900,11.0,False
722211,713900,4208.0,False
811400,713900,52.0,False
812900,713900,1792.0,False
2332D0,721000,1577.690782527233,True
441000,721000,2.000876071689579,True
445000,721000,122.05344037306432,True
452000,721000,313.13710521941914,True
447000,721000,32.014017147033265,True
454000,721000,10.004380358447895,True
4B0000,721000,524.2295307826697,True
517110,721000,138.06044894658095,True
531ORE,721000,563.2622678402865,True
532A00,721000,886.3880997584835,True
541511,721000,37.01620732625721,True
541700,721000,2.000876071689579,True
711100,721000,903.395546367845,True
713200,721000,28366.420068343163,True
713900,721000,1004.4397879881686,True
721000,721000,181680.47767046484,True
722211,721000,1.0004380358447895,True
722A00,721000,40337.661605261914,True
812300,721000,107.04686983539249,True
812900,721000,1598.6999812799736,True
2332A0,722110,153.99297944215493,True
445000,722110,109.99498531582495,True
4B0000,722110,819.962617808877,True
541511,722110,0.999954411962045,True
713200,722110,346.9841809508296,True
721000,722110,14.999316179430675,True
722110,722110,341914.23669309303,True
722A00,722110,3738.8295463260865,True
S00401,722110,5.99972647177227,True
2332A0,722211,442.0,False
424400,722211,30.0,False
445000,722211,131.0,False
4B0000,722211,274.0,False
541511,722211,1.0,False
713200,722211,94.0,False
722211,722211,312508.0,False
722A00,722211,3655.0,False
S00401,722211,2.0,False
2332A0,722A00,142.0,False
445000,722A00,74.0,False
4B0000,722A00,160.0,False
713200,722A00,859.0,False
722A00,722A00,99663.0,False
2332A0,811100,29.979254051008503,True
423100,811100,410.7157804988165,True
441000,811100,1379.6928819769885,True
454000,811100,1.9986169367339002,True
532100,811100,5.9958508102017,True
532A00,811100,59.95850810201701,True
541511,811100,0.9993084683669501,True
811100,811100,129019.96476460605,True
811200,811100,2.99792540510085,True
811300,811100,23.9834032408068,True
811400,811100,413.71370590391734,True
2332A0,811200,23.0,False
423400,811200,97.0,False
446000,811200,2.0,False
4B0000,811200,87.0,False
5191A0,811200,710.0,False
532400,811200,56.0,False
532A00,811200,9.0,False
541511,811200,144.0,False
541700,811200,10.0,False
811200,811200,19564.0,False
811300,811200,150.0,False
811400,811200,146.0,False
2332A0,811300,179.0,False
423800,811300,53.0,False
423A00,811300,1.0,False
444000,811300,147.0,False
532400,811300,183.0,False
541511,811300,25.0,False
541700,811300,1.0,False
811200,811300,21.0,False
811300,811300,41743.0,False
2332A0,811400,37.0,False
452000,811400,68.0,False
444000,811400,35.0,False
448000,811400,3.0,False
4B0000,811400,44.0,False
532A00,811400,28.0,False
811400,811400,23737.0,False
446000,812100,1171.0,False
531ORE,812100,59.0,False
611B00,812100,9.0,False
812100,812100,78335.0,False
2332A0,812200,8.0,False
4B0000,812200,2265.0,False
812200,812200,20944.0,False
452000,812300,66.95529276128995,True
4B0000,812300,28.695125469124267,True
531ORE,812300,100.43293914193494,True
811400,812300,1205.1952697032193,True
812300,812300,26771.721372924432,True
2332A0,812900,1.0,False
4B0000,812900,105.0,False
532A00,812900,1.0,False
541511,812900,63.0,False
541700,812900,2.0,False
541920,812900,19.0,False
541940,812900,37.0,False
812900,812900,67153.0,False
2332D0,813100,191.0,False
541511,813100,39.0,False
813100,813100,100202.0,False
2332A0,813A00,3.9882970295142766,True
4B0000,813A00,62.815678214849854,True
531ORE,813A00,883.727431772548,True
541511,813A00,230.32415345444946,True
541800,813A00,92.72790593620692,True
813A00,813A00,58375.41653359243,True
2332A0,813B00,15.281302717711963,True
4B0000,813B00,218.30432453874232,True
531ORE,813B00,448.6153869271155,True
541511,813B00,533.754073497225,True
541800,813B00,962.7220712158537,True
722110,813B00,1489.9270149769163,True
722211,813B00,1510.665925808097,True
813B00,813B00,94541.72990031834,True
814000,814000,18684.0,False
2332A0,S00500,1.0,False
233412,S00500,2.0,False
333316,S00500,2.0,False
339910,S00500,1.0,False
512200,S00500,36.0,False
5191A0,S00500,13.0,False
541511,S00500,1769.0,False
541300,S00500,1171.0,False
541610,S00500,488.0,False
5416A0,S00500,153.0,False
541700,S00500,19508.0,False
5419A0,S00500,226.0,False
611B00,S00500,201.0,False
622000,S00500,1342.0,False
711500,S00500,18.0,False
S00500,S00500,599358.0,False
113000,S00600,98.0,False
221300,S00600,79.0,False
233210,S00600,12.0,False
233262,S00600,5.0,False
2332A0,S00600,85.0,False
233412,S00600,127.0,False
2334A0,S00600,1.0,False
2332D0,S00600,24.0,False
2332C0,S00600,1.0,False
331410,S00600,4.0,False
339910,S00600,93.0,False
323110,S00600,11.0,False
325180,S00600,11.0,False
511130,S00600,293.0,False
525000,S00600,124.0,False
541511,S00600,1959.0,False
541700,S00600,17239.0,False
622000,S00600,2068.0,False
S00600,S00600,379143.0,False
S00102,S00600,508.0,False
S00900,S00600,3468.0,False
531ORE,491000,106.0,False
541511,491000,61.0,False
491000,491000,69564.0,False
221100,S00101,15731.0,False
531ORE,S00101,16.0,False
541511,S00101,125.0,False
452000,S00102,3070.0,False
446000,S00102,58.0,False
4B0000,S00102,3.0,False
512100,S00102,18.0,False
5241XX,S00102,9091.0,False
531ORE,S00102,671.0,False
541511,S00102,376.0,False
722110,S00102,1349.0,False
722A00,S00102,183.0,False
S00102,S00102,725.0,False
111400,GSLGE,5.0,False
233210,GSLGE,207.0,False
233262,GSLGE,5764.0,False
2332A0,GSLGE,270.0,False
2334A0,GSLGE,1096.0,False
339910,GSLGE,63.0,False
339930,GSLGE,157.0,False
339940,GSLGE,545.0,False
339990,GSLGE,169.0,False
31151A,GSLGE,25.0,False
311520,GSLGE,16.0,False
311910,GSLGE,3.0,False
315000,GSLGE,836.0,False
322230,GSLGE,635.0,False
323110,GSLGE,808.0,False
325620,GSLGE,84.0,False
3259A0,GSLGE,21.0,False
5111A0,GSLGE,314.0,False
512100,GSLGE,1.0,False
5191A0,GSLGE,1788.0,False
541511,GSLGE,748.0,False
541300,GSLGE,242.0,False
541700,GSLGE,47086.0,False
561400,GSLGE,189.0,False
611100,GSLGE,6728.0,False
611A00,GSLGE,90719.0,False
611B00,GSLGE,1131.0,False
711200,GSLGE,468.0,False
711A00,GSLGE,2.0,False
713900,GSLGE,2.0,False
721000,GSLGE,9555.0,False
722A00,GSLGE,17833.0,False
812900,GSLGE,1.0,False
GSLGE,GSLGE,832472.0,False
541511,GSLGH,2435.0,False
541700,GSLGH,730.0,False
621400,GSLGH,3600.0,False
621600,GSLGH,14013.0,False
621900,GSLGH,1532.0,False
622000,GSLGH,221928.0,False
GSLGH,GSLGH,68698.0,False
112A00,GSLGO,530.0,False
113000,GSLGO,1343.0,False
114000,GSLGO,309.0,False
115000,GSLGO,1481.0,False
2123A0,GSLGO,723.0,False
221300,GSLGO,1151.0,False
233210,GSLGO,61.0,False
2332A0,GSLGO,21.0,False
233412,GSLGO,102.0,False
2332D0,GSLGO,5322.0,False
2332C0,GSLGO,7148.0,False
321100,GSLGO,200.0,False
339920,GSLGO,202.0,False
311119,GSLGO,102.0,False
311910,GSLGO,1045.0,False
312200,GSLGO,601.0,False
315000,GSLGO,407.0,False
323110,GSLGO,872.0,False
511130,GSLGO,105.0,False
5111A0,GSLGO,103.0,False
5191A0,GSLGO,986.0,False
525000,GSLGO,29014.0,False
541511,GSLGO,1708.0,False
541300,GSLGO,5296.0,False
5416A0,GSLGO,1026.0,False
561700,GSLGO,735.0,False
561400,GSLGO,1545.0,False
561600,GSLGO,2929.0,False
561900,GSLGO,4353.0,False
562000,GSLGO,14384.0,False
624100,GSLGO,431.0,False
624400,GSLGO,3249.0,False
624A00,GSLGO,19.0,False
711A00,GSLGO,463.0,False
712000,GSLGO,2232.0,False
713900,GSLGO,2701.0,False
721000,GSLGO,829.0,False
722110,GSLGO,35.0,False
722211,GSLGO,877.0,False
722A00,GSLGO,23.0,False
812900,GSLGO,1144.0,False
GSLGO,GSLGO,836043.0,False
S00401,GSLGO,4118.0,False
482000,S00201,17.0,False
485000,S00201,16911.0,False
221100,S00202,63412.0,False
221100,S00203,13.0,False
221200,S00203,6147.0,False
221300,S00203,67989.0,False
445000,S00203,5076.0,False
482000,S00203,108.0,False
483000,S00203,395.0,False
48A000,S00203,13600.0,False
52A000,S00203,20.0,False
5241XX,S00203,407.0,False
531HST,S00203,27159.0,False
531ORE,S00203,23396.0,False
711200,S00203,138.0,False
713200,S00203,42299.0,False
812900,S00203,3145.0,False
S00203,S00203,102952.0,False
