SectorSourceName,LevelName,Sector,SectorLevel
BEA_2012_Code,Detail,1111A0,3
BEA_2012_Code,Detail,1111B0,3
BEA_2012_Code,Detail,111200,3
BEA_2012_Code,Detail,111300,3
BEA_2012_Code,Detail,111400,3
BEA_2012_Code,Detail,111900,3
BEA_2012_Code,Detail,112120,3
BEA_2012_Code,Detail,1121A0,3
BEA_2012_Code,Detail,112300,3
BEA_2012_Code,Detail,112A00,3
BEA_2012_Code,Detail,113000,3
BEA_2012_Code,Detail,114000,3
BEA_2012_Code,Detail,115000,3
BEA_2012_Code,Detail,211000,3
BEA_2012_Code,Detail,212100,3
BEA_2012_Code,Detail,212230,3
BEA_2012_Code,Detail,2122A0,3
BEA_2012_Code,Detail,212310,3
BEA_2012_Code,Detail,2123A0,3
BEA_2012_Code,Detail,213111,3
BEA_2012_Code,Detail,21311A,3
BEA_2012_Code,Detail,221100,3
BEA_2012_Code,Detail,221200,3
BEA_2012_Code,Detail,221300,3
BEA_2012_Code,Detail,230301,3
BEA_2012_Code,Detail,230302,3
BEA_2012_Code,Detail,233210,3
BEA_2012_Code,Detail,233230,3
BEA_2012_Code,Detail,233240,3
BEA_2012_Code,Detail,233262,3
BEA_2012_Code,Detail,2332A0,3
BEA_2012_Code,Detail,2332C0,3
BEA_2012_Code,Detail,2332D0,3
BEA_2012_Code,Detail,233411,3
BEA_2012_Code,Detail,233412,3
BEA_2012_Code,Detail,2334A0,3
BEA_2012_Code,Detail,311111,3
BEA_2012_Code,Detail,311119,3
BEA_2012_Code,Detail,311210,3
BEA_2012_Code,Detail,311221,3
BEA_2012_Code,Detail,311224,3
BEA_2012_Code,Detail,311225,3
BEA_2012_Code,Detail,311230,3
BEA_2012_Code,Detail,311300,3
BEA_2012_Code,Detail,311410,3
BEA_2012_Code,Detail,311420,3
BEA_2012_Code,Detail,311513,3
BEA_2012_Code,Detail,311514,3
BEA_2012_Code,Detail,31151A,3
BEA_2012_Code,Detail,311520,3
BEA_2012_Code,Detail,311615,3
BEA_2012_Code,Detail,31161A,3
BEA_2012_Code,Detail,311700,3
BEA_2012_Code,Detail,311810,3
BEA_2012_Code,Detail,3118A0,3
BEA_2012_Code,Detail,311910,3
BEA_2012_Code,Detail,311920,3
BEA_2012_Code,Detail,311930,3
BEA_2012_Code,Detail,311940,3
BEA_2012_Code,Detail,311990,3
BEA_2012_Code,Detail,312110,3
BEA_2012_Code,Detail,312120,3
BEA_2012_Code,Detail,312130,3
BEA_2012_Code,Detail,312140,3
BEA_2012_Code,Detail,312200,3
BEA_2012_Code,Detail,313100,3
BEA_2012_Code,Detail,313200,3
BEA_2012_Code,Detail,313300,3
BEA_2012_Code,Detail,314110,3
BEA_2012_Code,Detail,314120,3
BEA_2012_Code,Detail,314900,3
BEA_2012_Code,Detail,315000,3
BEA_2012_Code,Detail,316000,3
BEA_2012_Code,Detail,321100,3
BEA_2012_Code,Detail,321200,3
BEA_2012_Code,Detail,321910,3
BEA_2012_Code,Detail,3219A0,3
BEA_2012_Code,Detail,322110,3
BEA_2012_Code,Detail,322120,3
BEA_2012_Code,Detail,322130,3
BEA_2012_Code,Detail,322210,3
BEA_2012_Code,Detail,322220,3
BEA_2012_Code,Detail,322230,3
BEA_2012_Code,Detail,322291,3
BEA_2012_Code,Detail,322299,3
BEA_2012_Code,Detail,323110,3
BEA_2012_Code,Detail,323120,3
BEA_2012_Code,Detail,324110,3
BEA_2012_Code,Detail,324121,3
BEA_2012_Code,Detail,324122,3
BEA_2012_Code,Detail,324190,3
BEA_2012_Code,Detail,325110,3
BEA_2012_Code,Detail,325120,3
BEA_2012_Code,Detail,325130,3
BEA_2012_Code,Detail,325180,3
BEA_2012_Code,Detail,325190,3
BEA_2012_Code,Detail,325211,3
BEA_2012_Code,Detail,3252A0,3
BEA_2012_Code,Detail,325310,3
BEA_2012_Code,Detail,325320,3
BEA_2012_Code,Detail,325411,3
BEA_2012_Code,Detail,325412,3
BEA_2012_Code,Detail,325413,3
BEA_2012_Code,Detail,325414,3
BEA_2012_Code,Detail,325510,3
BEA_2012_Code,Detail,325520,3
BEA_2012_Code,Detail,325610,3
BEA_2012_Code,Detail,325620,3
BEA_2012_Code,Detail,325910,3
BEA_2012_Code,Detail,3259A0,3
BEA_2012_Code,Detail,326110,3
BEA_2012_Code,Detail,326120,3
BEA_2012_Code,Detail,326130,3
BEA_2012_Code,Detail,326140,3
BEA_2012_Code,Detail,326150,3
BEA_2012_Code,Detail,326160,3
BEA_2012_Code,Detail,326190,3
BEA_2012_Code,Detail,326210,3
BEA_2012_Code,Detail,326220,3
BEA_2012_Code,Detail,326290,3
BEA_2012_Code,Detail,327100,3
BEA_2012_Code,Detail,327200,3
BEA_2012_Code,Detail,327310,3
BEA_2012_Code,Detail,327320,3
BEA_2012_Code,Detail,327330,3
BEA_2012_Code,Detail,327390,3
BEA_2012_Code,Detail,327400,3
BEA_2012_Code,Detail,327910,3
BEA_2012_Code,Detail,327991,3
BEA_2012_Code,Detail,327992,3
BEA_2012_Code,Detail,327993,3
BEA_2012_Code,Detail,327999,3
BEA_2012_Code,Detail,331110,3
BEA_2012_Code,Detail,331200,3
BEA_2012_Code,Detail,331313,3
BEA_2012_Code,Detail,331314,3
BEA_2012_Code,Detail,33131B,3
BEA_2012_Code,Detail,331410,3
BEA_2012_Code,Detail,331420,3
BEA_2012_Code,Detail,331490,3
BEA_2012_Code,Detail,331510,3
BEA_2012_Code,Detail,331520,3
BEA_2012_Code,Detail,332114,3
BEA_2012_Code,Detail,332119,3
BEA_2012_Code,Detail,33211A,3
BEA_2012_Code,Detail,332200,3
BEA_2012_Code,Detail,332310,3
BEA_2012_Code,Detail,332320,3
BEA_2012_Code,Detail,332410,3
BEA_2012_Code,Detail,332420,3
BEA_2012_Code,Detail,332430,3
BEA_2012_Code,Detail,332500,3
BEA_2012_Code,Detail,332600,3
BEA_2012_Code,Detail,332710,3
BEA_2012_Code,Detail,332720,3
BEA_2012_Code,Detail,332800,3
BEA_2012_Code,Detail,332913,3
BEA_2012_Code,Detail,33291A,3
BEA_2012_Code,Detail,332991,3
BEA_2012_Code,Detail,332996,3
BEA_2012_Code,Detail,332999,3
BEA_2012_Code,Detail,33299A,3
BEA_2012_Code,Detail,333111,3
BEA_2012_Code,Detail,333112,3
BEA_2012_Code,Detail,333120,3
BEA_2012_Code,Detail,333130,3
BEA_2012_Code,Detail,333242,3
BEA_2012_Code,Detail,33329A,3
BEA_2012_Code,Detail,333314,3
BEA_2012_Code,Detail,333316,3
BEA_2012_Code,Detail,333318,3
BEA_2012_Code,Detail,333413,3
BEA_2012_Code,Detail,333414,3
BEA_2012_Code,Detail,333415,3
BEA_2012_Code,Detail,333511,3
BEA_2012_Code,Detail,333514,3
BEA_2012_Code,Detail,333517,3
BEA_2012_Code,Detail,33351B,3
BEA_2012_Code,Detail,333611,3
BEA_2012_Code,Detail,333612,3
BEA_2012_Code,Detail,333613,3
BEA_2012_Code,Detail,333618,3
BEA_2012_Code,Detail,333912,3
BEA_2012_Code,Detail,33391A,3
BEA_2012_Code,Detail,333920,3
BEA_2012_Code,Detail,333991,3
BEA_2012_Code,Detail,333993,3
BEA_2012_Code,Detail,333994,3
BEA_2012_Code,Detail,33399A,3
BEA_2012_Code,Detail,33399B,3
BEA_2012_Code,Detail,334111,3
BEA_2012_Code,Detail,334112,3
BEA_2012_Code,Detail,334118,3
BEA_2012_Code,Detail,334210,3
BEA_2012_Code,Detail,334220,3
BEA_2012_Code,Detail,334290,3
BEA_2012_Code,Detail,334300,3
BEA_2012_Code,Detail,334413,3
BEA_2012_Code,Detail,334418,3
BEA_2012_Code,Detail,33441A,3
BEA_2012_Code,Detail,334510,3
BEA_2012_Code,Detail,334511,3
BEA_2012_Code,Detail,334512,3
BEA_2012_Code,Detail,334513,3
BEA_2012_Code,Detail,334514,3
BEA_2012_Code,Detail,334515,3
BEA_2012_Code,Detail,334516,3
BEA_2012_Code,Detail,334517,3
BEA_2012_Code,Detail,33451A,3
BEA_2012_Code,Detail,334610,3
BEA_2012_Code,Detail,335110,3
BEA_2012_Code,Detail,335120,3
BEA_2012_Code,Detail,335210,3
BEA_2012_Code,Detail,335221,3
BEA_2012_Code,Detail,335222,3
BEA_2012_Code,Detail,335224,3
BEA_2012_Code,Detail,335228,3
BEA_2012_Code,Detail,335311,3
BEA_2012_Code,Detail,335312,3
BEA_2012_Code,Detail,335313,3
BEA_2012_Code,Detail,335314,3
BEA_2012_Code,Detail,335911,3
BEA_2012_Code,Detail,335912,3
BEA_2012_Code,Detail,335920,3
BEA_2012_Code,Detail,335930,3
BEA_2012_Code,Detail,335991,3
BEA_2012_Code,Detail,335999,3
BEA_2012_Code,Detail,336111,3
BEA_2012_Code,Detail,336112,3
BEA_2012_Code,Detail,336120,3
BEA_2012_Code,Detail,336211,3
BEA_2012_Code,Detail,336212,3
BEA_2012_Code,Detail,336213,3
BEA_2012_Code,Detail,336214,3
BEA_2012_Code,Detail,336310,3
BEA_2012_Code,Detail,336320,3
BEA_2012_Code,Detail,336350,3
BEA_2012_Code,Detail,336360,3
BEA_2012_Code,Detail,336370,3
BEA_2012_Code,Detail,336390,3
BEA_2012_Code,Detail,3363A0,3
BEA_2012_Code,Detail,336411,3
BEA_2012_Code,Detail,336412,3
BEA_2012_Code,Detail,336413,3
BEA_2012_Code,Detail,336414,3
BEA_2012_Code,Detail,33641A,3
BEA_2012_Code,Detail,336500,3
BEA_2012_Code,Detail,336611,3
BEA_2012_Code,Detail,336612,3
BEA_2012_Code,Detail,336991,3
BEA_2012_Code,Detail,336992,3
BEA_2012_Code,Detail,336999,3
BEA_2012_Code,Detail,337110,3
BEA_2012_Code,Detail,337121,3
BEA_2012_Code,Detail,337122,3
BEA_2012_Code,Detail,337127,3
BEA_2012_Code,Detail,33712N,3
BEA_2012_Code,Detail,337215,3
BEA_2012_Code,Detail,33721A,3
BEA_2012_Code,Detail,337900,3
BEA_2012_Code,Detail,339112,3
BEA_2012_Code,Detail,339113,3
BEA_2012_Code,Detail,339114,3
BEA_2012_Code,Detail,339115,3
BEA_2012_Code,Detail,339116,3
BEA_2012_Code,Detail,339910,3
BEA_2012_Code,Detail,339920,3
BEA_2012_Code,Detail,339930,3
BEA_2012_Code,Detail,339940,3
BEA_2012_Code,Detail,339950,3
BEA_2012_Code,Detail,339990,3
BEA_2012_Code,Detail,4200ID,3
BEA_2012_Code,Detail,423100,3
BEA_2012_Code,Detail,423400,3
BEA_2012_Code,Detail,423600,3
BEA_2012_Code,Detail,423800,3
BEA_2012_Code,Detail,423A00,3
BEA_2012_Code,Detail,424200,3
BEA_2012_Code,Detail,424400,3
BEA_2012_Code,Detail,424700,3
BEA_2012_Code,Detail,424A00,3
BEA_2012_Code,Detail,425000,3
BEA_2012_Code,Detail,441000,3
BEA_2012_Code,Detail,444000,3
BEA_2012_Code,Detail,445000,3
BEA_2012_Code,Detail,446000,3
BEA_2012_Code,Detail,447000,3
BEA_2012_Code,Detail,448000,3
BEA_2012_Code,Detail,452000,3
BEA_2012_Code,Detail,454000,3
BEA_2012_Code,Detail,481000,3
BEA_2012_Code,Detail,482000,3
BEA_2012_Code,Detail,483000,3
BEA_2012_Code,Detail,484000,3
BEA_2012_Code,Detail,485000,3
BEA_2012_Code,Detail,486000,3
BEA_2012_Code,Detail,48A000,3
BEA_2012_Code,Detail,491000,3
BEA_2012_Code,Detail,492000,3
BEA_2012_Code,Detail,493000,3
BEA_2012_Code,Detail,4B0000,3
BEA_2012_Code,Detail,511110,3
BEA_2012_Code,Detail,511120,3
BEA_2012_Code,Detail,511130,3
BEA_2012_Code,Detail,5111A0,3
BEA_2012_Code,Detail,511200,3
BEA_2012_Code,Detail,512100,3
BEA_2012_Code,Detail,512200,3
BEA_2012_Code,Detail,515100,3
BEA_2012_Code,Detail,515200,3
BEA_2012_Code,Detail,517110,3
BEA_2012_Code,Detail,517210,3
BEA_2012_Code,Detail,517A00,3
BEA_2012_Code,Detail,518200,3
BEA_2012_Code,Detail,519130,3
BEA_2012_Code,Detail,5191A0,3
BEA_2012_Code,Detail,522A00,3
BEA_2012_Code,Detail,523900,3
BEA_2012_Code,Detail,523A00,3
BEA_2012_Code,Detail,524113,3
BEA_2012_Code,Detail,5241XX,3
BEA_2012_Code,Detail,524200,3
BEA_2012_Code,Detail,525000,3
BEA_2012_Code,Detail,52A000,3
BEA_2012_Code,Detail,531HSO,3
BEA_2012_Code,Detail,531HST,3
BEA_2012_Code,Detail,531ORE,3
BEA_2012_Code,Detail,532100,3
BEA_2012_Code,Detail,532400,3
BEA_2012_Code,Detail,532A00,3
BEA_2012_Code,Detail,533000,3
BEA_2012_Code,Detail,541100,3
BEA_2012_Code,Detail,541200,3
BEA_2012_Code,Detail,541300,3
BEA_2012_Code,Detail,541400,3
BEA_2012_Code,Detail,541511,3
BEA_2012_Code,Detail,541512,3
BEA_2012_Code,Detail,54151A,3
BEA_2012_Code,Detail,541610,3
BEA_2012_Code,Detail,5416A0,3
BEA_2012_Code,Detail,541700,3
BEA_2012_Code,Detail,541800,3
BEA_2012_Code,Detail,541920,3
BEA_2012_Code,Detail,541940,3
BEA_2012_Code,Detail,5419A0,3
BEA_2012_Code,Detail,550000,3
BEA_2012_Code,Detail,561100,3
BEA_2012_Code,Detail,561200,3
BEA_2012_Code,Detail,561300,3
BEA_2012_Code,Detail,561400,3
BEA_2012_Code,Detail,561500,3
BEA_2012_Code,Detail,561600,3
BEA_2012_Code,Detail,561700,3
BEA_2012_Code,Detail,561900,3
BEA_2012_Code,Detail,562000,3
BEA_2012_Code,Detail,611100,3
BEA_2012_Code,Detail,611A00,3
BEA_2012_Code,Detail,611B00,3
BEA_2012_Code,Detail,621100,3
BEA_2012_Code,Detail,621200,3
BEA_2012_Code,Detail,621300,3
BEA_2012_Code,Detail,621400,3
BEA_2012_Code,Detail,621500,3
BEA_2012_Code,Detail,621600,3
BEA_2012_Code,Detail,621900,3
BEA_2012_Code,Detail,622000,3
BEA_2012_Code,Detail,623A00,3
BEA_2012_Code,Detail,623B00,3
BEA_2012_Code,Detail,624100,3
BEA_2012_Code,Detail,624400,3
BEA_2012_Code,Detail,624A00,3
BEA_2012_Code,Detail,711100,3
BEA_2012_Code,Detail,711200,3
BEA_2012_Code,Detail,711500,3
BEA_2012_Code,Detail,711A00,3
BEA_2012_Code,Detail,712000,3
BEA_2012_Code,Detail,713100,3
BEA_2012_Code,Detail,713200,3
BEA_2012_Code,Detail,713900,3
BEA_2012_Code,Detail,721000,3
BEA_2012_Code,Detail,722110,3
BEA_2012_Code,Detail,722211,3
BEA_2012_Code,Detail,722A00,3
BEA_2012_Code,Detail,811100,3
BEA_2012_Code,Detail,811200,3
BEA_2012_Code,Detail,811300,3
BEA_2012_Code,Detail,811400,3
BEA_2012_Code,Detail,812100,3
BEA_2012_Code,Detail,812200,3
BEA_2012_Code,Detail,812300,3
BEA_2012_Code,Detail,812900,3
BEA_2012_Code,Detail,813100,3
BEA_2012_Code,Detail,813A00,3
BEA_2012_Code,Detail,813B00,3
BEA_2012_Code,Detail,814000,3
BEA_2012_Code,Detail,F01000,3
BEA_2012_Code,Detail,F02E00,3
BEA_2012_Code,Detail,F02N00,3
BEA_2012_Code,Detail,F02R00,3
BEA_2012_Code,Detail,F02S00,3
BEA_2012_Code,Detail,F03000,3
BEA_2012_Code,Detail,F04000,3
BEA_2012_Code,Detail,F05000,3
BEA_2012_Code,Detail,F06C00,3
BEA_2012_Code,Detail,F06E00,3
BEA_2012_Code,Detail,F06N00,3
BEA_2012_Code,Detail,F06S00,3
BEA_2012_Code,Detail,F07C00,3
BEA_2012_Code,Detail,F07E00,3
BEA_2012_Code,Detail,F07N00,3
BEA_2012_Code,Detail,F07S00,3
BEA_2012_Code,Detail,F10C00,3
BEA_2012_Code,Detail,F10E00,3
BEA_2012_Code,Detail,F10N00,3
BEA_2012_Code,Detail,F10S00,3
BEA_2012_Code,Detail,GSLGE,3
BEA_2012_Code,Detail,GSLGH,3
BEA_2012_Code,Detail,GSLGO,3
BEA_2012_Code,Detail,S00101,3
BEA_2012_Code,Detail,S00102,3
BEA_2012_Code,Detail,S00201,3
BEA_2012_Code,Detail,S00202,3
BEA_2012_Code,Detail,S00203,3
BEA_2012_Code,Detail,S00300,3
BEA_2012_Code,Detail,S00401,3
BEA_2012_Code,Detail,S00402,3
BEA_2012_Code,Detail,S00500,3
BEA_2012_Code,Detail,S00600,3
BEA_2012_Code,Detail,S00900,3
BEA_2012_Code,Detail,V00100,3
BEA_2012_Code,Detail,V00200,3
BEA_2012_Code,Detail,V00300,3
BEA_2012_Code,Sector,11,1
BEA_2012_Code,Sector,21,1
BEA_2012_Code,Sector,22,1
BEA_2012_Code,Sector,23,1
BEA_2012_Code,Sector,31G,1
BEA_2012_Code,Sector,42,1
BEA_2012_Code,Sector,44RT,1
BEA_2012_Code,Sector,48TW,1
BEA_2012_Code,Sector,51,1
BEA_2012_Code,Sector,6,1
BEA_2012_Code,Sector,7,1
BEA_2012_Code,Sector,81,1
BEA_2012_Code,Sector,F010,1
BEA_2012_Code,Sector,F020,1
BEA_2012_Code,Sector,F030,1
BEA_2012_Code,Sector,F040,1
BEA_2012_Code,Sector,F050,1
BEA_2012_Code,Sector,F100,1
BEA_2012_Code,Sector,FIRE,1
BEA_2012_Code,Sector,G,1
BEA_2012_Code,Sector,Other,1
BEA_2012_Code,Sector,PROF,1
BEA_2012_Code,Sector,Used,1
BEA_2012_Code,Sector,V001,1
BEA_2012_Code,Sector,V002,1
BEA_2012_Code,Sector,V003,1
BEA_2012_Code,Summary,111CA,2
BEA_2012_Code,Summary,113FF,2
BEA_2012_Code,Summary,211,2
BEA_2012_Code,Summary,212,2
BEA_2012_Code,Summary,213,2
BEA_2012_Code,Summary,22,2
BEA_2012_Code,Summary,23,2
BEA_2012_Code,Summary,311FT,2
BEA_2012_Code,Summary,313TT,2
BEA_2012_Code,Summary,315AL,2
BEA_2012_Code,Summary,321,2
BEA_2012_Code,Summary,322,2
BEA_2012_Code,Summary,323,2
BEA_2012_Code,Summary,324,2
BEA_2012_Code,Summary,325,2
BEA_2012_Code,Summary,326,2
BEA_2012_Code,Summary,327,2
BEA_2012_Code,Summary,331,2
BEA_2012_Code,Summary,332,2
BEA_2012_Code,Summary,333,2
BEA_2012_Code,Summary,334,2
BEA_2012_Code,Summary,335,2
BEA_2012_Code,Summary,3361MV,2
BEA_2012_Code,Summary,3364OT,2
BEA_2012_Code,Summary,337,2
BEA_2012_Code,Summary,339,2
BEA_2012_Code,Summary,42,2
BEA_2012_Code,Summary,441,2
BEA_2012_Code,Summary,445,2
BEA_2012_Code,Summary,452,2
BEA_2012_Code,Summary,481,2
BEA_2012_Code,Summary,482,2
BEA_2012_Code,Summary,483,2
BEA_2012_Code,Summary,484,2
BEA_2012_Code,Summary,485,2
BEA_2012_Code,Summary,486,2
BEA_2012_Code,Summary,487OS,2
BEA_2012_Code,Summary,493,2
BEA_2012_Code,Summary,4A0,2
BEA_2012_Code,Summary,511,2
BEA_2012_Code,Summary,512,2
BEA_2012_Code,Summary,513,2
BEA_2012_Code,Summary,514,2
BEA_2012_Code,Summary,521CI,2
BEA_2012_Code,Summary,523,2
BEA_2012_Code,Summary,524,2
BEA_2012_Code,Summary,525,2
BEA_2012_Code,Summary,532RL,2
BEA_2012_Code,Summary,5411,2
BEA_2012_Code,Summary,5412OP,2
BEA_2012_Code,Summary,5415,2
BEA_2012_Code,Summary,55,2
BEA_2012_Code,Summary,561,2
BEA_2012_Code,Summary,562,2
BEA_2012_Code,Summary,61,2
BEA_2012_Code,Summary,621,2
BEA_2012_Code,Summary,622,2
BEA_2012_Code,Summary,623,2
BEA_2012_Code,Summary,624,2
BEA_2012_Code,Summary,711AS,2
BEA_2012_Code,Summary,713,2
BEA_2012_Code,Summary,721,2
BEA_2012_Code,Summary,722,2
BEA_2012_Code,Summary,81,2
BEA_2012_Code,Summary,F010,2
BEA_2012_Code,Summary,F02E,2
BEA_2012_Code,Summary,F02N,2
BEA_2012_Code,Summary,F02R,2
BEA_2012_Code,Summary,F02S,2
BEA_2012_Code,Summary,F030,2
BEA_2012_Code,Summary,F040,2
BEA_2012_Code,Summary,F050,2
BEA_2012_Code,Summary,F06C,2
BEA_2012_Code,Summary,F06E,2
BEA_2012_Code,Summary,F06N,2
BEA_2012_Code,Summary,F06S,2
BEA_2012_Code,Summary,F07C,2
BEA_2012_Code,Summary,F07E,2
BEA_2012_Code,Summary,F07N,2
BEA_2012_Code,Summary,F07S,2
BEA_2012_Code,Summary,F10C,2
BEA_2012_Code,Summary,F10E,2
BEA_2012_Code,Summary,F10N,2
BEA_2012_Code,Summary,F10S,2
BEA_2012_Code,Summary,GFE,2
BEA_2012_Code,Summary,GFGD,2
BEA_2012_Code,Summary,GFGN,2
BEA_2012_Code,Summary,GSLE,2
BEA_2012_Code,Summary,GSLG,2
BEA_2012_Code,Summary,HS,2
BEA_2012_Code,Summary,ORE,2
BEA_2012_Code,Summary,Other,2
BEA_2012_Code,Summary,Used,2
BEA_2012_Code,Summary,V001,2
BEA_2012_Code,Summary,V002,2
BEA_2012_Code,Summary,V003,2
BEA_2017_Code,Detail,1111A0,3
BEA_2017_Code,Detail,1111B0,3
BEA_2017_Code,Detail,111200,3
BEA_2017_Code,Detail,111300,3
BEA_2017_Code,Detail,111400,3
BEA_2017_Code,Detail,111900,3
BEA_2017_Code,Detail,112120,3
BEA_2017_Code,Detail,1121A0,3
BEA_2017_Code,Detail,112300,3
BEA_2017_Code,Detail,112A00,3
BEA_2017_Code,Detail,113000,3
BEA_2017_Code,Detail,114000,3
BEA_2017_Code,Detail,115000,3
BEA_2017_Code,Detail,211000,3
BEA_2017_Code,Detail,212100,3
BEA_2017_Code,Detail,212230,3
BEA_2017_Code,Detail,2122A0,3
BEA_2017_Code,Detail,212310,3
BEA_2017_Code,Detail,2123A0,3
BEA_2017_Code,Detail,213111,3
BEA_2017_Code,Detail,21311A,3
BEA_2017_Code,Detail,221100,3
BEA_2017_Code,Detail,221200,3
BEA_2017_Code,Detail,221300,3
BEA_2017_Code,Detail,230301,3
BEA_2017_Code,Detail,230302,3
BEA_2017_Code,Detail,233210,3
BEA_2017_Code,Detail,233230,3
BEA_2017_Code,Detail,233240,3
BEA_2017_Code,Detail,233262,3
BEA_2017_Code,Detail,2332A0,3
BEA_2017_Code,Detail,2332C0,3
BEA_2017_Code,Detail,2332D0,3
BEA_2017_Code,Detail,233411,3
BEA_2017_Code,Detail,233412,3
BEA_2017_Code,Detail,2334A0,3
BEA_2017_Code,Detail,311111,3
BEA_2017_Code,Detail,311119,3
BEA_2017_Code,Detail,311210,3
BEA_2017_Code,Detail,311221,3
BEA_2017_Code,Detail,311224,3
BEA_2017_Code,Detail,311225,3
BEA_2017_Code,Detail,311230,3
BEA_2017_Code,Detail,311300,3
BEA_2017_Code,Detail,311410,3
BEA_2017_Code,Detail,311420,3
BEA_2017_Code,Detail,311513,3
BEA_2017_Code,Detail,311514,3
BEA_2017_Code,Detail,31151A,3
BEA_2017_Code,Detail,311520,3
BEA_2017_Code,Detail,311615,3
BEA_2017_Code,Detail,31161A,3
BEA_2017_Code,Detail,311700,3
BEA_2017_Code,Detail,311810,3
BEA_2017_Code,Detail,3118A0,3
BEA_2017_Code,Detail,311910,3
BEA_2017_Code,Detail,311920,3
BEA_2017_Code,Detail,311930,3
BEA_2017_Code,Detail,311940,3
BEA_2017_Code,Detail,311990,3
BEA_2017_Code,Detail,312110,3
BEA_2017_Code,Detail,312120,3
BEA_2017_Code,Detail,312130,3
BEA_2017_Code,Detail,312140,3
BEA_2017_Code,Detail,312200,3
BEA_2017_Code,Detail,313100,3
BEA_2017_Code,Detail,313200,3
BEA_2017_Code,Detail,313300,3
BEA_2017_Code,Detail,314110,3
BEA_2017_Code,Detail,314120,3
BEA_2017_Code,Detail,314900,3
BEA_2017_Code,Detail,315000,3
BEA_2017_Code,Detail,316000,3
BEA_2017_Code,Detail,321100,3
BEA_2017_Code,Detail,321200,3
BEA_2017_Code,Detail,321910,3
BEA_2017_Code,Detail,3219A0,3
BEA_2017_Code,Detail,322110,3
BEA_2017_Code,Detail,322120,3
BEA_2017_Code,Detail,322130,3
BEA_2017_Code,Detail,322210,3
BEA_2017_Code,Detail,322220,3
BEA_2017_Code,Detail,322230,3
BEA_2017_Code,Detail,322291,3
BEA_2017_Code,Detail,322299,3
BEA_2017_Code,Detail,323110,3
BEA_2017_Code,Detail,323120,3
BEA_2017_Code,Detail,324110,3
BEA_2017_Code,Detail,324121,3
BEA_2017_Code,Detail,324122,3
BEA_2017_Code,Detail,324190,3
BEA_2017_Code,Detail,325110,3
BEA_2017_Code,Detail,325120,3
BEA_2017_Code,Detail,325130,3
BEA_2017_Code,Detail,325180,3
BEA_2017_Code,Detail,325190,3
BEA_2017_Code,Detail,325211,3
BEA_2017_Code,Detail,3252A0,3
BEA_2017_Code,Detail,325310,3
BEA_2017_Code,Detail,325320,3
BEA_2017_Code,Detail,325411,3
BEA_2017_Code,Detail,325412,3
BEA_2017_Code,Detail,325413,3
BEA_2017_Code,Detail,325414,3
BEA_2017_Code,Detail,325510,3
BEA_2017_Code,Detail,325520,3
BEA_2017_Code,Detail,325610,3
BEA_2017_Code,Detail,325620,3
BEA_2017_Code,Detail,325910,3
BEA_2017_Code,Detail,3259A0,3
BEA_2017_Code,Detail,326110,3
BEA_2017_Code,Detail,326120,3
BEA_2017_Code,Detail,326130,3
BEA_2017_Code,Detail,326140,3
BEA_2017_Code,Detail,326150,3
BEA_2017_Code,Detail,326160,3
BEA_2017_Code,Detail,326190,3
BEA_2017_Code,Detail,326210,3
BEA_2017_Code,Detail,326220,3
BEA_2017_Code,Detail,326290,3
BEA_2017_Code,Detail,327100,3
BEA_2017_Code,Detail,327200,3
BEA_2017_Code,Detail,327310,3
BEA_2017_Code,Detail,327320,3
BEA_2017_Code,Detail,327330,3
BEA_2017_Code,Detail,327390,3
BEA_2017_Code,Detail,327400,3
BEA_2017_Code,Detail,327910,3
BEA_2017_Code,Detail,327991,3
BEA_2017_Code,Detail,327992,3
BEA_2017_Code,Detail,327993,3
BEA_2017_Code,Detail,327999,3
BEA_2017_Code,Detail,331110,3
BEA_2017_Code,Detail,331200,3
BEA_2017_Code,Detail,331313,3
BEA_2017_Code,Detail,331314,3
BEA_2017_Code,Detail,33131B,3
BEA_2017_Code,Detail,331410,3
BEA_2017_Code,Detail,331420,3
BEA_2017_Code,Detail,331490,3
BEA_2017_Code,Detail,331510,3
BEA_2017_Code,Detail,331520,3
BEA_2017_Code,Detail,332114,3
BEA_2017_Code,Detail,332119,3
BEA_2017_Code,Detail,33211A,3
BEA_2017_Code,Detail,332200,3
BEA_2017_Code,Detail,332310,3
BEA_2017_Code,Detail,332320,3
BEA_2017_Code,Detail,332410,3
BEA_2017_Code,Detail,332420,3
BEA_2017_Code,Detail,332430,3
BEA_2017_Code,Detail,332500,3
BEA_2017_Code,Detail,332600,3
BEA_2017_Code,Detail,332710,3
BEA_2017_Code,Detail,332720,3
BEA_2017_Code,Detail,332800,3
BEA_2017_Code,Detail,332913,3
BEA_2017_Code,Detail,33291A,3
BEA_2017_Code,Detail,332991,3
BEA_2017_Code,Detail,332996,3
BEA_2017_Code,Detail,332999,3
BEA_2017_Code,Detail,33299A,3
BEA_2017_Code,Detail,333111,3
BEA_2017_Code,Detail,333112,3
BEA_2017_Code,Detail,333120,3
BEA_2017_Code,Detail,333130,3
BEA_2017_Code,Detail,333242,3
BEA_2017_Code,Detail,33329A,3
BEA_2017_Code,Detail,333314,3
BEA_2017_Code,Detail,333316,3
BEA_2017_Code,Detail,333318,3
BEA_2017_Code,Detail,333413,3
BEA_2017_Code,Detail,333414,3
BEA_2017_Code,Detail,333415,3
BEA_2017_Code,Detail,333511,3
BEA_2017_Code,Detail,333514,3
BEA_2017_Code,Detail,333517,3
BEA_2017_Code,Detail,33351B,3
BEA_2017_Code,Detail,333611,3
BEA_2017_Code,Detail,333612,3
BEA_2017_Code,Detail,333613,3
BEA_2017_Code,Detail,333618,3
BEA_2017_Code,Detail,333912,3
BEA_2017_Code,Detail,333914,3
BEA_2017_Code,Detail,333920,3
BEA_2017_Code,Detail,333991,3
BEA_2017_Code,Detail,333993,3
BEA_2017_Code,Detail,333994,3
BEA_2017_Code,Detail,33399A,3
BEA_2017_Code,Detail,33399B,3
BEA_2017_Code,Detail,334111,3
BEA_2017_Code,Detail,334112,3
BEA_2017_Code,Detail,334118,3
BEA_2017_Code,Detail,334210,3
BEA_2017_Code,Detail,334220,3
BEA_2017_Code,Detail,334290,3
BEA_2017_Code,Detail,334300,3
BEA_2017_Code,Detail,334413,3
BEA_2017_Code,Detail,334418,3
BEA_2017_Code,Detail,33441A,3
BEA_2017_Code,Detail,334510,3
BEA_2017_Code,Detail,334511,3
BEA_2017_Code,Detail,334512,3
BEA_2017_Code,Detail,334513,3
BEA_2017_Code,Detail,334514,3
BEA_2017_Code,Detail,334515,3
BEA_2017_Code,Detail,334516,3
BEA_2017_Code,Detail,334517,3
BEA_2017_Code,Detail,33451A,3
BEA_2017_Code,Detail,334610,3
BEA_2017_Code,Detail,335110,3
BEA_2017_Code,Detail,335120,3
BEA_2017_Code,Detail,335210,3
BEA_2017_Code,Detail,335220,3
BEA_2017_Code,Detail,335311,3
BEA_2017_Code,Detail,335312,3
BEA_2017_Code,Detail,335313,3
BEA_2017_Code,Detail,335314,3
BEA_2017_Code,Detail,335911,3
BEA_2017_Code,Detail,335912,3
BEA_2017_Code,Detail,335920,3
BEA_2017_Code,Detail,335930,3
BEA_2017_Code,Detail,335991,3
BEA_2017_Code,Detail,335999,3
BEA_2017_Code,Detail,336111,3
BEA_2017_Code,Detail,336112,3
BEA_2017_Code,Detail,336120,3
BEA_2017_Code,Detail,336211,3
BEA_2017_Code,Detail,336212,3
BEA_2017_Code,Detail,336213,3
BEA_2017_Code,Detail,336214,3
BEA_2017_Code,Detail,336310,3
BEA_2017_Code,Detail,336320,3
BEA_2017_Code,Detail,336350,3
BEA_2017_Code,Detail,336360,3
BEA_2017_Code,Detail,336370,3
BEA_2017_Code,Detail,336390,3
BEA_2017_Code,Detail,3363A0,3
BEA_2017_Code,Detail,336411,3
BEA_2017_Code,Detail,336412,3
BEA_2017_Code,Detail,336413,3
BEA_2017_Code,Detail,336414,3
BEA_2017_Code,Detail,33641A,3
BEA_2017_Code,Detail,336500,3
BEA_2017_Code,Detail,336611,3
BEA_2017_Code,Detail,336612,3
BEA_2017_Code,Detail,336991,3
BEA_2017_Code,Detail,336992,3
BEA_2017_Code,Detail,336999,3
BEA_2017_Code,Detail,337110,3
BEA_2017_Code,Detail,337121,3
BEA_2017_Code,Detail,337122,3
BEA_2017_Code,Detail,337127,3
BEA_2017_Code,Detail,33712N,3
BEA_2017_Code,Detail,337215,3
BEA_2017_Code,Detail,33721A,3
BEA_2017_Code,Detail,337900,3
BEA_2017_Code,Detail,339112,3
BEA_2017_Code,Detail,339113,3
BEA_2017_Code,Detail,339114,3
BEA_2017_Code,Detail,339115,3
BEA_2017_Code,Detail,339116,3
BEA_2017_Code,Detail,339910,3
BEA_2017_Code,Detail,339920,3
BEA_2017_Code,Detail,339930,3
BEA_2017_Code,Detail,339940,3
BEA_2017_Code,Detail,339950,3
BEA_2017_Code,Detail,339990,3
BEA_2017_Code,Detail,4200ID,3
BEA_2017_Code,Detail,423100,3
BEA_2017_Code,Detail,423400,3
BEA_2017_Code,Detail,423600,3
BEA_2017_Code,Detail,423800,3
BEA_2017_Code,Detail,423A00,3
BEA_2017_Code,Detail,424200,3
BEA_2017_Code,Detail,424400,3
BEA_2017_Code,Detail,424700,3
BEA_2017_Code,Detail,424A00,3
BEA_2017_Code,Detail,425000,3
BEA_2017_Code,Detail,441000,3
BEA_2017_Code,Detail,444000,3
BEA_2017_Code,Detail,445000,3
BEA_2017_Code,Detail,446000,3
BEA_2017_Code,Detail,447000,3
BEA_2017_Code,Detail,448000,3
BEA_2017_Code,Detail,452000,3
BEA_2017_Code,Detail,454000,3
BEA_2017_Code,Detail,481000,3
BEA_2017_Code,Detail,482000,3
BEA_2017_Code,Detail,483000,3
BEA_2017_Code,Detail,484000,3
BEA_2017_Code,Detail,485000,3
BEA_2017_Code,Detail,486000,3
BEA_2017_Code,Detail,48A000,3
BEA_2017_Code,Detail,491000,3
BEA_2017_Code,Detail,492000,3
BEA_2017_Code,Detail,493000,3
BEA_2017_Code,Detail,4B0000,3
BEA_2017_Code,Detail,511110,3
BEA_2017_Code,Detail,511120,3
BEA_2017_Code,Detail,511130,3
BEA_2017_Code,Detail,5111A0,3
BEA_2017_Code,Detail,511200,3
BEA_2017_Code,Detail,512100,3
BEA_2017_Code,Detail,512200,3
BEA_2017_Code,Detail,515100,3
BEA_2017_Code,Detail,515200,3
BEA_2017_Code,Detail,517110,3
BEA_2017_Code,Detail,517210,3
BEA_2017_Code,Detail,517A00,3
BEA_2017_Code,Detail,518200,3
BEA_2017_Code,Detail,519130,3
BEA_2017_Code,Detail,5191A0,3
BEA_2017_Code,Detail,522A00,3
BEA_2017_Code,Detail,523900,3
BEA_2017_Code,Detail,523A00,3
BEA_2017_Code,Detail,524113,3
BEA_2017_Code,Detail,5241XX,3
BEA_2017_Code,Detail,524200,3
BEA_2017_Code,Detail,525000,3
BEA_2017_Code,Detail,52A000,3
BEA_2017_Code,Detail,531HSO,3
BEA_2017_Code,Detail,531HST,3
BEA_2017_Code,Detail,531ORE,3
BEA_2017_Code,Detail,532100,3
BEA_2017_Code,Detail,532400,3
BEA_2017_Code,Detail,532A00,3
BEA_2017_Code,Detail,533000,3
BEA_2017_Code,Detail,541100,3
BEA_2017_Code,Detail,541200,3
BEA_2017_Code,Detail,541300,3
BEA_2017_Code,Detail,541400,3
BEA_2017_Code,Detail,541511,3
BEA_2017_Code,Detail,541512,3
BEA_2017_Code,Detail,54151A,3
BEA_2017_Code,Detail,541610,3
BEA_2017_Code,Detail,5416A0,3
BEA_2017_Code,Detail,541700,3
BEA_2017_Code,Detail,541800,3
BEA_2017_Code,Detail,541920,3
BEA_2017_Code,Detail,541940,3
BEA_2017_Code,Detail,5419A0,3
BEA_2017_Code,Detail,550000,3
BEA_2017_Code,Detail,561100,3
BEA_2017_Code,Detail,561200,3
BEA_2017_Code,Detail,561300,3
BEA_2017_Code,Detail,561400,3
BEA_2017_Code,Detail,561500,3
BEA_2017_Code,Detail,561600,3
BEA_2017_Code,Detail,561700,3
BEA_2017_Code,Detail,561900,3
BEA_2017_Code,Detail,562000,3
BEA_2017_Code,Detail,611100,3
BEA_2017_Code,Detail,611A00,3
BEA_2017_Code,Detail,611B00,3
BEA_2017_Code,Detail,621100,3
BEA_2017_Code,Detail,621200,3
BEA_2017_Code,Detail,621300,3
BEA_2017_Code,Detail,621400,3
BEA_2017_Code,Detail,621500,3
BEA_2017_Code,Detail,621600,3
BEA_2017_Code,Detail,621900,3
BEA_2017_Code,Detail,622000,3
BEA_2017_Code,Detail,623A00,3
BEA_2017_Code,Detail,623B00,3
BEA_2017_Code,Detail,624100,3
BEA_2017_Code,Detail,624400,3
BEA_2017_Code,Detail,624A00,3
BEA_2017_Code,Detail,711100,3
BEA_2017_Code,Detail,711200,3
BEA_2017_Code,Detail,711500,3
BEA_2017_Code,Detail,711A00,3
BEA_2017_Code,Detail,712000,3
BEA_2017_Code,Detail,713100,3
BEA_2017_Code,Detail,713200,3
BEA_2017_Code,Detail,713900,3
BEA_2017_Code,Detail,721000,3
BEA_2017_Code,Detail,722110,3
BEA_2017_Code,Detail,722211,3
BEA_2017_Code,Detail,722A00,3
BEA_2017_Code,Detail,811100,3
BEA_2017_Code,Detail,811200,3
BEA_2017_Code,Detail,811300,3
BEA_2017_Code,Detail,811400,3
BEA_2017_Code,Detail,812100,3
BEA_2017_Code,Detail,812200,3
BEA_2017_Code,Detail,812300,3
BEA_2017_Code,Detail,812900,3
BEA_2017_Code,Detail,813100,3
BEA_2017_Code,Detail,813A00,3
BEA_2017_Code,Detail,813B00,3
BEA_2017_Code,Detail,814000,3
BEA_2017_Code,Detail,F01000,3
BEA_2017_Code,Detail,F02E00,3
BEA_2017_Code,Detail,F02N00,3
BEA_2017_Code,Detail,F02R00,3
BEA_2017_Code,Detail,F02S00,3
BEA_2017_Code,Detail,F03000,3
BEA_2017_Code,Detail,F04000,3
BEA_2017_Code,Detail,F05000,3
BEA_2017_Code,Detail,F06C00,3
BEA_2017_Code,Detail,F06E00,3
BEA_2017_Code,Detail,F06N00,3
BEA_2017_Code,Detail,F06S00,3
BEA_2017_Code,Detail,F07C00,3
BEA_2017_Code,Detail,F07E00,3
BEA_2017_Code,Detail,F07N00,3
BEA_2017_Code,Detail,F07S00,3
BEA_2017_Code,Detail,F10C00,3
BEA_2017_Code,Detail,F10E00,3
BEA_2017_Code,Detail,F10N00,3
BEA_2017_Code,Detail,F10S00,3
BEA_2017_Code,Detail,GSLGE,3
BEA_2017_Code,Detail,GSLGH,3
BEA_2017_Code,Detail,GSLGO,3
BEA_2017_Code,Detail,S00101,3
BEA_2017_Code,Detail,S00102,3
BEA_2017_Code,Detail,S00201,3
BEA_2017_Code,Detail,S00202,3
BEA_2017_Code,Detail,S00203,3
BEA_2017_Code,Detail,S00300,3
BEA_2017_Code,Detail,S00401,3
BEA_2017_Code,Detail,S00402,3
BEA_2017_Code,Detail,S00500,3
BEA_2017_Code,Detail,S00600,3
BEA_2017_Code,Detail,S00900,3
BEA_2017_Code,Detail,V00100,3
BEA_2017_Code,Detail,V00200,3
BEA_2017_Code,Detail,V00300,3
BEA_2017_Code,Sector,11,1
BEA_2017_Code,Sector,21,1
BEA_2017_Code,Sector,22,1
BEA_2017_Code,Sector,23,1
BEA_2017_Code,Sector,31G,1
BEA_2017_Code,Sector,42,1
BEA_2017_Code,Sector,44RT,1
BEA_2017_Code,Sector,48TW,1
BEA_2017_Code,Sector,51,1
BEA_2017_Code,Sector,6,1
BEA_2017_Code,Sector,7,1
BEA_2017_Code,Sector,81,1
BEA_2017_Code,Sector,F010,1
BEA_2017_Code,Sector,F020,1
BEA_2017_Code,Sector,F030,1
BEA_2017_Code,Sector,F040,1
BEA_2017_Code,Sector,F050,1
BEA_2017_Code,Sector,F100,1
BEA_2017_Code,Sector,FIRE,1
BEA_2017_Code,Sector,G,1
BEA_2017_Code,Sector,Other,1
BEA_2017_Code,Sector,PROF,1
BEA_2017_Code,Sector,Used,1
BEA_2017_Code,Sector,V001,1
BEA_2017_Code,Sector,V002,1
BEA_2017_Code,Sector,V003,1
BEA_2017_Code,Summary,111CA,2
BEA_2017_Code,Summary,113FF,2
BEA_2017_Code,Summary,211,2
BEA_2017_Code,Summary,212,2
BEA_2017_Code,Summary,213,2
BEA_2017_Code,Summary,22,2
BEA_2017_Code,Summary,23,2
BEA_2017_Code,Summary,311FT,2
BEA_2017_Code,Summary,313TT,2
BEA_2017_Code,Summary,315AL,2
BEA_2017_Code,Summary,321,2
BEA_2017_Code,Summary,322,2
BEA_2017_Code,Summary,323,2
BEA_2017_Code,Summary,324,2
BEA_2017_Code,Summary,325,2
BEA_2017_Code,Summary,326,2
BEA_2017_Code,Summary,327,2
BEA_2017_Code,Summary,331,2
BEA_2017_Code,Summary,332,2
BEA_2017_Code,Summary,333,2
BEA_2017_Code,Summary,334,2
BEA_2017_Code,Summary,335,2
BEA_2017_Code,Summary,3361MV,2
BEA_2017_Code,Summary,3364OT,2
BEA_2017_Code,Summary,337,2
BEA_2017_Code,Summary,339,2
BEA_2017_Code,Summary,42,2
BEA_2017_Code,Summary,441,2
BEA_2017_Code,Summary,445,2
BEA_2017_Code,Summary,452,2
BEA_2017_Code,Summary,481,2
BEA_2017_Code,Summary,482,2
BEA_2017_Code,Summary,483,2
BEA_2017_Code,Summary,484,2
BEA_2017_Code,Summary,485,2
BEA_2017_Code,Summary,486,2
BEA_2017_Code,Summary,487OS,2
BEA_2017_Code,Summary,493,2
BEA_2017_Code,Summary,4A0,2
BEA_2017_Code,Summary,511,2
BEA_2017_Code,Summary,512,2
BEA_2017_Code,Summary,513,2
BEA_2017_Code,Summary,514,2
BEA_2017_Code,Summary,521CI,2
BEA_2017_Code,Summary,523,2
BEA_2017_Code,Summary,524,2
BEA_2017_Code,Summary,525,2
BEA_2017_Code,Summary,532RL,2
BEA_2017_Code,Summary,5411,2
BEA_2017_Code,Summary,5412OP,2
BEA_2017_Code,Summary,5415,2
BEA_2017_Code,Summary,55,2
BEA_2017_Code,Summary,561,2
BEA_2017_Code,Summary,562,2
BEA_2017_Code,Summary,61,2
BEA_2017_Code,Summary,621,2
BEA_2017_Code,Summary,622,2
BEA_2017_Code,Summary,623,2
BEA_2017_Code,Summary,624,2
BEA_2017_Code,Summary,711AS,2
BEA_2017_Code,Summary,713,2
BEA_2017_Code,Summary,721,2
BEA_2017_Code,Summary,722,2
BEA_2017_Code,Summary,81,2
BEA_2017_Code,Summary,F010,2
BEA_2017_Code,Summary,F02E,2
BEA_2017_Code,Summary,F02N,2
BEA_2017_Code,Summary,F02R,2
BEA_2017_Code,Summary,F02S,2
BEA_2017_Code,Summary,F030,2
BEA_2017_Code,Summary,F040,2
BEA_2017_Code,Summary,F050,2
BEA_2017_Code,Summary,F06C,2
BEA_2017_Code,Summary,F06E,2
BEA_2017_Code,Summary,F06N,2
BEA_2017_Code,Summary,F06S,2
BEA_2017_Code,Summary,F07C,2
BEA_2017_Code,Summary,F07E,2
BEA_2017_Code,Summary,F07N,2
BEA_2017_Code,Summary,F07S,2
BEA_2017_Code,Summary,F10C,2
BEA_2017_Code,Summary,F10E,2
BEA_2017_Code,Summary,F10N,2
BEA_2017_Code,Summary,F10S,2
BEA_2017_Code,Summary,GFE,2
BEA_2017_Code,Summary,GFGD,2
BEA_2017_Code,Summary,GFGN,2
BEA_2017_Code,Summary,GSLE,2
BEA_2017_Code,Summary,GSLG,2
BEA_2017_Code,Summary,HS,2
BEA_2017_Code,Summary,ORE,2
BEA_2017_Code,Summary,Other,2
BEA_2017_Code,Summary,Used,2
BEA_2017_Code,Summary,V001,2
BEA_2017_Code,Summary,V002,2
BEA_2017_Code,Summary,V003,2
NAICS_2002_Code,NAICS_2,11,1
NAICS_2002_Code,NAICS_2,21,1
NAICS_2002_Code,NAICS_2,22,1
NAICS_2002_Code,NAICS_2,23,1
NAICS_2002_Code,NAICS_2,31,1
NAICS_2002_Code,NAICS_2,32,1
NAICS_2002_Code,NAICS_2,33,1
NAICS_2002_Code,NAICS_2,42,1
NAICS_2002_Code,NAICS_2,44,1
NAICS_2002_Code,NAICS_2,45,1
NAICS_2002_Code,NAICS_2,48,1
NAICS_2002_Code,NAICS_2,49,1
NAICS_2002_Code,NAICS_2,51,1
NAICS_2002_Code,NAICS_2,52,1
NAICS_2002_Code,NAICS_2,53,1
NAICS_2002_Code,NAICS_2,54,1
NAICS_2002_Code,NAICS_2,55,1
NAICS_2002_Code,NAICS_2,56,1
NAICS_2002_Code,NAICS_2,61,1
NAICS_2002_Code,NAICS_2,62,1
NAICS_2002_Code,NAICS_2,71,1
NAICS_2002_Code,NAICS_2,72,1
NAICS_2002_Code,NAICS_2,81,1
NAICS_2002_Code,NAICS_2,92,1
NAICS_2002_Code,NAICS_3,111,2
NAICS_2002_Code,NAICS_3,112,2
NAICS_2002_Code,NAICS_3,113,2
NAICS_2002_Code,NAICS_3,114,2
NAICS_2002_Code,NAICS_3,115,2
NAICS_2002_Code,NAICS_3,211,2
NAICS_2002_Code,NAICS_3,212,2
NAICS_2002_Code,NAICS_3,213,2
NAICS_2002_Code,NAICS_3,221,2
NAICS_2002_Code,NAICS_3,236,2
NAICS_2002_Code,NAICS_3,237,2
NAICS_2002_Code,NAICS_3,238,2
NAICS_2002_Code,NAICS_3,311,2
NAICS_2002_Code,NAICS_3,312,2
NAICS_2002_Code,NAICS_3,313,2
NAICS_2002_Code,NAICS_3,314,2
NAICS_2002_Code,NAICS_3,315,2
NAICS_2002_Code,NAICS_3,316,2
NAICS_2002_Code,NAICS_3,321,2
NAICS_2002_Code,NAICS_3,322,2
NAICS_2002_Code,NAICS_3,323,2
NAICS_2002_Code,NAICS_3,324,2
NAICS_2002_Code,NAICS_3,325,2
NAICS_2002_Code,NAICS_3,326,2
NAICS_2002_Code,NAICS_3,327,2
NAICS_2002_Code,NAICS_3,331,2
NAICS_2002_Code,NAICS_3,332,2
NAICS_2002_Code,NAICS_3,333,2
NAICS_2002_Code,NAICS_3,334,2
NAICS_2002_Code,NAICS_3,335,2
NAICS_2002_Code,NAICS_3,336,2
NAICS_2002_Code,NAICS_3,337,2
NAICS_2002_Code,NAICS_3,339,2
NAICS_2002_Code,NAICS_3,423,2
NAICS_2002_Code,NAICS_3,424,2
NAICS_2002_Code,NAICS_3,425,2
NAICS_2002_Code,NAICS_3,441,2
NAICS_2002_Code,NAICS_3,442,2
NAICS_2002_Code,NAICS_3,443,2
NAICS_2002_Code,NAICS_3,444,2
NAICS_2002_Code,NAICS_3,445,2
NAICS_2002_Code,NAICS_3,446,2
NAICS_2002_Code,NAICS_3,447,2
NAICS_2002_Code,NAICS_3,448,2
NAICS_2002_Code,NAICS_3,451,2
NAICS_2002_Code,NAICS_3,452,2
NAICS_2002_Code,NAICS_3,453,2
NAICS_2002_Code,NAICS_3,454,2
NAICS_2002_Code,NAICS_3,481,2
NAICS_2002_Code,NAICS_3,482,2
NAICS_2002_Code,NAICS_3,483,2
NAICS_2002_Code,NAICS_3,484,2
NAICS_2002_Code,NAICS_3,485,2
NAICS_2002_Code,NAICS_3,486,2
NAICS_2002_Code,NAICS_3,487,2
NAICS_2002_Code,NAICS_3,488,2
NAICS_2002_Code,NAICS_3,491,2
NAICS_2002_Code,NAICS_3,492,2
NAICS_2002_Code,NAICS_3,493,2
NAICS_2002_Code,NAICS_3,511,2
NAICS_2002_Code,NAICS_3,512,2
NAICS_2002_Code,NAICS_3,515,2
NAICS_2002_Code,NAICS_3,516,2
NAICS_2002_Code,NAICS_3,517,2
NAICS_2002_Code,NAICS_3,518,2
NAICS_2002_Code,NAICS_3,519,2
NAICS_2002_Code,NAICS_3,521,2
NAICS_2002_Code,NAICS_3,522,2
NAICS_2002_Code,NAICS_3,523,2
NAICS_2002_Code,NAICS_3,524,2
NAICS_2002_Code,NAICS_3,525,2
NAICS_2002_Code,NAICS_3,531,2
NAICS_2002_Code,NAICS_3,532,2
NAICS_2002_Code,NAICS_3,533,2
NAICS_2002_Code,NAICS_3,541,2
NAICS_2002_Code,NAICS_3,551,2
NAICS_2002_Code,NAICS_3,561,2
NAICS_2002_Code,NAICS_3,562,2
NAICS_2002_Code,NAICS_3,611,2
NAICS_2002_Code,NAICS_3,621,2
NAICS_2002_Code,NAICS_3,622,2
NAICS_2002_Code,NAICS_3,623,2
NAICS_2002_Code,NAICS_3,624,2
NAICS_2002_Code,NAICS_3,711,2
NAICS_2002_Code,NAICS_3,712,2
NAICS_2002_Code,NAICS_3,713,2
NAICS_2002_Code,NAICS_3,721,2
NAICS_2002_Code,NAICS_3,722,2
NAICS_2002_Code,NAICS_3,811,2
NAICS_2002_Code,NAICS_3,812,2
NAICS_2002_Code,NAICS_3,813,2
NAICS_2002_Code,NAICS_3,814,2
NAICS_2002_Code,NAICS_3,921,2
NAICS_2002_Code,NAICS_3,922,2
NAICS_2002_Code,NAICS_3,923,2
NAICS_2002_Code,NAICS_3,924,2
NAICS_2002_Code,NAICS_3,925,2
NAICS_2002_Code,NAICS_3,926,2
NAICS_2002_Code,NAICS_3,927,2
NAICS_2002_Code,NAICS_3,928,2
NAICS_2002_Code,NAICS_4,1111,3
NAICS_2002_Code,NAICS_4,1112,3
NAICS_2002_Code,NAICS_4,1113,3
NAICS_2002_Code,NAICS_4,1114,3
NAICS_2002_Code,NAICS_4,1119,3
NAICS_2002_Code,NAICS_4,1121,3
NAICS_2002_Code,NAICS_4,1122,3
NAICS_2002_Code,NAICS_4,1123,3
NAICS_2002_Code,NAICS_4,1124,3
NAICS_2002_Code,NAICS_4,1125,3
NAICS_2002_Code,NAICS_4,1129,3
NAICS_2002_Code,NAICS_4,1131,3
NAICS_2002_Code,NAICS_4,1132,3
NAICS_2002_Code,NAICS_4,1133,3
NAICS_2002_Code,NAICS_4,1141,3
NAICS_2002_Code,NAICS_4,1142,3
NAICS_2002_Code,NAICS_4,1151,3
NAICS_2002_Code,NAICS_4,1152,3
NAICS_2002_Code,NAICS_4,1153,3
NAICS_2002_Code,NAICS_4,2111,3
NAICS_2002_Code,NAICS_4,2121,3
NAICS_2002_Code,NAICS_4,2122,3
NAICS_2002_Code,NAICS_4,2123,3
NAICS_2002_Code,NAICS_4,2131,3
NAICS_2002_Code,NAICS_4,2211,3
NAICS_2002_Code,NAICS_4,2212,3
NAICS_2002_Code,NAICS_4,2213,3
NAICS_2002_Code,NAICS_4,2361,3
NAICS_2002_Code,NAICS_4,2362,3
NAICS_2002_Code,NAICS_4,2371,3
NAICS_2002_Code,NAICS_4,2372,3
NAICS_2002_Code,NAICS_4,2373,3
NAICS_2002_Code,NAICS_4,2379,3
NAICS_2002_Code,NAICS_4,2381,3
NAICS_2002_Code,NAICS_4,2382,3
NAICS_2002_Code,NAICS_4,2383,3
NAICS_2002_Code,NAICS_4,2389,3
NAICS_2002_Code,NAICS_4,3111,3
NAICS_2002_Code,NAICS_4,3112,3
NAICS_2002_Code,NAICS_4,3113,3
NAICS_2002_Code,NAICS_4,3114,3
NAICS_2002_Code,NAICS_4,3115,3
NAICS_2002_Code,NAICS_4,3116,3
NAICS_2002_Code,NAICS_4,3117,3
NAICS_2002_Code,NAICS_4,3118,3
NAICS_2002_Code,NAICS_4,3119,3
NAICS_2002_Code,NAICS_4,3121,3
NAICS_2002_Code,NAICS_4,3122,3
NAICS_2002_Code,NAICS_4,3131,3
NAICS_2002_Code,NAICS_4,3132,3
NAICS_2002_Code,NAICS_4,3133,3
NAICS_2002_Code,NAICS_4,3141,3
NAICS_2002_Code,NAICS_4,3149,3
NAICS_2002_Code,NAICS_4,3151,3
NAICS_2002_Code,NAICS_4,3152,3
NAICS_2002_Code,NAICS_4,3159,3
NAICS_2002_Code,NAICS_4,3161,3
NAICS_2002_Code,NAICS_4,3162,3
NAICS_2002_Code,NAICS_4,3169,3
NAICS_2002_Code,NAICS_4,3211,3
NAICS_2002_Code,NAICS_4,3212,3
NAICS_2002_Code,NAICS_4,3219,3
NAICS_2002_Code,NAICS_4,3221,3
NAICS_2002_Code,NAICS_4,3222,3
NAICS_2002_Code,NAICS_4,3231,3
NAICS_2002_Code,NAICS_4,3241,3
NAICS_2002_Code,NAICS_4,3251,3
NAICS_2002_Code,NAICS_4,3252,3
NAICS_2002_Code,NAICS_4,3253,3
NAICS_2002_Code,NAICS_4,3254,3
NAICS_2002_Code,NAICS_4,3255,3
NAICS_2002_Code,NAICS_4,3256,3
NAICS_2002_Code,NAICS_4,3259,3
NAICS_2002_Code,NAICS_4,3261,3
NAICS_2002_Code,NAICS_4,3262,3
NAICS_2002_Code,NAICS_4,3271,3
NAICS_2002_Code,NAICS_4,3272,3
NAICS_2002_Code,NAICS_4,3273,3
NAICS_2002_Code,NAICS_4,3274,3
NAICS_2002_Code,NAICS_4,3279,3
NAICS_2002_Code,NAICS_4,3311,3
NAICS_2002_Code,NAICS_4,3312,3
NAICS_2002_Code,NAICS_4,3313,3
NAICS_2002_Code,NAICS_4,3314,3
NAICS_2002_Code,NAICS_4,3315,3
NAICS_2002_Code,NAICS_4,3321,3
NAICS_2002_Code,NAICS_4,3322,3
NAICS_2002_Code,NAICS_4,3323,3
NAICS_2002_Code,NAICS_4,3324,3
NAICS_2002_Code,NAICS_4,3325,3
NAICS_2002_Code,NAICS_4,3326,3
NAICS_2002_Code,NAICS_4,3327,3
NAICS_2002_Code,NAICS_4,3328,3
NAICS_2002_Code,NAICS_4,3329,3
NAICS_2002_Code,NAICS_4,3331,3
NAICS_2002_Code,NAICS_4,3332,3
NAICS_2002_Code,NAICS_4,3333,3
NAICS_2002_Code,NAICS_4,3334,3
NAICS_2002_Code,NAICS_4,3335,3
NAICS_2002_Code,NAICS_4,3336,3
NAICS_2002_Code,NAICS_4,3339,3
NAICS_2002_Code,NAICS_4,3341,3
NAICS_2002_Code,NAICS_4,3342,3
NAICS_2002_Code,NAICS_4,3343,3
NAICS_2002_Code,NAICS_4,3344,3
NAICS_2002_Code,NAICS_4,3345,3
NAICS_2002_Code,NAICS_4,3346,3
NAICS_2002_Code,NAICS_4,3351,3
NAICS_2002_Code,NAICS_4,3352,3
NAICS_2002_Code,NAICS_4,3353,3
NAICS_2002_Code,NAICS_4,3359,3
NAICS_2002_Code,NAICS_4,3361,3
NAICS_2002_Code,NAICS_4,3362,3
NAICS_2002_Code,NAICS_4,3363,3
NAICS_2002_Code,NAICS_4,3364,3
NAICS_2002_Code,NAICS_4,3365,3
NAICS_2002_Code,NAICS_4,3366,3
NAICS_2002_Code,NAICS_4,3369,3
NAICS_2002_Code,NAICS_4,3371,3
NAICS_2002_Code,NAICS_4,3372,3
NAICS_2002_Code,NAICS_4,3379,3
NAICS_2002_Code,NAICS_4,3391,3
NAICS_2002_Code,NAICS_4,3399,3
NAICS_2002_Code,NAICS_4,4231,3
NAICS_2002_Code,NAICS_4,4232,3
NAICS_2002_Code,NAICS_4,4233,3
NAICS_2002_Code,NAICS_4,4234,3
NAICS_2002_Code,NAICS_4,4235,3
NAICS_2002_Code,NAICS_4,4236,3
NAICS_2002_Code,NAICS_4,4237,3
NAICS_2002_Code,NAICS_4,4238,3
NAICS_2002_Code,NAICS_4,4239,3
NAICS_2002_Code,NAICS_4,4241,3
NAICS_2002_Code,NAICS_4,4242,3
NAICS_2002_Code,NAICS_4,4243,3
NAICS_2002_Code,NAICS_4,4244,3
NAICS_2002_Code,NAICS_4,4245,3
NAICS_2002_Code,NAICS_4,4246,3
NAICS_2002_Code,NAICS_4,4247,3
NAICS_2002_Code,NAICS_4,4248,3
NAICS_2002_Code,NAICS_4,4249,3
NAICS_2002_Code,NAICS_4,4251,3
NAICS_2002_Code,NAICS_4,4411,3
NAICS_2002_Code,NAICS_4,4412,3
NAICS_2002_Code,NAICS_4,4413,3
NAICS_2002_Code,NAICS_4,4421,3
NAICS_2002_Code,NAICS_4,4422,3
NAICS_2002_Code,NAICS_4,4431,3
NAICS_2002_Code,NAICS_4,4441,3
NAICS_2002_Code,NAICS_4,4442,3
NAICS_2002_Code,NAICS_4,4451,3
NAICS_2002_Code,NAICS_4,4452,3
NAICS_2002_Code,NAICS_4,4453,3
NAICS_2002_Code,NAICS_4,4461,3
NAICS_2002_Code,NAICS_4,4471,3
NAICS_2002_Code,NAICS_4,4481,3
NAICS_2002_Code,NAICS_4,4482,3
NAICS_2002_Code,NAICS_4,4483,3
NAICS_2002_Code,NAICS_4,4511,3
NAICS_2002_Code,NAICS_4,4512,3
NAICS_2002_Code,NAICS_4,4521,3
NAICS_2002_Code,NAICS_4,4529,3
NAICS_2002_Code,NAICS_4,4531,3
NAICS_2002_Code,NAICS_4,4532,3
NAICS_2002_Code,NAICS_4,4533,3
NAICS_2002_Code,NAICS_4,4539,3
NAICS_2002_Code,NAICS_4,4541,3
NAICS_2002_Code,NAICS_4,4542,3
NAICS_2002_Code,NAICS_4,4543,3
NAICS_2002_Code,NAICS_4,4811,3
NAICS_2002_Code,NAICS_4,4812,3
NAICS_2002_Code,NAICS_4,4821,3
NAICS_2002_Code,NAICS_4,4831,3
NAICS_2002_Code,NAICS_4,4832,3
NAICS_2002_Code,NAICS_4,4841,3
NAICS_2002_Code,NAICS_4,4842,3
NAICS_2002_Code,NAICS_4,4851,3
NAICS_2002_Code,NAICS_4,4852,3
NAICS_2002_Code,NAICS_4,4853,3
NAICS_2002_Code,NAICS_4,4854,3
NAICS_2002_Code,NAICS_4,4855,3
NAICS_2002_Code,NAICS_4,4859,3
NAICS_2002_Code,NAICS_4,4861,3
NAICS_2002_Code,NAICS_4,4862,3
NAICS_2002_Code,NAICS_4,4869,3
NAICS_2002_Code,NAICS_4,4871,3
NAICS_2002_Code,NAICS_4,4872,3
NAICS_2002_Code,NAICS_4,4879,3
NAICS_2002_Code,NAICS_4,4881,3
NAICS_2002_Code,NAICS_4,4882,3
NAICS_2002_Code,NAICS_4,4883,3
NAICS_2002_Code,NAICS_4,4884,3
NAICS_2002_Code,NAICS_4,4885,3
NAICS_2002_Code,NAICS_4,4889,3
NAICS_2002_Code,NAICS_4,4911,3
NAICS_2002_Code,NAICS_4,4921,3
NAICS_2002_Code,NAICS_4,4922,3
NAICS_2002_Code,NAICS_4,4931,3
NAICS_2002_Code,NAICS_4,5111,3
NAICS_2002_Code,NAICS_4,5112,3
NAICS_2002_Code,NAICS_4,5121,3
NAICS_2002_Code,NAICS_4,5122,3
NAICS_2002_Code,NAICS_4,5151,3
NAICS_2002_Code,NAICS_4,5152,3
NAICS_2002_Code,NAICS_4,5161,3
NAICS_2002_Code,NAICS_4,5171,3
NAICS_2002_Code,NAICS_4,5172,3
NAICS_2002_Code,NAICS_4,5173,3
NAICS_2002_Code,NAICS_4,5174,3
NAICS_2002_Code,NAICS_4,5175,3
NAICS_2002_Code,NAICS_4,5179,3
NAICS_2002_Code,NAICS_4,5181,3
NAICS_2002_Code,NAICS_4,5182,3
NAICS_2002_Code,NAICS_4,5191,3
NAICS_2002_Code,NAICS_4,5211,3
NAICS_2002_Code,NAICS_4,5221,3
NAICS_2002_Code,NAICS_4,5222,3
NAICS_2002_Code,NAICS_4,5223,3
NAICS_2002_Code,NAICS_4,5231,3
NAICS_2002_Code,NAICS_4,5232,3
NAICS_2002_Code,NAICS_4,5239,3
NAICS_2002_Code,NAICS_4,5241,3
NAICS_2002_Code,NAICS_4,5242,3
NAICS_2002_Code,NAICS_4,5251,3
NAICS_2002_Code,NAICS_4,5259,3
NAICS_2002_Code,NAICS_4,5311,3
NAICS_2002_Code,NAICS_4,5312,3
NAICS_2002_Code,NAICS_4,5313,3
NAICS_2002_Code,NAICS_4,5321,3
NAICS_2002_Code,NAICS_4,5322,3
NAICS_2002_Code,NAICS_4,5323,3
NAICS_2002_Code,NAICS_4,5324,3
NAICS_2002_Code,NAICS_4,5331,3
NAICS_2002_Code,NAICS_4,5411,3
NAICS_2002_Code,NAICS_4,5412,3
NAICS_2002_Code,NAICS_4,5413,3
NAICS_2002_Code,NAICS_4,5414,3
NAICS_2002_Code,NAICS_4,5415,3
NAICS_2002_Code,NAICS_4,5416,3
NAICS_2002_Code,NAICS_4,5417,3
NAICS_2002_Code,NAICS_4,5418,3
NAICS_2002_Code,NAICS_4,5419,3
NAICS_2002_Code,NAICS_4,5511,3
NAICS_2002_Code,NAICS_4,5611,3
NAICS_2002_Code,NAICS_4,5612,3
NAICS_2002_Code,NAICS_4,5613,3
NAICS_2002_Code,NAICS_4,5614,3
NAICS_2002_Code,NAICS_4,5615,3
NAICS_2002_Code,NAICS_4,5616,3
NAICS_2002_Code,NAICS_4,5617,3
NAICS_2002_Code,NAICS_4,5619,3
NAICS_2002_Code,NAICS_4,5621,3
NAICS_2002_Code,NAICS_4,5622,3
NAICS_2002_Code,NAICS_4,5629,3
NAICS_2002_Code,NAICS_4,6111,3
NAICS_2002_Code,NAICS_4,6112,3
NAICS_2002_Code,NAICS_4,6113,3
NAICS_2002_Code,NAICS_4,6114,3
NAICS_2002_Code,NAICS_4,6115,3
NAICS_2002_Code,NAICS_4,6116,3
NAICS_2002_Code,NAICS_4,6117,3
NAICS_2002_Code,NAICS_4,6211,3
NAICS_2002_Code,NAICS_4,6212,3
NAICS_2002_Code,NAICS_4,6213,3
NAICS_2002_Code,NAICS_4,6214,3
NAICS_2002_Code,NAICS_4,6215,3
NAICS_2002_Code,NAICS_4,6216,3
NAICS_2002_Code,NAICS_4,6219,3
NAICS_2002_Code,NAICS_4,6221,3
NAICS_2002_Code,NAICS_4,6222,3
NAICS_2002_Code,NAICS_4,6223,3
NAICS_2002_Code,NAICS_4,6231,3
NAICS_2002_Code,NAICS_4,6232,3
NAICS_2002_Code,NAICS_4,6233,3
NAICS_2002_Code,NAICS_4,6239,3
NAICS_2002_Code,NAICS_4,6241,3
NAICS_2002_Code,NAICS_4,6242,3
NAICS_2002_Code,NAICS_4,6243,3
NAICS_2002_Code,NAICS_4,6244,3
NAICS_2002_Code,NAICS_4,7111,3
NAICS_2002_Code,NAICS_4,7112,3
NAICS_2002_Code,NAICS_4,7113,3
NAICS_2002_Code,NAICS_4,7114,3
NAICS_2002_Code,NAICS_4,7115,3
NAICS_2002_Code,NAICS_4,7121,3
NAICS_2002_Code,NAICS_4,7131,3
NAICS_2002_Code,NAICS_4,7132,3
NAICS_2002_Code,NAICS_4,7139,3
NAICS_2002_Code,NAICS_4,7211,3
NAICS_2002_Code,NAICS_4,7212,3
NAICS_2002_Code,NAICS_4,7213,3
NAICS_2002_Code,NAICS_4,7221,3
NAICS_2002_Code,NAICS_4,7222,3
NAICS_2002_Code,NAICS_4,7223,3
NAICS_2002_Code,NAICS_4,7224,3
NAICS_2002_Code,NAICS_4,8111,3
NAICS_2002_Code,NAICS_4,8112,3
NAICS_2002_Code,NAICS_4,8113,3
NAICS_2002_Code,NAICS_4,8114,3
NAICS_2002_Code,NAICS_4,8121,3
NAICS_2002_Code,NAICS_4,8122,3
NAICS_2002_Code,NAICS_4,8123,3
NAICS_2002_Code,NAICS_4,8129,3
NAICS_2002_Code,NAICS_4,8131,3
NAICS_2002_Code,NAICS_4,8132,3
NAICS_2002_Code,NAICS_4,8133,3
NAICS_2002_Code,NAICS_4,8134,3
NAICS_2002_Code,NAICS_4,8139,3
NAICS_2002_Code,NAICS_4,8141,3
NAICS_2002_Code,NAICS_4,9211,3
NAICS_2002_Code,NAICS_4,9221,3
NAICS_2002_Code,NAICS_4,9231,3
NAICS_2002_Code,NAICS_4,9241,3
NAICS_2002_Code,NAICS_4,9251,3
NAICS_2002_Code,NAICS_4,9261,3
NAICS_2002_Code,NAICS_4,9271,3
NAICS_2002_Code,NAICS_4,9281,3
NAICS_2002_Code,NAICS_5,11111,4
NAICS_2002_Code,NAICS_5,11112,4
NAICS_2002_Code,NAICS_5,11113,4
NAICS_2002_Code,NAICS_5,11114,4
NAICS_2002_Code,NAICS_5,11115,4
NAICS_2002_Code,NAICS_5,11116,4
NAICS_2002_Code,NAICS_5,11119,4
NAICS_2002_Code,NAICS_5,11121,4
NAICS_2002_Code,NAICS_5,11131,4
NAICS_2002_Code,NAICS_5,11132,4
NAICS_2002_Code,NAICS_5,11133,4
NAICS_2002_Code,NAICS_5,11141,4
NAICS_2002_Code,NAICS_5,11142,4
NAICS_2002_Code,NAICS_5,11191,4
NAICS_2002_Code,NAICS_5,11192,4
NAICS_2002_Code,NAICS_5,11193,4
NAICS_2002_Code,NAICS_5,11194,4
NAICS_2002_Code,NAICS_5,11199,4
NAICS_2002_Code,NAICS_5,11211,4
NAICS_2002_Code,NAICS_5,11212,4
NAICS_2002_Code,NAICS_5,11213,4
NAICS_2002_Code,NAICS_5,11221,4
NAICS_2002_Code,NAICS_5,11231,4
NAICS_2002_Code,NAICS_5,11232,4
NAICS_2002_Code,NAICS_5,11233,4
NAICS_2002_Code,NAICS_5,11234,4
NAICS_2002_Code,NAICS_5,11239,4
NAICS_2002_Code,NAICS_5,11241,4
NAICS_2002_Code,NAICS_5,11242,4
NAICS_2002_Code,NAICS_5,11251,4
NAICS_2002_Code,NAICS_5,11291,4
NAICS_2002_Code,NAICS_5,11292,4
NAICS_2002_Code,NAICS_5,11293,4
NAICS_2002_Code,NAICS_5,11299,4
NAICS_2002_Code,NAICS_5,11311,4
NAICS_2002_Code,NAICS_5,11321,4
NAICS_2002_Code,NAICS_5,11331,4
NAICS_2002_Code,NAICS_5,11411,4
NAICS_2002_Code,NAICS_5,11421,4
NAICS_2002_Code,NAICS_5,11511,4
NAICS_2002_Code,NAICS_5,11521,4
NAICS_2002_Code,NAICS_5,11531,4
NAICS_2002_Code,NAICS_5,21111,4
NAICS_2002_Code,NAICS_5,21211,4
NAICS_2002_Code,NAICS_5,21221,4
NAICS_2002_Code,NAICS_5,21222,4
NAICS_2002_Code,NAICS_5,21223,4
NAICS_2002_Code,NAICS_5,21229,4
NAICS_2002_Code,NAICS_5,21231,4
NAICS_2002_Code,NAICS_5,21232,4
NAICS_2002_Code,NAICS_5,21239,4
NAICS_2002_Code,NAICS_5,21311,4
NAICS_2002_Code,NAICS_5,22111,4
NAICS_2002_Code,NAICS_5,22112,4
NAICS_2002_Code,NAICS_5,22121,4
NAICS_2002_Code,NAICS_5,22131,4
NAICS_2002_Code,NAICS_5,22132,4
NAICS_2002_Code,NAICS_5,22133,4
NAICS_2002_Code,NAICS_5,23611,4
NAICS_2002_Code,NAICS_5,23621,4
NAICS_2002_Code,NAICS_5,23622,4
NAICS_2002_Code,NAICS_5,23711,4
NAICS_2002_Code,NAICS_5,23712,4
NAICS_2002_Code,NAICS_5,23713,4
NAICS_2002_Code,NAICS_5,23721,4
NAICS_2002_Code,NAICS_5,23731,4
NAICS_2002_Code,NAICS_5,23799,4
NAICS_2002_Code,NAICS_5,23811,4
NAICS_2002_Code,NAICS_5,23812,4
NAICS_2002_Code,NAICS_5,23813,4
NAICS_2002_Code,NAICS_5,23814,4
NAICS_2002_Code,NAICS_5,23815,4
NAICS_2002_Code,NAICS_5,23816,4
NAICS_2002_Code,NAICS_5,23817,4
NAICS_2002_Code,NAICS_5,23819,4
NAICS_2002_Code,NAICS_5,23821,4
NAICS_2002_Code,NAICS_5,23822,4
NAICS_2002_Code,NAICS_5,23829,4
NAICS_2002_Code,NAICS_5,23831,4
NAICS_2002_Code,NAICS_5,23832,4
NAICS_2002_Code,NAICS_5,23833,4
NAICS_2002_Code,NAICS_5,23834,4
NAICS_2002_Code,NAICS_5,23835,4
NAICS_2002_Code,NAICS_5,23839,4
NAICS_2002_Code,NAICS_5,23891,4
NAICS_2002_Code,NAICS_5,23899,4
NAICS_2002_Code,NAICS_5,31111,4
NAICS_2002_Code,NAICS_5,31121,4
NAICS_2002_Code,NAICS_5,31122,4
NAICS_2002_Code,NAICS_5,31123,4
NAICS_2002_Code,NAICS_5,31131,4
NAICS_2002_Code,NAICS_5,31132,4
NAICS_2002_Code,NAICS_5,31133,4
NAICS_2002_Code,NAICS_5,31134,4
NAICS_2002_Code,NAICS_5,31141,4
NAICS_2002_Code,NAICS_5,31142,4
NAICS_2002_Code,NAICS_5,31151,4
NAICS_2002_Code,NAICS_5,31152,4
NAICS_2002_Code,NAICS_5,31161,4
NAICS_2002_Code,NAICS_5,31171,4
NAICS_2002_Code,NAICS_5,31181,4
NAICS_2002_Code,NAICS_5,31182,4
NAICS_2002_Code,NAICS_5,31183,4
NAICS_2002_Code,NAICS_5,31191,4
NAICS_2002_Code,NAICS_5,31192,4
NAICS_2002_Code,NAICS_5,31193,4
NAICS_2002_Code,NAICS_5,31194,4
NAICS_2002_Code,NAICS_5,31199,4
NAICS_2002_Code,NAICS_5,31211,4
NAICS_2002_Code,NAICS_5,31212,4
NAICS_2002_Code,NAICS_5,31213,4
NAICS_2002_Code,NAICS_5,31214,4
NAICS_2002_Code,NAICS_5,31221,4
NAICS_2002_Code,NAICS_5,31222,4
NAICS_2002_Code,NAICS_5,31311,4
NAICS_2002_Code,NAICS_5,31321,4
NAICS_2002_Code,NAICS_5,31322,4
NAICS_2002_Code,NAICS_5,31323,4
NAICS_2002_Code,NAICS_5,31324,4
NAICS_2002_Code,NAICS_5,31331,4
NAICS_2002_Code,NAICS_5,31332,4
NAICS_2002_Code,NAICS_5,31411,4
NAICS_2002_Code,NAICS_5,31412,4
NAICS_2002_Code,NAICS_5,31491,4
NAICS_2002_Code,NAICS_5,31499,4
NAICS_2002_Code,NAICS_5,31511,4
NAICS_2002_Code,NAICS_5,31519,4
NAICS_2002_Code,NAICS_5,31521,4
NAICS_2002_Code,NAICS_5,31522,4
NAICS_2002_Code,NAICS_5,31523,4
NAICS_2002_Code,NAICS_5,31529,4
NAICS_2002_Code,NAICS_5,31599,4
NAICS_2002_Code,NAICS_5,31611,4
NAICS_2002_Code,NAICS_5,31621,4
NAICS_2002_Code,NAICS_5,31699,4
NAICS_2002_Code,NAICS_5,32111,4
NAICS_2002_Code,NAICS_5,32121,4
NAICS_2002_Code,NAICS_5,32191,4
NAICS_2002_Code,NAICS_5,32192,4
NAICS_2002_Code,NAICS_5,32199,4
NAICS_2002_Code,NAICS_5,32211,4
NAICS_2002_Code,NAICS_5,32212,4
NAICS_2002_Code,NAICS_5,32213,4
NAICS_2002_Code,NAICS_5,32221,4
NAICS_2002_Code,NAICS_5,32222,4
NAICS_2002_Code,NAICS_5,32223,4
NAICS_2002_Code,NAICS_5,32229,4
NAICS_2002_Code,NAICS_5,32311,4
NAICS_2002_Code,NAICS_5,32312,4
NAICS_2002_Code,NAICS_5,32411,4
NAICS_2002_Code,NAICS_5,32412,4
NAICS_2002_Code,NAICS_5,32419,4
NAICS_2002_Code,NAICS_5,32511,4
NAICS_2002_Code,NAICS_5,32512,4
NAICS_2002_Code,NAICS_5,32513,4
NAICS_2002_Code,NAICS_5,32518,4
NAICS_2002_Code,NAICS_5,32519,4
NAICS_2002_Code,NAICS_5,32521,4
NAICS_2002_Code,NAICS_5,32522,4
NAICS_2002_Code,NAICS_5,32531,4
NAICS_2002_Code,NAICS_5,32532,4
NAICS_2002_Code,NAICS_5,32541,4
NAICS_2002_Code,NAICS_5,32551,4
NAICS_2002_Code,NAICS_5,32552,4
NAICS_2002_Code,NAICS_5,32561,4
NAICS_2002_Code,NAICS_5,32562,4
NAICS_2002_Code,NAICS_5,32591,4
NAICS_2002_Code,NAICS_5,32592,4
NAICS_2002_Code,NAICS_5,32599,4
NAICS_2002_Code,NAICS_5,32611,4
NAICS_2002_Code,NAICS_5,32612,4
NAICS_2002_Code,NAICS_5,32613,4
NAICS_2002_Code,NAICS_5,32614,4
NAICS_2002_Code,NAICS_5,32615,4
NAICS_2002_Code,NAICS_5,32616,4
NAICS_2002_Code,NAICS_5,32619,4
NAICS_2002_Code,NAICS_5,32621,4
NAICS_2002_Code,NAICS_5,32622,4
NAICS_2002_Code,NAICS_5,32629,4
NAICS_2002_Code,NAICS_5,32711,4
NAICS_2002_Code,NAICS_5,32712,4
NAICS_2002_Code,NAICS_5,32721,4
NAICS_2002_Code,NAICS_5,32731,4
NAICS_2002_Code,NAICS_5,32732,4
NAICS_2002_Code,NAICS_5,32733,4
NAICS_2002_Code,NAICS_5,32739,4
NAICS_2002_Code,NAICS_5,32741,4
NAICS_2002_Code,NAICS_5,32742,4
NAICS_2002_Code,NAICS_5,32791,4
NAICS_2002_Code,NAICS_5,32799,4
NAICS_2002_Code,NAICS_5,33111,4
NAICS_2002_Code,NAICS_5,33121,4
NAICS_2002_Code,NAICS_5,33122,4
NAICS_2002_Code,NAICS_5,33131,4
NAICS_2002_Code,NAICS_5,33141,4
NAICS_2002_Code,NAICS_5,33142,4
NAICS_2002_Code,NAICS_5,33149,4
NAICS_2002_Code,NAICS_5,33151,4
NAICS_2002_Code,NAICS_5,33152,4
NAICS_2002_Code,NAICS_5,33211,4
NAICS_2002_Code,NAICS_5,33221,4
NAICS_2002_Code,NAICS_5,33231,4
NAICS_2002_Code,NAICS_5,33232,4
NAICS_2002_Code,NAICS_5,33241,4
NAICS_2002_Code,NAICS_5,33242,4
NAICS_2002_Code,NAICS_5,33243,4
NAICS_2002_Code,NAICS_5,33251,4
NAICS_2002_Code,NAICS_5,33261,4
NAICS_2002_Code,NAICS_5,33271,4
NAICS_2002_Code,NAICS_5,33272,4
NAICS_2002_Code,NAICS_5,33281,4
NAICS_2002_Code,NAICS_5,33291,4
NAICS_2002_Code,NAICS_5,33299,4
NAICS_2002_Code,NAICS_5,33311,4
NAICS_2002_Code,NAICS_5,33312,4
NAICS_2002_Code,NAICS_5,33313,4
NAICS_2002_Code,NAICS_5,33321,4
NAICS_2002_Code,NAICS_5,33322,4
NAICS_2002_Code,NAICS_5,33329,4
NAICS_2002_Code,NAICS_5,33331,4
NAICS_2002_Code,NAICS_5,33341,4
NAICS_2002_Code,NAICS_5,33351,4
NAICS_2002_Code,NAICS_5,33361,4
NAICS_2002_Code,NAICS_5,33391,4
NAICS_2002_Code,NAICS_5,33392,4
NAICS_2002_Code,NAICS_5,33399,4
NAICS_2002_Code,NAICS_5,33411,4
NAICS_2002_Code,NAICS_5,33421,4
NAICS_2002_Code,NAICS_5,33422,4
NAICS_2002_Code,NAICS_5,33429,4
NAICS_2002_Code,NAICS_5,33431,4
NAICS_2002_Code,NAICS_5,33441,4
NAICS_2002_Code,NAICS_5,33451,4
NAICS_2002_Code,NAICS_5,33461,4
NAICS_2002_Code,NAICS_5,33511,4
NAICS_2002_Code,NAICS_5,33512,4
NAICS_2002_Code,NAICS_5,33521,4
NAICS_2002_Code,NAICS_5,33522,4
NAICS_2002_Code,NAICS_5,33531,4
NAICS_2002_Code,NAICS_5,33591,4
NAICS_2002_Code,NAICS_5,33592,4
NAICS_2002_Code,NAICS_5,33593,4
NAICS_2002_Code,NAICS_5,33599,4
NAICS_2002_Code,NAICS_5,33611,4
NAICS_2002_Code,NAICS_5,33612,4
NAICS_2002_Code,NAICS_5,33621,4
NAICS_2002_Code,NAICS_5,33631,4
NAICS_2002_Code,NAICS_5,33632,4
NAICS_2002_Code,NAICS_5,33633,4
NAICS_2002_Code,NAICS_5,33634,4
NAICS_2002_Code,NAICS_5,33635,4
NAICS_2002_Code,NAICS_5,33636,4
NAICS_2002_Code,NAICS_5,33637,4
NAICS_2002_Code,NAICS_5,33639,4
NAICS_2002_Code,NAICS_5,33641,4
NAICS_2002_Code,NAICS_5,33651,4
NAICS_2002_Code,NAICS_5,33661,4
NAICS_2002_Code,NAICS_5,33699,4
NAICS_2002_Code,NAICS_5,33711,4
NAICS_2002_Code,NAICS_5,33712,4
NAICS_2002_Code,NAICS_5,33721,4
NAICS_2002_Code,NAICS_5,33791,4
NAICS_2002_Code,NAICS_5,33792,4
NAICS_2002_Code,NAICS_5,33911,4
NAICS_2002_Code,NAICS_5,33991,4
NAICS_2002_Code,NAICS_5,33992,4
NAICS_2002_Code,NAICS_5,33993,4
NAICS_2002_Code,NAICS_5,33994,4
NAICS_2002_Code,NAICS_5,33995,4
NAICS_2002_Code,NAICS_5,33999,4
NAICS_2002_Code,NAICS_5,42311,4
NAICS_2002_Code,NAICS_5,42312,4
NAICS_2002_Code,NAICS_5,42313,4
NAICS_2002_Code,NAICS_5,42314,4
NAICS_2002_Code,NAICS_5,42321,4
NAICS_2002_Code,NAICS_5,42322,4
NAICS_2002_Code,NAICS_5,42331,4
NAICS_2002_Code,NAICS_5,42332,4
NAICS_2002_Code,NAICS_5,42333,4
NAICS_2002_Code,NAICS_5,42339,4
NAICS_2002_Code,NAICS_5,42341,4
NAICS_2002_Code,NAICS_5,42342,4
NAICS_2002_Code,NAICS_5,42343,4
NAICS_2002_Code,NAICS_5,42344,4
NAICS_2002_Code,NAICS_5,42345,4
NAICS_2002_Code,NAICS_5,42346,4
NAICS_2002_Code,NAICS_5,42349,4
NAICS_2002_Code,NAICS_5,42351,4
NAICS_2002_Code,NAICS_5,42352,4
NAICS_2002_Code,NAICS_5,42361,4
NAICS_2002_Code,NAICS_5,42362,4
NAICS_2002_Code,NAICS_5,42369,4
NAICS_2002_Code,NAICS_5,42371,4
NAICS_2002_Code,NAICS_5,42372,4
NAICS_2002_Code,NAICS_5,42373,4
NAICS_2002_Code,NAICS_5,42374,4
NAICS_2002_Code,NAICS_5,42381,4
NAICS_2002_Code,NAICS_5,42382,4
NAICS_2002_Code,NAICS_5,42383,4
NAICS_2002_Code,NAICS_5,42384,4
NAICS_2002_Code,NAICS_5,42385,4
NAICS_2002_Code,NAICS_5,42386,4
NAICS_2002_Code,NAICS_5,42391,4
NAICS_2002_Code,NAICS_5,42392,4
NAICS_2002_Code,NAICS_5,42393,4
NAICS_2002_Code,NAICS_5,42394,4
NAICS_2002_Code,NAICS_5,42399,4
NAICS_2002_Code,NAICS_5,42411,4
NAICS_2002_Code,NAICS_5,42412,4
NAICS_2002_Code,NAICS_5,42413,4
NAICS_2002_Code,NAICS_5,42421,4
NAICS_2002_Code,NAICS_5,42431,4
NAICS_2002_Code,NAICS_5,42432,4
NAICS_2002_Code,NAICS_5,42433,4
NAICS_2002_Code,NAICS_5,42434,4
NAICS_2002_Code,NAICS_5,42441,4
NAICS_2002_Code,NAICS_5,42442,4
NAICS_2002_Code,NAICS_5,42443,4
NAICS_2002_Code,NAICS_5,42444,4
NAICS_2002_Code,NAICS_5,42445,4
NAICS_2002_Code,NAICS_5,42446,4
NAICS_2002_Code,NAICS_5,42447,4
NAICS_2002_Code,NAICS_5,42448,4
NAICS_2002_Code,NAICS_5,42449,4
NAICS_2002_Code,NAICS_5,42451,4
NAICS_2002_Code,NAICS_5,42452,4
NAICS_2002_Code,NAICS_5,42459,4
NAICS_2002_Code,NAICS_5,42461,4
NAICS_2002_Code,NAICS_5,42469,4
NAICS_2002_Code,NAICS_5,42471,4
NAICS_2002_Code,NAICS_5,42472,4
NAICS_2002_Code,NAICS_5,42481,4
NAICS_2002_Code,NAICS_5,42482,4
NAICS_2002_Code,NAICS_5,42491,4
NAICS_2002_Code,NAICS_5,42492,4
NAICS_2002_Code,NAICS_5,42493,4
NAICS_2002_Code,NAICS_5,42494,4
NAICS_2002_Code,NAICS_5,42495,4
NAICS_2002_Code,NAICS_5,42499,4
NAICS_2002_Code,NAICS_5,42511,4
NAICS_2002_Code,NAICS_5,42512,4
NAICS_2002_Code,NAICS_5,44111,4
NAICS_2002_Code,NAICS_5,44112,4
NAICS_2002_Code,NAICS_5,44121,4
NAICS_2002_Code,NAICS_5,44122,4
NAICS_2002_Code,NAICS_5,44131,4
NAICS_2002_Code,NAICS_5,44132,4
NAICS_2002_Code,NAICS_5,44211,4
NAICS_2002_Code,NAICS_5,44221,4
NAICS_2002_Code,NAICS_5,44229,4
NAICS_2002_Code,NAICS_5,44311,4
NAICS_2002_Code,NAICS_5,44312,4
NAICS_2002_Code,NAICS_5,44313,4
NAICS_2002_Code,NAICS_5,44411,4
NAICS_2002_Code,NAICS_5,44412,4
NAICS_2002_Code,NAICS_5,44413,4
NAICS_2002_Code,NAICS_5,44419,4
NAICS_2002_Code,NAICS_5,44421,4
NAICS_2002_Code,NAICS_5,44422,4
NAICS_2002_Code,NAICS_5,44511,4
NAICS_2002_Code,NAICS_5,44512,4
NAICS_2002_Code,NAICS_5,44521,4
NAICS_2002_Code,NAICS_5,44522,4
NAICS_2002_Code,NAICS_5,44523,4
NAICS_2002_Code,NAICS_5,44529,4
NAICS_2002_Code,NAICS_5,44531,4
NAICS_2002_Code,NAICS_5,44611,4
NAICS_2002_Code,NAICS_5,44612,4
NAICS_2002_Code,NAICS_5,44613,4
NAICS_2002_Code,NAICS_5,44619,4
NAICS_2002_Code,NAICS_5,44711,4
NAICS_2002_Code,NAICS_5,44719,4
NAICS_2002_Code,NAICS_5,44811,4
NAICS_2002_Code,NAICS_5,44812,4
NAICS_2002_Code,NAICS_5,44813,4
NAICS_2002_Code,NAICS_5,44814,4
NAICS_2002_Code,NAICS_5,44815,4
NAICS_2002_Code,NAICS_5,44819,4
NAICS_2002_Code,NAICS_5,44821,4
NAICS_2002_Code,NAICS_5,44831,4
NAICS_2002_Code,NAICS_5,44832,4
NAICS_2002_Code,NAICS_5,45111,4
NAICS_2002_Code,NAICS_5,45112,4
NAICS_2002_Code,NAICS_5,45113,4
NAICS_2002_Code,NAICS_5,45114,4
NAICS_2002_Code,NAICS_5,45121,4
NAICS_2002_Code,NAICS_5,45122,4
NAICS_2002_Code,NAICS_5,45211,4
NAICS_2002_Code,NAICS_5,45291,4
NAICS_2002_Code,NAICS_5,45299,4
NAICS_2002_Code,NAICS_5,45311,4
NAICS_2002_Code,NAICS_5,45321,4
NAICS_2002_Code,NAICS_5,45322,4
NAICS_2002_Code,NAICS_5,45331,4
NAICS_2002_Code,NAICS_5,45391,4
NAICS_2002_Code,NAICS_5,45392,4
NAICS_2002_Code,NAICS_5,45393,4
NAICS_2002_Code,NAICS_5,45399,4
NAICS_2002_Code,NAICS_5,45411,4
NAICS_2002_Code,NAICS_5,45421,4
NAICS_2002_Code,NAICS_5,45431,4
NAICS_2002_Code,NAICS_5,45439,4
NAICS_2002_Code,NAICS_5,48111,4
NAICS_2002_Code,NAICS_5,48121,4
NAICS_2002_Code,NAICS_5,48211,4
NAICS_2002_Code,NAICS_5,48311,4
NAICS_2002_Code,NAICS_5,48321,4
NAICS_2002_Code,NAICS_5,48411,4
NAICS_2002_Code,NAICS_5,48412,4
NAICS_2002_Code,NAICS_5,48421,4
NAICS_2002_Code,NAICS_5,48422,4
NAICS_2002_Code,NAICS_5,48423,4
NAICS_2002_Code,NAICS_5,48511,4
NAICS_2002_Code,NAICS_5,48521,4
NAICS_2002_Code,NAICS_5,48531,4
NAICS_2002_Code,NAICS_5,48532,4
NAICS_2002_Code,NAICS_5,48541,4
NAICS_2002_Code,NAICS_5,48551,4
NAICS_2002_Code,NAICS_5,48599,4
NAICS_2002_Code,NAICS_5,48611,4
NAICS_2002_Code,NAICS_5,48621,4
NAICS_2002_Code,NAICS_5,48691,4
NAICS_2002_Code,NAICS_5,48699,4
NAICS_2002_Code,NAICS_5,48711,4
NAICS_2002_Code,NAICS_5,48721,4
NAICS_2002_Code,NAICS_5,48799,4
NAICS_2002_Code,NAICS_5,48811,4
NAICS_2002_Code,NAICS_5,48819,4
NAICS_2002_Code,NAICS_5,48821,4
NAICS_2002_Code,NAICS_5,48831,4
NAICS_2002_Code,NAICS_5,48832,4
NAICS_2002_Code,NAICS_5,48833,4
NAICS_2002_Code,NAICS_5,48839,4
NAICS_2002_Code,NAICS_5,48841,4
NAICS_2002_Code,NAICS_5,48849,4
NAICS_2002_Code,NAICS_5,48851,4
NAICS_2002_Code,NAICS_5,48899,4
NAICS_2002_Code,NAICS_5,49111,4
NAICS_2002_Code,NAICS_5,49211,4
NAICS_2002_Code,NAICS_5,49221,4
NAICS_2002_Code,NAICS_5,49311,4
NAICS_2002_Code,NAICS_5,49312,4
NAICS_2002_Code,NAICS_5,49313,4
NAICS_2002_Code,NAICS_5,49319,4
NAICS_2002_Code,NAICS_5,51111,4
NAICS_2002_Code,NAICS_5,51112,4
NAICS_2002_Code,NAICS_5,51113,4
NAICS_2002_Code,NAICS_5,51114,4
NAICS_2002_Code,NAICS_5,51119,4
NAICS_2002_Code,NAICS_5,51121,4
NAICS_2002_Code,NAICS_5,51211,4
NAICS_2002_Code,NAICS_5,51212,4
NAICS_2002_Code,NAICS_5,51213,4
NAICS_2002_Code,NAICS_5,51219,4
NAICS_2002_Code,NAICS_5,51221,4
NAICS_2002_Code,NAICS_5,51222,4
NAICS_2002_Code,NAICS_5,51223,4
NAICS_2002_Code,NAICS_5,51224,4
NAICS_2002_Code,NAICS_5,51229,4
NAICS_2002_Code,NAICS_5,51511,4
NAICS_2002_Code,NAICS_5,51512,4
NAICS_2002_Code,NAICS_5,51521,4
NAICS_2002_Code,NAICS_5,51611,4
NAICS_2002_Code,NAICS_5,51711,4
NAICS_2002_Code,NAICS_5,51721,4
NAICS_2002_Code,NAICS_5,51731,4
NAICS_2002_Code,NAICS_5,51741,4
NAICS_2002_Code,NAICS_5,51751,4
NAICS_2002_Code,NAICS_5,51791,4
NAICS_2002_Code,NAICS_5,51811,4
NAICS_2002_Code,NAICS_5,51821,4
NAICS_2002_Code,NAICS_5,51911,4
NAICS_2002_Code,NAICS_5,51912,4
NAICS_2002_Code,NAICS_5,51919,4
NAICS_2002_Code,NAICS_5,52111,4
NAICS_2002_Code,NAICS_5,52211,4
NAICS_2002_Code,NAICS_5,52212,4
NAICS_2002_Code,NAICS_5,52213,4
NAICS_2002_Code,NAICS_5,52219,4
NAICS_2002_Code,NAICS_5,52221,4
NAICS_2002_Code,NAICS_5,52222,4
NAICS_2002_Code,NAICS_5,52229,4
NAICS_2002_Code,NAICS_5,52231,4
NAICS_2002_Code,NAICS_5,52232,4
NAICS_2002_Code,NAICS_5,52239,4
NAICS_2002_Code,NAICS_5,52311,4
NAICS_2002_Code,NAICS_5,52312,4
NAICS_2002_Code,NAICS_5,52313,4
NAICS_2002_Code,NAICS_5,52314,4
NAICS_2002_Code,NAICS_5,52321,4
NAICS_2002_Code,NAICS_5,52391,4
NAICS_2002_Code,NAICS_5,52392,4
NAICS_2002_Code,NAICS_5,52393,4
NAICS_2002_Code,NAICS_5,52399,4
NAICS_2002_Code,NAICS_5,52411,4
NAICS_2002_Code,NAICS_5,52412,4
NAICS_2002_Code,NAICS_5,52413,4
NAICS_2002_Code,NAICS_5,52421,4
NAICS_2002_Code,NAICS_5,52429,4
NAICS_2002_Code,NAICS_5,52511,4
NAICS_2002_Code,NAICS_5,52512,4
NAICS_2002_Code,NAICS_5,52519,4
NAICS_2002_Code,NAICS_5,52591,4
NAICS_2002_Code,NAICS_5,52592,4
NAICS_2002_Code,NAICS_5,52593,4
NAICS_2002_Code,NAICS_5,52599,4
NAICS_2002_Code,NAICS_5,53111,4
NAICS_2002_Code,NAICS_5,53112,4
NAICS_2002_Code,NAICS_5,53113,4
NAICS_2002_Code,NAICS_5,53119,4
NAICS_2002_Code,NAICS_5,53121,4
NAICS_2002_Code,NAICS_5,53131,4
NAICS_2002_Code,NAICS_5,53132,4
NAICS_2002_Code,NAICS_5,53139,4
NAICS_2002_Code,NAICS_5,53211,4
NAICS_2002_Code,NAICS_5,53212,4
NAICS_2002_Code,NAICS_5,53221,4
NAICS_2002_Code,NAICS_5,53222,4
NAICS_2002_Code,NAICS_5,53223,4
NAICS_2002_Code,NAICS_5,53229,4
NAICS_2002_Code,NAICS_5,53231,4
NAICS_2002_Code,NAICS_5,53241,4
NAICS_2002_Code,NAICS_5,53242,4
NAICS_2002_Code,NAICS_5,53249,4
NAICS_2002_Code,NAICS_5,53311,4
NAICS_2002_Code,NAICS_5,54111,4
NAICS_2002_Code,NAICS_5,54112,4
NAICS_2002_Code,NAICS_5,54119,4
NAICS_2002_Code,NAICS_5,54121,4
NAICS_2002_Code,NAICS_5,54131,4
NAICS_2002_Code,NAICS_5,54132,4
NAICS_2002_Code,NAICS_5,54133,4
NAICS_2002_Code,NAICS_5,54134,4
NAICS_2002_Code,NAICS_5,54135,4
NAICS_2002_Code,NAICS_5,54136,4
NAICS_2002_Code,NAICS_5,54137,4
NAICS_2002_Code,NAICS_5,54138,4
NAICS_2002_Code,NAICS_5,54141,4
NAICS_2002_Code,NAICS_5,54142,4
NAICS_2002_Code,NAICS_5,54143,4
NAICS_2002_Code,NAICS_5,54149,4
NAICS_2002_Code,NAICS_5,54151,4
NAICS_2002_Code,NAICS_5,54161,4
NAICS_2002_Code,NAICS_5,54162,4
NAICS_2002_Code,NAICS_5,54169,4
NAICS_2002_Code,NAICS_5,54171,4
NAICS_2002_Code,NAICS_5,54172,4
NAICS_2002_Code,NAICS_5,54181,4
NAICS_2002_Code,NAICS_5,54182,4
NAICS_2002_Code,NAICS_5,54183,4
NAICS_2002_Code,NAICS_5,54184,4
NAICS_2002_Code,NAICS_5,54185,4
NAICS_2002_Code,NAICS_5,54186,4
NAICS_2002_Code,NAICS_5,54187,4
NAICS_2002_Code,NAICS_5,54189,4
NAICS_2002_Code,NAICS_5,54191,4
NAICS_2002_Code,NAICS_5,54192,4
NAICS_2002_Code,NAICS_5,54193,4
NAICS_2002_Code,NAICS_5,54194,4
NAICS_2002_Code,NAICS_5,54199,4
NAICS_2002_Code,NAICS_5,55111,4
NAICS_2002_Code,NAICS_5,56111,4
NAICS_2002_Code,NAICS_5,56121,4
NAICS_2002_Code,NAICS_5,56131,4
NAICS_2002_Code,NAICS_5,56132,4
NAICS_2002_Code,NAICS_5,56133,4
NAICS_2002_Code,NAICS_5,56141,4
NAICS_2002_Code,NAICS_5,56142,4
NAICS_2002_Code,NAICS_5,56143,4
NAICS_2002_Code,NAICS_5,56144,4
NAICS_2002_Code,NAICS_5,56145,4
NAICS_2002_Code,NAICS_5,56149,4
NAICS_2002_Code,NAICS_5,56151,4
NAICS_2002_Code,NAICS_5,56152,4
NAICS_2002_Code,NAICS_5,56159,4
NAICS_2002_Code,NAICS_5,56161,4
NAICS_2002_Code,NAICS_5,56162,4
NAICS_2002_Code,NAICS_5,56171,4
NAICS_2002_Code,NAICS_5,56172,4
NAICS_2002_Code,NAICS_5,56173,4
NAICS_2002_Code,NAICS_5,56174,4
NAICS_2002_Code,NAICS_5,56179,4
NAICS_2002_Code,NAICS_5,56191,4
NAICS_2002_Code,NAICS_5,56192,4
NAICS_2002_Code,NAICS_5,56199,4
NAICS_2002_Code,NAICS_5,56211,4
NAICS_2002_Code,NAICS_5,56221,4
NAICS_2002_Code,NAICS_5,56291,4
NAICS_2002_Code,NAICS_5,56292,4
NAICS_2002_Code,NAICS_5,56299,4
NAICS_2002_Code,NAICS_5,61111,4
NAICS_2002_Code,NAICS_5,61121,4
NAICS_2002_Code,NAICS_5,61131,4
NAICS_2002_Code,NAICS_5,61141,4
NAICS_2002_Code,NAICS_5,61142,4
NAICS_2002_Code,NAICS_5,61143,4
NAICS_2002_Code,NAICS_5,61151,4
NAICS_2002_Code,NAICS_5,61161,4
NAICS_2002_Code,NAICS_5,61162,4
NAICS_2002_Code,NAICS_5,61163,4
NAICS_2002_Code,NAICS_5,61169,4
NAICS_2002_Code,NAICS_5,61171,4
NAICS_2002_Code,NAICS_5,62111,4
NAICS_2002_Code,NAICS_5,62121,4
NAICS_2002_Code,NAICS_5,62131,4
NAICS_2002_Code,NAICS_5,62132,4
NAICS_2002_Code,NAICS_5,62133,4
NAICS_2002_Code,NAICS_5,62134,4
NAICS_2002_Code,NAICS_5,62139,4
NAICS_2002_Code,NAICS_5,62141,4
NAICS_2002_Code,NAICS_5,62142,4
NAICS_2002_Code,NAICS_5,62149,4
NAICS_2002_Code,NAICS_5,62151,4
NAICS_2002_Code,NAICS_5,62161,4
NAICS_2002_Code,NAICS_5,62191,4
NAICS_2002_Code,NAICS_5,62199,4
NAICS_2002_Code,NAICS_5,62211,4
NAICS_2002_Code,NAICS_5,62221,4
NAICS_2002_Code,NAICS_5,62231,4
NAICS_2002_Code,NAICS_5,62311,4
NAICS_2002_Code,NAICS_5,62321,4
NAICS_2002_Code,NAICS_5,62322,4
NAICS_2002_Code,NAICS_5,62331,4
NAICS_2002_Code,NAICS_5,62399,4
NAICS_2002_Code,NAICS_5,62411,4
NAICS_2002_Code,NAICS_5,62412,4
NAICS_2002_Code,NAICS_5,62419,4
NAICS_2002_Code,NAICS_5,62421,4
NAICS_2002_Code,NAICS_5,62422,4
NAICS_2002_Code,NAICS_5,62423,4
NAICS_2002_Code,NAICS_5,62431,4
NAICS_2002_Code,NAICS_5,62441,4
NAICS_2002_Code,NAICS_5,71111,4
NAICS_2002_Code,NAICS_5,71112,4
NAICS_2002_Code,NAICS_5,71113,4
NAICS_2002_Code,NAICS_5,71119,4
NAICS_2002_Code,NAICS_5,71121,4
NAICS_2002_Code,NAICS_5,71131,4
NAICS_2002_Code,NAICS_5,71132,4
NAICS_2002_Code,NAICS_5,71141,4
NAICS_2002_Code,NAICS_5,71151,4
NAICS_2002_Code,NAICS_5,71211,4
NAICS_2002_Code,NAICS_5,71212,4
NAICS_2002_Code,NAICS_5,71213,4
NAICS_2002_Code,NAICS_5,71219,4
NAICS_2002_Code,NAICS_5,71311,4
NAICS_2002_Code,NAICS_5,71312,4
NAICS_2002_Code,NAICS_5,71321,4
NAICS_2002_Code,NAICS_5,71329,4
NAICS_2002_Code,NAICS_5,71391,4
NAICS_2002_Code,NAICS_5,71392,4
NAICS_2002_Code,NAICS_5,71393,4
NAICS_2002_Code,NAICS_5,71394,4
NAICS_2002_Code,NAICS_5,71395,4
NAICS_2002_Code,NAICS_5,71399,4
NAICS_2002_Code,NAICS_5,72111,4
NAICS_2002_Code,NAICS_5,72112,4
NAICS_2002_Code,NAICS_5,72119,4
NAICS_2002_Code,NAICS_5,72121,4
NAICS_2002_Code,NAICS_5,72131,4
NAICS_2002_Code,NAICS_5,72211,4
NAICS_2002_Code,NAICS_5,72221,4
NAICS_2002_Code,NAICS_5,72231,4
NAICS_2002_Code,NAICS_5,72232,4
NAICS_2002_Code,NAICS_5,72233,4
NAICS_2002_Code,NAICS_5,72241,4
NAICS_2002_Code,NAICS_5,81111,4
NAICS_2002_Code,NAICS_5,81112,4
NAICS_2002_Code,NAICS_5,81119,4
NAICS_2002_Code,NAICS_5,81121,4
NAICS_2002_Code,NAICS_5,81131,4
NAICS_2002_Code,NAICS_5,81141,4
NAICS_2002_Code,NAICS_5,81142,4
NAICS_2002_Code,NAICS_5,81143,4
NAICS_2002_Code,NAICS_5,81149,4
NAICS_2002_Code,NAICS_5,81211,4
NAICS_2002_Code,NAICS_5,81219,4
NAICS_2002_Code,NAICS_5,81221,4
NAICS_2002_Code,NAICS_5,81222,4
NAICS_2002_Code,NAICS_5,81231,4
NAICS_2002_Code,NAICS_5,81232,4
NAICS_2002_Code,NAICS_5,81233,4
NAICS_2002_Code,NAICS_5,81291,4
NAICS_2002_Code,NAICS_5,81292,4
NAICS_2002_Code,NAICS_5,81293,4
NAICS_2002_Code,NAICS_5,81299,4
NAICS_2002_Code,NAICS_5,81311,4
NAICS_2002_Code,NAICS_5,81321,4
NAICS_2002_Code,NAICS_5,81331,4
NAICS_2002_Code,NAICS_5,81341,4
NAICS_2002_Code,NAICS_5,81391,4
NAICS_2002_Code,NAICS_5,81392,4
NAICS_2002_Code,NAICS_5,81393,4
NAICS_2002_Code,NAICS_5,81394,4
NAICS_2002_Code,NAICS_5,81399,4
NAICS_2002_Code,NAICS_5,81411,4
NAICS_2002_Code,NAICS_5,92111,4
NAICS_2002_Code,NAICS_5,92112,4
NAICS_2002_Code,NAICS_5,92113,4
NAICS_2002_Code,NAICS_5,92114,4
NAICS_2002_Code,NAICS_5,92115,4
NAICS_2002_Code,NAICS_5,92119,4
NAICS_2002_Code,NAICS_5,92211,4
NAICS_2002_Code,NAICS_5,92212,4
NAICS_2002_Code,NAICS_5,92213,4
NAICS_2002_Code,NAICS_5,92214,4
NAICS_2002_Code,NAICS_5,92215,4
NAICS_2002_Code,NAICS_5,92216,4
NAICS_2002_Code,NAICS_5,92219,4
NAICS_2002_Code,NAICS_5,92311,4
NAICS_2002_Code,NAICS_5,92312,4
NAICS_2002_Code,NAICS_5,92313,4
NAICS_2002_Code,NAICS_5,92314,4
NAICS_2002_Code,NAICS_5,92411,4
NAICS_2002_Code,NAICS_5,92412,4
NAICS_2002_Code,NAICS_5,92511,4
NAICS_2002_Code,NAICS_5,92512,4
NAICS_2002_Code,NAICS_5,92611,4
NAICS_2002_Code,NAICS_5,92612,4
NAICS_2002_Code,NAICS_5,92613,4
NAICS_2002_Code,NAICS_5,92614,4
NAICS_2002_Code,NAICS_5,92615,4
NAICS_2002_Code,NAICS_5,92711,4
NAICS_2002_Code,NAICS_5,92811,4
NAICS_2002_Code,NAICS_5,92812,4
NAICS_2002_Code,NAICS_6,111110,5
NAICS_2002_Code,NAICS_6,111120,5
NAICS_2002_Code,NAICS_6,111130,5
NAICS_2002_Code,NAICS_6,111140,5
NAICS_2002_Code,NAICS_6,111150,5
NAICS_2002_Code,NAICS_6,111160,5
NAICS_2002_Code,NAICS_6,111191,5
NAICS_2002_Code,NAICS_6,111199,5
NAICS_2002_Code,NAICS_6,111211,5
NAICS_2002_Code,NAICS_6,111219,5
NAICS_2002_Code,NAICS_6,111310,5
NAICS_2002_Code,NAICS_6,111320,5
NAICS_2002_Code,NAICS_6,111331,5
NAICS_2002_Code,NAICS_6,111332,5
NAICS_2002_Code,NAICS_6,111333,5
NAICS_2002_Code,NAICS_6,111334,5
NAICS_2002_Code,NAICS_6,111335,5
NAICS_2002_Code,NAICS_6,111336,5
NAICS_2002_Code,NAICS_6,111339,5
NAICS_2002_Code,NAICS_6,111411,5
NAICS_2002_Code,NAICS_6,111419,5
NAICS_2002_Code,NAICS_6,111421,5
NAICS_2002_Code,NAICS_6,111422,5
NAICS_2002_Code,NAICS_6,111910,5
NAICS_2002_Code,NAICS_6,111920,5
NAICS_2002_Code,NAICS_6,111930,5
NAICS_2002_Code,NAICS_6,111940,5
NAICS_2002_Code,NAICS_6,111991,5
NAICS_2002_Code,NAICS_6,111992,5
NAICS_2002_Code,NAICS_6,111998,5
NAICS_2002_Code,NAICS_6,112111,5
NAICS_2002_Code,NAICS_6,112112,5
NAICS_2002_Code,NAICS_6,112120,5
NAICS_2002_Code,NAICS_6,112130,5
NAICS_2002_Code,NAICS_6,112210,5
NAICS_2002_Code,NAICS_6,112310,5
NAICS_2002_Code,NAICS_6,112320,5
NAICS_2002_Code,NAICS_6,112330,5
NAICS_2002_Code,NAICS_6,112340,5
NAICS_2002_Code,NAICS_6,112390,5
NAICS_2002_Code,NAICS_6,112410,5
NAICS_2002_Code,NAICS_6,112420,5
NAICS_2002_Code,NAICS_6,112511,5
NAICS_2002_Code,NAICS_6,112512,5
NAICS_2002_Code,NAICS_6,112519,5
NAICS_2002_Code,NAICS_6,112910,5
NAICS_2002_Code,NAICS_6,112920,5
NAICS_2002_Code,NAICS_6,112930,5
NAICS_2002_Code,NAICS_6,112990,5
NAICS_2002_Code,NAICS_6,113110,5
NAICS_2002_Code,NAICS_6,113210,5
NAICS_2002_Code,NAICS_6,113310,5
NAICS_2002_Code,NAICS_6,114111,5
NAICS_2002_Code,NAICS_6,114112,5
NAICS_2002_Code,NAICS_6,114119,5
NAICS_2002_Code,NAICS_6,114210,5
NAICS_2002_Code,NAICS_6,115111,5
NAICS_2002_Code,NAICS_6,115112,5
NAICS_2002_Code,NAICS_6,115113,5
NAICS_2002_Code,NAICS_6,115114,5
NAICS_2002_Code,NAICS_6,115115,5
NAICS_2002_Code,NAICS_6,115116,5
NAICS_2002_Code,NAICS_6,115210,5
NAICS_2002_Code,NAICS_6,115310,5
NAICS_2002_Code,NAICS_6,211111,5
NAICS_2002_Code,NAICS_6,211112,5
NAICS_2002_Code,NAICS_6,212111,5
NAICS_2002_Code,NAICS_6,212112,5
NAICS_2002_Code,NAICS_6,212113,5
NAICS_2002_Code,NAICS_6,212210,5
NAICS_2002_Code,NAICS_6,212221,5
NAICS_2002_Code,NAICS_6,212222,5
NAICS_2002_Code,NAICS_6,212231,5
NAICS_2002_Code,NAICS_6,212234,5
NAICS_2002_Code,NAICS_6,212291,5
NAICS_2002_Code,NAICS_6,212299,5
NAICS_2002_Code,NAICS_6,212311,5
NAICS_2002_Code,NAICS_6,212312,5
NAICS_2002_Code,NAICS_6,212313,5
NAICS_2002_Code,NAICS_6,212319,5
NAICS_2002_Code,NAICS_6,212321,5
NAICS_2002_Code,NAICS_6,212322,5
NAICS_2002_Code,NAICS_6,212324,5
NAICS_2002_Code,NAICS_6,212325,5
NAICS_2002_Code,NAICS_6,212391,5
NAICS_2002_Code,NAICS_6,212392,5
NAICS_2002_Code,NAICS_6,212393,5
NAICS_2002_Code,NAICS_6,212399,5
NAICS_2002_Code,NAICS_6,213111,5
NAICS_2002_Code,NAICS_6,213112,5
NAICS_2002_Code,NAICS_6,213113,5
NAICS_2002_Code,NAICS_6,213114,5
NAICS_2002_Code,NAICS_6,213115,5
NAICS_2002_Code,NAICS_6,221111,5
NAICS_2002_Code,NAICS_6,221112,5
NAICS_2002_Code,NAICS_6,221113,5
NAICS_2002_Code,NAICS_6,221119,5
NAICS_2002_Code,NAICS_6,221121,5
NAICS_2002_Code,NAICS_6,221122,5
NAICS_2002_Code,NAICS_6,221210,5
NAICS_2002_Code,NAICS_6,221310,5
NAICS_2002_Code,NAICS_6,221320,5
NAICS_2002_Code,NAICS_6,221330,5
NAICS_2002_Code,NAICS_6,236115,5
NAICS_2002_Code,NAICS_6,236116,5
NAICS_2002_Code,NAICS_6,236117,5
NAICS_2002_Code,NAICS_6,236118,5
NAICS_2002_Code,NAICS_6,236210,5
NAICS_2002_Code,NAICS_6,236220,5
NAICS_2002_Code,NAICS_6,237110,5
NAICS_2002_Code,NAICS_6,237120,5
NAICS_2002_Code,NAICS_6,237130,5
NAICS_2002_Code,NAICS_6,237210,5
NAICS_2002_Code,NAICS_6,237310,5
NAICS_2002_Code,NAICS_6,237990,5
NAICS_2002_Code,NAICS_6,238110,5
NAICS_2002_Code,NAICS_6,238120,5
NAICS_2002_Code,NAICS_6,238130,5
NAICS_2002_Code,NAICS_6,238140,5
NAICS_2002_Code,NAICS_6,238150,5
NAICS_2002_Code,NAICS_6,238160,5
NAICS_2002_Code,NAICS_6,238170,5
NAICS_2002_Code,NAICS_6,238190,5
NAICS_2002_Code,NAICS_6,238210,5
NAICS_2002_Code,NAICS_6,238220,5
NAICS_2002_Code,NAICS_6,238290,5
NAICS_2002_Code,NAICS_6,238310,5
NAICS_2002_Code,NAICS_6,238320,5
NAICS_2002_Code,NAICS_6,238330,5
NAICS_2002_Code,NAICS_6,238340,5
NAICS_2002_Code,NAICS_6,238350,5
NAICS_2002_Code,NAICS_6,238390,5
NAICS_2002_Code,NAICS_6,238910,5
NAICS_2002_Code,NAICS_6,238990,5
NAICS_2002_Code,NAICS_6,311111,5
NAICS_2002_Code,NAICS_6,311119,5
NAICS_2002_Code,NAICS_6,311211,5
NAICS_2002_Code,NAICS_6,311212,5
NAICS_2002_Code,NAICS_6,311213,5
NAICS_2002_Code,NAICS_6,311221,5
NAICS_2002_Code,NAICS_6,311222,5
NAICS_2002_Code,NAICS_6,311223,5
NAICS_2002_Code,NAICS_6,311225,5
NAICS_2002_Code,NAICS_6,311230,5
NAICS_2002_Code,NAICS_6,311311,5
NAICS_2002_Code,NAICS_6,311312,5
NAICS_2002_Code,NAICS_6,311313,5
NAICS_2002_Code,NAICS_6,311320,5
NAICS_2002_Code,NAICS_6,311330,5
NAICS_2002_Code,NAICS_6,311340,5
NAICS_2002_Code,NAICS_6,311411,5
NAICS_2002_Code,NAICS_6,311412,5
NAICS_2002_Code,NAICS_6,311421,5
NAICS_2002_Code,NAICS_6,311422,5
NAICS_2002_Code,NAICS_6,311423,5
NAICS_2002_Code,NAICS_6,311511,5
NAICS_2002_Code,NAICS_6,311512,5
NAICS_2002_Code,NAICS_6,311513,5
NAICS_2002_Code,NAICS_6,311514,5
NAICS_2002_Code,NAICS_6,311520,5
NAICS_2002_Code,NAICS_6,311611,5
NAICS_2002_Code,NAICS_6,311612,5
NAICS_2002_Code,NAICS_6,311613,5
NAICS_2002_Code,NAICS_6,311615,5
NAICS_2002_Code,NAICS_6,311711,5
NAICS_2002_Code,NAICS_6,311712,5
NAICS_2002_Code,NAICS_6,311811,5
NAICS_2002_Code,NAICS_6,311812,5
NAICS_2002_Code,NAICS_6,311813,5
NAICS_2002_Code,NAICS_6,311821,5
NAICS_2002_Code,NAICS_6,311822,5
NAICS_2002_Code,NAICS_6,311823,5
NAICS_2002_Code,NAICS_6,311830,5
NAICS_2002_Code,NAICS_6,311911,5
NAICS_2002_Code,NAICS_6,311919,5
NAICS_2002_Code,NAICS_6,311920,5
NAICS_2002_Code,NAICS_6,311930,5
NAICS_2002_Code,NAICS_6,311941,5
NAICS_2002_Code,NAICS_6,311942,5
NAICS_2002_Code,NAICS_6,311991,5
NAICS_2002_Code,NAICS_6,311999,5
NAICS_2002_Code,NAICS_6,312111,5
NAICS_2002_Code,NAICS_6,312112,5
NAICS_2002_Code,NAICS_6,312113,5
NAICS_2002_Code,NAICS_6,312120,5
NAICS_2002_Code,NAICS_6,312130,5
NAICS_2002_Code,NAICS_6,312140,5
NAICS_2002_Code,NAICS_6,312210,5
NAICS_2002_Code,NAICS_6,312221,5
NAICS_2002_Code,NAICS_6,312229,5
NAICS_2002_Code,NAICS_6,313111,5
NAICS_2002_Code,NAICS_6,313112,5
NAICS_2002_Code,NAICS_6,313113,5
NAICS_2002_Code,NAICS_6,313210,5
NAICS_2002_Code,NAICS_6,313221,5
NAICS_2002_Code,NAICS_6,313222,5
NAICS_2002_Code,NAICS_6,313230,5
NAICS_2002_Code,NAICS_6,313241,5
NAICS_2002_Code,NAICS_6,313249,5
NAICS_2002_Code,NAICS_6,313311,5
NAICS_2002_Code,NAICS_6,313312,5
NAICS_2002_Code,NAICS_6,313320,5
NAICS_2002_Code,NAICS_6,314110,5
NAICS_2002_Code,NAICS_6,314121,5
NAICS_2002_Code,NAICS_6,314129,5
NAICS_2002_Code,NAICS_6,314911,5
NAICS_2002_Code,NAICS_6,314912,5
NAICS_2002_Code,NAICS_6,314991,5
NAICS_2002_Code,NAICS_6,314992,5
NAICS_2002_Code,NAICS_6,314999,5
NAICS_2002_Code,NAICS_6,315111,5
NAICS_2002_Code,NAICS_6,315119,5
NAICS_2002_Code,NAICS_6,315191,5
NAICS_2002_Code,NAICS_6,315192,5
NAICS_2002_Code,NAICS_6,315211,5
NAICS_2002_Code,NAICS_6,315212,5
NAICS_2002_Code,NAICS_6,315221,5
NAICS_2002_Code,NAICS_6,315222,5
NAICS_2002_Code,NAICS_6,315223,5
NAICS_2002_Code,NAICS_6,315224,5
NAICS_2002_Code,NAICS_6,315225,5
NAICS_2002_Code,NAICS_6,315228,5
NAICS_2002_Code,NAICS_6,315231,5
NAICS_2002_Code,NAICS_6,315232,5
NAICS_2002_Code,NAICS_6,315233,5
NAICS_2002_Code,NAICS_6,315234,5
NAICS_2002_Code,NAICS_6,315239,5
NAICS_2002_Code,NAICS_6,315291,5
NAICS_2002_Code,NAICS_6,315292,5
NAICS_2002_Code,NAICS_6,315299,5
NAICS_2002_Code,NAICS_6,315991,5
NAICS_2002_Code,NAICS_6,315992,5
NAICS_2002_Code,NAICS_6,315993,5
NAICS_2002_Code,NAICS_6,315999,5
NAICS_2002_Code,NAICS_6,316110,5
NAICS_2002_Code,NAICS_6,316211,5
NAICS_2002_Code,NAICS_6,316212,5
NAICS_2002_Code,NAICS_6,316213,5
NAICS_2002_Code,NAICS_6,316214,5
NAICS_2002_Code,NAICS_6,316219,5
NAICS_2002_Code,NAICS_6,316991,5
NAICS_2002_Code,NAICS_6,316992,5
NAICS_2002_Code,NAICS_6,316993,5
NAICS_2002_Code,NAICS_6,316999,5
NAICS_2002_Code,NAICS_6,321113,5
NAICS_2002_Code,NAICS_6,321114,5
NAICS_2002_Code,NAICS_6,321211,5
NAICS_2002_Code,NAICS_6,321212,5
NAICS_2002_Code,NAICS_6,321213,5
NAICS_2002_Code,NAICS_6,321214,5
NAICS_2002_Code,NAICS_6,321219,5
NAICS_2002_Code,NAICS_6,321911,5
NAICS_2002_Code,NAICS_6,321912,5
NAICS_2002_Code,NAICS_6,321918,5
NAICS_2002_Code,NAICS_6,321920,5
NAICS_2002_Code,NAICS_6,321991,5
NAICS_2002_Code,NAICS_6,321992,5
NAICS_2002_Code,NAICS_6,321999,5
NAICS_2002_Code,NAICS_6,322110,5
NAICS_2002_Code,NAICS_6,322121,5
NAICS_2002_Code,NAICS_6,322122,5
NAICS_2002_Code,NAICS_6,322130,5
NAICS_2002_Code,NAICS_6,322211,5
NAICS_2002_Code,NAICS_6,322212,5
NAICS_2002_Code,NAICS_6,322213,5
NAICS_2002_Code,NAICS_6,322214,5
NAICS_2002_Code,NAICS_6,322215,5
NAICS_2002_Code,NAICS_6,322221,5
NAICS_2002_Code,NAICS_6,322222,5
NAICS_2002_Code,NAICS_6,322223,5
NAICS_2002_Code,NAICS_6,322224,5
NAICS_2002_Code,NAICS_6,322225,5
NAICS_2002_Code,NAICS_6,322226,5
NAICS_2002_Code,NAICS_6,322231,5
NAICS_2002_Code,NAICS_6,322232,5
NAICS_2002_Code,NAICS_6,322233,5
NAICS_2002_Code,NAICS_6,322291,5
NAICS_2002_Code,NAICS_6,322299,5
NAICS_2002_Code,NAICS_6,323110,5
NAICS_2002_Code,NAICS_6,323111,5
NAICS_2002_Code,NAICS_6,323112,5
NAICS_2002_Code,NAICS_6,323113,5
NAICS_2002_Code,NAICS_6,323114,5
NAICS_2002_Code,NAICS_6,323115,5
NAICS_2002_Code,NAICS_6,323116,5
NAICS_2002_Code,NAICS_6,323117,5
NAICS_2002_Code,NAICS_6,323118,5
NAICS_2002_Code,NAICS_6,323119,5
NAICS_2002_Code,NAICS_6,323121,5
NAICS_2002_Code,NAICS_6,323122,5
NAICS_2002_Code,NAICS_6,324110,5
NAICS_2002_Code,NAICS_6,324121,5
NAICS_2002_Code,NAICS_6,324122,5
NAICS_2002_Code,NAICS_6,324191,5
NAICS_2002_Code,NAICS_6,324199,5
NAICS_2002_Code,NAICS_6,325110,5
NAICS_2002_Code,NAICS_6,325120,5
NAICS_2002_Code,NAICS_6,325131,5
NAICS_2002_Code,NAICS_6,325132,5
NAICS_2002_Code,NAICS_6,325181,5
NAICS_2002_Code,NAICS_6,325182,5
NAICS_2002_Code,NAICS_6,325188,5
NAICS_2002_Code,NAICS_6,325191,5
NAICS_2002_Code,NAICS_6,325192,5
NAICS_2002_Code,NAICS_6,325193,5
NAICS_2002_Code,NAICS_6,325199,5
NAICS_2002_Code,NAICS_6,325211,5
NAICS_2002_Code,NAICS_6,325212,5
NAICS_2002_Code,NAICS_6,325221,5
NAICS_2002_Code,NAICS_6,325222,5
NAICS_2002_Code,NAICS_6,325311,5
NAICS_2002_Code,NAICS_6,325312,5
NAICS_2002_Code,NAICS_6,325314,5
NAICS_2002_Code,NAICS_6,325320,5
NAICS_2002_Code,NAICS_6,325411,5
NAICS_2002_Code,NAICS_6,325412,5
NAICS_2002_Code,NAICS_6,325413,5
NAICS_2002_Code,NAICS_6,325414,5
NAICS_2002_Code,NAICS_6,325510,5
NAICS_2002_Code,NAICS_6,325520,5
NAICS_2002_Code,NAICS_6,325611,5
NAICS_2002_Code,NAICS_6,325612,5
NAICS_2002_Code,NAICS_6,325613,5
NAICS_2002_Code,NAICS_6,325620,5
NAICS_2002_Code,NAICS_6,325910,5
NAICS_2002_Code,NAICS_6,325920,5
NAICS_2002_Code,NAICS_6,325991,5
NAICS_2002_Code,NAICS_6,325992,5
NAICS_2002_Code,NAICS_6,325998,5
NAICS_2002_Code,NAICS_6,326111,5
NAICS_2002_Code,NAICS_6,326112,5
NAICS_2002_Code,NAICS_6,326113,5
NAICS_2002_Code,NAICS_6,326121,5
NAICS_2002_Code,NAICS_6,326122,5
NAICS_2002_Code,NAICS_6,326130,5
NAICS_2002_Code,NAICS_6,326140,5
NAICS_2002_Code,NAICS_6,326150,5
NAICS_2002_Code,NAICS_6,326160,5
NAICS_2002_Code,NAICS_6,326191,5
NAICS_2002_Code,NAICS_6,326192,5
NAICS_2002_Code,NAICS_6,326199,5
NAICS_2002_Code,NAICS_6,326211,5
NAICS_2002_Code,NAICS_6,326212,5
NAICS_2002_Code,NAICS_6,326220,5
NAICS_2002_Code,NAICS_6,326291,5
NAICS_2002_Code,NAICS_6,326299,5
NAICS_2002_Code,NAICS_6,327111,5
NAICS_2002_Code,NAICS_6,327112,5
NAICS_2002_Code,NAICS_6,327113,5
NAICS_2002_Code,NAICS_6,327121,5
NAICS_2002_Code,NAICS_6,327122,5
NAICS_2002_Code,NAICS_6,327123,5
NAICS_2002_Code,NAICS_6,327124,5
NAICS_2002_Code,NAICS_6,327125,5
NAICS_2002_Code,NAICS_6,327211,5
NAICS_2002_Code,NAICS_6,327212,5
NAICS_2002_Code,NAICS_6,327213,5
NAICS_2002_Code,NAICS_6,327215,5
NAICS_2002_Code,NAICS_6,327310,5
NAICS_2002_Code,NAICS_6,327320,5
NAICS_2002_Code,NAICS_6,327331,5
NAICS_2002_Code,NAICS_6,327332,5
NAICS_2002_Code,NAICS_6,327390,5
NAICS_2002_Code,NAICS_6,327410,5
NAICS_2002_Code,NAICS_6,327420,5
NAICS_2002_Code,NAICS_6,327910,5
NAICS_2002_Code,NAICS_6,327991,5
NAICS_2002_Code,NAICS_6,327992,5
NAICS_2002_Code,NAICS_6,327993,5
NAICS_2002_Code,NAICS_6,327999,5
NAICS_2002_Code,NAICS_6,331111,5
NAICS_2002_Code,NAICS_6,331112,5
NAICS_2002_Code,NAICS_6,331210,5
NAICS_2002_Code,NAICS_6,331221,5
NAICS_2002_Code,NAICS_6,331222,5
NAICS_2002_Code,NAICS_6,331311,5
NAICS_2002_Code,NAICS_6,331312,5
NAICS_2002_Code,NAICS_6,331314,5
NAICS_2002_Code,NAICS_6,331315,5
NAICS_2002_Code,NAICS_6,331316,5
NAICS_2002_Code,NAICS_6,331319,5
NAICS_2002_Code,NAICS_6,331411,5
NAICS_2002_Code,NAICS_6,331419,5
NAICS_2002_Code,NAICS_6,331421,5
NAICS_2002_Code,NAICS_6,331422,5
NAICS_2002_Code,NAICS_6,331423,5
NAICS_2002_Code,NAICS_6,331491,5
NAICS_2002_Code,NAICS_6,331492,5
NAICS_2002_Code,NAICS_6,331511,5
NAICS_2002_Code,NAICS_6,331512,5
NAICS_2002_Code,NAICS_6,331513,5
NAICS_2002_Code,NAICS_6,331521,5
NAICS_2002_Code,NAICS_6,331522,5
NAICS_2002_Code,NAICS_6,331524,5
NAICS_2002_Code,NAICS_6,331525,5
NAICS_2002_Code,NAICS_6,331528,5
NAICS_2002_Code,NAICS_6,332111,5
NAICS_2002_Code,NAICS_6,332112,5
NAICS_2002_Code,NAICS_6,332114,5
NAICS_2002_Code,NAICS_6,332115,5
NAICS_2002_Code,NAICS_6,332116,5
NAICS_2002_Code,NAICS_6,332117,5
NAICS_2002_Code,NAICS_6,332211,5
NAICS_2002_Code,NAICS_6,332212,5
NAICS_2002_Code,NAICS_6,332213,5
NAICS_2002_Code,NAICS_6,332214,5
NAICS_2002_Code,NAICS_6,332311,5
NAICS_2002_Code,NAICS_6,332312,5
NAICS_2002_Code,NAICS_6,332313,5
NAICS_2002_Code,NAICS_6,332321,5
NAICS_2002_Code,NAICS_6,332322,5
NAICS_2002_Code,NAICS_6,332323,5
NAICS_2002_Code,NAICS_6,332410,5
NAICS_2002_Code,NAICS_6,332420,5
NAICS_2002_Code,NAICS_6,332431,5
NAICS_2002_Code,NAICS_6,332439,5
NAICS_2002_Code,NAICS_6,332510,5
NAICS_2002_Code,NAICS_6,332611,5
NAICS_2002_Code,NAICS_6,332612,5
NAICS_2002_Code,NAICS_6,332618,5
NAICS_2002_Code,NAICS_6,332710,5
NAICS_2002_Code,NAICS_6,332721,5
NAICS_2002_Code,NAICS_6,332722,5
NAICS_2002_Code,NAICS_6,332811,5
NAICS_2002_Code,NAICS_6,332812,5
NAICS_2002_Code,NAICS_6,332813,5
NAICS_2002_Code,NAICS_6,332911,5
NAICS_2002_Code,NAICS_6,332912,5
NAICS_2002_Code,NAICS_6,332913,5
NAICS_2002_Code,NAICS_6,332919,5
NAICS_2002_Code,NAICS_6,332991,5
NAICS_2002_Code,NAICS_6,332992,5
NAICS_2002_Code,NAICS_6,332993,5
NAICS_2002_Code,NAICS_6,332994,5
NAICS_2002_Code,NAICS_6,332995,5
NAICS_2002_Code,NAICS_6,332996,5
NAICS_2002_Code,NAICS_6,332997,5
NAICS_2002_Code,NAICS_6,332998,5
NAICS_2002_Code,NAICS_6,332999,5
NAICS_2002_Code,NAICS_6,333111,5
NAICS_2002_Code,NAICS_6,333112,5
NAICS_2002_Code,NAICS_6,333120,5
NAICS_2002_Code,NAICS_6,333131,5
NAICS_2002_Code,NAICS_6,333132,5
NAICS_2002_Code,NAICS_6,333210,5
NAICS_2002_Code,NAICS_6,333220,5
NAICS_2002_Code,NAICS_6,333291,5
NAICS_2002_Code,NAICS_6,333292,5
NAICS_2002_Code,NAICS_6,333293,5
NAICS_2002_Code,NAICS_6,333294,5
NAICS_2002_Code,NAICS_6,333295,5
NAICS_2002_Code,NAICS_6,333298,5
NAICS_2002_Code,NAICS_6,333311,5
NAICS_2002_Code,NAICS_6,333312,5
NAICS_2002_Code,NAICS_6,333313,5
NAICS_2002_Code,NAICS_6,333314,5
NAICS_2002_Code,NAICS_6,333315,5
NAICS_2002_Code,NAICS_6,333319,5
NAICS_2002_Code,NAICS_6,333411,5
NAICS_2002_Code,NAICS_6,333412,5
NAICS_2002_Code,NAICS_6,333414,5
NAICS_2002_Code,NAICS_6,333415,5
NAICS_2002_Code,NAICS_6,333511,5
NAICS_2002_Code,NAICS_6,333512,5
NAICS_2002_Code,NAICS_6,333513,5
NAICS_2002_Code,NAICS_6,333514,5
NAICS_2002_Code,NAICS_6,333515,5
NAICS_2002_Code,NAICS_6,333516,5
NAICS_2002_Code,NAICS_6,333518,5
NAICS_2002_Code,NAICS_6,333611,5
NAICS_2002_Code,NAICS_6,333612,5
NAICS_2002_Code,NAICS_6,333613,5
NAICS_2002_Code,NAICS_6,333618,5
NAICS_2002_Code,NAICS_6,333911,5
NAICS_2002_Code,NAICS_6,333912,5
NAICS_2002_Code,NAICS_6,333913,5
NAICS_2002_Code,NAICS_6,333921,5
NAICS_2002_Code,NAICS_6,333922,5
NAICS_2002_Code,NAICS_6,333923,5
NAICS_2002_Code,NAICS_6,333924,5
NAICS_2002_Code,NAICS_6,333991,5
NAICS_2002_Code,NAICS_6,333992,5
NAICS_2002_Code,NAICS_6,333993,5
NAICS_2002_Code,NAICS_6,333994,5
NAICS_2002_Code,NAICS_6,333995,5
NAICS_2002_Code,NAICS_6,333996,5
NAICS_2002_Code,NAICS_6,333997,5
NAICS_2002_Code,NAICS_6,333999,5
NAICS_2002_Code,NAICS_6,334111,5
NAICS_2002_Code,NAICS_6,334112,5
NAICS_2002_Code,NAICS_6,334113,5
NAICS_2002_Code,NAICS_6,334119,5
NAICS_2002_Code,NAICS_6,334210,5
NAICS_2002_Code,NAICS_6,334220,5
NAICS_2002_Code,NAICS_6,334290,5
NAICS_2002_Code,NAICS_6,334310,5
NAICS_2002_Code,NAICS_6,334411,5
NAICS_2002_Code,NAICS_6,334412,5
NAICS_2002_Code,NAICS_6,334413,5
NAICS_2002_Code,NAICS_6,334414,5
NAICS_2002_Code,NAICS_6,334415,5
NAICS_2002_Code,NAICS_6,334416,5
NAICS_2002_Code,NAICS_6,334417,5
NAICS_2002_Code,NAICS_6,334418,5
NAICS_2002_Code,NAICS_6,334419,5
NAICS_2002_Code,NAICS_6,334510,5
NAICS_2002_Code,NAICS_6,334511,5
NAICS_2002_Code,NAICS_6,334512,5
NAICS_2002_Code,NAICS_6,334513,5
NAICS_2002_Code,NAICS_6,334514,5
NAICS_2002_Code,NAICS_6,334515,5
NAICS_2002_Code,NAICS_6,334516,5
NAICS_2002_Code,NAICS_6,334517,5
NAICS_2002_Code,NAICS_6,334518,5
NAICS_2002_Code,NAICS_6,334519,5
NAICS_2002_Code,NAICS_6,334611,5
NAICS_2002_Code,NAICS_6,334612,5
NAICS_2002_Code,NAICS_6,334613,5
NAICS_2002_Code,NAICS_6,335110,5
NAICS_2002_Code,NAICS_6,335121,5
NAICS_2002_Code,NAICS_6,335122,5
NAICS_2002_Code,NAICS_6,335129,5
NAICS_2002_Code,NAICS_6,335211,5
NAICS_2002_Code,NAICS_6,335212,5
NAICS_2002_Code,NAICS_6,335221,5
NAICS_2002_Code,NAICS_6,335222,5
NAICS_2002_Code,NAICS_6,335224,5
NAICS_2002_Code,NAICS_6,335228,5
NAICS_2002_Code,NAICS_6,335311,5
NAICS_2002_Code,NAICS_6,335312,5
NAICS_2002_Code,NAICS_6,335313,5
NAICS_2002_Code,NAICS_6,335314,5
NAICS_2002_Code,NAICS_6,335911,5
NAICS_2002_Code,NAICS_6,335912,5
NAICS_2002_Code,NAICS_6,335921,5
NAICS_2002_Code,NAICS_6,335929,5
NAICS_2002_Code,NAICS_6,335931,5
NAICS_2002_Code,NAICS_6,335932,5
NAICS_2002_Code,NAICS_6,335991,5
NAICS_2002_Code,NAICS_6,335999,5
NAICS_2002_Code,NAICS_6,336111,5
NAICS_2002_Code,NAICS_6,336112,5
NAICS_2002_Code,NAICS_6,336120,5
NAICS_2002_Code,NAICS_6,336211,5
NAICS_2002_Code,NAICS_6,336212,5
NAICS_2002_Code,NAICS_6,336213,5
NAICS_2002_Code,NAICS_6,336214,5
NAICS_2002_Code,NAICS_6,336311,5
NAICS_2002_Code,NAICS_6,336312,5
NAICS_2002_Code,NAICS_6,336321,5
NAICS_2002_Code,NAICS_6,336322,5
NAICS_2002_Code,NAICS_6,336330,5
NAICS_2002_Code,NAICS_6,336340,5
NAICS_2002_Code,NAICS_6,336350,5
NAICS_2002_Code,NAICS_6,336360,5
NAICS_2002_Code,NAICS_6,336370,5
NAICS_2002_Code,NAICS_6,336391,5
NAICS_2002_Code,NAICS_6,336399,5
NAICS_2002_Code,NAICS_6,336411,5
NAICS_2002_Code,NAICS_6,336412,5
NAICS_2002_Code,NAICS_6,336413,5
NAICS_2002_Code,NAICS_6,336414,5
NAICS_2002_Code,NAICS_6,336415,5
NAICS_2002_Code,NAICS_6,336419,5
NAICS_2002_Code,NAICS_6,336510,5
NAICS_2002_Code,NAICS_6,336611,5
NAICS_2002_Code,NAICS_6,336612,5
NAICS_2002_Code,NAICS_6,336991,5
NAICS_2002_Code,NAICS_6,336992,5
NAICS_2002_Code,NAICS_6,336999,5
NAICS_2002_Code,NAICS_6,337110,5
NAICS_2002_Code,NAICS_6,337121,5
NAICS_2002_Code,NAICS_6,337122,5
NAICS_2002_Code,NAICS_6,337124,5
NAICS_2002_Code,NAICS_6,337125,5
NAICS_2002_Code,NAICS_6,337127,5
NAICS_2002_Code,NAICS_6,337129,5
NAICS_2002_Code,NAICS_6,337211,5
NAICS_2002_Code,NAICS_6,337212,5
NAICS_2002_Code,NAICS_6,337214,5
NAICS_2002_Code,NAICS_6,337215,5
NAICS_2002_Code,NAICS_6,337910,5
NAICS_2002_Code,NAICS_6,337920,5
NAICS_2002_Code,NAICS_6,339111,5
NAICS_2002_Code,NAICS_6,339112,5
NAICS_2002_Code,NAICS_6,339113,5
NAICS_2002_Code,NAICS_6,339114,5
NAICS_2002_Code,NAICS_6,339115,5
NAICS_2002_Code,NAICS_6,339116,5
NAICS_2002_Code,NAICS_6,339911,5
NAICS_2002_Code,NAICS_6,339912,5
NAICS_2002_Code,NAICS_6,339913,5
NAICS_2002_Code,NAICS_6,339914,5
NAICS_2002_Code,NAICS_6,339920,5
NAICS_2002_Code,NAICS_6,339931,5
NAICS_2002_Code,NAICS_6,339932,5
NAICS_2002_Code,NAICS_6,339941,5
NAICS_2002_Code,NAICS_6,339942,5
NAICS_2002_Code,NAICS_6,339943,5
NAICS_2002_Code,NAICS_6,339944,5
NAICS_2002_Code,NAICS_6,339950,5
NAICS_2002_Code,NAICS_6,339991,5
NAICS_2002_Code,NAICS_6,339992,5
NAICS_2002_Code,NAICS_6,339993,5
NAICS_2002_Code,NAICS_6,339994,5
NAICS_2002_Code,NAICS_6,339995,5
NAICS_2002_Code,NAICS_6,339999,5
NAICS_2002_Code,NAICS_6,423110,5
NAICS_2002_Code,NAICS_6,423120,5
NAICS_2002_Code,NAICS_6,423130,5
NAICS_2002_Code,NAICS_6,423140,5
NAICS_2002_Code,NAICS_6,423210,5
NAICS_2002_Code,NAICS_6,423220,5
NAICS_2002_Code,NAICS_6,423310,5
NAICS_2002_Code,NAICS_6,423320,5
NAICS_2002_Code,NAICS_6,423330,5
NAICS_2002_Code,NAICS_6,423390,5
NAICS_2002_Code,NAICS_6,423410,5
NAICS_2002_Code,NAICS_6,423420,5
NAICS_2002_Code,NAICS_6,423430,5
NAICS_2002_Code,NAICS_6,423440,5
NAICS_2002_Code,NAICS_6,423450,5
NAICS_2002_Code,NAICS_6,423460,5
NAICS_2002_Code,NAICS_6,423490,5
NAICS_2002_Code,NAICS_6,423510,5
NAICS_2002_Code,NAICS_6,423520,5
NAICS_2002_Code,NAICS_6,423610,5
NAICS_2002_Code,NAICS_6,423620,5
NAICS_2002_Code,NAICS_6,423690,5
NAICS_2002_Code,NAICS_6,423710,5
NAICS_2002_Code,NAICS_6,423720,5
NAICS_2002_Code,NAICS_6,423730,5
NAICS_2002_Code,NAICS_6,423740,5
NAICS_2002_Code,NAICS_6,423810,5
NAICS_2002_Code,NAICS_6,423820,5
NAICS_2002_Code,NAICS_6,423830,5
NAICS_2002_Code,NAICS_6,423840,5
NAICS_2002_Code,NAICS_6,423850,5
NAICS_2002_Code,NAICS_6,423860,5
NAICS_2002_Code,NAICS_6,423910,5
NAICS_2002_Code,NAICS_6,423920,5
NAICS_2002_Code,NAICS_6,423930,5
NAICS_2002_Code,NAICS_6,423940,5
NAICS_2002_Code,NAICS_6,423990,5
NAICS_2002_Code,NAICS_6,424110,5
NAICS_2002_Code,NAICS_6,424120,5
NAICS_2002_Code,NAICS_6,424130,5
NAICS_2002_Code,NAICS_6,424210,5
NAICS_2002_Code,NAICS_6,424310,5
NAICS_2002_Code,NAICS_6,424320,5
NAICS_2002_Code,NAICS_6,424330,5
NAICS_2002_Code,NAICS_6,424340,5
NAICS_2002_Code,NAICS_6,424410,5
NAICS_2002_Code,NAICS_6,424420,5
NAICS_2002_Code,NAICS_6,424430,5
NAICS_2002_Code,NAICS_6,424440,5
NAICS_2002_Code,NAICS_6,424450,5
NAICS_2002_Code,NAICS_6,424460,5
NAICS_2002_Code,NAICS_6,424470,5
NAICS_2002_Code,NAICS_6,424480,5
NAICS_2002_Code,NAICS_6,424490,5
NAICS_2002_Code,NAICS_6,424510,5
NAICS_2002_Code,NAICS_6,424520,5
NAICS_2002_Code,NAICS_6,424590,5
NAICS_2002_Code,NAICS_6,424610,5
NAICS_2002_Code,NAICS_6,424690,5
NAICS_2002_Code,NAICS_6,424710,5
NAICS_2002_Code,NAICS_6,424720,5
NAICS_2002_Code,NAICS_6,424810,5
NAICS_2002_Code,NAICS_6,424820,5
NAICS_2002_Code,NAICS_6,424910,5
NAICS_2002_Code,NAICS_6,424920,5
NAICS_2002_Code,NAICS_6,424930,5
NAICS_2002_Code,NAICS_6,424940,5
NAICS_2002_Code,NAICS_6,424950,5
NAICS_2002_Code,NAICS_6,424990,5
NAICS_2002_Code,NAICS_6,425110,5
NAICS_2002_Code,NAICS_6,425120,5
NAICS_2002_Code,NAICS_6,441110,5
NAICS_2002_Code,NAICS_6,441120,5
NAICS_2002_Code,NAICS_6,441210,5
NAICS_2002_Code,NAICS_6,441221,5
NAICS_2002_Code,NAICS_6,441222,5
NAICS_2002_Code,NAICS_6,441229,5
NAICS_2002_Code,NAICS_6,441310,5
NAICS_2002_Code,NAICS_6,441320,5
NAICS_2002_Code,NAICS_6,442110,5
NAICS_2002_Code,NAICS_6,442210,5
NAICS_2002_Code,NAICS_6,442291,5
NAICS_2002_Code,NAICS_6,442299,5
NAICS_2002_Code,NAICS_6,443111,5
NAICS_2002_Code,NAICS_6,443112,5
NAICS_2002_Code,NAICS_6,443120,5
NAICS_2002_Code,NAICS_6,443130,5
NAICS_2002_Code,NAICS_6,444110,5
NAICS_2002_Code,NAICS_6,444120,5
NAICS_2002_Code,NAICS_6,444130,5
NAICS_2002_Code,NAICS_6,444190,5
NAICS_2002_Code,NAICS_6,444210,5
NAICS_2002_Code,NAICS_6,444220,5
NAICS_2002_Code,NAICS_6,445110,5
NAICS_2002_Code,NAICS_6,445120,5
NAICS_2002_Code,NAICS_6,445210,5
NAICS_2002_Code,NAICS_6,445220,5
NAICS_2002_Code,NAICS_6,445230,5
NAICS_2002_Code,NAICS_6,445291,5
NAICS_2002_Code,NAICS_6,445292,5
NAICS_2002_Code,NAICS_6,445299,5
NAICS_2002_Code,NAICS_6,445310,5
NAICS_2002_Code,NAICS_6,446110,5
NAICS_2002_Code,NAICS_6,446120,5
NAICS_2002_Code,NAICS_6,446130,5
NAICS_2002_Code,NAICS_6,446191,5
NAICS_2002_Code,NAICS_6,446199,5
NAICS_2002_Code,NAICS_6,447110,5
NAICS_2002_Code,NAICS_6,447190,5
NAICS_2002_Code,NAICS_6,448110,5
NAICS_2002_Code,NAICS_6,448120,5
NAICS_2002_Code,NAICS_6,448130,5
NAICS_2002_Code,NAICS_6,448140,5
NAICS_2002_Code,NAICS_6,448150,5
NAICS_2002_Code,NAICS_6,448190,5
NAICS_2002_Code,NAICS_6,448210,5
NAICS_2002_Code,NAICS_6,448310,5
NAICS_2002_Code,NAICS_6,448320,5
NAICS_2002_Code,NAICS_6,451110,5
NAICS_2002_Code,NAICS_6,451120,5
NAICS_2002_Code,NAICS_6,451130,5
NAICS_2002_Code,NAICS_6,451140,5
NAICS_2002_Code,NAICS_6,451211,5
NAICS_2002_Code,NAICS_6,451212,5
NAICS_2002_Code,NAICS_6,451220,5
NAICS_2002_Code,NAICS_6,452111,5
NAICS_2002_Code,NAICS_6,452112,5
NAICS_2002_Code,NAICS_6,452910,5
NAICS_2002_Code,NAICS_6,452990,5
NAICS_2002_Code,NAICS_6,453110,5
NAICS_2002_Code,NAICS_6,453210,5
NAICS_2002_Code,NAICS_6,453220,5
NAICS_2002_Code,NAICS_6,453310,5
NAICS_2002_Code,NAICS_6,453910,5
NAICS_2002_Code,NAICS_6,453920,5
NAICS_2002_Code,NAICS_6,453930,5
NAICS_2002_Code,NAICS_6,453991,5
NAICS_2002_Code,NAICS_6,453998,5
NAICS_2002_Code,NAICS_6,454111,5
NAICS_2002_Code,NAICS_6,454112,5
NAICS_2002_Code,NAICS_6,454113,5
NAICS_2002_Code,NAICS_6,454210,5
NAICS_2002_Code,NAICS_6,454311,5
NAICS_2002_Code,NAICS_6,454312,5
NAICS_2002_Code,NAICS_6,454319,5
NAICS_2002_Code,NAICS_6,454390,5
NAICS_2002_Code,NAICS_6,481111,5
NAICS_2002_Code,NAICS_6,481112,5
NAICS_2002_Code,NAICS_6,481211,5
NAICS_2002_Code,NAICS_6,481212,5
NAICS_2002_Code,NAICS_6,481219,5
NAICS_2002_Code,NAICS_6,482111,5
NAICS_2002_Code,NAICS_6,482112,5
NAICS_2002_Code,NAICS_6,483111,5
NAICS_2002_Code,NAICS_6,483112,5
NAICS_2002_Code,NAICS_6,483113,5
NAICS_2002_Code,NAICS_6,483114,5
NAICS_2002_Code,NAICS_6,483211,5
NAICS_2002_Code,NAICS_6,483212,5
NAICS_2002_Code,NAICS_6,484110,5
NAICS_2002_Code,NAICS_6,484121,5
NAICS_2002_Code,NAICS_6,484122,5
NAICS_2002_Code,NAICS_6,484210,5
NAICS_2002_Code,NAICS_6,484220,5
NAICS_2002_Code,NAICS_6,484230,5
NAICS_2002_Code,NAICS_6,485111,5
NAICS_2002_Code,NAICS_6,485112,5
NAICS_2002_Code,NAICS_6,485113,5
NAICS_2002_Code,NAICS_6,485119,5
NAICS_2002_Code,NAICS_6,485210,5
NAICS_2002_Code,NAICS_6,485310,5
NAICS_2002_Code,NAICS_6,485320,5
NAICS_2002_Code,NAICS_6,485410,5
NAICS_2002_Code,NAICS_6,485510,5
NAICS_2002_Code,NAICS_6,485991,5
NAICS_2002_Code,NAICS_6,485999,5
NAICS_2002_Code,NAICS_6,486110,5
NAICS_2002_Code,NAICS_6,486210,5
NAICS_2002_Code,NAICS_6,486910,5
NAICS_2002_Code,NAICS_6,486990,5
NAICS_2002_Code,NAICS_6,487110,5
NAICS_2002_Code,NAICS_6,487210,5
NAICS_2002_Code,NAICS_6,487990,5
NAICS_2002_Code,NAICS_6,488111,5
NAICS_2002_Code,NAICS_6,488119,5
NAICS_2002_Code,NAICS_6,488190,5
NAICS_2002_Code,NAICS_6,488210,5
NAICS_2002_Code,NAICS_6,488310,5
NAICS_2002_Code,NAICS_6,488320,5
NAICS_2002_Code,NAICS_6,488330,5
NAICS_2002_Code,NAICS_6,488390,5
NAICS_2002_Code,NAICS_6,488410,5
NAICS_2002_Code,NAICS_6,488490,5
NAICS_2002_Code,NAICS_6,488510,5
NAICS_2002_Code,NAICS_6,488991,5
NAICS_2002_Code,NAICS_6,488999,5
NAICS_2002_Code,NAICS_6,491110,5
NAICS_2002_Code,NAICS_6,492110,5
NAICS_2002_Code,NAICS_6,492210,5
NAICS_2002_Code,NAICS_6,493110,5
NAICS_2002_Code,NAICS_6,493120,5
NAICS_2002_Code,NAICS_6,493130,5
NAICS_2002_Code,NAICS_6,493190,5
NAICS_2002_Code,NAICS_6,511110,5
NAICS_2002_Code,NAICS_6,511120,5
NAICS_2002_Code,NAICS_6,511130,5
NAICS_2002_Code,NAICS_6,511140,5
NAICS_2002_Code,NAICS_6,511191,5
NAICS_2002_Code,NAICS_6,511199,5
NAICS_2002_Code,NAICS_6,511210,5
NAICS_2002_Code,NAICS_6,512110,5
NAICS_2002_Code,NAICS_6,512120,5
NAICS_2002_Code,NAICS_6,512131,5
NAICS_2002_Code,NAICS_6,512132,5
NAICS_2002_Code,NAICS_6,512191,5
NAICS_2002_Code,NAICS_6,512199,5
NAICS_2002_Code,NAICS_6,512210,5
NAICS_2002_Code,NAICS_6,512220,5
NAICS_2002_Code,NAICS_6,512230,5
NAICS_2002_Code,NAICS_6,512240,5
NAICS_2002_Code,NAICS_6,512290,5
NAICS_2002_Code,NAICS_6,515111,5
NAICS_2002_Code,NAICS_6,515112,5
NAICS_2002_Code,NAICS_6,515120,5
NAICS_2002_Code,NAICS_6,515210,5
NAICS_2002_Code,NAICS_6,516110,5
NAICS_2002_Code,NAICS_6,517110,5
NAICS_2002_Code,NAICS_6,517211,5
NAICS_2002_Code,NAICS_6,517212,5
NAICS_2002_Code,NAICS_6,517310,5
NAICS_2002_Code,NAICS_6,517410,5
NAICS_2002_Code,NAICS_6,517510,5
NAICS_2002_Code,NAICS_6,517910,5
NAICS_2002_Code,NAICS_6,518111,5
NAICS_2002_Code,NAICS_6,518112,5
NAICS_2002_Code,NAICS_6,518210,5
NAICS_2002_Code,NAICS_6,519110,5
NAICS_2002_Code,NAICS_6,519120,5
NAICS_2002_Code,NAICS_6,519190,5
NAICS_2002_Code,NAICS_6,521110,5
NAICS_2002_Code,NAICS_6,522110,5
NAICS_2002_Code,NAICS_6,522120,5
NAICS_2002_Code,NAICS_6,522130,5
NAICS_2002_Code,NAICS_6,522190,5
NAICS_2002_Code,NAICS_6,522210,5
NAICS_2002_Code,NAICS_6,522220,5
NAICS_2002_Code,NAICS_6,522291,5
NAICS_2002_Code,NAICS_6,522292,5
NAICS_2002_Code,NAICS_6,522293,5
NAICS_2002_Code,NAICS_6,522294,5
NAICS_2002_Code,NAICS_6,522298,5
NAICS_2002_Code,NAICS_6,522310,5
NAICS_2002_Code,NAICS_6,522320,5
NAICS_2002_Code,NAICS_6,522390,5
NAICS_2002_Code,NAICS_6,523110,5
NAICS_2002_Code,NAICS_6,523120,5
NAICS_2002_Code,NAICS_6,523130,5
NAICS_2002_Code,NAICS_6,523140,5
NAICS_2002_Code,NAICS_6,523210,5
NAICS_2002_Code,NAICS_6,523910,5
NAICS_2002_Code,NAICS_6,523920,5
NAICS_2002_Code,NAICS_6,523930,5
NAICS_2002_Code,NAICS_6,523991,5
NAICS_2002_Code,NAICS_6,523999,5
NAICS_2002_Code,NAICS_6,524113,5
NAICS_2002_Code,NAICS_6,524114,5
NAICS_2002_Code,NAICS_6,524126,5
NAICS_2002_Code,NAICS_6,524127,5
NAICS_2002_Code,NAICS_6,524128,5
NAICS_2002_Code,NAICS_6,524130,5
NAICS_2002_Code,NAICS_6,524210,5
NAICS_2002_Code,NAICS_6,524291,5
NAICS_2002_Code,NAICS_6,524292,5
NAICS_2002_Code,NAICS_6,524298,5
NAICS_2002_Code,NAICS_6,525110,5
NAICS_2002_Code,NAICS_6,525120,5
NAICS_2002_Code,NAICS_6,525190,5
NAICS_2002_Code,NAICS_6,525910,5
NAICS_2002_Code,NAICS_6,525920,5
NAICS_2002_Code,NAICS_6,525930,5
NAICS_2002_Code,NAICS_6,525990,5
NAICS_2002_Code,NAICS_6,531110,5
NAICS_2002_Code,NAICS_6,531120,5
NAICS_2002_Code,NAICS_6,531130,5
NAICS_2002_Code,NAICS_6,531190,5
NAICS_2002_Code,NAICS_6,531210,5
NAICS_2002_Code,NAICS_6,531311,5
NAICS_2002_Code,NAICS_6,531312,5
NAICS_2002_Code,NAICS_6,531320,5
NAICS_2002_Code,NAICS_6,531390,5
NAICS_2002_Code,NAICS_6,532111,5
NAICS_2002_Code,NAICS_6,532112,5
NAICS_2002_Code,NAICS_6,532120,5
NAICS_2002_Code,NAICS_6,532210,5
NAICS_2002_Code,NAICS_6,532220,5
NAICS_2002_Code,NAICS_6,532230,5
NAICS_2002_Code,NAICS_6,532291,5
NAICS_2002_Code,NAICS_6,532292,5
NAICS_2002_Code,NAICS_6,532299,5
NAICS_2002_Code,NAICS_6,532310,5
NAICS_2002_Code,NAICS_6,532411,5
NAICS_2002_Code,NAICS_6,532412,5
NAICS_2002_Code,NAICS_6,532420,5
NAICS_2002_Code,NAICS_6,532490,5
NAICS_2002_Code,NAICS_6,533110,5
NAICS_2002_Code,NAICS_6,541110,5
NAICS_2002_Code,NAICS_6,541120,5
NAICS_2002_Code,NAICS_6,541191,5
NAICS_2002_Code,NAICS_6,541199,5
NAICS_2002_Code,NAICS_6,541211,5
NAICS_2002_Code,NAICS_6,541213,5
NAICS_2002_Code,NAICS_6,541214,5
NAICS_2002_Code,NAICS_6,541219,5
NAICS_2002_Code,NAICS_6,541310,5
NAICS_2002_Code,NAICS_6,541320,5
NAICS_2002_Code,NAICS_6,541330,5
NAICS_2002_Code,NAICS_6,541340,5
NAICS_2002_Code,NAICS_6,541350,5
NAICS_2002_Code,NAICS_6,541360,5
NAICS_2002_Code,NAICS_6,541370,5
NAICS_2002_Code,NAICS_6,541380,5
NAICS_2002_Code,NAICS_6,541410,5
NAICS_2002_Code,NAICS_6,541420,5
NAICS_2002_Code,NAICS_6,541430,5
NAICS_2002_Code,NAICS_6,541490,5
NAICS_2002_Code,NAICS_6,541511,5
NAICS_2002_Code,NAICS_6,541512,5
NAICS_2002_Code,NAICS_6,541513,5
NAICS_2002_Code,NAICS_6,541519,5
NAICS_2002_Code,NAICS_6,541611,5
NAICS_2002_Code,NAICS_6,541612,5
NAICS_2002_Code,NAICS_6,541613,5
NAICS_2002_Code,NAICS_6,541614,5
NAICS_2002_Code,NAICS_6,541618,5
NAICS_2002_Code,NAICS_6,541620,5
NAICS_2002_Code,NAICS_6,541690,5
NAICS_2002_Code,NAICS_6,541710,5
NAICS_2002_Code,NAICS_6,541720,5
NAICS_2002_Code,NAICS_6,541810,5
NAICS_2002_Code,NAICS_6,541820,5
NAICS_2002_Code,NAICS_6,541830,5
NAICS_2002_Code,NAICS_6,541840,5
NAICS_2002_Code,NAICS_6,541850,5
NAICS_2002_Code,NAICS_6,541860,5
NAICS_2002_Code,NAICS_6,541870,5
NAICS_2002_Code,NAICS_6,541890,5
NAICS_2002_Code,NAICS_6,541910,5
NAICS_2002_Code,NAICS_6,541921,5
NAICS_2002_Code,NAICS_6,541922,5
NAICS_2002_Code,NAICS_6,541930,5
NAICS_2002_Code,NAICS_6,541940,5
NAICS_2002_Code,NAICS_6,541990,5
NAICS_2002_Code,NAICS_6,551111,5
NAICS_2002_Code,NAICS_6,551112,5
NAICS_2002_Code,NAICS_6,551114,5
NAICS_2002_Code,NAICS_6,561110,5
NAICS_2002_Code,NAICS_6,561210,5
NAICS_2002_Code,NAICS_6,561310,5
NAICS_2002_Code,NAICS_6,561320,5
NAICS_2002_Code,NAICS_6,561330,5
NAICS_2002_Code,NAICS_6,561410,5
NAICS_2002_Code,NAICS_6,561421,5
NAICS_2002_Code,NAICS_6,561422,5
NAICS_2002_Code,NAICS_6,561431,5
NAICS_2002_Code,NAICS_6,561439,5
NAICS_2002_Code,NAICS_6,561440,5
NAICS_2002_Code,NAICS_6,561450,5
NAICS_2002_Code,NAICS_6,561491,5
NAICS_2002_Code,NAICS_6,561492,5
NAICS_2002_Code,NAICS_6,561499,5
NAICS_2002_Code,NAICS_6,561510,5
NAICS_2002_Code,NAICS_6,561520,5
NAICS_2002_Code,NAICS_6,561591,5
NAICS_2002_Code,NAICS_6,561599,5
NAICS_2002_Code,NAICS_6,561611,5
NAICS_2002_Code,NAICS_6,561612,5
NAICS_2002_Code,NAICS_6,561613,5
NAICS_2002_Code,NAICS_6,561621,5
NAICS_2002_Code,NAICS_6,561622,5
NAICS_2002_Code,NAICS_6,561710,5
NAICS_2002_Code,NAICS_6,561720,5
NAICS_2002_Code,NAICS_6,561730,5
NAICS_2002_Code,NAICS_6,561740,5
NAICS_2002_Code,NAICS_6,561790,5
NAICS_2002_Code,NAICS_6,561910,5
NAICS_2002_Code,NAICS_6,561920,5
NAICS_2002_Code,NAICS_6,561990,5
NAICS_2002_Code,NAICS_6,562111,5
NAICS_2002_Code,NAICS_6,562112,5
NAICS_2002_Code,NAICS_6,562119,5
NAICS_2002_Code,NAICS_6,562211,5
NAICS_2002_Code,NAICS_6,562212,5
NAICS_2002_Code,NAICS_6,562213,5
NAICS_2002_Code,NAICS_6,562219,5
NAICS_2002_Code,NAICS_6,562910,5
NAICS_2002_Code,NAICS_6,562920,5
NAICS_2002_Code,NAICS_6,562991,5
NAICS_2002_Code,NAICS_6,562998,5
NAICS_2002_Code,NAICS_6,611110,5
NAICS_2002_Code,NAICS_6,611210,5
NAICS_2002_Code,NAICS_6,611310,5
NAICS_2002_Code,NAICS_6,611410,5
NAICS_2002_Code,NAICS_6,611420,5
NAICS_2002_Code,NAICS_6,611430,5
NAICS_2002_Code,NAICS_6,611511,5
NAICS_2002_Code,NAICS_6,611512,5
NAICS_2002_Code,NAICS_6,611513,5
NAICS_2002_Code,NAICS_6,611519,5
NAICS_2002_Code,NAICS_6,611610,5
NAICS_2002_Code,NAICS_6,611620,5
NAICS_2002_Code,NAICS_6,611630,5
NAICS_2002_Code,NAICS_6,611691,5
NAICS_2002_Code,NAICS_6,611692,5
NAICS_2002_Code,NAICS_6,611699,5
NAICS_2002_Code,NAICS_6,611710,5
NAICS_2002_Code,NAICS_6,621111,5
NAICS_2002_Code,NAICS_6,621112,5
NAICS_2002_Code,NAICS_6,621210,5
NAICS_2002_Code,NAICS_6,621310,5
NAICS_2002_Code,NAICS_6,621320,5
NAICS_2002_Code,NAICS_6,621330,5
NAICS_2002_Code,NAICS_6,621340,5
NAICS_2002_Code,NAICS_6,621391,5
NAICS_2002_Code,NAICS_6,621399,5
NAICS_2002_Code,NAICS_6,621410,5
NAICS_2002_Code,NAICS_6,621420,5
NAICS_2002_Code,NAICS_6,621491,5
NAICS_2002_Code,NAICS_6,621492,5
NAICS_2002_Code,NAICS_6,621493,5
NAICS_2002_Code,NAICS_6,621498,5
NAICS_2002_Code,NAICS_6,621511,5
NAICS_2002_Code,NAICS_6,621512,5
NAICS_2002_Code,NAICS_6,621610,5
NAICS_2002_Code,NAICS_6,621910,5
NAICS_2002_Code,NAICS_6,621991,5
NAICS_2002_Code,NAICS_6,621999,5
NAICS_2002_Code,NAICS_6,622110,5
NAICS_2002_Code,NAICS_6,622210,5
NAICS_2002_Code,NAICS_6,622310,5
NAICS_2002_Code,NAICS_6,623110,5
NAICS_2002_Code,NAICS_6,623210,5
NAICS_2002_Code,NAICS_6,623220,5
NAICS_2002_Code,NAICS_6,623311,5
NAICS_2002_Code,NAICS_6,623312,5
NAICS_2002_Code,NAICS_6,623990,5
NAICS_2002_Code,NAICS_6,624110,5
NAICS_2002_Code,NAICS_6,624120,5
NAICS_2002_Code,NAICS_6,624190,5
NAICS_2002_Code,NAICS_6,624210,5
NAICS_2002_Code,NAICS_6,624221,5
NAICS_2002_Code,NAICS_6,624229,5
NAICS_2002_Code,NAICS_6,624230,5
NAICS_2002_Code,NAICS_6,624310,5
NAICS_2002_Code,NAICS_6,624410,5
NAICS_2002_Code,NAICS_6,711110,5
NAICS_2002_Code,NAICS_6,711120,5
NAICS_2002_Code,NAICS_6,711130,5
NAICS_2002_Code,NAICS_6,711190,5
NAICS_2002_Code,NAICS_6,711211,5
NAICS_2002_Code,NAICS_6,711212,5
NAICS_2002_Code,NAICS_6,711219,5
NAICS_2002_Code,NAICS_6,711310,5
NAICS_2002_Code,NAICS_6,711320,5
NAICS_2002_Code,NAICS_6,711410,5
NAICS_2002_Code,NAICS_6,711510,5
NAICS_2002_Code,NAICS_6,712110,5
NAICS_2002_Code,NAICS_6,712120,5
NAICS_2002_Code,NAICS_6,712130,5
NAICS_2002_Code,NAICS_6,712190,5
NAICS_2002_Code,NAICS_6,713110,5
NAICS_2002_Code,NAICS_6,713120,5
NAICS_2002_Code,NAICS_6,713210,5
NAICS_2002_Code,NAICS_6,713290,5
NAICS_2002_Code,NAICS_6,713910,5
NAICS_2002_Code,NAICS_6,713920,5
NAICS_2002_Code,NAICS_6,713930,5
NAICS_2002_Code,NAICS_6,713940,5
NAICS_2002_Code,NAICS_6,713950,5
NAICS_2002_Code,NAICS_6,713990,5
NAICS_2002_Code,NAICS_6,721110,5
NAICS_2002_Code,NAICS_6,721120,5
NAICS_2002_Code,NAICS_6,721191,5
NAICS_2002_Code,NAICS_6,721199,5
NAICS_2002_Code,NAICS_6,721211,5
NAICS_2002_Code,NAICS_6,721214,5
NAICS_2002_Code,NAICS_6,721310,5
NAICS_2002_Code,NAICS_6,722110,5
NAICS_2002_Code,NAICS_6,722211,5
NAICS_2002_Code,NAICS_6,722212,5
NAICS_2002_Code,NAICS_6,722213,5
NAICS_2002_Code,NAICS_6,722310,5
NAICS_2002_Code,NAICS_6,722320,5
NAICS_2002_Code,NAICS_6,722330,5
NAICS_2002_Code,NAICS_6,722410,5
NAICS_2002_Code,NAICS_6,811111,5
NAICS_2002_Code,NAICS_6,811112,5
NAICS_2002_Code,NAICS_6,811113,5
NAICS_2002_Code,NAICS_6,811118,5
NAICS_2002_Code,NAICS_6,811121,5
NAICS_2002_Code,NAICS_6,811122,5
NAICS_2002_Code,NAICS_6,811191,5
NAICS_2002_Code,NAICS_6,811192,5
NAICS_2002_Code,NAICS_6,811198,5
NAICS_2002_Code,NAICS_6,811211,5
NAICS_2002_Code,NAICS_6,811212,5
NAICS_2002_Code,NAICS_6,811213,5
NAICS_2002_Code,NAICS_6,811219,5
NAICS_2002_Code,NAICS_6,811310,5
NAICS_2002_Code,NAICS_6,811411,5
NAICS_2002_Code,NAICS_6,811412,5
NAICS_2002_Code,NAICS_6,811420,5
NAICS_2002_Code,NAICS_6,811430,5
NAICS_2002_Code,NAICS_6,811490,5
NAICS_2002_Code,NAICS_6,812111,5
NAICS_2002_Code,NAICS_6,812112,5
NAICS_2002_Code,NAICS_6,812113,5
NAICS_2002_Code,NAICS_6,812191,5
NAICS_2002_Code,NAICS_6,812199,5
NAICS_2002_Code,NAICS_6,812210,5
NAICS_2002_Code,NAICS_6,812220,5
NAICS_2002_Code,NAICS_6,812310,5
NAICS_2002_Code,NAICS_6,812320,5
NAICS_2002_Code,NAICS_6,812331,5
NAICS_2002_Code,NAICS_6,812332,5
NAICS_2002_Code,NAICS_6,812910,5
NAICS_2002_Code,NAICS_6,812921,5
NAICS_2002_Code,NAICS_6,812922,5
NAICS_2002_Code,NAICS_6,812930,5
NAICS_2002_Code,NAICS_6,812990,5
NAICS_2002_Code,NAICS_6,813110,5
NAICS_2002_Code,NAICS_6,813211,5
NAICS_2002_Code,NAICS_6,813212,5
NAICS_2002_Code,NAICS_6,813219,5
NAICS_2002_Code,NAICS_6,813311,5
NAICS_2002_Code,NAICS_6,813312,5
NAICS_2002_Code,NAICS_6,813319,5
NAICS_2002_Code,NAICS_6,813410,5
NAICS_2002_Code,NAICS_6,813910,5
NAICS_2002_Code,NAICS_6,813920,5
NAICS_2002_Code,NAICS_6,813930,5
NAICS_2002_Code,NAICS_6,813940,5
NAICS_2002_Code,NAICS_6,813990,5
NAICS_2002_Code,NAICS_6,814110,5
NAICS_2002_Code,NAICS_6,921110,5
NAICS_2002_Code,NAICS_6,921120,5
NAICS_2002_Code,NAICS_6,921130,5
NAICS_2002_Code,NAICS_6,921140,5
NAICS_2002_Code,NAICS_6,921150,5
NAICS_2002_Code,NAICS_6,921190,5
NAICS_2002_Code,NAICS_6,922110,5
NAICS_2002_Code,NAICS_6,922120,5
NAICS_2002_Code,NAICS_6,922130,5
NAICS_2002_Code,NAICS_6,922140,5
NAICS_2002_Code,NAICS_6,922150,5
NAICS_2002_Code,NAICS_6,922160,5
NAICS_2002_Code,NAICS_6,922190,5
NAICS_2002_Code,NAICS_6,923110,5
NAICS_2002_Code,NAICS_6,923120,5
NAICS_2002_Code,NAICS_6,923130,5
NAICS_2002_Code,NAICS_6,923140,5
NAICS_2002_Code,NAICS_6,924110,5
NAICS_2002_Code,NAICS_6,924120,5
NAICS_2002_Code,NAICS_6,925110,5
NAICS_2002_Code,NAICS_6,925120,5
NAICS_2002_Code,NAICS_6,926110,5
NAICS_2002_Code,NAICS_6,926120,5
NAICS_2002_Code,NAICS_6,926130,5
NAICS_2002_Code,NAICS_6,926140,5
NAICS_2002_Code,NAICS_6,926150,5
NAICS_2002_Code,NAICS_6,927110,5
NAICS_2002_Code,NAICS_6,928110,5
NAICS_2002_Code,NAICS_6,928120,5
NAICS_2002_Code,NAICS_7,111120A,6
NAICS_2002_Code,NAICS_7,111120B,6
NAICS_2002_Code,NAICS_7,111120C,6
NAICS_2002_Code,NAICS_7,111120D,6
NAICS_2002_Code,NAICS_7,111120E,6
NAICS_2002_Code,NAICS_7,111120F,6
NAICS_2002_Code,NAICS_7,111120G,6
NAICS_2002_Code,NAICS_7,111120H,6
NAICS_2002_Code,NAICS_7,111130A,6
NAICS_2002_Code,NAICS_7,111130B,6
NAICS_2002_Code,NAICS_7,111130C,6
NAICS_2002_Code,NAICS_7,111130D,6
NAICS_2002_Code,NAICS_7,111130E,6
NAICS_2002_Code,NAICS_7,111130G,6
NAICS_2002_Code,NAICS_7,111130H,6
NAICS_2002_Code,NAICS_7,111130I,6
NAICS_2002_Code,NAICS_7,111130J,6
NAICS_2002_Code,NAICS_7,111150A,6
NAICS_2002_Code,NAICS_7,111150B,6
NAICS_2002_Code,NAICS_7,111150C,6
NAICS_2002_Code,NAICS_7,111199A,6
NAICS_2002_Code,NAICS_7,111199B,6
NAICS_2002_Code,NAICS_7,111199C,6
NAICS_2002_Code,NAICS_7,111199D,6
NAICS_2002_Code,NAICS_7,111199E,6
NAICS_2002_Code,NAICS_7,111199F,6
NAICS_2002_Code,NAICS_7,111199G,6
NAICS_2002_Code,NAICS_7,111199H,6
NAICS_2002_Code,NAICS_7,111199I,6
NAICS_2002_Code,NAICS_7,111199J,6
NAICS_2002_Code,NAICS_7,111199K,6
NAICS_2002_Code,NAICS_7,111211A,6
NAICS_2002_Code,NAICS_7,111211B,6
NAICS_2002_Code,NAICS_7,111219A,6
NAICS_2002_Code,NAICS_7,111219B,6
NAICS_2002_Code,NAICS_7,111219C,6
NAICS_2002_Code,NAICS_7,111219D,6
NAICS_2002_Code,NAICS_7,111219E,6
NAICS_2002_Code,NAICS_7,111219F,6
NAICS_2002_Code,NAICS_7,111219G,6
NAICS_2002_Code,NAICS_7,111219H,6
NAICS_2002_Code,NAICS_7,111219I,6
NAICS_2002_Code,NAICS_7,111219J,6
NAICS_2002_Code,NAICS_7,111219K,6
NAICS_2002_Code,NAICS_7,111219L,6
NAICS_2002_Code,NAICS_7,111219M,6
NAICS_2002_Code,NAICS_7,111219N,6
NAICS_2002_Code,NAICS_7,111219P,6
NAICS_2002_Code,NAICS_7,111219Q,6
NAICS_2002_Code,NAICS_7,111219R,6
NAICS_2002_Code,NAICS_7,111219T,6
NAICS_2002_Code,NAICS_7,111219U,6
NAICS_2002_Code,NAICS_7,111219V,6
NAICS_2002_Code,NAICS_7,111219W,6
NAICS_2002_Code,NAICS_7,111219X,6
NAICS_2002_Code,NAICS_7,111219Y,6
NAICS_2002_Code,NAICS_7,111219Z,6
NAICS_2002_Code,NAICS_7,111421A,6
NAICS_2002_Code,NAICS_7,111421B,6
NAICS_2002_Code,NAICS_7,111930A,6
NAICS_2002_Code,NAICS_7,111930B,6
NAICS_2002_Code,NAICS_7,111940A,6
NAICS_2002_Code,NAICS_7,111940B,6
NAICS_2002_Code,NAICS_7,111991A,6
NAICS_2002_Code,NAICS_7,111991B,6
NAICS_2002_Code,NAICS_7,111998A,6
NAICS_2002_Code,NAICS_7,111998B,6
NAICS_2002_Code,NAICS_7,111998C,6
NAICS_2002_Code,NAICS_7,111998D,6
NAICS_2002_Code,NAICS_7,111998E,6
NAICS_2002_Code,NAICS_7,111998F,6
NAICS_2002_Code,NAICS_7,111998G,6
NAICS_2002_Code,NAICS_7,111998H,6
NAICS_2002_Code,NAICS_7,111998I,6
NAICS_2002_Code,NAICS_7,111998J,6
NAICS_2002_Code,NAICS_7,111998K,6
NAICS_2002_Code,NAICS_7,111998L,6
NAICS_2002_Code,NAICS_7,111998M,6
NAICS_2002_Code,NAICS_7,111998N,6
NAICS_2002_Code,NAICS_7,111998O,6
NAICS_2002_Code,NAICS_7,111998P,6
NAICS_2002_Code,NAICS_7,111998Q,6
NAICS_2002_Code,NAICS_7,111998R,6
NAICS_2002_Code,NAICS_7,111998S,6
NAICS_2002_Code,NAICS_7,111998T,6
NAICS_2002_Code,NAICS_7,112130A,6
NAICS_2002_Code,NAICS_7,112130B,6
NAICS_2002_Code,NAICS_7,112320A,6
NAICS_2002_Code,NAICS_7,112320B,6
NAICS_2002_Code,NAICS_7,112320C,6
NAICS_2002_Code,NAICS_7,112390A,6
NAICS_2002_Code,NAICS_7,112390B,6
NAICS_2002_Code,NAICS_7,112390C,6
NAICS_2002_Code,NAICS_7,112390D,6
NAICS_2002_Code,NAICS_7,112390E,6
NAICS_2002_Code,NAICS_7,112390F,6
NAICS_2002_Code,NAICS_7,112390G,6
NAICS_2002_Code,NAICS_7,112390H,6
NAICS_2002_Code,NAICS_7,112390J,6
NAICS_2002_Code,NAICS_7,112390K,6
NAICS_2002_Code,NAICS_7,112390L,6
NAICS_2002_Code,NAICS_7,112390M,6
NAICS_2002_Code,NAICS_7,112390N,6
NAICS_2002_Code,NAICS_7,112410A,6
NAICS_2002_Code,NAICS_7,112410B,6
NAICS_2002_Code,NAICS_7,112910A,6
NAICS_2002_Code,NAICS_7,112910B,6
NAICS_2002_Code,NAICS_7,112920A,6
NAICS_2002_Code,NAICS_7,112920B,6
NAICS_2002_Code,NAICS_7,112930A,6
NAICS_2002_Code,NAICS_7,112930B,6
NAICS_2002_Code,NAICS_7,112990A,6
NAICS_2002_Code,NAICS_7,112990B,6
NAICS_2002_Code,NAICS_7,112990C,6
NAICS_2002_Code,NAICS_7,112990D,6
NAICS_2002_Code,NAICS_7,112990E,6
NAICS_2002_Code,NAICS_7,112990F,6
NAICS_2002_Code,NAICS_7,221112A,6
NAICS_2002_Code,NAICS_7,221112B,6
NAICS_2002_Code,NAICS_7,221112C,6
NAICS_2002_Code,NAICS_7,5622121,6
NAICS_2002_Code,NAICS_7,5622191,6
NAICS_2002_Code,NAICS_7,5622192,6
NAICS_2002_Code,NAICS_7,5629201,6
NAICS_2002_Code,NAICS_7,5629202,6
NAICS_2002_Code,NAICS_7,5629203,6
NAICS_2007_Code,NAICS_2,11,1
NAICS_2007_Code,NAICS_2,21,1
NAICS_2007_Code,NAICS_2,22,1
NAICS_2007_Code,NAICS_2,23,1
NAICS_2007_Code,NAICS_2,31,1
NAICS_2007_Code,NAICS_2,32,1
NAICS_2007_Code,NAICS_2,33,1
NAICS_2007_Code,NAICS_2,42,1
NAICS_2007_Code,NAICS_2,44,1
NAICS_2007_Code,NAICS_2,45,1
NAICS_2007_Code,NAICS_2,48,1
NAICS_2007_Code,NAICS_2,49,1
NAICS_2007_Code,NAICS_2,51,1
NAICS_2007_Code,NAICS_2,52,1
NAICS_2007_Code,NAICS_2,53,1
NAICS_2007_Code,NAICS_2,54,1
NAICS_2007_Code,NAICS_2,55,1
NAICS_2007_Code,NAICS_2,56,1
NAICS_2007_Code,NAICS_2,61,1
NAICS_2007_Code,NAICS_2,62,1
NAICS_2007_Code,NAICS_2,71,1
NAICS_2007_Code,NAICS_2,72,1
NAICS_2007_Code,NAICS_2,81,1
NAICS_2007_Code,NAICS_2,92,1
NAICS_2007_Code,NAICS_3,111,2
NAICS_2007_Code,NAICS_3,112,2
NAICS_2007_Code,NAICS_3,113,2
NAICS_2007_Code,NAICS_3,114,2
NAICS_2007_Code,NAICS_3,115,2
NAICS_2007_Code,NAICS_3,211,2
NAICS_2007_Code,NAICS_3,212,2
NAICS_2007_Code,NAICS_3,213,2
NAICS_2007_Code,NAICS_3,221,2
NAICS_2007_Code,NAICS_3,236,2
NAICS_2007_Code,NAICS_3,237,2
NAICS_2007_Code,NAICS_3,238,2
NAICS_2007_Code,NAICS_3,311,2
NAICS_2007_Code,NAICS_3,312,2
NAICS_2007_Code,NAICS_3,313,2
NAICS_2007_Code,NAICS_3,314,2
NAICS_2007_Code,NAICS_3,315,2
NAICS_2007_Code,NAICS_3,316,2
NAICS_2007_Code,NAICS_3,321,2
NAICS_2007_Code,NAICS_3,322,2
NAICS_2007_Code,NAICS_3,323,2
NAICS_2007_Code,NAICS_3,324,2
NAICS_2007_Code,NAICS_3,325,2
NAICS_2007_Code,NAICS_3,326,2
NAICS_2007_Code,NAICS_3,327,2
NAICS_2007_Code,NAICS_3,331,2
NAICS_2007_Code,NAICS_3,332,2
NAICS_2007_Code,NAICS_3,333,2
NAICS_2007_Code,NAICS_3,334,2
NAICS_2007_Code,NAICS_3,335,2
NAICS_2007_Code,NAICS_3,336,2
NAICS_2007_Code,NAICS_3,337,2
NAICS_2007_Code,NAICS_3,339,2
NAICS_2007_Code,NAICS_3,423,2
NAICS_2007_Code,NAICS_3,424,2
NAICS_2007_Code,NAICS_3,425,2
NAICS_2007_Code,NAICS_3,441,2
NAICS_2007_Code,NAICS_3,442,2
NAICS_2007_Code,NAICS_3,443,2
NAICS_2007_Code,NAICS_3,444,2
NAICS_2007_Code,NAICS_3,445,2
NAICS_2007_Code,NAICS_3,446,2
NAICS_2007_Code,NAICS_3,447,2
NAICS_2007_Code,NAICS_3,448,2
NAICS_2007_Code,NAICS_3,451,2
NAICS_2007_Code,NAICS_3,452,2
NAICS_2007_Code,NAICS_3,453,2
NAICS_2007_Code,NAICS_3,454,2
NAICS_2007_Code,NAICS_3,481,2
NAICS_2007_Code,NAICS_3,482,2
NAICS_2007_Code,NAICS_3,483,2
NAICS_2007_Code,NAICS_3,484,2
NAICS_2007_Code,NAICS_3,485,2
NAICS_2007_Code,NAICS_3,486,2
NAICS_2007_Code,NAICS_3,487,2
NAICS_2007_Code,NAICS_3,488,2
NAICS_2007_Code,NAICS_3,491,2
NAICS_2007_Code,NAICS_3,492,2
NAICS_2007_Code,NAICS_3,493,2
NAICS_2007_Code,NAICS_3,511,2
NAICS_2007_Code,NAICS_3,512,2
NAICS_2007_Code,NAICS_3,515,2
NAICS_2007_Code,NAICS_3,517,2
NAICS_2007_Code,NAICS_3,518,2
NAICS_2007_Code,NAICS_3,519,2
NAICS_2007_Code,NAICS_3,521,2
NAICS_2007_Code,NAICS_3,522,2
NAICS_2007_Code,NAICS_3,523,2
NAICS_2007_Code,NAICS_3,524,2
NAICS_2007_Code,NAICS_3,525,2
NAICS_2007_Code,NAICS_3,531,2
NAICS_2007_Code,NAICS_3,532,2
NAICS_2007_Code,NAICS_3,533,2
NAICS_2007_Code,NAICS_3,541,2
NAICS_2007_Code,NAICS_3,551,2
NAICS_2007_Code,NAICS_3,561,2
NAICS_2007_Code,NAICS_3,562,2
NAICS_2007_Code,NAICS_3,611,2
NAICS_2007_Code,NAICS_3,621,2
NAICS_2007_Code,NAICS_3,622,2
NAICS_2007_Code,NAICS_3,623,2
NAICS_2007_Code,NAICS_3,624,2
NAICS_2007_Code,NAICS_3,711,2
NAICS_2007_Code,NAICS_3,712,2
NAICS_2007_Code,NAICS_3,713,2
NAICS_2007_Code,NAICS_3,721,2
NAICS_2007_Code,NAICS_3,722,2
NAICS_2007_Code,NAICS_3,811,2
NAICS_2007_Code,NAICS_3,812,2
NAICS_2007_Code,NAICS_3,813,2
NAICS_2007_Code,NAICS_3,814,2
NAICS_2007_Code,NAICS_3,921,2
NAICS_2007_Code,NAICS_3,922,2
NAICS_2007_Code,NAICS_3,923,2
NAICS_2007_Code,NAICS_3,924,2
NAICS_2007_Code,NAICS_3,925,2
NAICS_2007_Code,NAICS_3,926,2
NAICS_2007_Code,NAICS_3,927,2
NAICS_2007_Code,NAICS_3,928,2
NAICS_2007_Code,NAICS_4,1111,3
NAICS_2007_Code,NAICS_4,1112,3
NAICS_2007_Code,NAICS_4,1113,3
NAICS_2007_Code,NAICS_4,1114,3
NAICS_2007_Code,NAICS_4,1119,3
NAICS_2007_Code,NAICS_4,1121,3
NAICS_2007_Code,NAICS_4,1122,3
NAICS_2007_Code,NAICS_4,1123,3
NAICS_2007_Code,NAICS_4,1124,3
NAICS_2007_Code,NAICS_4,1125,3
NAICS_2007_Code,NAICS_4,1129,3
NAICS_2007_Code,NAICS_4,1131,3
NAICS_2007_Code,NAICS_4,1132,3
NAICS_2007_Code,NAICS_4,1133,3
NAICS_2007_Code,NAICS_4,1141,3
NAICS_2007_Code,NAICS_4,1142,3
NAICS_2007_Code,NAICS_4,1151,3
NAICS_2007_Code,NAICS_4,1152,3
NAICS_2007_Code,NAICS_4,1153,3
NAICS_2007_Code,NAICS_4,2111,3
NAICS_2007_Code,NAICS_4,2121,3
NAICS_2007_Code,NAICS_4,2122,3
NAICS_2007_Code,NAICS_4,2123,3
NAICS_2007_Code,NAICS_4,2131,3
NAICS_2007_Code,NAICS_4,2211,3
NAICS_2007_Code,NAICS_4,2212,3
NAICS_2007_Code,NAICS_4,2213,3
NAICS_2007_Code,NAICS_4,2361,3
NAICS_2007_Code,NAICS_4,2362,3
NAICS_2007_Code,NAICS_4,2371,3
NAICS_2007_Code,NAICS_4,2372,3
NAICS_2007_Code,NAICS_4,2373,3
NAICS_2007_Code,NAICS_4,2379,3
NAICS_2007_Code,NAICS_4,2381,3
NAICS_2007_Code,NAICS_4,2382,3
NAICS_2007_Code,NAICS_4,2383,3
NAICS_2007_Code,NAICS_4,2389,3
NAICS_2007_Code,NAICS_4,3111,3
NAICS_2007_Code,NAICS_4,3112,3
NAICS_2007_Code,NAICS_4,3113,3
NAICS_2007_Code,NAICS_4,3114,3
NAICS_2007_Code,NAICS_4,3115,3
NAICS_2007_Code,NAICS_4,3116,3
NAICS_2007_Code,NAICS_4,3117,3
NAICS_2007_Code,NAICS_4,3118,3
NAICS_2007_Code,NAICS_4,3119,3
NAICS_2007_Code,NAICS_4,3121,3
NAICS_2007_Code,NAICS_4,3122,3
NAICS_2007_Code,NAICS_4,3131,3
NAICS_2007_Code,NAICS_4,3132,3
NAICS_2007_Code,NAICS_4,3133,3
NAICS_2007_Code,NAICS_4,3141,3
NAICS_2007_Code,NAICS_4,3149,3
NAICS_2007_Code,NAICS_4,3151,3
NAICS_2007_Code,NAICS_4,3152,3
NAICS_2007_Code,NAICS_4,3159,3
NAICS_2007_Code,NAICS_4,3161,3
NAICS_2007_Code,NAICS_4,3162,3
NAICS_2007_Code,NAICS_4,3169,3
NAICS_2007_Code,NAICS_4,3211,3
NAICS_2007_Code,NAICS_4,3212,3
NAICS_2007_Code,NAICS_4,3219,3
NAICS_2007_Code,NAICS_4,3221,3
NAICS_2007_Code,NAICS_4,3222,3
NAICS_2007_Code,NAICS_4,3231,3
NAICS_2007_Code,NAICS_4,3241,3
NAICS_2007_Code,NAICS_4,3251,3
NAICS_2007_Code,NAICS_4,3252,3
NAICS_2007_Code,NAICS_4,3253,3
NAICS_2007_Code,NAICS_4,3254,3
NAICS_2007_Code,NAICS_4,3255,3
NAICS_2007_Code,NAICS_4,3256,3
NAICS_2007_Code,NAICS_4,3259,3
NAICS_2007_Code,NAICS_4,3261,3
NAICS_2007_Code,NAICS_4,3262,3
NAICS_2007_Code,NAICS_4,3271,3
NAICS_2007_Code,NAICS_4,3272,3
NAICS_2007_Code,NAICS_4,3273,3
NAICS_2007_Code,NAICS_4,3274,3
NAICS_2007_Code,NAICS_4,3279,3
NAICS_2007_Code,NAICS_4,3311,3
NAICS_2007_Code,NAICS_4,3312,3
NAICS_2007_Code,NAICS_4,3313,3
NAICS_2007_Code,NAICS_4,3314,3
NAICS_2007_Code,NAICS_4,3315,3
NAICS_2007_Code,NAICS_4,3321,3
NAICS_2007_Code,NAICS_4,3322,3
NAICS_2007_Code,NAICS_4,3323,3
NAICS_2007_Code,NAICS_4,3324,3
NAICS_2007_Code,NAICS_4,3325,3
NAICS_2007_Code,NAICS_4,3326,3
NAICS_2007_Code,NAICS_4,3327,3
NAICS_2007_Code,NAICS_4,3328,3
NAICS_2007_Code,NAICS_4,3329,3
NAICS_2007_Code,NAICS_4,3331,3
NAICS_2007_Code,NAICS_4,3332,3
NAICS_2007_Code,NAICS_4,3333,3
NAICS_2007_Code,NAICS_4,3334,3
NAICS_2007_Code,NAICS_4,3335,3
NAICS_2007_Code,NAICS_4,3336,3
NAICS_2007_Code,NAICS_4,3339,3
NAICS_2007_Code,NAICS_4,3341,3
NAICS_2007_Code,NAICS_4,3342,3
NAICS_2007_Code,NAICS_4,3343,3
NAICS_2007_Code,NAICS_4,3344,3
NAICS_2007_Code,NAICS_4,3345,3
NAICS_2007_Code,NAICS_4,3346,3
NAICS_2007_Code,NAICS_4,3351,3
NAICS_2007_Code,NAICS_4,3352,3
NAICS_2007_Code,NAICS_4,3353,3
NAICS_2007_Code,NAICS_4,3359,3
NAICS_2007_Code,NAICS_4,3361,3
NAICS_2007_Code,NAICS_4,3362,3
NAICS_2007_Code,NAICS_4,3363,3
NAICS_2007_Code,NAICS_4,3364,3
NAICS_2007_Code,NAICS_4,3365,3
NAICS_2007_Code,NAICS_4,3366,3
NAICS_2007_Code,NAICS_4,3369,3
NAICS_2007_Code,NAICS_4,3371,3
NAICS_2007_Code,NAICS_4,3372,3
NAICS_2007_Code,NAICS_4,3379,3
NAICS_2007_Code,NAICS_4,3391,3
NAICS_2007_Code,NAICS_4,3399,3
NAICS_2007_Code,NAICS_4,4231,3
NAICS_2007_Code,NAICS_4,4232,3
NAICS_2007_Code,NAICS_4,4233,3
NAICS_2007_Code,NAICS_4,4234,3
NAICS_2007_Code,NAICS_4,4235,3
NAICS_2007_Code,NAICS_4,4236,3
NAICS_2007_Code,NAICS_4,4237,3
NAICS_2007_Code,NAICS_4,4238,3
NAICS_2007_Code,NAICS_4,4239,3
NAICS_2007_Code,NAICS_4,4241,3
NAICS_2007_Code,NAICS_4,4242,3
NAICS_2007_Code,NAICS_4,4243,3
NAICS_2007_Code,NAICS_4,4244,3
NAICS_2007_Code,NAICS_4,4245,3
NAICS_2007_Code,NAICS_4,4246,3
NAICS_2007_Code,NAICS_4,4247,3
NAICS_2007_Code,NAICS_4,4248,3
NAICS_2007_Code,NAICS_4,4249,3
NAICS_2007_Code,NAICS_4,4251,3
NAICS_2007_Code,NAICS_4,4411,3
NAICS_2007_Code,NAICS_4,4412,3
NAICS_2007_Code,NAICS_4,4413,3
NAICS_2007_Code,NAICS_4,4421,3
NAICS_2007_Code,NAICS_4,4422,3
NAICS_2007_Code,NAICS_4,4431,3
NAICS_2007_Code,NAICS_4,4441,3
NAICS_2007_Code,NAICS_4,4442,3
NAICS_2007_Code,NAICS_4,4451,3
NAICS_2007_Code,NAICS_4,4452,3
NAICS_2007_Code,NAICS_4,4453,3
NAICS_2007_Code,NAICS_4,4461,3
NAICS_2007_Code,NAICS_4,4471,3
NAICS_2007_Code,NAICS_4,4481,3
NAICS_2007_Code,NAICS_4,4482,3
NAICS_2007_Code,NAICS_4,4483,3
NAICS_2007_Code,NAICS_4,4511,3
NAICS_2007_Code,NAICS_4,4512,3
NAICS_2007_Code,NAICS_4,4521,3
NAICS_2007_Code,NAICS_4,4529,3
NAICS_2007_Code,NAICS_4,4531,3
NAICS_2007_Code,NAICS_4,4532,3
NAICS_2007_Code,NAICS_4,4533,3
NAICS_2007_Code,NAICS_4,4539,3
NAICS_2007_Code,NAICS_4,4541,3
NAICS_2007_Code,NAICS_4,4542,3
NAICS_2007_Code,NAICS_4,4543,3
NAICS_2007_Code,NAICS_4,4811,3
NAICS_2007_Code,NAICS_4,4812,3
NAICS_2007_Code,NAICS_4,4821,3
NAICS_2007_Code,NAICS_4,4831,3
NAICS_2007_Code,NAICS_4,4832,3
NAICS_2007_Code,NAICS_4,4841,3
NAICS_2007_Code,NAICS_4,4842,3
NAICS_2007_Code,NAICS_4,4851,3
NAICS_2007_Code,NAICS_4,4852,3
NAICS_2007_Code,NAICS_4,4853,3
NAICS_2007_Code,NAICS_4,4854,3
NAICS_2007_Code,NAICS_4,4855,3
NAICS_2007_Code,NAICS_4,4859,3
NAICS_2007_Code,NAICS_4,4861,3
NAICS_2007_Code,NAICS_4,4862,3
NAICS_2007_Code,NAICS_4,4869,3
NAICS_2007_Code,NAICS_4,4871,3
NAICS_2007_Code,NAICS_4,4872,3
NAICS_2007_Code,NAICS_4,4879,3
NAICS_2007_Code,NAICS_4,4881,3
NAICS_2007_Code,NAICS_4,4882,3
NAICS_2007_Code,NAICS_4,4883,3
NAICS_2007_Code,NAICS_4,4884,3
NAICS_2007_Code,NAICS_4,4885,3
NAICS_2007_Code,NAICS_4,4889,3
NAICS_2007_Code,NAICS_4,4911,3
NAICS_2007_Code,NAICS_4,4921,3
NAICS_2007_Code,NAICS_4,4922,3
NAICS_2007_Code,NAICS_4,4931,3
NAICS_2007_Code,NAICS_4,5111,3
NAICS_2007_Code,NAICS_4,5112,3
NAICS_2007_Code,NAICS_4,5121,3
NAICS_2007_Code,NAICS_4,5122,3
NAICS_2007_Code,NAICS_4,5151,3
NAICS_2007_Code,NAICS_4,5152,3
NAICS_2007_Code,NAICS_4,5171,3
NAICS_2007_Code,NAICS_4,5172,3
NAICS_2007_Code,NAICS_4,5174,3
NAICS_2007_Code,NAICS_4,5179,3
NAICS_2007_Code,NAICS_4,5182,3
NAICS_2007_Code,NAICS_4,5191,3
NAICS_2007_Code,NAICS_4,5211,3
NAICS_2007_Code,NAICS_4,5221,3
NAICS_2007_Code,NAICS_4,5222,3
NAICS_2007_Code,NAICS_4,5223,3
NAICS_2007_Code,NAICS_4,5231,3
NAICS_2007_Code,NAICS_4,5232,3
NAICS_2007_Code,NAICS_4,5239,3
NAICS_2007_Code,NAICS_4,5241,3
NAICS_2007_Code,NAICS_4,5242,3
NAICS_2007_Code,NAICS_4,5251,3
NAICS_2007_Code,NAICS_4,5259,3
NAICS_2007_Code,NAICS_4,5311,3
NAICS_2007_Code,NAICS_4,5312,3
NAICS_2007_Code,NAICS_4,5313,3
NAICS_2007_Code,NAICS_4,5321,3
NAICS_2007_Code,NAICS_4,5322,3
NAICS_2007_Code,NAICS_4,5323,3
NAICS_2007_Code,NAICS_4,5324,3
NAICS_2007_Code,NAICS_4,5331,3
NAICS_2007_Code,NAICS_4,5411,3
NAICS_2007_Code,NAICS_4,5412,3
NAICS_2007_Code,NAICS_4,5413,3
NAICS_2007_Code,NAICS_4,5414,3
NAICS_2007_Code,NAICS_4,5415,3
NAICS_2007_Code,NAICS_4,5416,3
NAICS_2007_Code,NAICS_4,5417,3
NAICS_2007_Code,NAICS_4,5418,3
NAICS_2007_Code,NAICS_4,5419,3
NAICS_2007_Code,NAICS_4,5511,3
NAICS_2007_Code,NAICS_4,5611,3
NAICS_2007_Code,NAICS_4,5612,3
NAICS_2007_Code,NAICS_4,5613,3
NAICS_2007_Code,NAICS_4,5614,3
NAICS_2007_Code,NAICS_4,5615,3
NAICS_2007_Code,NAICS_4,5616,3
NAICS_2007_Code,NAICS_4,5617,3
NAICS_2007_Code,NAICS_4,5619,3
NAICS_2007_Code,NAICS_4,5621,3
NAICS_2007_Code,NAICS_4,5622,3
NAICS_2007_Code,NAICS_4,5629,3
NAICS_2007_Code,NAICS_4,6111,3
NAICS_2007_Code,NAICS_4,6112,3
NAICS_2007_Code,NAICS_4,6113,3
NAICS_2007_Code,NAICS_4,6114,3
NAICS_2007_Code,NAICS_4,6115,3
NAICS_2007_Code,NAICS_4,6116,3
NAICS_2007_Code,NAICS_4,6117,3
NAICS_2007_Code,NAICS_4,6211,3
NAICS_2007_Code,NAICS_4,6212,3
NAICS_2007_Code,NAICS_4,6213,3
NAICS_2007_Code,NAICS_4,6214,3
NAICS_2007_Code,NAICS_4,6215,3
NAICS_2007_Code,NAICS_4,6216,3
NAICS_2007_Code,NAICS_4,6219,3
NAICS_2007_Code,NAICS_4,6221,3
NAICS_2007_Code,NAICS_4,6222,3
NAICS_2007_Code,NAICS_4,6223,3
NAICS_2007_Code,NAICS_4,6231,3
NAICS_2007_Code,NAICS_4,6232,3
NAICS_2007_Code,NAICS_4,6233,3
NAICS_2007_Code,NAICS_4,6239,3
NAICS_2007_Code,NAICS_4,6241,3
NAICS_2007_Code,NAICS_4,6242,3
NAICS_2007_Code,NAICS_4,6243,3
NAICS_2007_Code,NAICS_4,6244,3
NAICS_2007_Code,NAICS_4,7111,3
NAICS_2007_Code,NAICS_4,7112,3
NAICS_2007_Code,NAICS_4,7113,3
NAICS_2007_Code,NAICS_4,7114,3
NAICS_2007_Code,NAICS_4,7115,3
NAICS_2007_Code,NAICS_4,7121,3
NAICS_2007_Code,NAICS_4,7131,3
NAICS_2007_Code,NAICS_4,7132,3
NAICS_2007_Code,NAICS_4,7139,3
NAICS_2007_Code,NAICS_4,7211,3
NAICS_2007_Code,NAICS_4,7212,3
NAICS_2007_Code,NAICS_4,7213,3
NAICS_2007_Code,NAICS_4,7221,3
NAICS_2007_Code,NAICS_4,7222,3
NAICS_2007_Code,NAICS_4,7223,3
NAICS_2007_Code,NAICS_4,7224,3
NAICS_2007_Code,NAICS_4,8111,3
NAICS_2007_Code,NAICS_4,8112,3
NAICS_2007_Code,NAICS_4,8113,3
NAICS_2007_Code,NAICS_4,8114,3
NAICS_2007_Code,NAICS_4,8121,3
NAICS_2007_Code,NAICS_4,8122,3
NAICS_2007_Code,NAICS_4,8123,3
NAICS_2007_Code,NAICS_4,8129,3
NAICS_2007_Code,NAICS_4,8131,3
NAICS_2007_Code,NAICS_4,8132,3
NAICS_2007_Code,NAICS_4,8133,3
NAICS_2007_Code,NAICS_4,8134,3
NAICS_2007_Code,NAICS_4,8139,3
NAICS_2007_Code,NAICS_4,8141,3
NAICS_2007_Code,NAICS_4,9211,3
NAICS_2007_Code,NAICS_4,9221,3
NAICS_2007_Code,NAICS_4,9231,3
NAICS_2007_Code,NAICS_4,9241,3
NAICS_2007_Code,NAICS_4,9251,3
NAICS_2007_Code,NAICS_4,9261,3
NAICS_2007_Code,NAICS_4,9271,3
NAICS_2007_Code,NAICS_4,9281,3
NAICS_2007_Code,NAICS_5,11111,4
NAICS_2007_Code,NAICS_5,11112,4
NAICS_2007_Code,NAICS_5,11113,4
NAICS_2007_Code,NAICS_5,11114,4
NAICS_2007_Code,NAICS_5,11115,4
NAICS_2007_Code,NAICS_5,11116,4
NAICS_2007_Code,NAICS_5,11119,4
NAICS_2007_Code,NAICS_5,11121,4
NAICS_2007_Code,NAICS_5,11131,4
NAICS_2007_Code,NAICS_5,11132,4
NAICS_2007_Code,NAICS_5,11133,4
NAICS_2007_Code,NAICS_5,11141,4
NAICS_2007_Code,NAICS_5,11142,4
NAICS_2007_Code,NAICS_5,11191,4
NAICS_2007_Code,NAICS_5,11192,4
NAICS_2007_Code,NAICS_5,11193,4
NAICS_2007_Code,NAICS_5,11194,4
NAICS_2007_Code,NAICS_5,11199,4
NAICS_2007_Code,NAICS_5,11211,4
NAICS_2007_Code,NAICS_5,11212,4
NAICS_2007_Code,NAICS_5,11213,4
NAICS_2007_Code,NAICS_5,11221,4
NAICS_2007_Code,NAICS_5,11231,4
NAICS_2007_Code,NAICS_5,11232,4
NAICS_2007_Code,NAICS_5,11233,4
NAICS_2007_Code,NAICS_5,11234,4
NAICS_2007_Code,NAICS_5,11239,4
NAICS_2007_Code,NAICS_5,11241,4
NAICS_2007_Code,NAICS_5,11242,4
NAICS_2007_Code,NAICS_5,11251,4
NAICS_2007_Code,NAICS_5,11291,4
NAICS_2007_Code,NAICS_5,11292,4
NAICS_2007_Code,NAICS_5,11293,4
NAICS_2007_Code,NAICS_5,11299,4
NAICS_2007_Code,NAICS_5,11311,4
NAICS_2007_Code,NAICS_5,11321,4
NAICS_2007_Code,NAICS_5,11331,4
NAICS_2007_Code,NAICS_5,11411,4
NAICS_2007_Code,NAICS_5,11421,4
NAICS_2007_Code,NAICS_5,11511,4
NAICS_2007_Code,NAICS_5,11521,4
NAICS_2007_Code,NAICS_5,11531,4
NAICS_2007_Code,NAICS_5,21111,4
NAICS_2007_Code,NAICS_5,21211,4
NAICS_2007_Code,NAICS_5,21221,4
NAICS_2007_Code,NAICS_5,21222,4
NAICS_2007_Code,NAICS_5,21223,4
NAICS_2007_Code,NAICS_5,21229,4
NAICS_2007_Code,NAICS_5,21231,4
NAICS_2007_Code,NAICS_5,21232,4
NAICS_2007_Code,NAICS_5,21239,4
NAICS_2007_Code,NAICS_5,21311,4
NAICS_2007_Code,NAICS_5,22111,4
NAICS_2007_Code,NAICS_5,22112,4
NAICS_2007_Code,NAICS_5,22121,4
NAICS_2007_Code,NAICS_5,22131,4
NAICS_2007_Code,NAICS_5,22132,4
NAICS_2007_Code,NAICS_5,22133,4
NAICS_2007_Code,NAICS_5,23611,4
NAICS_2007_Code,NAICS_5,23621,4
NAICS_2007_Code,NAICS_5,23622,4
NAICS_2007_Code,NAICS_5,23711,4
NAICS_2007_Code,NAICS_5,23712,4
NAICS_2007_Code,NAICS_5,23713,4
NAICS_2007_Code,NAICS_5,23721,4
NAICS_2007_Code,NAICS_5,23731,4
NAICS_2007_Code,NAICS_5,23799,4
NAICS_2007_Code,NAICS_5,23811,4
NAICS_2007_Code,NAICS_5,23812,4
NAICS_2007_Code,NAICS_5,23813,4
NAICS_2007_Code,NAICS_5,23814,4
NAICS_2007_Code,NAICS_5,23815,4
NAICS_2007_Code,NAICS_5,23816,4
NAICS_2007_Code,NAICS_5,23817,4
NAICS_2007_Code,NAICS_5,23819,4
NAICS_2007_Code,NAICS_5,23821,4
NAICS_2007_Code,NAICS_5,23822,4
NAICS_2007_Code,NAICS_5,23829,4
NAICS_2007_Code,NAICS_5,23831,4
NAICS_2007_Code,NAICS_5,23832,4
NAICS_2007_Code,NAICS_5,23833,4
NAICS_2007_Code,NAICS_5,23834,4
NAICS_2007_Code,NAICS_5,23835,4
NAICS_2007_Code,NAICS_5,23839,4
NAICS_2007_Code,NAICS_5,23891,4
NAICS_2007_Code,NAICS_5,23899,4
NAICS_2007_Code,NAICS_5,31111,4
NAICS_2007_Code,NAICS_5,31121,4
NAICS_2007_Code,NAICS_5,31122,4
NAICS_2007_Code,NAICS_5,31123,4
NAICS_2007_Code,NAICS_5,31131,4
NAICS_2007_Code,NAICS_5,31132,4
NAICS_2007_Code,NAICS_5,31133,4
NAICS_2007_Code,NAICS_5,31134,4
NAICS_2007_Code,NAICS_5,31141,4
NAICS_2007_Code,NAICS_5,31142,4
NAICS_2007_Code,NAICS_5,31151,4
NAICS_2007_Code,NAICS_5,31152,4
NAICS_2007_Code,NAICS_5,31161,4
NAICS_2007_Code,NAICS_5,31171,4
NAICS_2007_Code,NAICS_5,31181,4
NAICS_2007_Code,NAICS_5,31182,4
NAICS_2007_Code,NAICS_5,31183,4
NAICS_2007_Code,NAICS_5,31191,4
NAICS_2007_Code,NAICS_5,31192,4
NAICS_2007_Code,NAICS_5,31193,4
NAICS_2007_Code,NAICS_5,31194,4
NAICS_2007_Code,NAICS_5,31199,4
NAICS_2007_Code,NAICS_5,31211,4
NAICS_2007_Code,NAICS_5,31212,4
NAICS_2007_Code,NAICS_5,31213,4
NAICS_2007_Code,NAICS_5,31214,4
NAICS_2007_Code,NAICS_5,31221,4
NAICS_2007_Code,NAICS_5,31222,4
NAICS_2007_Code,NAICS_5,31311,4
NAICS_2007_Code,NAICS_5,31321,4
NAICS_2007_Code,NAICS_5,31322,4
NAICS_2007_Code,NAICS_5,31323,4
NAICS_2007_Code,NAICS_5,31324,4
NAICS_2007_Code,NAICS_5,31331,4
NAICS_2007_Code,NAICS_5,31332,4
NAICS_2007_Code,NAICS_5,31411,4
NAICS_2007_Code,NAICS_5,31412,4
NAICS_2007_Code,NAICS_5,31491,4
NAICS_2007_Code,NAICS_5,31499,4
NAICS_2007_Code,NAICS_5,31511,4
NAICS_2007_Code,NAICS_5,31519,4
NAICS_2007_Code,NAICS_5,31521,4
NAICS_2007_Code,NAICS_5,31522,4
NAICS_2007_Code,NAICS_5,31523,4
NAICS_2007_Code,NAICS_5,31529,4
NAICS_2007_Code,NAICS_5,31599,4
NAICS_2007_Code,NAICS_5,31611,4
NAICS_2007_Code,NAICS_5,31621,4
NAICS_2007_Code,NAICS_5,31699,4
NAICS_2007_Code,NAICS_5,32111,4
NAICS_2007_Code,NAICS_5,32121,4
NAICS_2007_Code,NAICS_5,32191,4
NAICS_2007_Code,NAICS_5,32192,4
NAICS_2007_Code,NAICS_5,32199,4
NAICS_2007_Code,NAICS_5,32211,4
NAICS_2007_Code,NAICS_5,32212,4
NAICS_2007_Code,NAICS_5,32213,4
NAICS_2007_Code,NAICS_5,32221,4
NAICS_2007_Code,NAICS_5,32222,4
NAICS_2007_Code,NAICS_5,32223,4
NAICS_2007_Code,NAICS_5,32229,4
NAICS_2007_Code,NAICS_5,32311,4
NAICS_2007_Code,NAICS_5,32312,4
NAICS_2007_Code,NAICS_5,32411,4
NAICS_2007_Code,NAICS_5,32412,4
NAICS_2007_Code,NAICS_5,32419,4
NAICS_2007_Code,NAICS_5,32511,4
NAICS_2007_Code,NAICS_5,32512,4
NAICS_2007_Code,NAICS_5,32513,4
NAICS_2007_Code,NAICS_5,32518,4
NAICS_2007_Code,NAICS_5,32519,4
NAICS_2007_Code,NAICS_5,32521,4
NAICS_2007_Code,NAICS_5,32522,4
NAICS_2007_Code,NAICS_5,32531,4
NAICS_2007_Code,NAICS_5,32532,4
NAICS_2007_Code,NAICS_5,32541,4
NAICS_2007_Code,NAICS_5,32551,4
NAICS_2007_Code,NAICS_5,32552,4
NAICS_2007_Code,NAICS_5,32561,4
NAICS_2007_Code,NAICS_5,32562,4
NAICS_2007_Code,NAICS_5,32591,4
NAICS_2007_Code,NAICS_5,32592,4
NAICS_2007_Code,NAICS_5,32599,4
NAICS_2007_Code,NAICS_5,32611,4
NAICS_2007_Code,NAICS_5,32612,4
NAICS_2007_Code,NAICS_5,32613,4
NAICS_2007_Code,NAICS_5,32614,4
NAICS_2007_Code,NAICS_5,32615,4
NAICS_2007_Code,NAICS_5,32616,4
NAICS_2007_Code,NAICS_5,32619,4
NAICS_2007_Code,NAICS_5,32621,4
NAICS_2007_Code,NAICS_5,32622,4
NAICS_2007_Code,NAICS_5,32629,4
NAICS_2007_Code,NAICS_5,32711,4
NAICS_2007_Code,NAICS_5,32712,4
NAICS_2007_Code,NAICS_5,32721,4
NAICS_2007_Code,NAICS_5,32731,4
NAICS_2007_Code,NAICS_5,32732,4
NAICS_2007_Code,NAICS_5,32733,4
NAICS_2007_Code,NAICS_5,32739,4
NAICS_2007_Code,NAICS_5,32741,4
NAICS_2007_Code,NAICS_5,32742,4
NAICS_2007_Code,NAICS_5,32791,4
NAICS_2007_Code,NAICS_5,32799,4
NAICS_2007_Code,NAICS_5,33111,4
NAICS_2007_Code,NAICS_5,33121,4
NAICS_2007_Code,NAICS_5,33122,4
NAICS_2007_Code,NAICS_5,33131,4
NAICS_2007_Code,NAICS_5,33141,4
NAICS_2007_Code,NAICS_5,33142,4
NAICS_2007_Code,NAICS_5,33149,4
NAICS_2007_Code,NAICS_5,33151,4
NAICS_2007_Code,NAICS_5,33152,4
NAICS_2007_Code,NAICS_5,33211,4
NAICS_2007_Code,NAICS_5,33221,4
NAICS_2007_Code,NAICS_5,33231,4
NAICS_2007_Code,NAICS_5,33232,4
NAICS_2007_Code,NAICS_5,33241,4
NAICS_2007_Code,NAICS_5,33242,4
NAICS_2007_Code,NAICS_5,33243,4
NAICS_2007_Code,NAICS_5,33251,4
NAICS_2007_Code,NAICS_5,33261,4
NAICS_2007_Code,NAICS_5,33271,4
NAICS_2007_Code,NAICS_5,33272,4
NAICS_2007_Code,NAICS_5,33281,4
NAICS_2007_Code,NAICS_5,33291,4
NAICS_2007_Code,NAICS_5,33299,4
NAICS_2007_Code,NAICS_5,33311,4
NAICS_2007_Code,NAICS_5,33312,4
NAICS_2007_Code,NAICS_5,33313,4
NAICS_2007_Code,NAICS_5,33321,4
NAICS_2007_Code,NAICS_5,33322,4
NAICS_2007_Code,NAICS_5,33329,4
NAICS_2007_Code,NAICS_5,33331,4
NAICS_2007_Code,NAICS_5,33341,4
NAICS_2007_Code,NAICS_5,33351,4
NAICS_2007_Code,NAICS_5,33361,4
NAICS_2007_Code,NAICS_5,33391,4
NAICS_2007_Code,NAICS_5,33392,4
NAICS_2007_Code,NAICS_5,33399,4
NAICS_2007_Code,NAICS_5,33411,4
NAICS_2007_Code,NAICS_5,33421,4
NAICS_2007_Code,NAICS_5,33422,4
NAICS_2007_Code,NAICS_5,33429,4
NAICS_2007_Code,NAICS_5,33431,4
NAICS_2007_Code,NAICS_5,33441,4
NAICS_2007_Code,NAICS_5,33451,4
NAICS_2007_Code,NAICS_5,33461,4
NAICS_2007_Code,NAICS_5,33511,4
NAICS_2007_Code,NAICS_5,33512,4
NAICS_2007_Code,NAICS_5,33521,4
NAICS_2007_Code,NAICS_5,33522,4
NAICS_2007_Code,NAICS_5,33531,4
NAICS_2007_Code,NAICS_5,33591,4
NAICS_2007_Code,NAICS_5,33592,4
NAICS_2007_Code,NAICS_5,33593,4
NAICS_2007_Code,NAICS_5,33599,4
NAICS_2007_Code,NAICS_5,33611,4
NAICS_2007_Code,NAICS_5,33612,4
NAICS_2007_Code,NAICS_5,33621,4
NAICS_2007_Code,NAICS_5,33631,4
NAICS_2007_Code,NAICS_5,33632,4
NAICS_2007_Code,NAICS_5,33633,4
NAICS_2007_Code,NAICS_5,33634,4
NAICS_2007_Code,NAICS_5,33635,4
NAICS_2007_Code,NAICS_5,33636,4
NAICS_2007_Code,NAICS_5,33637,4
NAICS_2007_Code,NAICS_5,33639,4
NAICS_2007_Code,NAICS_5,33641,4
NAICS_2007_Code,NAICS_5,33651,4
NAICS_2007_Code,NAICS_5,33661,4
NAICS_2007_Code,NAICS_5,33699,4
NAICS_2007_Code,NAICS_5,33711,4
NAICS_2007_Code,NAICS_5,33712,4
NAICS_2007_Code,NAICS_5,33721,4
NAICS_2007_Code,NAICS_5,33791,4
NAICS_2007_Code,NAICS_5,33792,4
NAICS_2007_Code,NAICS_5,33911,4
NAICS_2007_Code,NAICS_5,33991,4
NAICS_2007_Code,NAICS_5,33992,4
NAICS_2007_Code,NAICS_5,33993,4
NAICS_2007_Code,NAICS_5,33994,4
NAICS_2007_Code,NAICS_5,33995,4
NAICS_2007_Code,NAICS_5,33999,4
NAICS_2007_Code,NAICS_5,42311,4
NAICS_2007_Code,NAICS_5,42312,4
NAICS_2007_Code,NAICS_5,42313,4
NAICS_2007_Code,NAICS_5,42314,4
NAICS_2007_Code,NAICS_5,42321,4
NAICS_2007_Code,NAICS_5,42322,4
NAICS_2007_Code,NAICS_5,42331,4
NAICS_2007_Code,NAICS_5,42332,4
NAICS_2007_Code,NAICS_5,42333,4
NAICS_2007_Code,NAICS_5,42339,4
NAICS_2007_Code,NAICS_5,42341,4
NAICS_2007_Code,NAICS_5,42342,4
NAICS_2007_Code,NAICS_5,42343,4
NAICS_2007_Code,NAICS_5,42344,4
NAICS_2007_Code,NAICS_5,42345,4
NAICS_2007_Code,NAICS_5,42346,4
NAICS_2007_Code,NAICS_5,42349,4
NAICS_2007_Code,NAICS_5,42351,4
NAICS_2007_Code,NAICS_5,42352,4
NAICS_2007_Code,NAICS_5,42361,4
NAICS_2007_Code,NAICS_5,42362,4
NAICS_2007_Code,NAICS_5,42369,4
NAICS_2007_Code,NAICS_5,42371,4
NAICS_2007_Code,NAICS_5,42372,4
NAICS_2007_Code,NAICS_5,42373,4
NAICS_2007_Code,NAICS_5,42374,4
NAICS_2007_Code,NAICS_5,42381,4
NAICS_2007_Code,NAICS_5,42382,4
NAICS_2007_Code,NAICS_5,42383,4
NAICS_2007_Code,NAICS_5,42384,4
NAICS_2007_Code,NAICS_5,42385,4
NAICS_2007_Code,NAICS_5,42386,4
NAICS_2007_Code,NAICS_5,42391,4
NAICS_2007_Code,NAICS_5,42392,4
NAICS_2007_Code,NAICS_5,42393,4
NAICS_2007_Code,NAICS_5,42394,4
NAICS_2007_Code,NAICS_5,42399,4
NAICS_2007_Code,NAICS_5,42411,4
NAICS_2007_Code,NAICS_5,42412,4
NAICS_2007_Code,NAICS_5,42413,4
NAICS_2007_Code,NAICS_5,42421,4
NAICS_2007_Code,NAICS_5,42431,4
NAICS_2007_Code,NAICS_5,42432,4
NAICS_2007_Code,NAICS_5,42433,4
NAICS_2007_Code,NAICS_5,42434,4
NAICS_2007_Code,NAICS_5,42441,4
NAICS_2007_Code,NAICS_5,42442,4
NAICS_2007_Code,NAICS_5,42443,4
NAICS_2007_Code,NAICS_5,42444,4
NAICS_2007_Code,NAICS_5,42445,4
NAICS_2007_Code,NAICS_5,42446,4
NAICS_2007_Code,NAICS_5,42447,4
NAICS_2007_Code,NAICS_5,42448,4
NAICS_2007_Code,NAICS_5,42449,4
NAICS_2007_Code,NAICS_5,42451,4
NAICS_2007_Code,NAICS_5,42452,4
NAICS_2007_Code,NAICS_5,42459,4
NAICS_2007_Code,NAICS_5,42461,4
NAICS_2007_Code,NAICS_5,42469,4
NAICS_2007_Code,NAICS_5,42471,4
NAICS_2007_Code,NAICS_5,42472,4
NAICS_2007_Code,NAICS_5,42481,4
NAICS_2007_Code,NAICS_5,42482,4
NAICS_2007_Code,NAICS_5,42491,4
NAICS_2007_Code,NAICS_5,42492,4
NAICS_2007_Code,NAICS_5,42493,4
NAICS_2007_Code,NAICS_5,42494,4
NAICS_2007_Code,NAICS_5,42495,4
NAICS_2007_Code,NAICS_5,42499,4
NAICS_2007_Code,NAICS_5,42511,4
NAICS_2007_Code,NAICS_5,42512,4
NAICS_2007_Code,NAICS_5,44111,4
NAICS_2007_Code,NAICS_5,44112,4
NAICS_2007_Code,NAICS_5,44121,4
NAICS_2007_Code,NAICS_5,44122,4
NAICS_2007_Code,NAICS_5,44131,4
NAICS_2007_Code,NAICS_5,44132,4
NAICS_2007_Code,NAICS_5,44211,4
NAICS_2007_Code,NAICS_5,44221,4
NAICS_2007_Code,NAICS_5,44229,4
NAICS_2007_Code,NAICS_5,44311,4
NAICS_2007_Code,NAICS_5,44312,4
NAICS_2007_Code,NAICS_5,44313,4
NAICS_2007_Code,NAICS_5,44411,4
NAICS_2007_Code,NAICS_5,44412,4
NAICS_2007_Code,NAICS_5,44413,4
NAICS_2007_Code,NAICS_5,44419,4
NAICS_2007_Code,NAICS_5,44421,4
NAICS_2007_Code,NAICS_5,44422,4
NAICS_2007_Code,NAICS_5,44511,4
NAICS_2007_Code,NAICS_5,44512,4
NAICS_2007_Code,NAICS_5,44521,4
NAICS_2007_Code,NAICS_5,44522,4
NAICS_2007_Code,NAICS_5,44523,4
NAICS_2007_Code,NAICS_5,44529,4
NAICS_2007_Code,NAICS_5,44531,4
NAICS_2007_Code,NAICS_5,44611,4
NAICS_2007_Code,NAICS_5,44612,4
NAICS_2007_Code,NAICS_5,44613,4
NAICS_2007_Code,NAICS_5,44619,4
NAICS_2007_Code,NAICS_5,44711,4
NAICS_2007_Code,NAICS_5,44719,4
NAICS_2007_Code,NAICS_5,44811,4
NAICS_2007_Code,NAICS_5,44812,4
NAICS_2007_Code,NAICS_5,44813,4
NAICS_2007_Code,NAICS_5,44814,4
NAICS_2007_Code,NAICS_5,44815,4
NAICS_2007_Code,NAICS_5,44819,4
NAICS_2007_Code,NAICS_5,44821,4
NAICS_2007_Code,NAICS_5,44831,4
NAICS_2007_Code,NAICS_5,44832,4
NAICS_2007_Code,NAICS_5,45111,4
NAICS_2007_Code,NAICS_5,45112,4
NAICS_2007_Code,NAICS_5,45113,4
NAICS_2007_Code,NAICS_5,45114,4
NAICS_2007_Code,NAICS_5,45121,4
NAICS_2007_Code,NAICS_5,45122,4
NAICS_2007_Code,NAICS_5,45211,4
NAICS_2007_Code,NAICS_5,45291,4
NAICS_2007_Code,NAICS_5,45299,4
NAICS_2007_Code,NAICS_5,45311,4
NAICS_2007_Code,NAICS_5,45321,4
NAICS_2007_Code,NAICS_5,45322,4
NAICS_2007_Code,NAICS_5,45331,4
NAICS_2007_Code,NAICS_5,45391,4
NAICS_2007_Code,NAICS_5,45392,4
NAICS_2007_Code,NAICS_5,45393,4
NAICS_2007_Code,NAICS_5,45399,4
NAICS_2007_Code,NAICS_5,45411,4
NAICS_2007_Code,NAICS_5,45421,4
NAICS_2007_Code,NAICS_5,45431,4
NAICS_2007_Code,NAICS_5,45439,4
NAICS_2007_Code,NAICS_5,48111,4
NAICS_2007_Code,NAICS_5,48121,4
NAICS_2007_Code,NAICS_5,48211,4
NAICS_2007_Code,NAICS_5,48311,4
NAICS_2007_Code,NAICS_5,48321,4
NAICS_2007_Code,NAICS_5,48411,4
NAICS_2007_Code,NAICS_5,48412,4
NAICS_2007_Code,NAICS_5,48421,4
NAICS_2007_Code,NAICS_5,48422,4
NAICS_2007_Code,NAICS_5,48423,4
NAICS_2007_Code,NAICS_5,48511,4
NAICS_2007_Code,NAICS_5,48521,4
NAICS_2007_Code,NAICS_5,48531,4
NAICS_2007_Code,NAICS_5,48532,4
NAICS_2007_Code,NAICS_5,48541,4
NAICS_2007_Code,NAICS_5,48551,4
NAICS_2007_Code,NAICS_5,48599,4
NAICS_2007_Code,NAICS_5,48611,4
NAICS_2007_Code,NAICS_5,48621,4
NAICS_2007_Code,NAICS_5,48691,4
NAICS_2007_Code,NAICS_5,48699,4
NAICS_2007_Code,NAICS_5,48711,4
NAICS_2007_Code,NAICS_5,48721,4
NAICS_2007_Code,NAICS_5,48799,4
NAICS_2007_Code,NAICS_5,48811,4
NAICS_2007_Code,NAICS_5,48819,4
NAICS_2007_Code,NAICS_5,48821,4
NAICS_2007_Code,NAICS_5,48831,4
NAICS_2007_Code,NAICS_5,48832,4
NAICS_2007_Code,NAICS_5,48833,4
NAICS_2007_Code,NAICS_5,48839,4
NAICS_2007_Code,NAICS_5,48841,4
NAICS_2007_Code,NAICS_5,48849,4
NAICS_2007_Code,NAICS_5,48851,4
NAICS_2007_Code,NAICS_5,48899,4
NAICS_2007_Code,NAICS_5,49111,4
NAICS_2007_Code,NAICS_5,49211,4
NAICS_2007_Code,NAICS_5,49221,4
NAICS_2007_Code,NAICS_5,49311,4
NAICS_2007_Code,NAICS_5,49312,4
NAICS_2007_Code,NAICS_5,49313,4
NAICS_2007_Code,NAICS_5,49319,4
NAICS_2007_Code,NAICS_5,51111,4
NAICS_2007_Code,NAICS_5,51112,4
NAICS_2007_Code,NAICS_5,51113,4
NAICS_2007_Code,NAICS_5,51114,4
NAICS_2007_Code,NAICS_5,51119,4
NAICS_2007_Code,NAICS_5,51121,4
NAICS_2007_Code,NAICS_5,51211,4
NAICS_2007_Code,NAICS_5,51212,4
NAICS_2007_Code,NAICS_5,51213,4
NAICS_2007_Code,NAICS_5,51219,4
NAICS_2007_Code,NAICS_5,51221,4
NAICS_2007_Code,NAICS_5,51222,4
NAICS_2007_Code,NAICS_5,51223,4
NAICS_2007_Code,NAICS_5,51224,4
NAICS_2007_Code,NAICS_5,51229,4
NAICS_2007_Code,NAICS_5,51511,4
NAICS_2007_Code,NAICS_5,51512,4
NAICS_2007_Code,NAICS_5,51521,4
NAICS_2007_Code,NAICS_5,51711,4
NAICS_2007_Code,NAICS_5,51721,4
NAICS_2007_Code,NAICS_5,51741,4
NAICS_2007_Code,NAICS_5,51791,4
NAICS_2007_Code,NAICS_5,51821,4
NAICS_2007_Code,NAICS_5,51911,4
NAICS_2007_Code,NAICS_5,51912,4
NAICS_2007_Code,NAICS_5,51913,4
NAICS_2007_Code,NAICS_5,51919,4
NAICS_2007_Code,NAICS_5,52111,4
NAICS_2007_Code,NAICS_5,52211,4
NAICS_2007_Code,NAICS_5,52212,4
NAICS_2007_Code,NAICS_5,52213,4
NAICS_2007_Code,NAICS_5,52219,4
NAICS_2007_Code,NAICS_5,52221,4
NAICS_2007_Code,NAICS_5,52222,4
NAICS_2007_Code,NAICS_5,52229,4
NAICS_2007_Code,NAICS_5,52231,4
NAICS_2007_Code,NAICS_5,52232,4
NAICS_2007_Code,NAICS_5,52239,4
NAICS_2007_Code,NAICS_5,52311,4
NAICS_2007_Code,NAICS_5,52312,4
NAICS_2007_Code,NAICS_5,52313,4
NAICS_2007_Code,NAICS_5,52314,4
NAICS_2007_Code,NAICS_5,52321,4
NAICS_2007_Code,NAICS_5,52391,4
NAICS_2007_Code,NAICS_5,52392,4
NAICS_2007_Code,NAICS_5,52393,4
NAICS_2007_Code,NAICS_5,52399,4
NAICS_2007_Code,NAICS_5,52411,4
NAICS_2007_Code,NAICS_5,52412,4
NAICS_2007_Code,NAICS_5,52413,4
NAICS_2007_Code,NAICS_5,52421,4
NAICS_2007_Code,NAICS_5,52429,4
NAICS_2007_Code,NAICS_5,52511,4
NAICS_2007_Code,NAICS_5,52512,4
NAICS_2007_Code,NAICS_5,52519,4
NAICS_2007_Code,NAICS_5,52591,4
NAICS_2007_Code,NAICS_5,52592,4
NAICS_2007_Code,NAICS_5,52599,4
NAICS_2007_Code,NAICS_5,53111,4
NAICS_2007_Code,NAICS_5,53112,4
NAICS_2007_Code,NAICS_5,53113,4
NAICS_2007_Code,NAICS_5,53119,4
NAICS_2007_Code,NAICS_5,53121,4
NAICS_2007_Code,NAICS_5,53131,4
NAICS_2007_Code,NAICS_5,53132,4
NAICS_2007_Code,NAICS_5,53139,4
NAICS_2007_Code,NAICS_5,53211,4
NAICS_2007_Code,NAICS_5,53212,4
NAICS_2007_Code,NAICS_5,53221,4
NAICS_2007_Code,NAICS_5,53222,4
NAICS_2007_Code,NAICS_5,53223,4
NAICS_2007_Code,NAICS_5,53229,4
NAICS_2007_Code,NAICS_5,53231,4
NAICS_2007_Code,NAICS_5,53241,4
NAICS_2007_Code,NAICS_5,53242,4
NAICS_2007_Code,NAICS_5,53249,4
NAICS_2007_Code,NAICS_5,53311,4
NAICS_2007_Code,NAICS_5,54111,4
NAICS_2007_Code,NAICS_5,54112,4
NAICS_2007_Code,NAICS_5,54119,4
NAICS_2007_Code,NAICS_5,54121,4
NAICS_2007_Code,NAICS_5,54131,4
NAICS_2007_Code,NAICS_5,54132,4
NAICS_2007_Code,NAICS_5,54133,4
NAICS_2007_Code,NAICS_5,54134,4
NAICS_2007_Code,NAICS_5,54135,4
NAICS_2007_Code,NAICS_5,54136,4
NAICS_2007_Code,NAICS_5,54137,4
NAICS_2007_Code,NAICS_5,54138,4
NAICS_2007_Code,NAICS_5,54141,4
NAICS_2007_Code,NAICS_5,54142,4
NAICS_2007_Code,NAICS_5,54143,4
NAICS_2007_Code,NAICS_5,54149,4
NAICS_2007_Code,NAICS_5,54151,4
NAICS_2007_Code,NAICS_5,54161,4
NAICS_2007_Code,NAICS_5,54162,4
NAICS_2007_Code,NAICS_5,54169,4
NAICS_2007_Code,NAICS_5,54171,4
NAICS_2007_Code,NAICS_5,54172,4
NAICS_2007_Code,NAICS_5,54181,4
NAICS_2007_Code,NAICS_5,54182,4
NAICS_2007_Code,NAICS_5,54183,4
NAICS_2007_Code,NAICS_5,54184,4
NAICS_2007_Code,NAICS_5,54185,4
NAICS_2007_Code,NAICS_5,54186,4
NAICS_2007_Code,NAICS_5,54187,4
NAICS_2007_Code,NAICS_5,54189,4
NAICS_2007_Code,NAICS_5,54191,4
NAICS_2007_Code,NAICS_5,54192,4
NAICS_2007_Code,NAICS_5,54193,4
NAICS_2007_Code,NAICS_5,54194,4
NAICS_2007_Code,NAICS_5,54199,4
NAICS_2007_Code,NAICS_5,55111,4
NAICS_2007_Code,NAICS_5,56111,4
NAICS_2007_Code,NAICS_5,56121,4
NAICS_2007_Code,NAICS_5,56131,4
NAICS_2007_Code,NAICS_5,56132,4
NAICS_2007_Code,NAICS_5,56133,4
NAICS_2007_Code,NAICS_5,56141,4
NAICS_2007_Code,NAICS_5,56142,4
NAICS_2007_Code,NAICS_5,56143,4
NAICS_2007_Code,NAICS_5,56144,4
NAICS_2007_Code,NAICS_5,56145,4
NAICS_2007_Code,NAICS_5,56149,4
NAICS_2007_Code,NAICS_5,56151,4
NAICS_2007_Code,NAICS_5,56152,4
NAICS_2007_Code,NAICS_5,56159,4
NAICS_2007_Code,NAICS_5,56161,4
NAICS_2007_Code,NAICS_5,56162,4
NAICS_2007_Code,NAICS_5,56171,4
NAICS_2007_Code,NAICS_5,56172,4
NAICS_2007_Code,NAICS_5,56173,4
NAICS_2007_Code,NAICS_5,56174,4
NAICS_2007_Code,NAICS_5,56179,4
NAICS_2007_Code,NAICS_5,56191,4
NAICS_2007_Code,NAICS_5,56192,4
NAICS_2007_Code,NAICS_5,56199,4
NAICS_2007_Code,NAICS_5,56211,4
NAICS_2007_Code,NAICS_5,56221,4
NAICS_2007_Code,NAICS_5,56291,4
NAICS_2007_Code,NAICS_5,56292,4
NAICS_2007_Code,NAICS_5,56299,4
NAICS_2007_Code,NAICS_5,61111,4
NAICS_2007_Code,NAICS_5,61121,4
NAICS_2007_Code,NAICS_5,61131,4
NAICS_2007_Code,NAICS_5,61141,4
NAICS_2007_Code,NAICS_5,61142,4
NAICS_2007_Code,NAICS_5,61143,4
NAICS_2007_Code,NAICS_5,61151,4
NAICS_2007_Code,NAICS_5,61161,4
NAICS_2007_Code,NAICS_5,61162,4
NAICS_2007_Code,NAICS_5,61163,4
NAICS_2007_Code,NAICS_5,61169,4
NAICS_2007_Code,NAICS_5,61171,4
NAICS_2007_Code,NAICS_5,62111,4
NAICS_2007_Code,NAICS_5,62121,4
NAICS_2007_Code,NAICS_5,62131,4
NAICS_2007_Code,NAICS_5,62132,4
NAICS_2007_Code,NAICS_5,62133,4
NAICS_2007_Code,NAICS_5,62134,4
NAICS_2007_Code,NAICS_5,62139,4
NAICS_2007_Code,NAICS_5,62141,4
NAICS_2007_Code,NAICS_5,62142,4
NAICS_2007_Code,NAICS_5,62149,4
NAICS_2007_Code,NAICS_5,62151,4
NAICS_2007_Code,NAICS_5,62161,4
NAICS_2007_Code,NAICS_5,62191,4
NAICS_2007_Code,NAICS_5,62199,4
NAICS_2007_Code,NAICS_5,62211,4
NAICS_2007_Code,NAICS_5,62221,4
NAICS_2007_Code,NAICS_5,62231,4
NAICS_2007_Code,NAICS_5,62311,4
NAICS_2007_Code,NAICS_5,62321,4
NAICS_2007_Code,NAICS_5,62322,4
NAICS_2007_Code,NAICS_5,62331,4
NAICS_2007_Code,NAICS_5,62399,4
NAICS_2007_Code,NAICS_5,62411,4
NAICS_2007_Code,NAICS_5,62412,4
NAICS_2007_Code,NAICS_5,62419,4
NAICS_2007_Code,NAICS_5,62421,4
NAICS_2007_Code,NAICS_5,62422,4
NAICS_2007_Code,NAICS_5,62423,4
NAICS_2007_Code,NAICS_5,62431,4
NAICS_2007_Code,NAICS_5,62441,4
NAICS_2007_Code,NAICS_5,71111,4
NAICS_2007_Code,NAICS_5,71112,4
NAICS_2007_Code,NAICS_5,71113,4
NAICS_2007_Code,NAICS_5,71119,4
NAICS_2007_Code,NAICS_5,71121,4
NAICS_2007_Code,NAICS_5,71131,4
NAICS_2007_Code,NAICS_5,71132,4
NAICS_2007_Code,NAICS_5,71141,4
NAICS_2007_Code,NAICS_5,71151,4
NAICS_2007_Code,NAICS_5,71211,4
NAICS_2007_Code,NAICS_5,71212,4
NAICS_2007_Code,NAICS_5,71213,4
NAICS_2007_Code,NAICS_5,71219,4
NAICS_2007_Code,NAICS_5,71311,4
NAICS_2007_Code,NAICS_5,71312,4
NAICS_2007_Code,NAICS_5,71321,4
NAICS_2007_Code,NAICS_5,71329,4
NAICS_2007_Code,NAICS_5,71391,4
NAICS_2007_Code,NAICS_5,71392,4
NAICS_2007_Code,NAICS_5,71393,4
NAICS_2007_Code,NAICS_5,71394,4
NAICS_2007_Code,NAICS_5,71395,4
NAICS_2007_Code,NAICS_5,71399,4
NAICS_2007_Code,NAICS_5,72111,4
NAICS_2007_Code,NAICS_5,72112,4
NAICS_2007_Code,NAICS_5,72119,4
NAICS_2007_Code,NAICS_5,72121,4
NAICS_2007_Code,NAICS_5,72131,4
NAICS_2007_Code,NAICS_5,72211,4
NAICS_2007_Code,NAICS_5,72221,4
NAICS_2007_Code,NAICS_5,72231,4
NAICS_2007_Code,NAICS_5,72232,4
NAICS_2007_Code,NAICS_5,72233,4
NAICS_2007_Code,NAICS_5,72241,4
NAICS_2007_Code,NAICS_5,81111,4
NAICS_2007_Code,NAICS_5,81112,4
NAICS_2007_Code,NAICS_5,81119,4
NAICS_2007_Code,NAICS_5,81121,4
NAICS_2007_Code,NAICS_5,81131,4
NAICS_2007_Code,NAICS_5,81141,4
NAICS_2007_Code,NAICS_5,81142,4
NAICS_2007_Code,NAICS_5,81143,4
NAICS_2007_Code,NAICS_5,81149,4
NAICS_2007_Code,NAICS_5,81211,4
NAICS_2007_Code,NAICS_5,81219,4
NAICS_2007_Code,NAICS_5,81221,4
NAICS_2007_Code,NAICS_5,81222,4
NAICS_2007_Code,NAICS_5,81231,4
NAICS_2007_Code,NAICS_5,81232,4
NAICS_2007_Code,NAICS_5,81233,4
NAICS_2007_Code,NAICS_5,81291,4
NAICS_2007_Code,NAICS_5,81292,4
NAICS_2007_Code,NAICS_5,81293,4
NAICS_2007_Code,NAICS_5,81299,4
NAICS_2007_Code,NAICS_5,81311,4
NAICS_2007_Code,NAICS_5,81321,4
NAICS_2007_Code,NAICS_5,81331,4
NAICS_2007_Code,NAICS_5,81341,4
NAICS_2007_Code,NAICS_5,81391,4
NAICS_2007_Code,NAICS_5,81392,4
NAICS_2007_Code,NAICS_5,81393,4
NAICS_2007_Code,NAICS_5,81394,4
NAICS_2007_Code,NAICS_5,81399,4
NAICS_2007_Code,NAICS_5,81411,4
NAICS_2007_Code,NAICS_5,92111,4
NAICS_2007_Code,NAICS_5,92112,4
NAICS_2007_Code,NAICS_5,92113,4
NAICS_2007_Code,NAICS_5,92114,4
NAICS_2007_Code,NAICS_5,92115,4
NAICS_2007_Code,NAICS_5,92119,4
NAICS_2007_Code,NAICS_5,92211,4
NAICS_2007_Code,NAICS_5,92212,4
NAICS_2007_Code,NAICS_5,92213,4
NAICS_2007_Code,NAICS_5,92214,4
NAICS_2007_Code,NAICS_5,92215,4
NAICS_2007_Code,NAICS_5,92216,4
NAICS_2007_Code,NAICS_5,92219,4
NAICS_2007_Code,NAICS_5,92311,4
NAICS_2007_Code,NAICS_5,92312,4
NAICS_2007_Code,NAICS_5,92313,4
NAICS_2007_Code,NAICS_5,92314,4
NAICS_2007_Code,NAICS_5,92411,4
NAICS_2007_Code,NAICS_5,92412,4
NAICS_2007_Code,NAICS_5,92511,4
NAICS_2007_Code,NAICS_5,92512,4
NAICS_2007_Code,NAICS_5,92611,4
NAICS_2007_Code,NAICS_5,92612,4
NAICS_2007_Code,NAICS_5,92613,4
NAICS_2007_Code,NAICS_5,92614,4
NAICS_2007_Code,NAICS_5,92615,4
NAICS_2007_Code,NAICS_5,92711,4
NAICS_2007_Code,NAICS_5,92811,4
NAICS_2007_Code,NAICS_5,92812,4
NAICS_2007_Code,NAICS_6,111110,5
NAICS_2007_Code,NAICS_6,111120,5
NAICS_2007_Code,NAICS_6,111130,5
NAICS_2007_Code,NAICS_6,111140,5
NAICS_2007_Code,NAICS_6,111150,5
NAICS_2007_Code,NAICS_6,111160,5
NAICS_2007_Code,NAICS_6,111191,5
NAICS_2007_Code,NAICS_6,111199,5
NAICS_2007_Code,NAICS_6,111211,5
NAICS_2007_Code,NAICS_6,111219,5
NAICS_2007_Code,NAICS_6,111310,5
NAICS_2007_Code,NAICS_6,111320,5
NAICS_2007_Code,NAICS_6,111331,5
NAICS_2007_Code,NAICS_6,111332,5
NAICS_2007_Code,NAICS_6,111333,5
NAICS_2007_Code,NAICS_6,111334,5
NAICS_2007_Code,NAICS_6,111335,5
NAICS_2007_Code,NAICS_6,111336,5
NAICS_2007_Code,NAICS_6,111339,5
NAICS_2007_Code,NAICS_6,111411,5
NAICS_2007_Code,NAICS_6,111419,5
NAICS_2007_Code,NAICS_6,111421,5
NAICS_2007_Code,NAICS_6,111422,5
NAICS_2007_Code,NAICS_6,111910,5
NAICS_2007_Code,NAICS_6,111920,5
NAICS_2007_Code,NAICS_6,111930,5
NAICS_2007_Code,NAICS_6,111940,5
NAICS_2007_Code,NAICS_6,111991,5
NAICS_2007_Code,NAICS_6,111992,5
NAICS_2007_Code,NAICS_6,111998,5
NAICS_2007_Code,NAICS_6,112111,5
NAICS_2007_Code,NAICS_6,112112,5
NAICS_2007_Code,NAICS_6,112120,5
NAICS_2007_Code,NAICS_6,112130,5
NAICS_2007_Code,NAICS_6,112210,5
NAICS_2007_Code,NAICS_6,112310,5
NAICS_2007_Code,NAICS_6,112320,5
NAICS_2007_Code,NAICS_6,112330,5
NAICS_2007_Code,NAICS_6,112340,5
NAICS_2007_Code,NAICS_6,112390,5
NAICS_2007_Code,NAICS_6,112410,5
NAICS_2007_Code,NAICS_6,112420,5
NAICS_2007_Code,NAICS_6,112511,5
NAICS_2007_Code,NAICS_6,112512,5
NAICS_2007_Code,NAICS_6,112519,5
NAICS_2007_Code,NAICS_6,112910,5
NAICS_2007_Code,NAICS_6,112920,5
NAICS_2007_Code,NAICS_6,112930,5
NAICS_2007_Code,NAICS_6,112990,5
NAICS_2007_Code,NAICS_6,113110,5
NAICS_2007_Code,NAICS_6,113210,5
NAICS_2007_Code,NAICS_6,113310,5
NAICS_2007_Code,NAICS_6,114111,5
NAICS_2007_Code,NAICS_6,114112,5
NAICS_2007_Code,NAICS_6,114119,5
NAICS_2007_Code,NAICS_6,114210,5
NAICS_2007_Code,NAICS_6,115111,5
NAICS_2007_Code,NAICS_6,115112,5
NAICS_2007_Code,NAICS_6,115113,5
NAICS_2007_Code,NAICS_6,115114,5
NAICS_2007_Code,NAICS_6,115115,5
NAICS_2007_Code,NAICS_6,115116,5
NAICS_2007_Code,NAICS_6,115210,5
NAICS_2007_Code,NAICS_6,115310,5
NAICS_2007_Code,NAICS_6,211111,5
NAICS_2007_Code,NAICS_6,211112,5
NAICS_2007_Code,NAICS_6,212111,5
NAICS_2007_Code,NAICS_6,212112,5
NAICS_2007_Code,NAICS_6,212113,5
NAICS_2007_Code,NAICS_6,212210,5
NAICS_2007_Code,NAICS_6,212221,5
NAICS_2007_Code,NAICS_6,212222,5
NAICS_2007_Code,NAICS_6,212231,5
NAICS_2007_Code,NAICS_6,212234,5
NAICS_2007_Code,NAICS_6,212291,5
NAICS_2007_Code,NAICS_6,212299,5
NAICS_2007_Code,NAICS_6,212311,5
NAICS_2007_Code,NAICS_6,212312,5
NAICS_2007_Code,NAICS_6,212313,5
NAICS_2007_Code,NAICS_6,212319,5
NAICS_2007_Code,NAICS_6,212321,5
NAICS_2007_Code,NAICS_6,212322,5
NAICS_2007_Code,NAICS_6,212324,5
NAICS_2007_Code,NAICS_6,212325,5
NAICS_2007_Code,NAICS_6,212391,5
NAICS_2007_Code,NAICS_6,212392,5
NAICS_2007_Code,NAICS_6,212393,5
NAICS_2007_Code,NAICS_6,212399,5
NAICS_2007_Code,NAICS_6,213111,5
NAICS_2007_Code,NAICS_6,213112,5
NAICS_2007_Code,NAICS_6,213113,5
NAICS_2007_Code,NAICS_6,213114,5
NAICS_2007_Code,NAICS_6,213115,5
NAICS_2007_Code,NAICS_6,221111,5
NAICS_2007_Code,NAICS_6,221112,5
NAICS_2007_Code,NAICS_6,221113,5
NAICS_2007_Code,NAICS_6,221119,5
NAICS_2007_Code,NAICS_6,221121,5
NAICS_2007_Code,NAICS_6,221122,5
NAICS_2007_Code,NAICS_6,221210,5
NAICS_2007_Code,NAICS_6,221310,5
NAICS_2007_Code,NAICS_6,221320,5
NAICS_2007_Code,NAICS_6,221330,5
NAICS_2007_Code,NAICS_6,236115,5
NAICS_2007_Code,NAICS_6,236116,5
NAICS_2007_Code,NAICS_6,236117,5
NAICS_2007_Code,NAICS_6,236118,5
NAICS_2007_Code,NAICS_6,236210,5
NAICS_2007_Code,NAICS_6,236220,5
NAICS_2007_Code,NAICS_6,237110,5
NAICS_2007_Code,NAICS_6,237120,5
NAICS_2007_Code,NAICS_6,237130,5
NAICS_2007_Code,NAICS_6,237210,5
NAICS_2007_Code,NAICS_6,237310,5
NAICS_2007_Code,NAICS_6,237990,5
NAICS_2007_Code,NAICS_6,238110,5
NAICS_2007_Code,NAICS_6,238120,5
NAICS_2007_Code,NAICS_6,238130,5
NAICS_2007_Code,NAICS_6,238140,5
NAICS_2007_Code,NAICS_6,238150,5
NAICS_2007_Code,NAICS_6,238160,5
NAICS_2007_Code,NAICS_6,238170,5
NAICS_2007_Code,NAICS_6,238190,5
NAICS_2007_Code,NAICS_6,238210,5
NAICS_2007_Code,NAICS_6,238220,5
NAICS_2007_Code,NAICS_6,238290,5
NAICS_2007_Code,NAICS_6,238310,5
NAICS_2007_Code,NAICS_6,238320,5
NAICS_2007_Code,NAICS_6,238330,5
NAICS_2007_Code,NAICS_6,238340,5
NAICS_2007_Code,NAICS_6,238350,5
NAICS_2007_Code,NAICS_6,238390,5
NAICS_2007_Code,NAICS_6,238910,5
NAICS_2007_Code,NAICS_6,238990,5
NAICS_2007_Code,NAICS_6,311111,5
NAICS_2007_Code,NAICS_6,311119,5
NAICS_2007_Code,NAICS_6,311211,5
NAICS_2007_Code,NAICS_6,311212,5
NAICS_2007_Code,NAICS_6,311213,5
NAICS_2007_Code,NAICS_6,311221,5
NAICS_2007_Code,NAICS_6,311222,5
NAICS_2007_Code,NAICS_6,311223,5
NAICS_2007_Code,NAICS_6,311225,5
NAICS_2007_Code,NAICS_6,311230,5
NAICS_2007_Code,NAICS_6,311311,5
NAICS_2007_Code,NAICS_6,311312,5
NAICS_2007_Code,NAICS_6,311313,5
NAICS_2007_Code,NAICS_6,311320,5
NAICS_2007_Code,NAICS_6,311330,5
NAICS_2007_Code,NAICS_6,311340,5
NAICS_2007_Code,NAICS_6,311411,5
NAICS_2007_Code,NAICS_6,311412,5
NAICS_2007_Code,NAICS_6,311421,5
NAICS_2007_Code,NAICS_6,311422,5
NAICS_2007_Code,NAICS_6,311423,5
NAICS_2007_Code,NAICS_6,311511,5
NAICS_2007_Code,NAICS_6,311512,5
NAICS_2007_Code,NAICS_6,311513,5
NAICS_2007_Code,NAICS_6,311514,5
NAICS_2007_Code,NAICS_6,311520,5
NAICS_2007_Code,NAICS_6,311611,5
NAICS_2007_Code,NAICS_6,311612,5
NAICS_2007_Code,NAICS_6,311613,5
NAICS_2007_Code,NAICS_6,311615,5
NAICS_2007_Code,NAICS_6,311711,5
NAICS_2007_Code,NAICS_6,311712,5
NAICS_2007_Code,NAICS_6,311811,5
NAICS_2007_Code,NAICS_6,311812,5
NAICS_2007_Code,NAICS_6,311813,5
NAICS_2007_Code,NAICS_6,311821,5
NAICS_2007_Code,NAICS_6,311822,5
NAICS_2007_Code,NAICS_6,311823,5
NAICS_2007_Code,NAICS_6,311830,5
NAICS_2007_Code,NAICS_6,311911,5
NAICS_2007_Code,NAICS_6,311919,5
NAICS_2007_Code,NAICS_6,311920,5
NAICS_2007_Code,NAICS_6,311930,5
NAICS_2007_Code,NAICS_6,311941,5
NAICS_2007_Code,NAICS_6,311942,5
NAICS_2007_Code,NAICS_6,311991,5
NAICS_2007_Code,NAICS_6,311999,5
NAICS_2007_Code,NAICS_6,312111,5
NAICS_2007_Code,NAICS_6,312112,5
NAICS_2007_Code,NAICS_6,312113,5
NAICS_2007_Code,NAICS_6,312120,5
NAICS_2007_Code,NAICS_6,312130,5
NAICS_2007_Code,NAICS_6,312140,5
NAICS_2007_Code,NAICS_6,312210,5
NAICS_2007_Code,NAICS_6,312221,5
NAICS_2007_Code,NAICS_6,312229,5
NAICS_2007_Code,NAICS_6,313111,5
NAICS_2007_Code,NAICS_6,313112,5
NAICS_2007_Code,NAICS_6,313113,5
NAICS_2007_Code,NAICS_6,313210,5
NAICS_2007_Code,NAICS_6,313221,5
NAICS_2007_Code,NAICS_6,313222,5
NAICS_2007_Code,NAICS_6,313230,5
NAICS_2007_Code,NAICS_6,313241,5
NAICS_2007_Code,NAICS_6,313249,5
NAICS_2007_Code,NAICS_6,313311,5
NAICS_2007_Code,NAICS_6,313312,5
NAICS_2007_Code,NAICS_6,313320,5
NAICS_2007_Code,NAICS_6,314110,5
NAICS_2007_Code,NAICS_6,314121,5
NAICS_2007_Code,NAICS_6,314129,5
NAICS_2007_Code,NAICS_6,314911,5
NAICS_2007_Code,NAICS_6,314912,5
NAICS_2007_Code,NAICS_6,314991,5
NAICS_2007_Code,NAICS_6,314992,5
NAICS_2007_Code,NAICS_6,314999,5
NAICS_2007_Code,NAICS_6,315111,5
NAICS_2007_Code,NAICS_6,315119,5
NAICS_2007_Code,NAICS_6,315191,5
NAICS_2007_Code,NAICS_6,315192,5
NAICS_2007_Code,NAICS_6,315211,5
NAICS_2007_Code,NAICS_6,315212,5
NAICS_2007_Code,NAICS_6,315221,5
NAICS_2007_Code,NAICS_6,315222,5
NAICS_2007_Code,NAICS_6,315223,5
NAICS_2007_Code,NAICS_6,315224,5
NAICS_2007_Code,NAICS_6,315225,5
NAICS_2007_Code,NAICS_6,315228,5
NAICS_2007_Code,NAICS_6,315231,5
NAICS_2007_Code,NAICS_6,315232,5
NAICS_2007_Code,NAICS_6,315233,5
NAICS_2007_Code,NAICS_6,315234,5
NAICS_2007_Code,NAICS_6,315239,5
NAICS_2007_Code,NAICS_6,315291,5
NAICS_2007_Code,NAICS_6,315292,5
NAICS_2007_Code,NAICS_6,315299,5
NAICS_2007_Code,NAICS_6,315991,5
NAICS_2007_Code,NAICS_6,315992,5
NAICS_2007_Code,NAICS_6,315993,5
NAICS_2007_Code,NAICS_6,315999,5
NAICS_2007_Code,NAICS_6,316110,5
NAICS_2007_Code,NAICS_6,316211,5
NAICS_2007_Code,NAICS_6,316212,5
NAICS_2007_Code,NAICS_6,316213,5
NAICS_2007_Code,NAICS_6,316214,5
NAICS_2007_Code,NAICS_6,316219,5
NAICS_2007_Code,NAICS_6,316991,5
NAICS_2007_Code,NAICS_6,316992,5
NAICS_2007_Code,NAICS_6,316993,5
NAICS_2007_Code,NAICS_6,316999,5
NAICS_2007_Code,NAICS_6,321113,5
NAICS_2007_Code,NAICS_6,321114,5
NAICS_2007_Code,NAICS_6,321211,5
NAICS_2007_Code,NAICS_6,321212,5
NAICS_2007_Code,NAICS_6,321213,5
NAICS_2007_Code,NAICS_6,321214,5
NAICS_2007_Code,NAICS_6,321219,5
NAICS_2007_Code,NAICS_6,321911,5
NAICS_2007_Code,NAICS_6,321912,5
NAICS_2007_Code,NAICS_6,321918,5
NAICS_2007_Code,NAICS_6,321920,5
NAICS_2007_Code,NAICS_6,321991,5
NAICS_2007_Code,NAICS_6,321992,5
NAICS_2007_Code,NAICS_6,321999,5
NAICS_2007_Code,NAICS_6,322110,5
NAICS_2007_Code,NAICS_6,322121,5
NAICS_2007_Code,NAICS_6,322122,5
NAICS_2007_Code,NAICS_6,322130,5
NAICS_2007_Code,NAICS_6,322211,5
NAICS_2007_Code,NAICS_6,322212,5
NAICS_2007_Code,NAICS_6,322213,5
NAICS_2007_Code,NAICS_6,322214,5
NAICS_2007_Code,NAICS_6,322215,5
NAICS_2007_Code,NAICS_6,322221,5
NAICS_2007_Code,NAICS_6,322222,5
NAICS_2007_Code,NAICS_6,322223,5
NAICS_2007_Code,NAICS_6,322224,5
NAICS_2007_Code,NAICS_6,322225,5
NAICS_2007_Code,NAICS_6,322226,5
NAICS_2007_Code,NAICS_6,322231,5
NAICS_2007_Code,NAICS_6,322232,5
NAICS_2007_Code,NAICS_6,322233,5
NAICS_2007_Code,NAICS_6,322291,5
NAICS_2007_Code,NAICS_6,322299,5
NAICS_2007_Code,NAICS_6,323110,5
NAICS_2007_Code,NAICS_6,323111,5
NAICS_2007_Code,NAICS_6,323112,5
NAICS_2007_Code,NAICS_6,323113,5
NAICS_2007_Code,NAICS_6,323114,5
NAICS_2007_Code,NAICS_6,323115,5
NAICS_2007_Code,NAICS_6,323116,5
NAICS_2007_Code,NAICS_6,323117,5
NAICS_2007_Code,NAICS_6,323118,5
NAICS_2007_Code,NAICS_6,323119,5
NAICS_2007_Code,NAICS_6,323121,5
NAICS_2007_Code,NAICS_6,323122,5
NAICS_2007_Code,NAICS_6,324110,5
NAICS_2007_Code,NAICS_6,324121,5
NAICS_2007_Code,NAICS_6,324122,5
NAICS_2007_Code,NAICS_6,324191,5
NAICS_2007_Code,NAICS_6,324199,5
NAICS_2007_Code,NAICS_6,325110,5
NAICS_2007_Code,NAICS_6,325120,5
NAICS_2007_Code,NAICS_6,325131,5
NAICS_2007_Code,NAICS_6,325132,5
NAICS_2007_Code,NAICS_6,325181,5
NAICS_2007_Code,NAICS_6,325182,5
NAICS_2007_Code,NAICS_6,325188,5
NAICS_2007_Code,NAICS_6,325191,5
NAICS_2007_Code,NAICS_6,325192,5
NAICS_2007_Code,NAICS_6,325193,5
NAICS_2007_Code,NAICS_6,325199,5
NAICS_2007_Code,NAICS_6,325211,5
NAICS_2007_Code,NAICS_6,325212,5
NAICS_2007_Code,NAICS_6,325221,5
NAICS_2007_Code,NAICS_6,325222,5
NAICS_2007_Code,NAICS_6,325311,5
NAICS_2007_Code,NAICS_6,325312,5
NAICS_2007_Code,NAICS_6,325314,5
NAICS_2007_Code,NAICS_6,325320,5
NAICS_2007_Code,NAICS_6,325411,5
NAICS_2007_Code,NAICS_6,325412,5
NAICS_2007_Code,NAICS_6,325413,5
NAICS_2007_Code,NAICS_6,325414,5
NAICS_2007_Code,NAICS_6,325510,5
NAICS_2007_Code,NAICS_6,325520,5
NAICS_2007_Code,NAICS_6,325611,5
NAICS_2007_Code,NAICS_6,325612,5
NAICS_2007_Code,NAICS_6,325613,5
NAICS_2007_Code,NAICS_6,325620,5
NAICS_2007_Code,NAICS_6,325910,5
NAICS_2007_Code,NAICS_6,325920,5
NAICS_2007_Code,NAICS_6,325991,5
NAICS_2007_Code,NAICS_6,325992,5
NAICS_2007_Code,NAICS_6,325998,5
NAICS_2007_Code,NAICS_6,326111,5
NAICS_2007_Code,NAICS_6,326112,5
NAICS_2007_Code,NAICS_6,326113,5
NAICS_2007_Code,NAICS_6,326121,5
NAICS_2007_Code,NAICS_6,326122,5
NAICS_2007_Code,NAICS_6,326130,5
NAICS_2007_Code,NAICS_6,326140,5
NAICS_2007_Code,NAICS_6,326150,5
NAICS_2007_Code,NAICS_6,326160,5
NAICS_2007_Code,NAICS_6,326191,5
NAICS_2007_Code,NAICS_6,326192,5
NAICS_2007_Code,NAICS_6,326199,5
NAICS_2007_Code,NAICS_6,326211,5
NAICS_2007_Code,NAICS_6,326212,5
NAICS_2007_Code,NAICS_6,326220,5
NAICS_2007_Code,NAICS_6,326291,5
NAICS_2007_Code,NAICS_6,326299,5
NAICS_2007_Code,NAICS_6,327111,5
NAICS_2007_Code,NAICS_6,327112,5
NAICS_2007_Code,NAICS_6,327113,5
NAICS_2007_Code,NAICS_6,327121,5
NAICS_2007_Code,NAICS_6,327122,5
NAICS_2007_Code,NAICS_6,327123,5
NAICS_2007_Code,NAICS_6,327124,5
NAICS_2007_Code,NAICS_6,327125,5
NAICS_2007_Code,NAICS_6,327211,5
NAICS_2007_Code,NAICS_6,327212,5
NAICS_2007_Code,NAICS_6,327213,5
NAICS_2007_Code,NAICS_6,327215,5
NAICS_2007_Code,NAICS_6,327310,5
NAICS_2007_Code,NAICS_6,327320,5
NAICS_2007_Code,NAICS_6,327331,5
NAICS_2007_Code,NAICS_6,327332,5
NAICS_2007_Code,NAICS_6,327390,5
NAICS_2007_Code,NAICS_6,327410,5
NAICS_2007_Code,NAICS_6,327420,5
NAICS_2007_Code,NAICS_6,327910,5
NAICS_2007_Code,NAICS_6,327991,5
NAICS_2007_Code,NAICS_6,327992,5
NAICS_2007_Code,NAICS_6,327993,5
NAICS_2007_Code,NAICS_6,327999,5
NAICS_2007_Code,NAICS_6,331111,5
NAICS_2007_Code,NAICS_6,331112,5
NAICS_2007_Code,NAICS_6,331210,5
NAICS_2007_Code,NAICS_6,331221,5
NAICS_2007_Code,NAICS_6,331222,5
NAICS_2007_Code,NAICS_6,331311,5
NAICS_2007_Code,NAICS_6,331312,5
NAICS_2007_Code,NAICS_6,331314,5
NAICS_2007_Code,NAICS_6,331315,5
NAICS_2007_Code,NAICS_6,331316,5
NAICS_2007_Code,NAICS_6,331319,5
NAICS_2007_Code,NAICS_6,331411,5
NAICS_2007_Code,NAICS_6,331419,5
NAICS_2007_Code,NAICS_6,331421,5
NAICS_2007_Code,NAICS_6,331422,5
NAICS_2007_Code,NAICS_6,331423,5
NAICS_2007_Code,NAICS_6,331491,5
NAICS_2007_Code,NAICS_6,331492,5
NAICS_2007_Code,NAICS_6,331511,5
NAICS_2007_Code,NAICS_6,331512,5
NAICS_2007_Code,NAICS_6,331513,5
NAICS_2007_Code,NAICS_6,331521,5
NAICS_2007_Code,NAICS_6,331522,5
NAICS_2007_Code,NAICS_6,331524,5
NAICS_2007_Code,NAICS_6,331525,5
NAICS_2007_Code,NAICS_6,331528,5
NAICS_2007_Code,NAICS_6,332111,5
NAICS_2007_Code,NAICS_6,332112,5
NAICS_2007_Code,NAICS_6,332114,5
NAICS_2007_Code,NAICS_6,332115,5
NAICS_2007_Code,NAICS_6,332116,5
NAICS_2007_Code,NAICS_6,332117,5
NAICS_2007_Code,NAICS_6,332211,5
NAICS_2007_Code,NAICS_6,332212,5
NAICS_2007_Code,NAICS_6,332213,5
NAICS_2007_Code,NAICS_6,332214,5
NAICS_2007_Code,NAICS_6,332311,5
NAICS_2007_Code,NAICS_6,332312,5
NAICS_2007_Code,NAICS_6,332313,5
NAICS_2007_Code,NAICS_6,332321,5
NAICS_2007_Code,NAICS_6,332322,5
NAICS_2007_Code,NAICS_6,332323,5
NAICS_2007_Code,NAICS_6,332410,5
NAICS_2007_Code,NAICS_6,332420,5
NAICS_2007_Code,NAICS_6,332431,5
NAICS_2007_Code,NAICS_6,332439,5
NAICS_2007_Code,NAICS_6,332510,5
NAICS_2007_Code,NAICS_6,332611,5
NAICS_2007_Code,NAICS_6,332612,5
NAICS_2007_Code,NAICS_6,332618,5
NAICS_2007_Code,NAICS_6,332710,5
NAICS_2007_Code,NAICS_6,332721,5
NAICS_2007_Code,NAICS_6,332722,5
NAICS_2007_Code,NAICS_6,332811,5
NAICS_2007_Code,NAICS_6,332812,5
NAICS_2007_Code,NAICS_6,332813,5
NAICS_2007_Code,NAICS_6,332911,5
NAICS_2007_Code,NAICS_6,332912,5
NAICS_2007_Code,NAICS_6,332913,5
NAICS_2007_Code,NAICS_6,332919,5
NAICS_2007_Code,NAICS_6,332991,5
NAICS_2007_Code,NAICS_6,332992,5
NAICS_2007_Code,NAICS_6,332993,5
NAICS_2007_Code,NAICS_6,332994,5
NAICS_2007_Code,NAICS_6,332995,5
NAICS_2007_Code,NAICS_6,332996,5
NAICS_2007_Code,NAICS_6,332997,5
NAICS_2007_Code,NAICS_6,332998,5
NAICS_2007_Code,NAICS_6,332999,5
NAICS_2007_Code,NAICS_6,333111,5
NAICS_2007_Code,NAICS_6,333112,5
NAICS_2007_Code,NAICS_6,333120,5
NAICS_2007_Code,NAICS_6,333131,5
NAICS_2007_Code,NAICS_6,333132,5
NAICS_2007_Code,NAICS_6,333210,5
NAICS_2007_Code,NAICS_6,333220,5
NAICS_2007_Code,NAICS_6,333291,5
NAICS_2007_Code,NAICS_6,333292,5
NAICS_2007_Code,NAICS_6,333293,5
NAICS_2007_Code,NAICS_6,333294,5
NAICS_2007_Code,NAICS_6,333295,5
NAICS_2007_Code,NAICS_6,333298,5
NAICS_2007_Code,NAICS_6,333311,5
NAICS_2007_Code,NAICS_6,333312,5
NAICS_2007_Code,NAICS_6,333313,5
NAICS_2007_Code,NAICS_6,333314,5
NAICS_2007_Code,NAICS_6,333315,5
NAICS_2007_Code,NAICS_6,333319,5
NAICS_2007_Code,NAICS_6,333411,5
NAICS_2007_Code,NAICS_6,333412,5
NAICS_2007_Code,NAICS_6,333414,5
NAICS_2007_Code,NAICS_6,333415,5
NAICS_2007_Code,NAICS_6,333511,5
NAICS_2007_Code,NAICS_6,333512,5
NAICS_2007_Code,NAICS_6,333513,5
NAICS_2007_Code,NAICS_6,333514,5
NAICS_2007_Code,NAICS_6,333515,5
NAICS_2007_Code,NAICS_6,333516,5
NAICS_2007_Code,NAICS_6,333518,5
NAICS_2007_Code,NAICS_6,333611,5
NAICS_2007_Code,NAICS_6,333612,5
NAICS_2007_Code,NAICS_6,333613,5
NAICS_2007_Code,NAICS_6,333618,5
NAICS_2007_Code,NAICS_6,333911,5
NAICS_2007_Code,NAICS_6,333912,5
NAICS_2007_Code,NAICS_6,333913,5
NAICS_2007_Code,NAICS_6,333921,5
NAICS_2007_Code,NAICS_6,333922,5
NAICS_2007_Code,NAICS_6,333923,5
NAICS_2007_Code,NAICS_6,333924,5
NAICS_2007_Code,NAICS_6,333991,5
NAICS_2007_Code,NAICS_6,333992,5
NAICS_2007_Code,NAICS_6,333993,5
NAICS_2007_Code,NAICS_6,333994,5
NAICS_2007_Code,NAICS_6,333995,5
NAICS_2007_Code,NAICS_6,333996,5
NAICS_2007_Code,NAICS_6,333997,5
NAICS_2007_Code,NAICS_6,333999,5
NAICS_2007_Code,NAICS_6,334111,5
NAICS_2007_Code,NAICS_6,334112,5
NAICS_2007_Code,NAICS_6,334113,5
NAICS_2007_Code,NAICS_6,334119,5
NAICS_2007_Code,NAICS_6,334210,5
NAICS_2007_Code,NAICS_6,334220,5
NAICS_2007_Code,NAICS_6,334290,5
NAICS_2007_Code,NAICS_6,334310,5
NAICS_2007_Code,NAICS_6,334411,5
NAICS_2007_Code,NAICS_6,334412,5
NAICS_2007_Code,NAICS_6,334413,5
NAICS_2007_Code,NAICS_6,334414,5
NAICS_2007_Code,NAICS_6,334415,5
NAICS_2007_Code,NAICS_6,334416,5
NAICS_2007_Code,NAICS_6,334417,5
NAICS_2007_Code,NAICS_6,334418,5
NAICS_2007_Code,NAICS_6,334419,5
NAICS_2007_Code,NAICS_6,334510,5
NAICS_2007_Code,NAICS_6,334511,5
NAICS_2007_Code,NAICS_6,334512,5
NAICS_2007_Code,NAICS_6,334513,5
NAICS_2007_Code,NAICS_6,334514,5
NAICS_2007_Code,NAICS_6,334515,5
NAICS_2007_Code,NAICS_6,334516,5
NAICS_2007_Code,NAICS_6,334517,5
NAICS_2007_Code,NAICS_6,334518,5
NAICS_2007_Code,NAICS_6,334519,5
NAICS_2007_Code,NAICS_6,334611,5
NAICS_2007_Code,NAICS_6,334612,5
NAICS_2007_Code,NAICS_6,334613,5
NAICS_2007_Code,NAICS_6,335110,5
NAICS_2007_Code,NAICS_6,335121,5
NAICS_2007_Code,NAICS_6,335122,5
NAICS_2007_Code,NAICS_6,335129,5
NAICS_2007_Code,NAICS_6,335211,5
NAICS_2007_Code,NAICS_6,335212,5
NAICS_2007_Code,NAICS_6,335221,5
NAICS_2007_Code,NAICS_6,335222,5
NAICS_2007_Code,NAICS_6,335224,5
NAICS_2007_Code,NAICS_6,335228,5
NAICS_2007_Code,NAICS_6,335311,5
NAICS_2007_Code,NAICS_6,335312,5
NAICS_2007_Code,NAICS_6,335313,5
NAICS_2007_Code,NAICS_6,335314,5
NAICS_2007_Code,NAICS_6,335911,5
NAICS_2007_Code,NAICS_6,335912,5
NAICS_2007_Code,NAICS_6,335921,5
NAICS_2007_Code,NAICS_6,335929,5
NAICS_2007_Code,NAICS_6,335931,5
NAICS_2007_Code,NAICS_6,335932,5
NAICS_2007_Code,NAICS_6,335991,5
NAICS_2007_Code,NAICS_6,335999,5
NAICS_2007_Code,NAICS_6,336111,5
NAICS_2007_Code,NAICS_6,336112,5
NAICS_2007_Code,NAICS_6,336120,5
NAICS_2007_Code,NAICS_6,336211,5
NAICS_2007_Code,NAICS_6,336212,5
NAICS_2007_Code,NAICS_6,336213,5
NAICS_2007_Code,NAICS_6,336214,5
NAICS_2007_Code,NAICS_6,336311,5
NAICS_2007_Code,NAICS_6,336312,5
NAICS_2007_Code,NAICS_6,336321,5
NAICS_2007_Code,NAICS_6,336322,5
NAICS_2007_Code,NAICS_6,336330,5
NAICS_2007_Code,NAICS_6,336340,5
NAICS_2007_Code,NAICS_6,336350,5
NAICS_2007_Code,NAICS_6,336360,5
NAICS_2007_Code,NAICS_6,336370,5
NAICS_2007_Code,NAICS_6,336391,5
NAICS_2007_Code,NAICS_6,336399,5
NAICS_2007_Code,NAICS_6,336411,5
NAICS_2007_Code,NAICS_6,336412,5
NAICS_2007_Code,NAICS_6,336413,5
NAICS_2007_Code,NAICS_6,336414,5
NAICS_2007_Code,NAICS_6,336415,5
NAICS_2007_Code,NAICS_6,336419,5
NAICS_2007_Code,NAICS_6,336510,5
NAICS_2007_Code,NAICS_6,336611,5
NAICS_2007_Code,NAICS_6,336612,5
NAICS_2007_Code,NAICS_6,336991,5
NAICS_2007_Code,NAICS_6,336992,5
NAICS_2007_Code,NAICS_6,336999,5
NAICS_2007_Code,NAICS_6,337110,5
NAICS_2007_Code,NAICS_6,337121,5
NAICS_2007_Code,NAICS_6,337122,5
NAICS_2007_Code,NAICS_6,337124,5
NAICS_2007_Code,NAICS_6,337125,5
NAICS_2007_Code,NAICS_6,337127,5
NAICS_2007_Code,NAICS_6,337129,5
NAICS_2007_Code,NAICS_6,337211,5
NAICS_2007_Code,NAICS_6,337212,5
NAICS_2007_Code,NAICS_6,337214,5
NAICS_2007_Code,NAICS_6,337215,5
NAICS_2007_Code,NAICS_6,337910,5
NAICS_2007_Code,NAICS_6,337920,5
NAICS_2007_Code,NAICS_6,339112,5
NAICS_2007_Code,NAICS_6,339113,5
NAICS_2007_Code,NAICS_6,339114,5
NAICS_2007_Code,NAICS_6,339115,5
NAICS_2007_Code,NAICS_6,339116,5
NAICS_2007_Code,NAICS_6,339911,5
NAICS_2007_Code,NAICS_6,339912,5
NAICS_2007_Code,NAICS_6,339913,5
NAICS_2007_Code,NAICS_6,339914,5
NAICS_2007_Code,NAICS_6,339920,5
NAICS_2007_Code,NAICS_6,339931,5
NAICS_2007_Code,NAICS_6,339932,5
NAICS_2007_Code,NAICS_6,339941,5
NAICS_2007_Code,NAICS_6,339942,5
NAICS_2007_Code,NAICS_6,339943,5
NAICS_2007_Code,NAICS_6,339944,5
NAICS_2007_Code,NAICS_6,339950,5
NAICS_2007_Code,NAICS_6,339991,5
NAICS_2007_Code,NAICS_6,339992,5
NAICS_2007_Code,NAICS_6,339993,5
NAICS_2007_Code,NAICS_6,339994,5
NAICS_2007_Code,NAICS_6,339995,5
NAICS_2007_Code,NAICS_6,339999,5
NAICS_2007_Code,NAICS_6,423110,5
NAICS_2007_Code,NAICS_6,423120,5
NAICS_2007_Code,NAICS_6,423130,5
NAICS_2007_Code,NAICS_6,423140,5
NAICS_2007_Code,NAICS_6,423210,5
NAICS_2007_Code,NAICS_6,423220,5
NAICS_2007_Code,NAICS_6,423310,5
NAICS_2007_Code,NAICS_6,423320,5
NAICS_2007_Code,NAICS_6,423330,5
NAICS_2007_Code,NAICS_6,423390,5
NAICS_2007_Code,NAICS_6,423410,5
NAICS_2007_Code,NAICS_6,423420,5
NAICS_2007_Code,NAICS_6,423430,5
NAICS_2007_Code,NAICS_6,423440,5
NAICS_2007_Code,NAICS_6,423450,5
NAICS_2007_Code,NAICS_6,423460,5
NAICS_2007_Code,NAICS_6,423490,5
NAICS_2007_Code,NAICS_6,423510,5
NAICS_2007_Code,NAICS_6,423520,5
NAICS_2007_Code,NAICS_6,423610,5
NAICS_2007_Code,NAICS_6,423620,5
NAICS_2007_Code,NAICS_6,423690,5
NAICS_2007_Code,NAICS_6,423710,5
NAICS_2007_Code,NAICS_6,423720,5
NAICS_2007_Code,NAICS_6,423730,5
NAICS_2007_Code,NAICS_6,423740,5
NAICS_2007_Code,NAICS_6,423810,5
NAICS_2007_Code,NAICS_6,423820,5
NAICS_2007_Code,NAICS_6,423830,5
NAICS_2007_Code,NAICS_6,423840,5
NAICS_2007_Code,NAICS_6,423850,5
NAICS_2007_Code,NAICS_6,423860,5
NAICS_2007_Code,NAICS_6,423910,5
NAICS_2007_Code,NAICS_6,423920,5
NAICS_2007_Code,NAICS_6,423930,5
NAICS_2007_Code,NAICS_6,423940,5
NAICS_2007_Code,NAICS_6,423990,5
NAICS_2007_Code,NAICS_6,424110,5
NAICS_2007_Code,NAICS_6,424120,5
NAICS_2007_Code,NAICS_6,424130,5
NAICS_2007_Code,NAICS_6,424210,5
NAICS_2007_Code,NAICS_6,424310,5
NAICS_2007_Code,NAICS_6,424320,5
NAICS_2007_Code,NAICS_6,424330,5
NAICS_2007_Code,NAICS_6,424340,5
NAICS_2007_Code,NAICS_6,424410,5
NAICS_2007_Code,NAICS_6,424420,5
NAICS_2007_Code,NAICS_6,424430,5
NAICS_2007_Code,NAICS_6,424440,5
NAICS_2007_Code,NAICS_6,424450,5
NAICS_2007_Code,NAICS_6,424460,5
NAICS_2007_Code,NAICS_6,424470,5
NAICS_2007_Code,NAICS_6,424480,5
NAICS_2007_Code,NAICS_6,424490,5
NAICS_2007_Code,NAICS_6,424510,5
NAICS_2007_Code,NAICS_6,424520,5
NAICS_2007_Code,NAICS_6,424590,5
NAICS_2007_Code,NAICS_6,424610,5
NAICS_2007_Code,NAICS_6,424690,5
NAICS_2007_Code,NAICS_6,424710,5
NAICS_2007_Code,NAICS_6,424720,5
NAICS_2007_Code,NAICS_6,424810,5
NAICS_2007_Code,NAICS_6,424820,5
NAICS_2007_Code,NAICS_6,424910,5
NAICS_2007_Code,NAICS_6,424920,5
NAICS_2007_Code,NAICS_6,424930,5
NAICS_2007_Code,NAICS_6,424940,5
NAICS_2007_Code,NAICS_6,424950,5
NAICS_2007_Code,NAICS_6,424990,5
NAICS_2007_Code,NAICS_6,425110,5
NAICS_2007_Code,NAICS_6,425120,5
NAICS_2007_Code,NAICS_6,441110,5
NAICS_2007_Code,NAICS_6,441120,5
NAICS_2007_Code,NAICS_6,441210,5
NAICS_2007_Code,NAICS_6,441221,5
NAICS_2007_Code,NAICS_6,441222,5
NAICS_2007_Code,NAICS_6,441229,5
NAICS_2007_Code,NAICS_6,441310,5
NAICS_2007_Code,NAICS_6,441320,5
NAICS_2007_Code,NAICS_6,442110,5
NAICS_2007_Code,NAICS_6,442210,5
NAICS_2007_Code,NAICS_6,442291,5
NAICS_2007_Code,NAICS_6,442299,5
NAICS_2007_Code,NAICS_6,443111,5
NAICS_2007_Code,NAICS_6,443112,5
NAICS_2007_Code,NAICS_6,443120,5
NAICS_2007_Code,NAICS_6,443130,5
NAICS_2007_Code,NAICS_6,444110,5
NAICS_2007_Code,NAICS_6,444120,5
NAICS_2007_Code,NAICS_6,444130,5
NAICS_2007_Code,NAICS_6,444190,5
NAICS_2007_Code,NAICS_6,444210,5
NAICS_2007_Code,NAICS_6,444220,5
NAICS_2007_Code,NAICS_6,445110,5
NAICS_2007_Code,NAICS_6,445120,5
NAICS_2007_Code,NAICS_6,445210,5
NAICS_2007_Code,NAICS_6,445220,5
NAICS_2007_Code,NAICS_6,445230,5
NAICS_2007_Code,NAICS_6,445291,5
NAICS_2007_Code,NAICS_6,445292,5
NAICS_2007_Code,NAICS_6,445299,5
NAICS_2007_Code,NAICS_6,445310,5
NAICS_2007_Code,NAICS_6,446110,5
NAICS_2007_Code,NAICS_6,446120,5
NAICS_2007_Code,NAICS_6,446130,5
NAICS_2007_Code,NAICS_6,446191,5
NAICS_2007_Code,NAICS_6,446199,5
NAICS_2007_Code,NAICS_6,447110,5
NAICS_2007_Code,NAICS_6,447190,5
NAICS_2007_Code,NAICS_6,448110,5
NAICS_2007_Code,NAICS_6,448120,5
NAICS_2007_Code,NAICS_6,448130,5
NAICS_2007_Code,NAICS_6,448140,5
NAICS_2007_Code,NAICS_6,448150,5
NAICS_2007_Code,NAICS_6,448190,5
NAICS_2007_Code,NAICS_6,448210,5
NAICS_2007_Code,NAICS_6,448310,5
NAICS_2007_Code,NAICS_6,448320,5
NAICS_2007_Code,NAICS_6,451110,5
NAICS_2007_Code,NAICS_6,451120,5
NAICS_2007_Code,NAICS_6,451130,5
NAICS_2007_Code,NAICS_6,451140,5
NAICS_2007_Code,NAICS_6,451211,5
NAICS_2007_Code,NAICS_6,451212,5
NAICS_2007_Code,NAICS_6,451220,5
NAICS_2007_Code,NAICS_6,452111,5
NAICS_2007_Code,NAICS_6,452112,5
NAICS_2007_Code,NAICS_6,452910,5
NAICS_2007_Code,NAICS_6,452990,5
NAICS_2007_Code,NAICS_6,453110,5
NAICS_2007_Code,NAICS_6,453210,5
NAICS_2007_Code,NAICS_6,453220,5
NAICS_2007_Code,NAICS_6,453310,5
NAICS_2007_Code,NAICS_6,453910,5
NAICS_2007_Code,NAICS_6,453920,5
NAICS_2007_Code,NAICS_6,453930,5
NAICS_2007_Code,NAICS_6,453991,5
NAICS_2007_Code,NAICS_6,453998,5
NAICS_2007_Code,NAICS_6,454111,5
NAICS_2007_Code,NAICS_6,454112,5
NAICS_2007_Code,NAICS_6,454113,5
NAICS_2007_Code,NAICS_6,454210,5
NAICS_2007_Code,NAICS_6,454311,5
NAICS_2007_Code,NAICS_6,454312,5
NAICS_2007_Code,NAICS_6,454319,5
NAICS_2007_Code,NAICS_6,454390,5
NAICS_2007_Code,NAICS_6,481111,5
NAICS_2007_Code,NAICS_6,481112,5
NAICS_2007_Code,NAICS_6,481211,5
NAICS_2007_Code,NAICS_6,481212,5
NAICS_2007_Code,NAICS_6,481219,5
NAICS_2007_Code,NAICS_6,482111,5
NAICS_2007_Code,NAICS_6,482112,5
NAICS_2007_Code,NAICS_6,483111,5
NAICS_2007_Code,NAICS_6,483112,5
NAICS_2007_Code,NAICS_6,483113,5
NAICS_2007_Code,NAICS_6,483114,5
NAICS_2007_Code,NAICS_6,483211,5
NAICS_2007_Code,NAICS_6,483212,5
NAICS_2007_Code,NAICS_6,484110,5
NAICS_2007_Code,NAICS_6,484121,5
NAICS_2007_Code,NAICS_6,484122,5
NAICS_2007_Code,NAICS_6,484210,5
NAICS_2007_Code,NAICS_6,484220,5
NAICS_2007_Code,NAICS_6,484230,5
NAICS_2007_Code,NAICS_6,485111,5
NAICS_2007_Code,NAICS_6,485112,5
NAICS_2007_Code,NAICS_6,485113,5
NAICS_2007_Code,NAICS_6,485119,5
NAICS_2007_Code,NAICS_6,485210,5
NAICS_2007_Code,NAICS_6,485310,5
NAICS_2007_Code,NAICS_6,485320,5
NAICS_2007_Code,NAICS_6,485410,5
NAICS_2007_Code,NAICS_6,485510,5
NAICS_2007_Code,NAICS_6,485991,5
NAICS_2007_Code,NAICS_6,485999,5
NAICS_2007_Code,NAICS_6,486110,5
NAICS_2007_Code,NAICS_6,486210,5
NAICS_2007_Code,NAICS_6,486910,5
NAICS_2007_Code,NAICS_6,486990,5
NAICS_2007_Code,NAICS_6,487110,5
NAICS_2007_Code,NAICS_6,487210,5
NAICS_2007_Code,NAICS_6,487990,5
NAICS_2007_Code,NAICS_6,488111,5
NAICS_2007_Code,NAICS_6,488119,5
NAICS_2007_Code,NAICS_6,488190,5
NAICS_2007_Code,NAICS_6,488210,5
NAICS_2007_Code,NAICS_6,488310,5
NAICS_2007_Code,NAICS_6,488320,5
NAICS_2007_Code,NAICS_6,488330,5
NAICS_2007_Code,NAICS_6,488390,5
NAICS_2007_Code,NAICS_6,488410,5
NAICS_2007_Code,NAICS_6,488490,5
NAICS_2007_Code,NAICS_6,488510,5
NAICS_2007_Code,NAICS_6,488991,5
NAICS_2007_Code,NAICS_6,488999,5
NAICS_2007_Code,NAICS_6,491110,5
NAICS_2007_Code,NAICS_6,492110,5
NAICS_2007_Code,NAICS_6,492210,5
NAICS_2007_Code,NAICS_6,493110,5
NAICS_2007_Code,NAICS_6,493120,5
NAICS_2007_Code,NAICS_6,493130,5
NAICS_2007_Code,NAICS_6,493190,5
NAICS_2007_Code,NAICS_6,511110,5
NAICS_2007_Code,NAICS_6,511120,5
NAICS_2007_Code,NAICS_6,511130,5
NAICS_2007_Code,NAICS_6,511140,5
NAICS_2007_Code,NAICS_6,511191,5
NAICS_2007_Code,NAICS_6,511199,5
NAICS_2007_Code,NAICS_6,511210,5
NAICS_2007_Code,NAICS_6,512110,5
NAICS_2007_Code,NAICS_6,512120,5
NAICS_2007_Code,NAICS_6,512131,5
NAICS_2007_Code,NAICS_6,512132,5
NAICS_2007_Code,NAICS_6,512191,5
NAICS_2007_Code,NAICS_6,512199,5
NAICS_2007_Code,NAICS_6,512210,5
NAICS_2007_Code,NAICS_6,512220,5
NAICS_2007_Code,NAICS_6,512230,5
NAICS_2007_Code,NAICS_6,512240,5
NAICS_2007_Code,NAICS_6,512290,5
NAICS_2007_Code,NAICS_6,515111,5
NAICS_2007_Code,NAICS_6,515112,5
NAICS_2007_Code,NAICS_6,515120,5
NAICS_2007_Code,NAICS_6,515210,5
NAICS_2007_Code,NAICS_6,517110,5
NAICS_2007_Code,NAICS_6,517210,5
NAICS_2007_Code,NAICS_6,517410,5
NAICS_2007_Code,NAICS_6,517911,5
NAICS_2007_Code,NAICS_6,517919,5
NAICS_2007_Code,NAICS_6,518210,5
NAICS_2007_Code,NAICS_6,519110,5
NAICS_2007_Code,NAICS_6,519120,5
NAICS_2007_Code,NAICS_6,519130,5
NAICS_2007_Code,NAICS_6,519190,5
NAICS_2007_Code,NAICS_6,521110,5
NAICS_2007_Code,NAICS_6,522110,5
NAICS_2007_Code,NAICS_6,522120,5
NAICS_2007_Code,NAICS_6,522130,5
NAICS_2007_Code,NAICS_6,522190,5
NAICS_2007_Code,NAICS_6,522210,5
NAICS_2007_Code,NAICS_6,522220,5
NAICS_2007_Code,NAICS_6,522291,5
NAICS_2007_Code,NAICS_6,522292,5
NAICS_2007_Code,NAICS_6,522293,5
NAICS_2007_Code,NAICS_6,522294,5
NAICS_2007_Code,NAICS_6,522298,5
NAICS_2007_Code,NAICS_6,522310,5
NAICS_2007_Code,NAICS_6,522320,5
NAICS_2007_Code,NAICS_6,522390,5
NAICS_2007_Code,NAICS_6,523110,5
NAICS_2007_Code,NAICS_6,523120,5
NAICS_2007_Code,NAICS_6,523130,5
NAICS_2007_Code,NAICS_6,523140,5
NAICS_2007_Code,NAICS_6,523210,5
NAICS_2007_Code,NAICS_6,523910,5
NAICS_2007_Code,NAICS_6,523920,5
NAICS_2007_Code,NAICS_6,523930,5
NAICS_2007_Code,NAICS_6,523991,5
NAICS_2007_Code,NAICS_6,523999,5
NAICS_2007_Code,NAICS_6,524113,5
NAICS_2007_Code,NAICS_6,524114,5
NAICS_2007_Code,NAICS_6,524126,5
NAICS_2007_Code,NAICS_6,524127,5
NAICS_2007_Code,NAICS_6,524128,5
NAICS_2007_Code,NAICS_6,524130,5
NAICS_2007_Code,NAICS_6,524210,5
NAICS_2007_Code,NAICS_6,524291,5
NAICS_2007_Code,NAICS_6,524292,5
NAICS_2007_Code,NAICS_6,524298,5
NAICS_2007_Code,NAICS_6,525110,5
NAICS_2007_Code,NAICS_6,525120,5
NAICS_2007_Code,NAICS_6,525190,5
NAICS_2007_Code,NAICS_6,525910,5
NAICS_2007_Code,NAICS_6,525920,5
NAICS_2007_Code,NAICS_6,525990,5
NAICS_2007_Code,NAICS_6,531110,5
NAICS_2007_Code,NAICS_6,531120,5
NAICS_2007_Code,NAICS_6,531130,5
NAICS_2007_Code,NAICS_6,531190,5
NAICS_2007_Code,NAICS_6,531210,5
NAICS_2007_Code,NAICS_6,531311,5
NAICS_2007_Code,NAICS_6,531312,5
NAICS_2007_Code,NAICS_6,531320,5
NAICS_2007_Code,NAICS_6,531390,5
NAICS_2007_Code,NAICS_6,532111,5
NAICS_2007_Code,NAICS_6,532112,5
NAICS_2007_Code,NAICS_6,532120,5
NAICS_2007_Code,NAICS_6,532210,5
NAICS_2007_Code,NAICS_6,532220,5
NAICS_2007_Code,NAICS_6,532230,5
NAICS_2007_Code,NAICS_6,532291,5
NAICS_2007_Code,NAICS_6,532292,5
NAICS_2007_Code,NAICS_6,532299,5
NAICS_2007_Code,NAICS_6,532310,5
NAICS_2007_Code,NAICS_6,532411,5
NAICS_2007_Code,NAICS_6,532412,5
NAICS_2007_Code,NAICS_6,532420,5
NAICS_2007_Code,NAICS_6,532490,5
NAICS_2007_Code,NAICS_6,533110,5
NAICS_2007_Code,NAICS_6,541110,5
NAICS_2007_Code,NAICS_6,541120,5
NAICS_2007_Code,NAICS_6,541191,5
NAICS_2007_Code,NAICS_6,541199,5
NAICS_2007_Code,NAICS_6,541211,5
NAICS_2007_Code,NAICS_6,541213,5
NAICS_2007_Code,NAICS_6,541214,5
NAICS_2007_Code,NAICS_6,541219,5
NAICS_2007_Code,NAICS_6,541310,5
NAICS_2007_Code,NAICS_6,541320,5
NAICS_2007_Code,NAICS_6,541330,5
NAICS_2007_Code,NAICS_6,541340,5
NAICS_2007_Code,NAICS_6,541350,5
NAICS_2007_Code,NAICS_6,541360,5
NAICS_2007_Code,NAICS_6,541370,5
NAICS_2007_Code,NAICS_6,541380,5
NAICS_2007_Code,NAICS_6,541410,5
NAICS_2007_Code,NAICS_6,541420,5
NAICS_2007_Code,NAICS_6,541430,5
NAICS_2007_Code,NAICS_6,541490,5
NAICS_2007_Code,NAICS_6,541511,5
NAICS_2007_Code,NAICS_6,541512,5
NAICS_2007_Code,NAICS_6,541513,5
NAICS_2007_Code,NAICS_6,541519,5
NAICS_2007_Code,NAICS_6,541611,5
NAICS_2007_Code,NAICS_6,541612,5
NAICS_2007_Code,NAICS_6,541613,5
NAICS_2007_Code,NAICS_6,541614,5
NAICS_2007_Code,NAICS_6,541618,5
NAICS_2007_Code,NAICS_6,541620,5
NAICS_2007_Code,NAICS_6,541690,5
NAICS_2007_Code,NAICS_6,541711,5
NAICS_2007_Code,NAICS_6,541712,5
NAICS_2007_Code,NAICS_6,541720,5
NAICS_2007_Code,NAICS_6,541810,5
NAICS_2007_Code,NAICS_6,541820,5
NAICS_2007_Code,NAICS_6,541830,5
NAICS_2007_Code,NAICS_6,541840,5
NAICS_2007_Code,NAICS_6,541850,5
NAICS_2007_Code,NAICS_6,541860,5
NAICS_2007_Code,NAICS_6,541870,5
NAICS_2007_Code,NAICS_6,541890,5
NAICS_2007_Code,NAICS_6,541910,5
NAICS_2007_Code,NAICS_6,541921,5
NAICS_2007_Code,NAICS_6,541922,5
NAICS_2007_Code,NAICS_6,541930,5
NAICS_2007_Code,NAICS_6,541940,5
NAICS_2007_Code,NAICS_6,541990,5
NAICS_2007_Code,NAICS_6,551111,5
NAICS_2007_Code,NAICS_6,551112,5
NAICS_2007_Code,NAICS_6,551114,5
NAICS_2007_Code,NAICS_6,561110,5
NAICS_2007_Code,NAICS_6,561210,5
NAICS_2007_Code,NAICS_6,561311,5
NAICS_2007_Code,NAICS_6,561312,5
NAICS_2007_Code,NAICS_6,561320,5
NAICS_2007_Code,NAICS_6,561330,5
NAICS_2007_Code,NAICS_6,561410,5
NAICS_2007_Code,NAICS_6,561421,5
NAICS_2007_Code,NAICS_6,561422,5
NAICS_2007_Code,NAICS_6,561431,5
NAICS_2007_Code,NAICS_6,561439,5
NAICS_2007_Code,NAICS_6,561440,5
NAICS_2007_Code,NAICS_6,561450,5
NAICS_2007_Code,NAICS_6,561491,5
NAICS_2007_Code,NAICS_6,561492,5
NAICS_2007_Code,NAICS_6,561499,5
NAICS_2007_Code,NAICS_6,561510,5
NAICS_2007_Code,NAICS_6,561520,5
NAICS_2007_Code,NAICS_6,561591,5
NAICS_2007_Code,NAICS_6,561599,5
NAICS_2007_Code,NAICS_6,561611,5
NAICS_2007_Code,NAICS_6,561612,5
NAICS_2007_Code,NAICS_6,561613,5
NAICS_2007_Code,NAICS_6,561621,5
NAICS_2007_Code,NAICS_6,561622,5
NAICS_2007_Code,NAICS_6,561710,5
NAICS_2007_Code,NAICS_6,561720,5
NAICS_2007_Code,NAICS_6,561730,5
NAICS_2007_Code,NAICS_6,561740,5
NAICS_2007_Code,NAICS_6,561790,5
NAICS_2007_Code,NAICS_6,561910,5
NAICS_2007_Code,NAICS_6,561920,5
NAICS_2007_Code,NAICS_6,561990,5
NAICS_2007_Code,NAICS_6,562111,5
NAICS_2007_Code,NAICS_6,562112,5
NAICS_2007_Code,NAICS_6,562119,5
NAICS_2007_Code,NAICS_6,562211,5
NAICS_2007_Code,NAICS_6,562212,5
NAICS_2007_Code,NAICS_6,562213,5
NAICS_2007_Code,NAICS_6,562219,5
NAICS_2007_Code,NAICS_6,562910,5
NAICS_2007_Code,NAICS_6,562920,5
NAICS_2007_Code,NAICS_6,562991,5
NAICS_2007_Code,NAICS_6,562998,5
NAICS_2007_Code,NAICS_6,611110,5
NAICS_2007_Code,NAICS_6,611210,5
NAICS_2007_Code,NAICS_6,611310,5
NAICS_2007_Code,NAICS_6,611410,5
NAICS_2007_Code,NAICS_6,611420,5
NAICS_2007_Code,NAICS_6,611430,5
NAICS_2007_Code,NAICS_6,611511,5
NAICS_2007_Code,NAICS_6,611512,5
NAICS_2007_Code,NAICS_6,611513,5
NAICS_2007_Code,NAICS_6,611519,5
NAICS_2007_Code,NAICS_6,611610,5
NAICS_2007_Code,NAICS_6,611620,5
NAICS_2007_Code,NAICS_6,611630,5
NAICS_2007_Code,NAICS_6,611691,5
NAICS_2007_Code,NAICS_6,611692,5
NAICS_2007_Code,NAICS_6,611699,5
NAICS_2007_Code,NAICS_6,611710,5
NAICS_2007_Code,NAICS_6,621111,5
NAICS_2007_Code,NAICS_6,621112,5
NAICS_2007_Code,NAICS_6,621210,5
NAICS_2007_Code,NAICS_6,621310,5
NAICS_2007_Code,NAICS_6,621320,5
NAICS_2007_Code,NAICS_6,621330,5
NAICS_2007_Code,NAICS_6,621340,5
NAICS_2007_Code,NAICS_6,621391,5
NAICS_2007_Code,NAICS_6,621399,5
NAICS_2007_Code,NAICS_6,621410,5
NAICS_2007_Code,NAICS_6,621420,5
NAICS_2007_Code,NAICS_6,621491,5
NAICS_2007_Code,NAICS_6,621492,5
NAICS_2007_Code,NAICS_6,621493,5
NAICS_2007_Code,NAICS_6,621498,5
NAICS_2007_Code,NAICS_6,621511,5
NAICS_2007_Code,NAICS_6,621512,5
NAICS_2007_Code,NAICS_6,621610,5
NAICS_2007_Code,NAICS_6,621910,5
NAICS_2007_Code,NAICS_6,621991,5
NAICS_2007_Code,NAICS_6,621999,5
NAICS_2007_Code,NAICS_6,622110,5
NAICS_2007_Code,NAICS_6,622210,5
NAICS_2007_Code,NAICS_6,622310,5
NAICS_2007_Code,NAICS_6,623110,5
NAICS_2007_Code,NAICS_6,623210,5
NAICS_2007_Code,NAICS_6,623220,5
NAICS_2007_Code,NAICS_6,623311,5
NAICS_2007_Code,NAICS_6,623312,5
NAICS_2007_Code,NAICS_6,623990,5
NAICS_2007_Code,NAICS_6,624110,5
NAICS_2007_Code,NAICS_6,624120,5
NAICS_2007_Code,NAICS_6,624190,5
NAICS_2007_Code,NAICS_6,624210,5
NAICS_2007_Code,NAICS_6,624221,5
NAICS_2007_Code,NAICS_6,624229,5
NAICS_2007_Code,NAICS_6,624230,5
NAICS_2007_Code,NAICS_6,624310,5
NAICS_2007_Code,NAICS_6,624410,5
NAICS_2007_Code,NAICS_6,711110,5
NAICS_2007_Code,NAICS_6,711120,5
NAICS_2007_Code,NAICS_6,711130,5
NAICS_2007_Code,NAICS_6,711190,5
NAICS_2007_Code,NAICS_6,711211,5
NAICS_2007_Code,NAICS_6,711212,5
NAICS_2007_Code,NAICS_6,711219,5
NAICS_2007_Code,NAICS_6,711310,5
NAICS_2007_Code,NAICS_6,711320,5
NAICS_2007_Code,NAICS_6,711410,5
NAICS_2007_Code,NAICS_6,711510,5
NAICS_2007_Code,NAICS_6,712110,5
NAICS_2007_Code,NAICS_6,712120,5
NAICS_2007_Code,NAICS_6,712130,5
NAICS_2007_Code,NAICS_6,712190,5
NAICS_2007_Code,NAICS_6,713110,5
NAICS_2007_Code,NAICS_6,713120,5
NAICS_2007_Code,NAICS_6,713210,5
NAICS_2007_Code,NAICS_6,713290,5
NAICS_2007_Code,NAICS_6,713910,5
NAICS_2007_Code,NAICS_6,713920,5
NAICS_2007_Code,NAICS_6,713930,5
NAICS_2007_Code,NAICS_6,713940,5
NAICS_2007_Code,NAICS_6,713950,5
NAICS_2007_Code,NAICS_6,713990,5
NAICS_2007_Code,NAICS_6,721110,5
NAICS_2007_Code,NAICS_6,721120,5
NAICS_2007_Code,NAICS_6,721191,5
NAICS_2007_Code,NAICS_6,721199,5
NAICS_2007_Code,NAICS_6,721211,5
NAICS_2007_Code,NAICS_6,721214,5
NAICS_2007_Code,NAICS_6,721310,5
NAICS_2007_Code,NAICS_6,722110,5
NAICS_2007_Code,NAICS_6,722211,5
NAICS_2007_Code,NAICS_6,722212,5
NAICS_2007_Code,NAICS_6,722213,5
NAICS_2007_Code,NAICS_6,722310,5
NAICS_2007_Code,NAICS_6,722320,5
NAICS_2007_Code,NAICS_6,722330,5
NAICS_2007_Code,NAICS_6,722410,5
NAICS_2007_Code,NAICS_6,811111,5
NAICS_2007_Code,NAICS_6,811112,5
NAICS_2007_Code,NAICS_6,811113,5
NAICS_2007_Code,NAICS_6,811118,5
NAICS_2007_Code,NAICS_6,811121,5
NAICS_2007_Code,NAICS_6,811122,5
NAICS_2007_Code,NAICS_6,811191,5
NAICS_2007_Code,NAICS_6,811192,5
NAICS_2007_Code,NAICS_6,811198,5
NAICS_2007_Code,NAICS_6,811211,5
NAICS_2007_Code,NAICS_6,811212,5
NAICS_2007_Code,NAICS_6,811213,5
NAICS_2007_Code,NAICS_6,811219,5
NAICS_2007_Code,NAICS_6,811310,5
NAICS_2007_Code,NAICS_6,811411,5
NAICS_2007_Code,NAICS_6,811412,5
NAICS_2007_Code,NAICS_6,811420,5
NAICS_2007_Code,NAICS_6,811430,5
NAICS_2007_Code,NAICS_6,811490,5
NAICS_2007_Code,NAICS_6,812111,5
NAICS_2007_Code,NAICS_6,812112,5
NAICS_2007_Code,NAICS_6,812113,5
NAICS_2007_Code,NAICS_6,812191,5
NAICS_2007_Code,NAICS_6,812199,5
NAICS_2007_Code,NAICS_6,812210,5
NAICS_2007_Code,NAICS_6,812220,5
NAICS_2007_Code,NAICS_6,812310,5
NAICS_2007_Code,NAICS_6,812320,5
NAICS_2007_Code,NAICS_6,812331,5
NAICS_2007_Code,NAICS_6,812332,5
NAICS_2007_Code,NAICS_6,812910,5
NAICS_2007_Code,NAICS_6,812921,5
NAICS_2007_Code,NAICS_6,812922,5
NAICS_2007_Code,NAICS_6,812930,5
NAICS_2007_Code,NAICS_6,812990,5
NAICS_2007_Code,NAICS_6,813110,5
NAICS_2007_Code,NAICS_6,813211,5
NAICS_2007_Code,NAICS_6,813212,5
NAICS_2007_Code,NAICS_6,813219,5
NAICS_2007_Code,NAICS_6,813311,5
NAICS_2007_Code,NAICS_6,813312,5
NAICS_2007_Code,NAICS_6,813319,5
NAICS_2007_Code,NAICS_6,813410,5
NAICS_2007_Code,NAICS_6,813910,5
NAICS_2007_Code,NAICS_6,813920,5
NAICS_2007_Code,NAICS_6,813930,5
NAICS_2007_Code,NAICS_6,813940,5
NAICS_2007_Code,NAICS_6,813990,5
NAICS_2007_Code,NAICS_6,814110,5
NAICS_2007_Code,NAICS_6,921110,5
NAICS_2007_Code,NAICS_6,921120,5
NAICS_2007_Code,NAICS_6,921130,5
NAICS_2007_Code,NAICS_6,921140,5
NAICS_2007_Code,NAICS_6,921150,5
NAICS_2007_Code,NAICS_6,921190,5
NAICS_2007_Code,NAICS_6,922110,5
NAICS_2007_Code,NAICS_6,922120,5
NAICS_2007_Code,NAICS_6,922130,5
NAICS_2007_Code,NAICS_6,922140,5
NAICS_2007_Code,NAICS_6,922150,5
NAICS_2007_Code,NAICS_6,922160,5
NAICS_2007_Code,NAICS_6,922190,5
NAICS_2007_Code,NAICS_6,923110,5
NAICS_2007_Code,NAICS_6,923120,5
NAICS_2007_Code,NAICS_6,923130,5
NAICS_2007_Code,NAICS_6,923140,5
NAICS_2007_Code,NAICS_6,924110,5
NAICS_2007_Code,NAICS_6,924120,5
NAICS_2007_Code,NAICS_6,925110,5
NAICS_2007_Code,NAICS_6,925120,5
NAICS_2007_Code,NAICS_6,926110,5
NAICS_2007_Code,NAICS_6,926120,5
NAICS_2007_Code,NAICS_6,926130,5
NAICS_2007_Code,NAICS_6,926140,5
NAICS_2007_Code,NAICS_6,926150,5
NAICS_2007_Code,NAICS_6,927110,5
NAICS_2007_Code,NAICS_6,928110,5
NAICS_2007_Code,NAICS_6,928120,5
NAICS_2007_Code,NAICS_7,111120A,6
NAICS_2007_Code,NAICS_7,111120B,6
NAICS_2007_Code,NAICS_7,111120C,6
NAICS_2007_Code,NAICS_7,111120D,6
NAICS_2007_Code,NAICS_7,111120E,6
NAICS_2007_Code,NAICS_7,111120F,6
NAICS_2007_Code,NAICS_7,111120G,6
NAICS_2007_Code,NAICS_7,111120H,6
NAICS_2007_Code,NAICS_7,111130A,6
NAICS_2007_Code,NAICS_7,111130B,6
NAICS_2007_Code,NAICS_7,111130C,6
NAICS_2007_Code,NAICS_7,111130D,6
NAICS_2007_Code,NAICS_7,111130E,6
NAICS_2007_Code,NAICS_7,111130G,6
NAICS_2007_Code,NAICS_7,111130H,6
NAICS_2007_Code,NAICS_7,111130I,6
NAICS_2007_Code,NAICS_7,111130J,6
NAICS_2007_Code,NAICS_7,111150A,6
NAICS_2007_Code,NAICS_7,111150B,6
NAICS_2007_Code,NAICS_7,111150C,6
NAICS_2007_Code,NAICS_7,111199A,6
NAICS_2007_Code,NAICS_7,111199B,6
NAICS_2007_Code,NAICS_7,111199C,6
NAICS_2007_Code,NAICS_7,111199D,6
NAICS_2007_Code,NAICS_7,111199E,6
NAICS_2007_Code,NAICS_7,111199F,6
NAICS_2007_Code,NAICS_7,111199G,6
NAICS_2007_Code,NAICS_7,111199H,6
NAICS_2007_Code,NAICS_7,111199I,6
NAICS_2007_Code,NAICS_7,111199J,6
NAICS_2007_Code,NAICS_7,111199K,6
NAICS_2007_Code,NAICS_7,111211A,6
NAICS_2007_Code,NAICS_7,111211B,6
NAICS_2007_Code,NAICS_7,111219A,6
NAICS_2007_Code,NAICS_7,111219B,6
NAICS_2007_Code,NAICS_7,111219C,6
NAICS_2007_Code,NAICS_7,111219D,6
NAICS_2007_Code,NAICS_7,111219E,6
NAICS_2007_Code,NAICS_7,111219F,6
NAICS_2007_Code,NAICS_7,111219G,6
NAICS_2007_Code,NAICS_7,111219H,6
NAICS_2007_Code,NAICS_7,111219I,6
NAICS_2007_Code,NAICS_7,111219J,6
NAICS_2007_Code,NAICS_7,111219K,6
NAICS_2007_Code,NAICS_7,111219L,6
NAICS_2007_Code,NAICS_7,111219M,6
NAICS_2007_Code,NAICS_7,111219N,6
NAICS_2007_Code,NAICS_7,111219P,6
NAICS_2007_Code,NAICS_7,111219Q,6
NAICS_2007_Code,NAICS_7,111219R,6
NAICS_2007_Code,NAICS_7,111219T,6
NAICS_2007_Code,NAICS_7,111219U,6
NAICS_2007_Code,NAICS_7,111219V,6
NAICS_2007_Code,NAICS_7,111219W,6
NAICS_2007_Code,NAICS_7,111219X,6
NAICS_2007_Code,NAICS_7,111219Y,6
NAICS_2007_Code,NAICS_7,111219Z,6
NAICS_2007_Code,NAICS_7,111421A,6
NAICS_2007_Code,NAICS_7,111421B,6
NAICS_2007_Code,NAICS_7,111930A,6
NAICS_2007_Code,NAICS_7,111930B,6
NAICS_2007_Code,NAICS_7,111940A,6
NAICS_2007_Code,NAICS_7,111940B,6
NAICS_2007_Code,NAICS_7,111991A,6
NAICS_2007_Code,NAICS_7,111991B,6
NAICS_2007_Code,NAICS_7,111998A,6
NAICS_2007_Code,NAICS_7,111998B,6
NAICS_2007_Code,NAICS_7,111998C,6
NAICS_2007_Code,NAICS_7,111998D,6
NAICS_2007_Code,NAICS_7,111998E,6
NAICS_2007_Code,NAICS_7,111998F,6
NAICS_2007_Code,NAICS_7,111998G,6
NAICS_2007_Code,NAICS_7,111998H,6
NAICS_2007_Code,NAICS_7,111998I,6
NAICS_2007_Code,NAICS_7,111998J,6
NAICS_2007_Code,NAICS_7,111998K,6
NAICS_2007_Code,NAICS_7,111998L,6
NAICS_2007_Code,NAICS_7,111998M,6
NAICS_2007_Code,NAICS_7,111998N,6
NAICS_2007_Code,NAICS_7,111998O,6
NAICS_2007_Code,NAICS_7,111998P,6
NAICS_2007_Code,NAICS_7,111998Q,6
NAICS_2007_Code,NAICS_7,111998R,6
NAICS_2007_Code,NAICS_7,111998S,6
NAICS_2007_Code,NAICS_7,111998T,6
NAICS_2007_Code,NAICS_7,112130A,6
NAICS_2007_Code,NAICS_7,112130B,6
NAICS_2007_Code,NAICS_7,112320A,6
NAICS_2007_Code,NAICS_7,112320B,6
NAICS_2007_Code,NAICS_7,112320C,6
NAICS_2007_Code,NAICS_7,112390A,6
NAICS_2007_Code,NAICS_7,112390B,6
NAICS_2007_Code,NAICS_7,112390C,6
NAICS_2007_Code,NAICS_7,112390D,6
NAICS_2007_Code,NAICS_7,112390E,6
NAICS_2007_Code,NAICS_7,112390F,6
NAICS_2007_Code,NAICS_7,112390G,6
NAICS_2007_Code,NAICS_7,112390H,6
NAICS_2007_Code,NAICS_7,112390J,6
NAICS_2007_Code,NAICS_7,112390K,6
NAICS_2007_Code,NAICS_7,112390L,6
NAICS_2007_Code,NAICS_7,112390M,6
NAICS_2007_Code,NAICS_7,112390N,6
NAICS_2007_Code,NAICS_7,112410A,6
NAICS_2007_Code,NAICS_7,112410B,6
NAICS_2007_Code,NAICS_7,112910A,6
NAICS_2007_Code,NAICS_7,112910B,6
NAICS_2007_Code,NAICS_7,112920A,6
NAICS_2007_Code,NAICS_7,112920B,6
NAICS_2007_Code,NAICS_7,112930A,6
NAICS_2007_Code,NAICS_7,112930B,6
NAICS_2007_Code,NAICS_7,112990A,6
NAICS_2007_Code,NAICS_7,112990B,6
NAICS_2007_Code,NAICS_7,112990C,6
NAICS_2007_Code,NAICS_7,112990D,6
NAICS_2007_Code,NAICS_7,112990E,6
NAICS_2007_Code,NAICS_7,112990F,6
NAICS_2007_Code,NAICS_7,221112A,6
NAICS_2007_Code,NAICS_7,221112B,6
NAICS_2007_Code,NAICS_7,221112C,6
NAICS_2007_Code,NAICS_7,5622121,6
NAICS_2007_Code,NAICS_7,5622191,6
NAICS_2007_Code,NAICS_7,5622192,6
NAICS_2007_Code,NAICS_7,5629201,6
NAICS_2007_Code,NAICS_7,5629202,6
NAICS_2007_Code,NAICS_7,5629203,6
NAICS_2012_Code,NAICS_2,11,1
NAICS_2012_Code,NAICS_2,21,1
NAICS_2012_Code,NAICS_2,22,1
NAICS_2012_Code,NAICS_2,23,1
NAICS_2012_Code,NAICS_2,31,1
NAICS_2012_Code,NAICS_2,32,1
NAICS_2012_Code,NAICS_2,33,1
NAICS_2012_Code,NAICS_2,42,1
NAICS_2012_Code,NAICS_2,44,1
NAICS_2012_Code,NAICS_2,45,1
NAICS_2012_Code,NAICS_2,48,1
NAICS_2012_Code,NAICS_2,49,1
NAICS_2012_Code,NAICS_2,51,1
NAICS_2012_Code,NAICS_2,52,1
NAICS_2012_Code,NAICS_2,53,1
NAICS_2012_Code,NAICS_2,54,1
NAICS_2012_Code,NAICS_2,55,1
NAICS_2012_Code,NAICS_2,56,1
NAICS_2012_Code,NAICS_2,61,1
NAICS_2012_Code,NAICS_2,62,1
NAICS_2012_Code,NAICS_2,71,1
NAICS_2012_Code,NAICS_2,72,1
NAICS_2012_Code,NAICS_2,81,1
NAICS_2012_Code,NAICS_2,92,1
NAICS_2012_Code,NAICS_3,111,2
NAICS_2012_Code,NAICS_3,112,2
NAICS_2012_Code,NAICS_3,113,2
NAICS_2012_Code,NAICS_3,114,2
NAICS_2012_Code,NAICS_3,115,2
NAICS_2012_Code,NAICS_3,211,2
NAICS_2012_Code,NAICS_3,212,2
NAICS_2012_Code,NAICS_3,213,2
NAICS_2012_Code,NAICS_3,221,2
NAICS_2012_Code,NAICS_3,236,2
NAICS_2012_Code,NAICS_3,237,2
NAICS_2012_Code,NAICS_3,238,2
NAICS_2012_Code,NAICS_3,311,2
NAICS_2012_Code,NAICS_3,312,2
NAICS_2012_Code,NAICS_3,313,2
NAICS_2012_Code,NAICS_3,314,2
NAICS_2012_Code,NAICS_3,315,2
NAICS_2012_Code,NAICS_3,316,2
NAICS_2012_Code,NAICS_3,321,2
NAICS_2012_Code,NAICS_3,322,2
NAICS_2012_Code,NAICS_3,323,2
NAICS_2012_Code,NAICS_3,324,2
NAICS_2012_Code,NAICS_3,325,2
NAICS_2012_Code,NAICS_3,326,2
NAICS_2012_Code,NAICS_3,327,2
NAICS_2012_Code,NAICS_3,331,2
NAICS_2012_Code,NAICS_3,332,2
NAICS_2012_Code,NAICS_3,333,2
NAICS_2012_Code,NAICS_3,334,2
NAICS_2012_Code,NAICS_3,335,2
NAICS_2012_Code,NAICS_3,336,2
NAICS_2012_Code,NAICS_3,337,2
NAICS_2012_Code,NAICS_3,339,2
NAICS_2012_Code,NAICS_3,423,2
NAICS_2012_Code,NAICS_3,424,2
NAICS_2012_Code,NAICS_3,425,2
NAICS_2012_Code,NAICS_3,441,2
NAICS_2012_Code,NAICS_3,442,2
NAICS_2012_Code,NAICS_3,443,2
NAICS_2012_Code,NAICS_3,444,2
NAICS_2012_Code,NAICS_3,445,2
NAICS_2012_Code,NAICS_3,446,2
NAICS_2012_Code,NAICS_3,447,2
NAICS_2012_Code,NAICS_3,448,2
NAICS_2012_Code,NAICS_3,451,2
NAICS_2012_Code,NAICS_3,452,2
NAICS_2012_Code,NAICS_3,453,2
NAICS_2012_Code,NAICS_3,454,2
NAICS_2012_Code,NAICS_3,481,2
NAICS_2012_Code,NAICS_3,482,2
NAICS_2012_Code,NAICS_3,483,2
NAICS_2012_Code,NAICS_3,484,2
NAICS_2012_Code,NAICS_3,485,2
NAICS_2012_Code,NAICS_3,486,2
NAICS_2012_Code,NAICS_3,487,2
NAICS_2012_Code,NAICS_3,488,2
NAICS_2012_Code,NAICS_3,491,2
NAICS_2012_Code,NAICS_3,492,2
NAICS_2012_Code,NAICS_3,493,2
NAICS_2012_Code,NAICS_3,511,2
NAICS_2012_Code,NAICS_3,512,2
NAICS_2012_Code,NAICS_3,515,2
NAICS_2012_Code,NAICS_3,517,2
NAICS_2012_Code,NAICS_3,518,2
NAICS_2012_Code,NAICS_3,519,2
NAICS_2012_Code,NAICS_3,521,2
NAICS_2012_Code,NAICS_3,522,2
NAICS_2012_Code,NAICS_3,523,2
NAICS_2012_Code,NAICS_3,524,2
NAICS_2012_Code,NAICS_3,525,2
NAICS_2012_Code,NAICS_3,531,2
NAICS_2012_Code,NAICS_3,532,2
NAICS_2012_Code,NAICS_3,533,2
NAICS_2012_Code,NAICS_3,541,2
NAICS_2012_Code,NAICS_3,551,2
NAICS_2012_Code,NAICS_3,561,2
NAICS_2012_Code,NAICS_3,562,2
NAICS_2012_Code,NAICS_3,611,2
NAICS_2012_Code,NAICS_3,621,2
NAICS_2012_Code,NAICS_3,622,2
NAICS_2012_Code,NAICS_3,623,2
NAICS_2012_Code,NAICS_3,624,2
NAICS_2012_Code,NAICS_3,711,2
NAICS_2012_Code,NAICS_3,712,2
NAICS_2012_Code,NAICS_3,713,2
NAICS_2012_Code,NAICS_3,721,2
NAICS_2012_Code,NAICS_3,722,2
NAICS_2012_Code,NAICS_3,811,2
NAICS_2012_Code,NAICS_3,812,2
NAICS_2012_Code,NAICS_3,813,2
NAICS_2012_Code,NAICS_3,814,2
NAICS_2012_Code,NAICS_3,921,2
NAICS_2012_Code,NAICS_3,922,2
NAICS_2012_Code,NAICS_3,923,2
NAICS_2012_Code,NAICS_3,924,2
NAICS_2012_Code,NAICS_3,925,2
NAICS_2012_Code,NAICS_3,926,2
NAICS_2012_Code,NAICS_3,927,2
NAICS_2012_Code,NAICS_3,928,2
NAICS_2012_Code,NAICS_4,1111,3
NAICS_2012_Code,NAICS_4,1112,3
NAICS_2012_Code,NAICS_4,1113,3
NAICS_2012_Code,NAICS_4,1114,3
NAICS_2012_Code,NAICS_4,1119,3
NAICS_2012_Code,NAICS_4,1121,3
NAICS_2012_Code,NAICS_4,1122,3
NAICS_2012_Code,NAICS_4,1123,3
NAICS_2012_Code,NAICS_4,1124,3
NAICS_2012_Code,NAICS_4,1125,3
NAICS_2012_Code,NAICS_4,1129,3
NAICS_2012_Code,NAICS_4,1131,3
NAICS_2012_Code,NAICS_4,1132,3
NAICS_2012_Code,NAICS_4,1133,3
NAICS_2012_Code,NAICS_4,1141,3
NAICS_2012_Code,NAICS_4,1142,3
NAICS_2012_Code,NAICS_4,1151,3
NAICS_2012_Code,NAICS_4,1152,3
NAICS_2012_Code,NAICS_4,1153,3
NAICS_2012_Code,NAICS_4,2111,3
NAICS_2012_Code,NAICS_4,2121,3
NAICS_2012_Code,NAICS_4,2122,3
NAICS_2012_Code,NAICS_4,2123,3
NAICS_2012_Code,NAICS_4,2131,3
NAICS_2012_Code,NAICS_4,2211,3
NAICS_2012_Code,NAICS_4,2212,3
NAICS_2012_Code,NAICS_4,2213,3
NAICS_2012_Code,NAICS_4,2361,3
NAICS_2012_Code,NAICS_4,2362,3
NAICS_2012_Code,NAICS_4,2371,3
NAICS_2012_Code,NAICS_4,2372,3
NAICS_2012_Code,NAICS_4,2373,3
NAICS_2012_Code,NAICS_4,2379,3
NAICS_2012_Code,NAICS_4,2381,3
NAICS_2012_Code,NAICS_4,2382,3
NAICS_2012_Code,NAICS_4,2383,3
NAICS_2012_Code,NAICS_4,2389,3
NAICS_2012_Code,NAICS_4,3111,3
NAICS_2012_Code,NAICS_4,3112,3
NAICS_2012_Code,NAICS_4,3113,3
NAICS_2012_Code,NAICS_4,3114,3
NAICS_2012_Code,NAICS_4,3115,3
NAICS_2012_Code,NAICS_4,3116,3
NAICS_2012_Code,NAICS_4,3117,3
NAICS_2012_Code,NAICS_4,3118,3
NAICS_2012_Code,NAICS_4,3119,3
NAICS_2012_Code,NAICS_4,3121,3
NAICS_2012_Code,NAICS_4,3122,3
NAICS_2012_Code,NAICS_4,3131,3
NAICS_2012_Code,NAICS_4,3132,3
NAICS_2012_Code,NAICS_4,3133,3
NAICS_2012_Code,NAICS_4,3141,3
NAICS_2012_Code,NAICS_4,3149,3
NAICS_2012_Code,NAICS_4,3151,3
NAICS_2012_Code,NAICS_4,3152,3
NAICS_2012_Code,NAICS_4,3159,3
NAICS_2012_Code,NAICS_4,3161,3
NAICS_2012_Code,NAICS_4,3162,3
NAICS_2012_Code,NAICS_4,3169,3
NAICS_2012_Code,NAICS_4,3211,3
NAICS_2012_Code,NAICS_4,3212,3
NAICS_2012_Code,NAICS_4,3219,3
NAICS_2012_Code,NAICS_4,3221,3
NAICS_2012_Code,NAICS_4,3222,3
NAICS_2012_Code,NAICS_4,3231,3
NAICS_2012_Code,NAICS_4,3241,3
NAICS_2012_Code,NAICS_4,3251,3
NAICS_2012_Code,NAICS_4,3252,3
NAICS_2012_Code,NAICS_4,3253,3
NAICS_2012_Code,NAICS_4,3254,3
NAICS_2012_Code,NAICS_4,3255,3
NAICS_2012_Code,NAICS_4,3256,3
NAICS_2012_Code,NAICS_4,3259,3
NAICS_2012_Code,NAICS_4,3261,3
NAICS_2012_Code,NAICS_4,3262,3
NAICS_2012_Code,NAICS_4,3271,3
NAICS_2012_Code,NAICS_4,3272,3
NAICS_2012_Code,NAICS_4,3273,3
NAICS_2012_Code,NAICS_4,3274,3
NAICS_2012_Code,NAICS_4,3279,3
NAICS_2012_Code,NAICS_4,3311,3
NAICS_2012_Code,NAICS_4,3312,3
NAICS_2012_Code,NAICS_4,3313,3
NAICS_2012_Code,NAICS_4,3314,3
NAICS_2012_Code,NAICS_4,3315,3
NAICS_2012_Code,NAICS_4,3321,3
NAICS_2012_Code,NAICS_4,3322,3
NAICS_2012_Code,NAICS_4,3323,3
NAICS_2012_Code,NAICS_4,3324,3
NAICS_2012_Code,NAICS_4,3325,3
NAICS_2012_Code,NAICS_4,3326,3
NAICS_2012_Code,NAICS_4,3327,3
NAICS_2012_Code,NAICS_4,3328,3
NAICS_2012_Code,NAICS_4,3329,3
NAICS_2012_Code,NAICS_4,3331,3
NAICS_2012_Code,NAICS_4,3332,3
NAICS_2012_Code,NAICS_4,3333,3
NAICS_2012_Code,NAICS_4,3334,3
NAICS_2012_Code,NAICS_4,3335,3
NAICS_2012_Code,NAICS_4,3336,3
NAICS_2012_Code,NAICS_4,3339,3
NAICS_2012_Code,NAICS_4,3341,3
NAICS_2012_Code,NAICS_4,3342,3
NAICS_2012_Code,NAICS_4,3343,3
NAICS_2012_Code,NAICS_4,3344,3
NAICS_2012_Code,NAICS_4,3345,3
NAICS_2012_Code,NAICS_4,3346,3
NAICS_2012_Code,NAICS_4,3351,3
NAICS_2012_Code,NAICS_4,3352,3
NAICS_2012_Code,NAICS_4,3353,3
NAICS_2012_Code,NAICS_4,3359,3
NAICS_2012_Code,NAICS_4,3361,3
NAICS_2012_Code,NAICS_4,3362,3
NAICS_2012_Code,NAICS_4,3363,3
NAICS_2012_Code,NAICS_4,3364,3
NAICS_2012_Code,NAICS_4,3365,3
NAICS_2012_Code,NAICS_4,3366,3
NAICS_2012_Code,NAICS_4,3369,3
NAICS_2012_Code,NAICS_4,3371,3
NAICS_2012_Code,NAICS_4,3372,3
NAICS_2012_Code,NAICS_4,3379,3
NAICS_2012_Code,NAICS_4,3391,3
NAICS_2012_Code,NAICS_4,3399,3
NAICS_2012_Code,NAICS_4,4231,3
NAICS_2012_Code,NAICS_4,4232,3
NAICS_2012_Code,NAICS_4,4233,3
NAICS_2012_Code,NAICS_4,4234,3
NAICS_2012_Code,NAICS_4,4235,3
NAICS_2012_Code,NAICS_4,4236,3
NAICS_2012_Code,NAICS_4,4237,3
NAICS_2012_Code,NAICS_4,4238,3
NAICS_2012_Code,NAICS_4,4239,3
NAICS_2012_Code,NAICS_4,4241,3
NAICS_2012_Code,NAICS_4,4242,3
NAICS_2012_Code,NAICS_4,4243,3
NAICS_2012_Code,NAICS_4,4244,3
NAICS_2012_Code,NAICS_4,4245,3
NAICS_2012_Code,NAICS_4,4246,3
NAICS_2012_Code,NAICS_4,4247,3
NAICS_2012_Code,NAICS_4,4248,3
NAICS_2012_Code,NAICS_4,4249,3
NAICS_2012_Code,NAICS_4,4251,3
NAICS_2012_Code,NAICS_4,4411,3
NAICS_2012_Code,NAICS_4,4412,3
NAICS_2012_Code,NAICS_4,4413,3
NAICS_2012_Code,NAICS_4,4421,3
NAICS_2012_Code,NAICS_4,4422,3
NAICS_2012_Code,NAICS_4,4431,3
NAICS_2012_Code,NAICS_4,4441,3
NAICS_2012_Code,NAICS_4,4442,3
NAICS_2012_Code,NAICS_4,4451,3
NAICS_2012_Code,NAICS_4,4452,3
NAICS_2012_Code,NAICS_4,4453,3
NAICS_2012_Code,NAICS_4,4461,3
NAICS_2012_Code,NAICS_4,4471,3
NAICS_2012_Code,NAICS_4,4481,3
NAICS_2012_Code,NAICS_4,4482,3
NAICS_2012_Code,NAICS_4,4483,3
NAICS_2012_Code,NAICS_4,4511,3
NAICS_2012_Code,NAICS_4,4512,3
NAICS_2012_Code,NAICS_4,4521,3
NAICS_2012_Code,NAICS_4,4529,3
NAICS_2012_Code,NAICS_4,4531,3
NAICS_2012_Code,NAICS_4,4532,3
NAICS_2012_Code,NAICS_4,4533,3
NAICS_2012_Code,NAICS_4,4539,3
NAICS_2012_Code,NAICS_4,4541,3
NAICS_2012_Code,NAICS_4,4542,3
NAICS_2012_Code,NAICS_4,4543,3
NAICS_2012_Code,NAICS_4,4811,3
NAICS_2012_Code,NAICS_4,4812,3
NAICS_2012_Code,NAICS_4,4821,3
NAICS_2012_Code,NAICS_4,4831,3
NAICS_2012_Code,NAICS_4,4832,3
NAICS_2012_Code,NAICS_4,4841,3
NAICS_2012_Code,NAICS_4,4842,3
NAICS_2012_Code,NAICS_4,4851,3
NAICS_2012_Code,NAICS_4,4852,3
NAICS_2012_Code,NAICS_4,4853,3
NAICS_2012_Code,NAICS_4,4854,3
NAICS_2012_Code,NAICS_4,4855,3
NAICS_2012_Code,NAICS_4,4859,3
NAICS_2012_Code,NAICS_4,4861,3
NAICS_2012_Code,NAICS_4,4862,3
NAICS_2012_Code,NAICS_4,4869,3
NAICS_2012_Code,NAICS_4,4871,3
NAICS_2012_Code,NAICS_4,4872,3
NAICS_2012_Code,NAICS_4,4879,3
NAICS_2012_Code,NAICS_4,4881,3
NAICS_2012_Code,NAICS_4,4882,3
NAICS_2012_Code,NAICS_4,4883,3
NAICS_2012_Code,NAICS_4,4884,3
NAICS_2012_Code,NAICS_4,4885,3
NAICS_2012_Code,NAICS_4,4889,3
NAICS_2012_Code,NAICS_4,4911,3
NAICS_2012_Code,NAICS_4,4921,3
NAICS_2012_Code,NAICS_4,4922,3
NAICS_2012_Code,NAICS_4,4931,3
NAICS_2012_Code,NAICS_4,5111,3
NAICS_2012_Code,NAICS_4,5112,3
NAICS_2012_Code,NAICS_4,5121,3
NAICS_2012_Code,NAICS_4,5122,3
NAICS_2012_Code,NAICS_4,5151,3
NAICS_2012_Code,NAICS_4,5152,3
NAICS_2012_Code,NAICS_4,5171,3
NAICS_2012_Code,NAICS_4,5172,3
NAICS_2012_Code,NAICS_4,5174,3
NAICS_2012_Code,NAICS_4,5179,3
NAICS_2012_Code,NAICS_4,5182,3
NAICS_2012_Code,NAICS_4,5191,3
NAICS_2012_Code,NAICS_4,5211,3
NAICS_2012_Code,NAICS_4,5221,3
NAICS_2012_Code,NAICS_4,5222,3
NAICS_2012_Code,NAICS_4,5223,3
NAICS_2012_Code,NAICS_4,5231,3
NAICS_2012_Code,NAICS_4,5232,3
NAICS_2012_Code,NAICS_4,5239,3
NAICS_2012_Code,NAICS_4,5241,3
NAICS_2012_Code,NAICS_4,5242,3
NAICS_2012_Code,NAICS_4,5251,3
NAICS_2012_Code,NAICS_4,5259,3
NAICS_2012_Code,NAICS_4,5311,3
NAICS_2012_Code,NAICS_4,5312,3
NAICS_2012_Code,NAICS_4,5313,3
NAICS_2012_Code,NAICS_4,5321,3
NAICS_2012_Code,NAICS_4,5322,3
NAICS_2012_Code,NAICS_4,5323,3
NAICS_2012_Code,NAICS_4,5324,3
NAICS_2012_Code,NAICS_4,5331,3
NAICS_2012_Code,NAICS_4,5411,3
NAICS_2012_Code,NAICS_4,5412,3
NAICS_2012_Code,NAICS_4,5413,3
NAICS_2012_Code,NAICS_4,5414,3
NAICS_2012_Code,NAICS_4,5415,3
NAICS_2012_Code,NAICS_4,5416,3
NAICS_2012_Code,NAICS_4,5417,3
NAICS_2012_Code,NAICS_4,5418,3
NAICS_2012_Code,NAICS_4,5419,3
NAICS_2012_Code,NAICS_4,5511,3
NAICS_2012_Code,NAICS_4,5611,3
NAICS_2012_Code,NAICS_4,5612,3
NAICS_2012_Code,NAICS_4,5613,3
NAICS_2012_Code,NAICS_4,5614,3
NAICS_2012_Code,NAICS_4,5615,3
NAICS_2012_Code,NAICS_4,5616,3
NAICS_2012_Code,NAICS_4,5617,3
NAICS_2012_Code,NAICS_4,5619,3
NAICS_2012_Code,NAICS_4,5621,3
NAICS_2012_Code,NAICS_4,5622,3
NAICS_2012_Code,NAICS_4,5629,3
NAICS_2012_Code,NAICS_4,6111,3
NAICS_2012_Code,NAICS_4,6112,3
NAICS_2012_Code,NAICS_4,6113,3
NAICS_2012_Code,NAICS_4,6114,3
NAICS_2012_Code,NAICS_4,6115,3
NAICS_2012_Code,NAICS_4,6116,3
NAICS_2012_Code,NAICS_4,6117,3
NAICS_2012_Code,NAICS_4,6211,3
NAICS_2012_Code,NAICS_4,6212,3
NAICS_2012_Code,NAICS_4,6213,3
NAICS_2012_Code,NAICS_4,6214,3
NAICS_2012_Code,NAICS_4,6215,3
NAICS_2012_Code,NAICS_4,6216,3
NAICS_2012_Code,NAICS_4,6219,3
NAICS_2012_Code,NAICS_4,6221,3
NAICS_2012_Code,NAICS_4,6222,3
NAICS_2012_Code,NAICS_4,6223,3
NAICS_2012_Code,NAICS_4,6231,3
NAICS_2012_Code,NAICS_4,6232,3
NAICS_2012_Code,NAICS_4,6233,3
NAICS_2012_Code,NAICS_4,6239,3
NAICS_2012_Code,NAICS_4,6241,3
NAICS_2012_Code,NAICS_4,6242,3
NAICS_2012_Code,NAICS_4,6243,3
NAICS_2012_Code,NAICS_4,6244,3
NAICS_2012_Code,NAICS_4,7111,3
NAICS_2012_Code,NAICS_4,7112,3
NAICS_2012_Code,NAICS_4,7113,3
NAICS_2012_Code,NAICS_4,7114,3
NAICS_2012_Code,NAICS_4,7115,3
NAICS_2012_Code,NAICS_4,7121,3
NAICS_2012_Code,NAICS_4,7131,3
NAICS_2012_Code,NAICS_4,7132,3
NAICS_2012_Code,NAICS_4,7139,3
NAICS_2012_Code,NAICS_4,7211,3
NAICS_2012_Code,NAICS_4,7212,3
NAICS_2012_Code,NAICS_4,7213,3
NAICS_2012_Code,NAICS_4,7223,3
NAICS_2012_Code,NAICS_4,7224,3
NAICS_2012_Code,NAICS_4,7225,3
NAICS_2012_Code,NAICS_4,8111,3
NAICS_2012_Code,NAICS_4,8112,3
NAICS_2012_Code,NAICS_4,8113,3
NAICS_2012_Code,NAICS_4,8114,3
NAICS_2012_Code,NAICS_4,8121,3
NAICS_2012_Code,NAICS_4,8122,3
NAICS_2012_Code,NAICS_4,8123,3
NAICS_2012_Code,NAICS_4,8129,3
NAICS_2012_Code,NAICS_4,8131,3
NAICS_2012_Code,NAICS_4,8132,3
NAICS_2012_Code,NAICS_4,8133,3
NAICS_2012_Code,NAICS_4,8134,3
NAICS_2012_Code,NAICS_4,8139,3
NAICS_2012_Code,NAICS_4,8141,3
NAICS_2012_Code,NAICS_4,9211,3
NAICS_2012_Code,NAICS_4,9221,3
NAICS_2012_Code,NAICS_4,9231,3
NAICS_2012_Code,NAICS_4,9241,3
NAICS_2012_Code,NAICS_4,9251,3
NAICS_2012_Code,NAICS_4,9261,3
NAICS_2012_Code,NAICS_4,9271,3
NAICS_2012_Code,NAICS_4,9281,3
NAICS_2012_Code,NAICS_5,11111,4
NAICS_2012_Code,NAICS_5,11112,4
NAICS_2012_Code,NAICS_5,11113,4
NAICS_2012_Code,NAICS_5,11114,4
NAICS_2012_Code,NAICS_5,11115,4
NAICS_2012_Code,NAICS_5,11116,4
NAICS_2012_Code,NAICS_5,11119,4
NAICS_2012_Code,NAICS_5,11121,4
NAICS_2012_Code,NAICS_5,11131,4
NAICS_2012_Code,NAICS_5,11132,4
NAICS_2012_Code,NAICS_5,11133,4
NAICS_2012_Code,NAICS_5,11141,4
NAICS_2012_Code,NAICS_5,11142,4
NAICS_2012_Code,NAICS_5,11191,4
NAICS_2012_Code,NAICS_5,11192,4
NAICS_2012_Code,NAICS_5,11193,4
NAICS_2012_Code,NAICS_5,11194,4
NAICS_2012_Code,NAICS_5,11199,4
NAICS_2012_Code,NAICS_5,11211,4
NAICS_2012_Code,NAICS_5,11212,4
NAICS_2012_Code,NAICS_5,11213,4
NAICS_2012_Code,NAICS_5,11221,4
NAICS_2012_Code,NAICS_5,11231,4
NAICS_2012_Code,NAICS_5,11232,4
NAICS_2012_Code,NAICS_5,11233,4
NAICS_2012_Code,NAICS_5,11234,4
NAICS_2012_Code,NAICS_5,11239,4
NAICS_2012_Code,NAICS_5,11241,4
NAICS_2012_Code,NAICS_5,11242,4
NAICS_2012_Code,NAICS_5,11251,4
NAICS_2012_Code,NAICS_5,11291,4
NAICS_2012_Code,NAICS_5,11292,4
NAICS_2012_Code,NAICS_5,11293,4
NAICS_2012_Code,NAICS_5,11299,4
NAICS_2012_Code,NAICS_5,11311,4
NAICS_2012_Code,NAICS_5,11321,4
NAICS_2012_Code,NAICS_5,11331,4
NAICS_2012_Code,NAICS_5,11411,4
NAICS_2012_Code,NAICS_5,11421,4
NAICS_2012_Code,NAICS_5,11511,4
NAICS_2012_Code,NAICS_5,11521,4
NAICS_2012_Code,NAICS_5,11531,4
NAICS_2012_Code,NAICS_5,21111,4
NAICS_2012_Code,NAICS_5,21211,4
NAICS_2012_Code,NAICS_5,21221,4
NAICS_2012_Code,NAICS_5,21222,4
NAICS_2012_Code,NAICS_5,21223,4
NAICS_2012_Code,NAICS_5,21229,4
NAICS_2012_Code,NAICS_5,21231,4
NAICS_2012_Code,NAICS_5,21232,4
NAICS_2012_Code,NAICS_5,21239,4
NAICS_2012_Code,NAICS_5,21311,4
NAICS_2012_Code,NAICS_5,22111,4
NAICS_2012_Code,NAICS_5,22112,4
NAICS_2012_Code,NAICS_5,22121,4
NAICS_2012_Code,NAICS_5,22131,4
NAICS_2012_Code,NAICS_5,22132,4
NAICS_2012_Code,NAICS_5,22133,4
NAICS_2012_Code,NAICS_5,23611,4
NAICS_2012_Code,NAICS_5,23621,4
NAICS_2012_Code,NAICS_5,23622,4
NAICS_2012_Code,NAICS_5,23711,4
NAICS_2012_Code,NAICS_5,23712,4
NAICS_2012_Code,NAICS_5,23713,4
NAICS_2012_Code,NAICS_5,23721,4
NAICS_2012_Code,NAICS_5,23731,4
NAICS_2012_Code,NAICS_5,23799,4
NAICS_2012_Code,NAICS_5,23811,4
NAICS_2012_Code,NAICS_5,23812,4
NAICS_2012_Code,NAICS_5,23813,4
NAICS_2012_Code,NAICS_5,23814,4
NAICS_2012_Code,NAICS_5,23815,4
NAICS_2012_Code,NAICS_5,23816,4
NAICS_2012_Code,NAICS_5,23817,4
NAICS_2012_Code,NAICS_5,23819,4
NAICS_2012_Code,NAICS_5,23821,4
NAICS_2012_Code,NAICS_5,23822,4
NAICS_2012_Code,NAICS_5,23829,4
NAICS_2012_Code,NAICS_5,23831,4
NAICS_2012_Code,NAICS_5,23832,4
NAICS_2012_Code,NAICS_5,23833,4
NAICS_2012_Code,NAICS_5,23834,4
NAICS_2012_Code,NAICS_5,23835,4
NAICS_2012_Code,NAICS_5,23839,4
NAICS_2012_Code,NAICS_5,23891,4
NAICS_2012_Code,NAICS_5,23899,4
NAICS_2012_Code,NAICS_5,31111,4
NAICS_2012_Code,NAICS_5,31121,4
NAICS_2012_Code,NAICS_5,31122,4
NAICS_2012_Code,NAICS_5,31123,4
NAICS_2012_Code,NAICS_5,31131,4
NAICS_2012_Code,NAICS_5,31134,4
NAICS_2012_Code,NAICS_5,31135,4
NAICS_2012_Code,NAICS_5,31141,4
NAICS_2012_Code,NAICS_5,31142,4
NAICS_2012_Code,NAICS_5,31151,4
NAICS_2012_Code,NAICS_5,31152,4
NAICS_2012_Code,NAICS_5,31161,4
NAICS_2012_Code,NAICS_5,31171,4
NAICS_2012_Code,NAICS_5,31181,4
NAICS_2012_Code,NAICS_5,31182,4
NAICS_2012_Code,NAICS_5,31183,4
NAICS_2012_Code,NAICS_5,31191,4
NAICS_2012_Code,NAICS_5,31192,4
NAICS_2012_Code,NAICS_5,31193,4
NAICS_2012_Code,NAICS_5,31194,4
NAICS_2012_Code,NAICS_5,31199,4
NAICS_2012_Code,NAICS_5,31211,4
NAICS_2012_Code,NAICS_5,31212,4
NAICS_2012_Code,NAICS_5,31213,4
NAICS_2012_Code,NAICS_5,31214,4
NAICS_2012_Code,NAICS_5,31223,4
NAICS_2012_Code,NAICS_5,31311,4
NAICS_2012_Code,NAICS_5,31321,4
NAICS_2012_Code,NAICS_5,31322,4
NAICS_2012_Code,NAICS_5,31323,4
NAICS_2012_Code,NAICS_5,31324,4
NAICS_2012_Code,NAICS_5,31331,4
NAICS_2012_Code,NAICS_5,31332,4
NAICS_2012_Code,NAICS_5,31411,4
NAICS_2012_Code,NAICS_5,31412,4
NAICS_2012_Code,NAICS_5,31491,4
NAICS_2012_Code,NAICS_5,31499,4
NAICS_2012_Code,NAICS_5,31511,4
NAICS_2012_Code,NAICS_5,31519,4
NAICS_2012_Code,NAICS_5,31521,4
NAICS_2012_Code,NAICS_5,31522,4
NAICS_2012_Code,NAICS_5,31524,4
NAICS_2012_Code,NAICS_5,31528,4
NAICS_2012_Code,NAICS_5,31599,4
NAICS_2012_Code,NAICS_5,31611,4
NAICS_2012_Code,NAICS_5,31621,4
NAICS_2012_Code,NAICS_5,31699,4
NAICS_2012_Code,NAICS_5,32111,4
NAICS_2012_Code,NAICS_5,32121,4
NAICS_2012_Code,NAICS_5,32191,4
NAICS_2012_Code,NAICS_5,32192,4
NAICS_2012_Code,NAICS_5,32199,4
NAICS_2012_Code,NAICS_5,32211,4
NAICS_2012_Code,NAICS_5,32212,4
NAICS_2012_Code,NAICS_5,32213,4
NAICS_2012_Code,NAICS_5,32221,4
NAICS_2012_Code,NAICS_5,32222,4
NAICS_2012_Code,NAICS_5,32223,4
NAICS_2012_Code,NAICS_5,32229,4
NAICS_2012_Code,NAICS_5,32311,4
NAICS_2012_Code,NAICS_5,32312,4
NAICS_2012_Code,NAICS_5,32411,4
NAICS_2012_Code,NAICS_5,32412,4
NAICS_2012_Code,NAICS_5,32419,4
NAICS_2012_Code,NAICS_5,32511,4
NAICS_2012_Code,NAICS_5,32512,4
NAICS_2012_Code,NAICS_5,32513,4
NAICS_2012_Code,NAICS_5,32518,4
NAICS_2012_Code,NAICS_5,32519,4
NAICS_2012_Code,NAICS_5,32521,4
NAICS_2012_Code,NAICS_5,32522,4
NAICS_2012_Code,NAICS_5,32531,4
NAICS_2012_Code,NAICS_5,32532,4
NAICS_2012_Code,NAICS_5,32541,4
NAICS_2012_Code,NAICS_5,32551,4
NAICS_2012_Code,NAICS_5,32552,4
NAICS_2012_Code,NAICS_5,32561,4
NAICS_2012_Code,NAICS_5,32562,4
NAICS_2012_Code,NAICS_5,32591,4
NAICS_2012_Code,NAICS_5,32592,4
NAICS_2012_Code,NAICS_5,32599,4
NAICS_2012_Code,NAICS_5,32611,4
NAICS_2012_Code,NAICS_5,32612,4
NAICS_2012_Code,NAICS_5,32613,4
NAICS_2012_Code,NAICS_5,32614,4
NAICS_2012_Code,NAICS_5,32615,4
NAICS_2012_Code,NAICS_5,32616,4
NAICS_2012_Code,NAICS_5,32619,4
NAICS_2012_Code,NAICS_5,32621,4
NAICS_2012_Code,NAICS_5,32622,4
NAICS_2012_Code,NAICS_5,32629,4
NAICS_2012_Code,NAICS_5,32711,4
NAICS_2012_Code,NAICS_5,32712,4
NAICS_2012_Code,NAICS_5,32721,4
NAICS_2012_Code,NAICS_5,32731,4
NAICS_2012_Code,NAICS_5,32732,4
NAICS_2012_Code,NAICS_5,32733,4
NAICS_2012_Code,NAICS_5,32739,4
NAICS_2012_Code,NAICS_5,32741,4
NAICS_2012_Code,NAICS_5,32742,4
NAICS_2012_Code,NAICS_5,32791,4
NAICS_2012_Code,NAICS_5,32799,4
NAICS_2012_Code,NAICS_5,33111,4
NAICS_2012_Code,NAICS_5,33121,4
NAICS_2012_Code,NAICS_5,33122,4
NAICS_2012_Code,NAICS_5,33131,4
NAICS_2012_Code,NAICS_5,33141,4
NAICS_2012_Code,NAICS_5,33142,4
NAICS_2012_Code,NAICS_5,33149,4
NAICS_2012_Code,NAICS_5,33151,4
NAICS_2012_Code,NAICS_5,33152,4
NAICS_2012_Code,NAICS_5,33211,4
NAICS_2012_Code,NAICS_5,33221,4
NAICS_2012_Code,NAICS_5,33231,4
NAICS_2012_Code,NAICS_5,33232,4
NAICS_2012_Code,NAICS_5,33241,4
NAICS_2012_Code,NAICS_5,33242,4
NAICS_2012_Code,NAICS_5,33243,4
NAICS_2012_Code,NAICS_5,33251,4
NAICS_2012_Code,NAICS_5,33261,4
NAICS_2012_Code,NAICS_5,33271,4
NAICS_2012_Code,NAICS_5,33272,4
NAICS_2012_Code,NAICS_5,33281,4
NAICS_2012_Code,NAICS_5,33291,4
NAICS_2012_Code,NAICS_5,33299,4
NAICS_2012_Code,NAICS_5,33311,4
NAICS_2012_Code,NAICS_5,33312,4
NAICS_2012_Code,NAICS_5,33313,4
NAICS_2012_Code,NAICS_5,33324,4
NAICS_2012_Code,NAICS_5,33331,4
NAICS_2012_Code,NAICS_5,33341,4
NAICS_2012_Code,NAICS_5,33351,4
NAICS_2012_Code,NAICS_5,33361,4
NAICS_2012_Code,NAICS_5,33391,4
NAICS_2012_Code,NAICS_5,33392,4
NAICS_2012_Code,NAICS_5,33399,4
NAICS_2012_Code,NAICS_5,33411,4
NAICS_2012_Code,NAICS_5,33421,4
NAICS_2012_Code,NAICS_5,33422,4
NAICS_2012_Code,NAICS_5,33429,4
NAICS_2012_Code,NAICS_5,33431,4
NAICS_2012_Code,NAICS_5,33441,4
NAICS_2012_Code,NAICS_5,33451,4
NAICS_2012_Code,NAICS_5,33461,4
NAICS_2012_Code,NAICS_5,33511,4
NAICS_2012_Code,NAICS_5,33512,4
NAICS_2012_Code,NAICS_5,33521,4
NAICS_2012_Code,NAICS_5,33522,4
NAICS_2012_Code,NAICS_5,33531,4
NAICS_2012_Code,NAICS_5,33591,4
NAICS_2012_Code,NAICS_5,33592,4
NAICS_2012_Code,NAICS_5,33593,4
NAICS_2012_Code,NAICS_5,33599,4
NAICS_2012_Code,NAICS_5,33611,4
NAICS_2012_Code,NAICS_5,33612,4
NAICS_2012_Code,NAICS_5,33621,4
NAICS_2012_Code,NAICS_5,33631,4
NAICS_2012_Code,NAICS_5,33632,4
NAICS_2012_Code,NAICS_5,33633,4
NAICS_2012_Code,NAICS_5,33634,4
NAICS_2012_Code,NAICS_5,33635,4
NAICS_2012_Code,NAICS_5,33636,4
NAICS_2012_Code,NAICS_5,33637,4
NAICS_2012_Code,NAICS_5,33639,4
NAICS_2012_Code,NAICS_5,33641,4
NAICS_2012_Code,NAICS_5,33651,4
NAICS_2012_Code,NAICS_5,33661,4
NAICS_2012_Code,NAICS_5,33699,4
NAICS_2012_Code,NAICS_5,33711,4
NAICS_2012_Code,NAICS_5,33712,4
NAICS_2012_Code,NAICS_5,33721,4
NAICS_2012_Code,NAICS_5,33791,4
NAICS_2012_Code,NAICS_5,33792,4
NAICS_2012_Code,NAICS_5,33911,4
NAICS_2012_Code,NAICS_5,33991,4
NAICS_2012_Code,NAICS_5,33992,4
NAICS_2012_Code,NAICS_5,33993,4
NAICS_2012_Code,NAICS_5,33994,4
NAICS_2012_Code,NAICS_5,33995,4
NAICS_2012_Code,NAICS_5,33999,4
NAICS_2012_Code,NAICS_5,42311,4
NAICS_2012_Code,NAICS_5,42312,4
NAICS_2012_Code,NAICS_5,42313,4
NAICS_2012_Code,NAICS_5,42314,4
NAICS_2012_Code,NAICS_5,42321,4
NAICS_2012_Code,NAICS_5,42322,4
NAICS_2012_Code,NAICS_5,42331,4
NAICS_2012_Code,NAICS_5,42332,4
NAICS_2012_Code,NAICS_5,42333,4
NAICS_2012_Code,NAICS_5,42339,4
NAICS_2012_Code,NAICS_5,42341,4
NAICS_2012_Code,NAICS_5,42342,4
NAICS_2012_Code,NAICS_5,42343,4
NAICS_2012_Code,NAICS_5,42344,4
NAICS_2012_Code,NAICS_5,42345,4
NAICS_2012_Code,NAICS_5,42346,4
NAICS_2012_Code,NAICS_5,42349,4
NAICS_2012_Code,NAICS_5,42351,4
NAICS_2012_Code,NAICS_5,42352,4
NAICS_2012_Code,NAICS_5,42361,4
NAICS_2012_Code,NAICS_5,42362,4
NAICS_2012_Code,NAICS_5,42369,4
NAICS_2012_Code,NAICS_5,42371,4
NAICS_2012_Code,NAICS_5,42372,4
NAICS_2012_Code,NAICS_5,42373,4
NAICS_2012_Code,NAICS_5,42374,4
NAICS_2012_Code,NAICS_5,42381,4
NAICS_2012_Code,NAICS_5,42382,4
NAICS_2012_Code,NAICS_5,42383,4
NAICS_2012_Code,NAICS_5,42384,4
NAICS_2012_Code,NAICS_5,42385,4
NAICS_2012_Code,NAICS_5,42386,4
NAICS_2012_Code,NAICS_5,42391,4
NAICS_2012_Code,NAICS_5,42392,4
NAICS_2012_Code,NAICS_5,42393,4
NAICS_2012_Code,NAICS_5,42394,4
NAICS_2012_Code,NAICS_5,42399,4
NAICS_2012_Code,NAICS_5,42411,4
NAICS_2012_Code,NAICS_5,42412,4
NAICS_2012_Code,NAICS_5,42413,4
NAICS_2012_Code,NAICS_5,42421,4
NAICS_2012_Code,NAICS_5,42431,4
NAICS_2012_Code,NAICS_5,42432,4
NAICS_2012_Code,NAICS_5,42433,4
NAICS_2012_Code,NAICS_5,42434,4
NAICS_2012_Code,NAICS_5,42441,4
NAICS_2012_Code,NAICS_5,42442,4
NAICS_2012_Code,NAICS_5,42443,4
NAICS_2012_Code,NAICS_5,42444,4
NAICS_2012_Code,NAICS_5,42445,4
NAICS_2012_Code,NAICS_5,42446,4
NAICS_2012_Code,NAICS_5,42447,4
NAICS_2012_Code,NAICS_5,42448,4
NAICS_2012_Code,NAICS_5,42449,4
NAICS_2012_Code,NAICS_5,42451,4
NAICS_2012_Code,NAICS_5,42452,4
NAICS_2012_Code,NAICS_5,42459,4
NAICS_2012_Code,NAICS_5,42461,4
NAICS_2012_Code,NAICS_5,42469,4
NAICS_2012_Code,NAICS_5,42471,4
NAICS_2012_Code,NAICS_5,42472,4
NAICS_2012_Code,NAICS_5,42481,4
NAICS_2012_Code,NAICS_5,42482,4
NAICS_2012_Code,NAICS_5,42491,4
NAICS_2012_Code,NAICS_5,42492,4
NAICS_2012_Code,NAICS_5,42493,4
NAICS_2012_Code,NAICS_5,42494,4
NAICS_2012_Code,NAICS_5,42495,4
NAICS_2012_Code,NAICS_5,42499,4
NAICS_2012_Code,NAICS_5,42511,4
NAICS_2012_Code,NAICS_5,42512,4
NAICS_2012_Code,NAICS_5,44111,4
NAICS_2012_Code,NAICS_5,44112,4
NAICS_2012_Code,NAICS_5,44121,4
NAICS_2012_Code,NAICS_5,44122,4
NAICS_2012_Code,NAICS_5,44131,4
NAICS_2012_Code,NAICS_5,44132,4
NAICS_2012_Code,NAICS_5,44211,4
NAICS_2012_Code,NAICS_5,44221,4
NAICS_2012_Code,NAICS_5,44229,4
NAICS_2012_Code,NAICS_5,44314,4
NAICS_2012_Code,NAICS_5,44411,4
NAICS_2012_Code,NAICS_5,44412,4
NAICS_2012_Code,NAICS_5,44413,4
NAICS_2012_Code,NAICS_5,44419,4
NAICS_2012_Code,NAICS_5,44421,4
NAICS_2012_Code,NAICS_5,44422,4
NAICS_2012_Code,NAICS_5,44511,4
NAICS_2012_Code,NAICS_5,44512,4
NAICS_2012_Code,NAICS_5,44521,4
NAICS_2012_Code,NAICS_5,44522,4
NAICS_2012_Code,NAICS_5,44523,4
NAICS_2012_Code,NAICS_5,44529,4
NAICS_2012_Code,NAICS_5,44531,4
NAICS_2012_Code,NAICS_5,44611,4
NAICS_2012_Code,NAICS_5,44612,4
NAICS_2012_Code,NAICS_5,44613,4
NAICS_2012_Code,NAICS_5,44619,4
NAICS_2012_Code,NAICS_5,44711,4
NAICS_2012_Code,NAICS_5,44719,4
NAICS_2012_Code,NAICS_5,44811,4
NAICS_2012_Code,NAICS_5,44812,4
NAICS_2012_Code,NAICS_5,44813,4
NAICS_2012_Code,NAICS_5,44814,4
NAICS_2012_Code,NAICS_5,44815,4
NAICS_2012_Code,NAICS_5,44819,4
NAICS_2012_Code,NAICS_5,44821,4
NAICS_2012_Code,NAICS_5,44831,4
NAICS_2012_Code,NAICS_5,44832,4
NAICS_2012_Code,NAICS_5,45111,4
NAICS_2012_Code,NAICS_5,45112,4
NAICS_2012_Code,NAICS_5,45113,4
NAICS_2012_Code,NAICS_5,45114,4
NAICS_2012_Code,NAICS_5,45121,4
NAICS_2012_Code,NAICS_5,45211,4
NAICS_2012_Code,NAICS_5,45291,4
NAICS_2012_Code,NAICS_5,45299,4
NAICS_2012_Code,NAICS_5,45311,4
NAICS_2012_Code,NAICS_5,45321,4
NAICS_2012_Code,NAICS_5,45322,4
NAICS_2012_Code,NAICS_5,45331,4
NAICS_2012_Code,NAICS_5,45391,4
NAICS_2012_Code,NAICS_5,45392,4
NAICS_2012_Code,NAICS_5,45393,4
NAICS_2012_Code,NAICS_5,45399,4
NAICS_2012_Code,NAICS_5,45411,4
NAICS_2012_Code,NAICS_5,45421,4
NAICS_2012_Code,NAICS_5,45431,4
NAICS_2012_Code,NAICS_5,45439,4
NAICS_2012_Code,NAICS_5,48111,4
NAICS_2012_Code,NAICS_5,48121,4
NAICS_2012_Code,NAICS_5,48211,4
NAICS_2012_Code,NAICS_5,48311,4
NAICS_2012_Code,NAICS_5,48321,4
NAICS_2012_Code,NAICS_5,48411,4
NAICS_2012_Code,NAICS_5,48412,4
NAICS_2012_Code,NAICS_5,48421,4
NAICS_2012_Code,NAICS_5,48422,4
NAICS_2012_Code,NAICS_5,48423,4
NAICS_2012_Code,NAICS_5,48511,4
NAICS_2012_Code,NAICS_5,48521,4
NAICS_2012_Code,NAICS_5,48531,4
NAICS_2012_Code,NAICS_5,48532,4
NAICS_2012_Code,NAICS_5,48541,4
NAICS_2012_Code,NAICS_5,48551,4
NAICS_2012_Code,NAICS_5,48599,4
NAICS_2012_Code,NAICS_5,48611,4
NAICS_2012_Code,NAICS_5,48621,4
NAICS_2012_Code,NAICS_5,48691,4
NAICS_2012_Code,NAICS_5,48699,4
NAICS_2012_Code,NAICS_5,48711,4
NAICS_2012_Code,NAICS_5,48721,4
NAICS_2012_Code,NAICS_5,48799,4
NAICS_2012_Code,NAICS_5,48811,4
NAICS_2012_Code,NAICS_5,48819,4
NAICS_2012_Code,NAICS_5,48821,4
NAICS_2012_Code,NAICS_5,48831,4
NAICS_2012_Code,NAICS_5,48832,4
NAICS_2012_Code,NAICS_5,48833,4
NAICS_2012_Code,NAICS_5,48839,4
NAICS_2012_Code,NAICS_5,48841,4
NAICS_2012_Code,NAICS_5,48849,4
NAICS_2012_Code,NAICS_5,48851,4
NAICS_2012_Code,NAICS_5,48899,4
NAICS_2012_Code,NAICS_5,49111,4
NAICS_2012_Code,NAICS_5,49211,4
NAICS_2012_Code,NAICS_5,49221,4
NAICS_2012_Code,NAICS_5,49311,4
NAICS_2012_Code,NAICS_5,49312,4
NAICS_2012_Code,NAICS_5,49313,4
NAICS_2012_Code,NAICS_5,49319,4
NAICS_2012_Code,NAICS_5,51111,4
NAICS_2012_Code,NAICS_5,51112,4
NAICS_2012_Code,NAICS_5,51113,4
NAICS_2012_Code,NAICS_5,51114,4
NAICS_2012_Code,NAICS_5,51119,4
NAICS_2012_Code,NAICS_5,51121,4
NAICS_2012_Code,NAICS_5,51211,4
NAICS_2012_Code,NAICS_5,51212,4
NAICS_2012_Code,NAICS_5,51213,4
NAICS_2012_Code,NAICS_5,51219,4
NAICS_2012_Code,NAICS_5,51221,4
NAICS_2012_Code,NAICS_5,51222,4
NAICS_2012_Code,NAICS_5,51223,4
NAICS_2012_Code,NAICS_5,51224,4
NAICS_2012_Code,NAICS_5,51229,4
NAICS_2012_Code,NAICS_5,51511,4
NAICS_2012_Code,NAICS_5,51512,4
NAICS_2012_Code,NAICS_5,51521,4
NAICS_2012_Code,NAICS_5,51711,4
NAICS_2012_Code,NAICS_5,51721,4
NAICS_2012_Code,NAICS_5,51741,4
NAICS_2012_Code,NAICS_5,51791,4
NAICS_2012_Code,NAICS_5,51821,4
NAICS_2012_Code,NAICS_5,51911,4
NAICS_2012_Code,NAICS_5,51912,4
NAICS_2012_Code,NAICS_5,51913,4
NAICS_2012_Code,NAICS_5,51919,4
NAICS_2012_Code,NAICS_5,52111,4
NAICS_2012_Code,NAICS_5,52211,4
NAICS_2012_Code,NAICS_5,52212,4
NAICS_2012_Code,NAICS_5,52213,4
NAICS_2012_Code,NAICS_5,52219,4
NAICS_2012_Code,NAICS_5,52221,4
NAICS_2012_Code,NAICS_5,52222,4
NAICS_2012_Code,NAICS_5,52229,4
NAICS_2012_Code,NAICS_5,52231,4
NAICS_2012_Code,NAICS_5,52232,4
NAICS_2012_Code,NAICS_5,52239,4
NAICS_2012_Code,NAICS_5,52311,4
NAICS_2012_Code,NAICS_5,52312,4
NAICS_2012_Code,NAICS_5,52313,4
NAICS_2012_Code,NAICS_5,52314,4
NAICS_2012_Code,NAICS_5,52321,4
NAICS_2012_Code,NAICS_5,52391,4
NAICS_2012_Code,NAICS_5,52392,4
NAICS_2012_Code,NAICS_5,52393,4
NAICS_2012_Code,NAICS_5,52399,4
NAICS_2012_Code,NAICS_5,52411,4
NAICS_2012_Code,NAICS_5,52412,4
NAICS_2012_Code,NAICS_5,52413,4
NAICS_2012_Code,NAICS_5,52421,4
NAICS_2012_Code,NAICS_5,52429,4
NAICS_2012_Code,NAICS_5,52511,4
NAICS_2012_Code,NAICS_5,52512,4
NAICS_2012_Code,NAICS_5,52519,4
NAICS_2012_Code,NAICS_5,52591,4
NAICS_2012_Code,NAICS_5,52592,4
NAICS_2012_Code,NAICS_5,52599,4
NAICS_2012_Code,NAICS_5,53111,4
NAICS_2012_Code,NAICS_5,53112,4
NAICS_2012_Code,NAICS_5,53113,4
NAICS_2012_Code,NAICS_5,53119,4
NAICS_2012_Code,NAICS_5,53121,4
NAICS_2012_Code,NAICS_5,53131,4
NAICS_2012_Code,NAICS_5,53132,4
NAICS_2012_Code,NAICS_5,53139,4
NAICS_2012_Code,NAICS_5,53211,4
NAICS_2012_Code,NAICS_5,53212,4
NAICS_2012_Code,NAICS_5,53221,4
NAICS_2012_Code,NAICS_5,53222,4
NAICS_2012_Code,NAICS_5,53223,4
NAICS_2012_Code,NAICS_5,53229,4
NAICS_2012_Code,NAICS_5,53231,4
NAICS_2012_Code,NAICS_5,53241,4
NAICS_2012_Code,NAICS_5,53242,4
NAICS_2012_Code,NAICS_5,53249,4
NAICS_2012_Code,NAICS_5,53311,4
NAICS_2012_Code,NAICS_5,54111,4
NAICS_2012_Code,NAICS_5,54112,4
NAICS_2012_Code,NAICS_5,54119,4
NAICS_2012_Code,NAICS_5,54121,4
NAICS_2012_Code,NAICS_5,54131,4
NAICS_2012_Code,NAICS_5,54132,4
NAICS_2012_Code,NAICS_5,54133,4
NAICS_2012_Code,NAICS_5,54134,4
NAICS_2012_Code,NAICS_5,54135,4
NAICS_2012_Code,NAICS_5,54136,4
NAICS_2012_Code,NAICS_5,54137,4
NAICS_2012_Code,NAICS_5,54138,4
NAICS_2012_Code,NAICS_5,54141,4
NAICS_2012_Code,NAICS_5,54142,4
NAICS_2012_Code,NAICS_5,54143,4
NAICS_2012_Code,NAICS_5,54149,4
NAICS_2012_Code,NAICS_5,54151,4
NAICS_2012_Code,NAICS_5,54161,4
NAICS_2012_Code,NAICS_5,54162,4
NAICS_2012_Code,NAICS_5,54169,4
NAICS_2012_Code,NAICS_5,54171,4
NAICS_2012_Code,NAICS_5,54172,4
NAICS_2012_Code,NAICS_5,54181,4
NAICS_2012_Code,NAICS_5,54182,4
NAICS_2012_Code,NAICS_5,54183,4
NAICS_2012_Code,NAICS_5,54184,4
NAICS_2012_Code,NAICS_5,54185,4
NAICS_2012_Code,NAICS_5,54186,4
NAICS_2012_Code,NAICS_5,54187,4
NAICS_2012_Code,NAICS_5,54189,4
NAICS_2012_Code,NAICS_5,54191,4
NAICS_2012_Code,NAICS_5,54192,4
NAICS_2012_Code,NAICS_5,54193,4
NAICS_2012_Code,NAICS_5,54194,4
NAICS_2012_Code,NAICS_5,54199,4
NAICS_2012_Code,NAICS_5,55111,4
NAICS_2012_Code,NAICS_5,56111,4
NAICS_2012_Code,NAICS_5,56121,4
NAICS_2012_Code,NAICS_5,56131,4
NAICS_2012_Code,NAICS_5,56132,4
NAICS_2012_Code,NAICS_5,56133,4
NAICS_2012_Code,NAICS_5,56141,4
NAICS_2012_Code,NAICS_5,56142,4
NAICS_2012_Code,NAICS_5,56143,4
NAICS_2012_Code,NAICS_5,56144,4
NAICS_2012_Code,NAICS_5,56145,4
NAICS_2012_Code,NAICS_5,56149,4
NAICS_2012_Code,NAICS_5,56151,4
NAICS_2012_Code,NAICS_5,56152,4
NAICS_2012_Code,NAICS_5,56159,4
NAICS_2012_Code,NAICS_5,56161,4
NAICS_2012_Code,NAICS_5,56162,4
NAICS_2012_Code,NAICS_5,56171,4
NAICS_2012_Code,NAICS_5,56172,4
NAICS_2012_Code,NAICS_5,56173,4
NAICS_2012_Code,NAICS_5,56174,4
NAICS_2012_Code,NAICS_5,56179,4
NAICS_2012_Code,NAICS_5,56191,4
NAICS_2012_Code,NAICS_5,56192,4
NAICS_2012_Code,NAICS_5,56199,4
NAICS_2012_Code,NAICS_5,56211,4
NAICS_2012_Code,NAICS_5,56221,4
NAICS_2012_Code,NAICS_5,56291,4
NAICS_2012_Code,NAICS_5,56292,4
NAICS_2012_Code,NAICS_5,56299,4
NAICS_2012_Code,NAICS_5,61111,4
NAICS_2012_Code,NAICS_5,61121,4
NAICS_2012_Code,NAICS_5,61131,4
NAICS_2012_Code,NAICS_5,61141,4
NAICS_2012_Code,NAICS_5,61142,4
NAICS_2012_Code,NAICS_5,61143,4
NAICS_2012_Code,NAICS_5,61151,4
NAICS_2012_Code,NAICS_5,61161,4
NAICS_2012_Code,NAICS_5,61162,4
NAICS_2012_Code,NAICS_5,61163,4
NAICS_2012_Code,NAICS_5,61169,4
NAICS_2012_Code,NAICS_5,61171,4
NAICS_2012_Code,NAICS_5,62111,4
NAICS_2012_Code,NAICS_5,62121,4
NAICS_2012_Code,NAICS_5,62131,4
NAICS_2012_Code,NAICS_5,62132,4
NAICS_2012_Code,NAICS_5,62133,4
NAICS_2012_Code,NAICS_5,62134,4
NAICS_2012_Code,NAICS_5,62139,4
NAICS_2012_Code,NAICS_5,62141,4
NAICS_2012_Code,NAICS_5,62142,4
NAICS_2012_Code,NAICS_5,62149,4
NAICS_2012_Code,NAICS_5,62151,4
NAICS_2012_Code,NAICS_5,62161,4
NAICS_2012_Code,NAICS_5,62191,4
NAICS_2012_Code,NAICS_5,62199,4
NAICS_2012_Code,NAICS_5,62211,4
NAICS_2012_Code,NAICS_5,62221,4
NAICS_2012_Code,NAICS_5,62231,4
NAICS_2012_Code,NAICS_5,62311,4
NAICS_2012_Code,NAICS_5,62321,4
NAICS_2012_Code,NAICS_5,62322,4
NAICS_2012_Code,NAICS_5,62331,4
NAICS_2012_Code,NAICS_5,62399,4
NAICS_2012_Code,NAICS_5,62411,4
NAICS_2012_Code,NAICS_5,62412,4
NAICS_2012_Code,NAICS_5,62419,4
NAICS_2012_Code,NAICS_5,62421,4
NAICS_2012_Code,NAICS_5,62422,4
NAICS_2012_Code,NAICS_5,62423,4
NAICS_2012_Code,NAICS_5,62431,4
NAICS_2012_Code,NAICS_5,62441,4
NAICS_2012_Code,NAICS_5,71111,4
NAICS_2012_Code,NAICS_5,71112,4
NAICS_2012_Code,NAICS_5,71113,4
NAICS_2012_Code,NAICS_5,71119,4
NAICS_2012_Code,NAICS_5,71121,4
NAICS_2012_Code,NAICS_5,71131,4
NAICS_2012_Code,NAICS_5,71132,4
NAICS_2012_Code,NAICS_5,71141,4
NAICS_2012_Code,NAICS_5,71151,4
NAICS_2012_Code,NAICS_5,71211,4
NAICS_2012_Code,NAICS_5,71212,4
NAICS_2012_Code,NAICS_5,71213,4
NAICS_2012_Code,NAICS_5,71219,4
NAICS_2012_Code,NAICS_5,71311,4
NAICS_2012_Code,NAICS_5,71312,4
NAICS_2012_Code,NAICS_5,71321,4
NAICS_2012_Code,NAICS_5,71329,4
NAICS_2012_Code,NAICS_5,71391,4
NAICS_2012_Code,NAICS_5,71392,4
NAICS_2012_Code,NAICS_5,71393,4
NAICS_2012_Code,NAICS_5,71394,4
NAICS_2012_Code,NAICS_5,71395,4
NAICS_2012_Code,NAICS_5,71399,4
NAICS_2012_Code,NAICS_5,72111,4
NAICS_2012_Code,NAICS_5,72112,4
NAICS_2012_Code,NAICS_5,72119,4
NAICS_2012_Code,NAICS_5,72121,4
NAICS_2012_Code,NAICS_5,72131,4
NAICS_2012_Code,NAICS_5,72231,4
NAICS_2012_Code,NAICS_5,72232,4
NAICS_2012_Code,NAICS_5,72233,4
NAICS_2012_Code,NAICS_5,72241,4
NAICS_2012_Code,NAICS_5,72251,4
NAICS_2012_Code,NAICS_5,81111,4
NAICS_2012_Code,NAICS_5,81112,4
NAICS_2012_Code,NAICS_5,81119,4
NAICS_2012_Code,NAICS_5,81121,4
NAICS_2012_Code,NAICS_5,81131,4
NAICS_2012_Code,NAICS_5,81141,4
NAICS_2012_Code,NAICS_5,81142,4
NAICS_2012_Code,NAICS_5,81143,4
NAICS_2012_Code,NAICS_5,81149,4
NAICS_2012_Code,NAICS_5,81211,4
NAICS_2012_Code,NAICS_5,81219,4
NAICS_2012_Code,NAICS_5,81221,4
NAICS_2012_Code,NAICS_5,81222,4
NAICS_2012_Code,NAICS_5,81231,4
NAICS_2012_Code,NAICS_5,81232,4
NAICS_2012_Code,NAICS_5,81233,4
NAICS_2012_Code,NAICS_5,81291,4
NAICS_2012_Code,NAICS_5,81292,4
NAICS_2012_Code,NAICS_5,81293,4
NAICS_2012_Code,NAICS_5,81299,4
NAICS_2012_Code,NAICS_5,81311,4
NAICS_2012_Code,NAICS_5,81321,4
NAICS_2012_Code,NAICS_5,81331,4
NAICS_2012_Code,NAICS_5,81341,4
NAICS_2012_Code,NAICS_5,81391,4
NAICS_2012_Code,NAICS_5,81392,4
NAICS_2012_Code,NAICS_5,81393,4
NAICS_2012_Code,NAICS_5,81394,4
NAICS_2012_Code,NAICS_5,81399,4
NAICS_2012_Code,NAICS_5,81411,4
NAICS_2012_Code,NAICS_5,92111,4
NAICS_2012_Code,NAICS_5,92112,4
NAICS_2012_Code,NAICS_5,92113,4
NAICS_2012_Code,NAICS_5,92114,4
NAICS_2012_Code,NAICS_5,92115,4
NAICS_2012_Code,NAICS_5,92119,4
NAICS_2012_Code,NAICS_5,92211,4
NAICS_2012_Code,NAICS_5,92212,4
NAICS_2012_Code,NAICS_5,92213,4
NAICS_2012_Code,NAICS_5,92214,4
NAICS_2012_Code,NAICS_5,92215,4
NAICS_2012_Code,NAICS_5,92216,4
NAICS_2012_Code,NAICS_5,92219,4
NAICS_2012_Code,NAICS_5,92311,4
NAICS_2012_Code,NAICS_5,92312,4
NAICS_2012_Code,NAICS_5,92313,4
NAICS_2012_Code,NAICS_5,92314,4
NAICS_2012_Code,NAICS_5,92411,4
NAICS_2012_Code,NAICS_5,92412,4
NAICS_2012_Code,NAICS_5,92511,4
NAICS_2012_Code,NAICS_5,92512,4
NAICS_2012_Code,NAICS_5,92611,4
NAICS_2012_Code,NAICS_5,92612,4
NAICS_2012_Code,NAICS_5,92613,4
NAICS_2012_Code,NAICS_5,92614,4
NAICS_2012_Code,NAICS_5,92615,4
NAICS_2012_Code,NAICS_5,92711,4
NAICS_2012_Code,NAICS_5,92811,4
NAICS_2012_Code,NAICS_5,92812,4
NAICS_2012_Code,NAICS_6,111110,5
NAICS_2012_Code,NAICS_6,111120,5
NAICS_2012_Code,NAICS_6,111130,5
NAICS_2012_Code,NAICS_6,111140,5
NAICS_2012_Code,NAICS_6,111150,5
NAICS_2012_Code,NAICS_6,111160,5
NAICS_2012_Code,NAICS_6,111191,5
NAICS_2012_Code,NAICS_6,111199,5
NAICS_2012_Code,NAICS_6,111211,5
NAICS_2012_Code,NAICS_6,111219,5
NAICS_2012_Code,NAICS_6,111310,5
NAICS_2012_Code,NAICS_6,111320,5
NAICS_2012_Code,NAICS_6,111331,5
NAICS_2012_Code,NAICS_6,111332,5
NAICS_2012_Code,NAICS_6,111333,5
NAICS_2012_Code,NAICS_6,111334,5
NAICS_2012_Code,NAICS_6,111335,5
NAICS_2012_Code,NAICS_6,111336,5
NAICS_2012_Code,NAICS_6,111339,5
NAICS_2012_Code,NAICS_6,111411,5
NAICS_2012_Code,NAICS_6,111419,5
NAICS_2012_Code,NAICS_6,111421,5
NAICS_2012_Code,NAICS_6,111422,5
NAICS_2012_Code,NAICS_6,111910,5
NAICS_2012_Code,NAICS_6,111920,5
NAICS_2012_Code,NAICS_6,111930,5
NAICS_2012_Code,NAICS_6,111940,5
NAICS_2012_Code,NAICS_6,111991,5
NAICS_2012_Code,NAICS_6,111992,5
NAICS_2012_Code,NAICS_6,111998,5
NAICS_2012_Code,NAICS_6,112111,5
NAICS_2012_Code,NAICS_6,112112,5
NAICS_2012_Code,NAICS_6,112120,5
NAICS_2012_Code,NAICS_6,112130,5
NAICS_2012_Code,NAICS_6,112210,5
NAICS_2012_Code,NAICS_6,112310,5
NAICS_2012_Code,NAICS_6,112320,5
NAICS_2012_Code,NAICS_6,112330,5
NAICS_2012_Code,NAICS_6,112340,5
NAICS_2012_Code,NAICS_6,112390,5
NAICS_2012_Code,NAICS_6,112410,5
NAICS_2012_Code,NAICS_6,112420,5
NAICS_2012_Code,NAICS_6,112511,5
NAICS_2012_Code,NAICS_6,112512,5
NAICS_2012_Code,NAICS_6,112519,5
NAICS_2012_Code,NAICS_6,112910,5
NAICS_2012_Code,NAICS_6,112920,5
NAICS_2012_Code,NAICS_6,112930,5
NAICS_2012_Code,NAICS_6,112990,5
NAICS_2012_Code,NAICS_6,113110,5
NAICS_2012_Code,NAICS_6,113210,5
NAICS_2012_Code,NAICS_6,113310,5
NAICS_2012_Code,NAICS_6,114111,5
NAICS_2012_Code,NAICS_6,114112,5
NAICS_2012_Code,NAICS_6,114119,5
NAICS_2012_Code,NAICS_6,114210,5
NAICS_2012_Code,NAICS_6,115111,5
NAICS_2012_Code,NAICS_6,115112,5
NAICS_2012_Code,NAICS_6,115113,5
NAICS_2012_Code,NAICS_6,115114,5
NAICS_2012_Code,NAICS_6,115115,5
NAICS_2012_Code,NAICS_6,115116,5
NAICS_2012_Code,NAICS_6,115210,5
NAICS_2012_Code,NAICS_6,115310,5
NAICS_2012_Code,NAICS_6,211111,5
NAICS_2012_Code,NAICS_6,211112,5
NAICS_2012_Code,NAICS_6,212111,5
NAICS_2012_Code,NAICS_6,212112,5
NAICS_2012_Code,NAICS_6,212113,5
NAICS_2012_Code,NAICS_6,212210,5
NAICS_2012_Code,NAICS_6,212221,5
NAICS_2012_Code,NAICS_6,212222,5
NAICS_2012_Code,NAICS_6,212231,5
NAICS_2012_Code,NAICS_6,212234,5
NAICS_2012_Code,NAICS_6,212291,5
NAICS_2012_Code,NAICS_6,212299,5
NAICS_2012_Code,NAICS_6,212311,5
NAICS_2012_Code,NAICS_6,212312,5
NAICS_2012_Code,NAICS_6,212313,5
NAICS_2012_Code,NAICS_6,212319,5
NAICS_2012_Code,NAICS_6,212321,5
NAICS_2012_Code,NAICS_6,212322,5
NAICS_2012_Code,NAICS_6,212324,5
NAICS_2012_Code,NAICS_6,212325,5
NAICS_2012_Code,NAICS_6,212391,5
NAICS_2012_Code,NAICS_6,212392,5
NAICS_2012_Code,NAICS_6,212393,5
NAICS_2012_Code,NAICS_6,212399,5
NAICS_2012_Code,NAICS_6,213111,5
NAICS_2012_Code,NAICS_6,213112,5
NAICS_2012_Code,NAICS_6,213113,5
NAICS_2012_Code,NAICS_6,213114,5
NAICS_2012_Code,NAICS_6,213115,5
NAICS_2012_Code,NAICS_6,221111,5
NAICS_2012_Code,NAICS_6,221112,5
NAICS_2012_Code,NAICS_6,221113,5
NAICS_2012_Code,NAICS_6,221114,5
NAICS_2012_Code,NAICS_6,221115,5
NAICS_2012_Code,NAICS_6,221116,5
NAICS_2012_Code,NAICS_6,221117,5
NAICS_2012_Code,NAICS_6,221118,5
NAICS_2012_Code,NAICS_6,221121,5
NAICS_2012_Code,NAICS_6,221122,5
NAICS_2012_Code,NAICS_6,221210,5
NAICS_2012_Code,NAICS_6,221310,5
NAICS_2012_Code,NAICS_6,221320,5
NAICS_2012_Code,NAICS_6,221330,5
NAICS_2012_Code,NAICS_6,236115,5
NAICS_2012_Code,NAICS_6,236116,5
NAICS_2012_Code,NAICS_6,236117,5
NAICS_2012_Code,NAICS_6,236118,5
NAICS_2012_Code,NAICS_6,236210,5
NAICS_2012_Code,NAICS_6,236220,5
NAICS_2012_Code,NAICS_6,237110,5
NAICS_2012_Code,NAICS_6,237120,5
NAICS_2012_Code,NAICS_6,237130,5
NAICS_2012_Code,NAICS_6,237210,5
NAICS_2012_Code,NAICS_6,237310,5
NAICS_2012_Code,NAICS_6,237990,5
NAICS_2012_Code,NAICS_6,238110,5
NAICS_2012_Code,NAICS_6,238120,5
NAICS_2012_Code,NAICS_6,238130,5
NAICS_2012_Code,NAICS_6,238140,5
NAICS_2012_Code,NAICS_6,238150,5
NAICS_2012_Code,NAICS_6,238160,5
NAICS_2012_Code,NAICS_6,238170,5
NAICS_2012_Code,NAICS_6,238190,5
NAICS_2012_Code,NAICS_6,238210,5
NAICS_2012_Code,NAICS_6,238220,5
NAICS_2012_Code,NAICS_6,238290,5
NAICS_2012_Code,NAICS_6,238310,5
NAICS_2012_Code,NAICS_6,238320,5
NAICS_2012_Code,NAICS_6,238330,5
NAICS_2012_Code,NAICS_6,238340,5
NAICS_2012_Code,NAICS_6,238350,5
NAICS_2012_Code,NAICS_6,238390,5
NAICS_2012_Code,NAICS_6,238910,5
NAICS_2012_Code,NAICS_6,238990,5
NAICS_2012_Code,NAICS_6,311111,5
NAICS_2012_Code,NAICS_6,311119,5
NAICS_2012_Code,NAICS_6,311211,5
NAICS_2012_Code,NAICS_6,311212,5
NAICS_2012_Code,NAICS_6,311213,5
NAICS_2012_Code,NAICS_6,311221,5
NAICS_2012_Code,NAICS_6,311224,5
NAICS_2012_Code,NAICS_6,311225,5
NAICS_2012_Code,NAICS_6,311230,5
NAICS_2012_Code,NAICS_6,311313,5
NAICS_2012_Code,NAICS_6,311314,5
NAICS_2012_Code,NAICS_6,311340,5
NAICS_2012_Code,NAICS_6,311351,5
NAICS_2012_Code,NAICS_6,311352,5
NAICS_2012_Code,NAICS_6,311411,5
NAICS_2012_Code,NAICS_6,311412,5
NAICS_2012_Code,NAICS_6,311421,5
NAICS_2012_Code,NAICS_6,311422,5
NAICS_2012_Code,NAICS_6,311423,5
NAICS_2012_Code,NAICS_6,311511,5
NAICS_2012_Code,NAICS_6,311512,5
NAICS_2012_Code,NAICS_6,311513,5
NAICS_2012_Code,NAICS_6,311514,5
NAICS_2012_Code,NAICS_6,311520,5
NAICS_2012_Code,NAICS_6,311611,5
NAICS_2012_Code,NAICS_6,311612,5
NAICS_2012_Code,NAICS_6,311613,5
NAICS_2012_Code,NAICS_6,311615,5
NAICS_2012_Code,NAICS_6,311710,5
NAICS_2012_Code,NAICS_6,311811,5
NAICS_2012_Code,NAICS_6,311812,5
NAICS_2012_Code,NAICS_6,311813,5
NAICS_2012_Code,NAICS_6,311821,5
NAICS_2012_Code,NAICS_6,311824,5
NAICS_2012_Code,NAICS_6,311830,5
NAICS_2012_Code,NAICS_6,311911,5
NAICS_2012_Code,NAICS_6,311919,5
NAICS_2012_Code,NAICS_6,311920,5
NAICS_2012_Code,NAICS_6,311930,5
NAICS_2012_Code,NAICS_6,311941,5
NAICS_2012_Code,NAICS_6,311942,5
NAICS_2012_Code,NAICS_6,311991,5
NAICS_2012_Code,NAICS_6,311999,5
NAICS_2012_Code,NAICS_6,312111,5
NAICS_2012_Code,NAICS_6,312112,5
NAICS_2012_Code,NAICS_6,312113,5
NAICS_2012_Code,NAICS_6,312120,5
NAICS_2012_Code,NAICS_6,312130,5
NAICS_2012_Code,NAICS_6,312140,5
NAICS_2012_Code,NAICS_6,312230,5
NAICS_2012_Code,NAICS_6,313110,5
NAICS_2012_Code,NAICS_6,313210,5
NAICS_2012_Code,NAICS_6,313220,5
NAICS_2012_Code,NAICS_6,313230,5
NAICS_2012_Code,NAICS_6,313240,5
NAICS_2012_Code,NAICS_6,313310,5
NAICS_2012_Code,NAICS_6,313320,5
NAICS_2012_Code,NAICS_6,314110,5
NAICS_2012_Code,NAICS_6,314120,5
NAICS_2012_Code,NAICS_6,314910,5
NAICS_2012_Code,NAICS_6,314994,5
NAICS_2012_Code,NAICS_6,314999,5
NAICS_2012_Code,NAICS_6,315110,5
NAICS_2012_Code,NAICS_6,315190,5
NAICS_2012_Code,NAICS_6,315210,5
NAICS_2012_Code,NAICS_6,315220,5
NAICS_2012_Code,NAICS_6,315240,5
NAICS_2012_Code,NAICS_6,315280,5
NAICS_2012_Code,NAICS_6,315990,5
NAICS_2012_Code,NAICS_6,316110,5
NAICS_2012_Code,NAICS_6,316210,5
NAICS_2012_Code,NAICS_6,316992,5
NAICS_2012_Code,NAICS_6,316998,5
NAICS_2012_Code,NAICS_6,321113,5
NAICS_2012_Code,NAICS_6,321114,5
NAICS_2012_Code,NAICS_6,321211,5
NAICS_2012_Code,NAICS_6,321212,5
NAICS_2012_Code,NAICS_6,321213,5
NAICS_2012_Code,NAICS_6,321214,5
NAICS_2012_Code,NAICS_6,321219,5
NAICS_2012_Code,NAICS_6,321911,5
NAICS_2012_Code,NAICS_6,321912,5
NAICS_2012_Code,NAICS_6,321918,5
NAICS_2012_Code,NAICS_6,321920,5
NAICS_2012_Code,NAICS_6,321991,5
NAICS_2012_Code,NAICS_6,321992,5
NAICS_2012_Code,NAICS_6,321999,5
NAICS_2012_Code,NAICS_6,322110,5
NAICS_2012_Code,NAICS_6,322121,5
NAICS_2012_Code,NAICS_6,322122,5
NAICS_2012_Code,NAICS_6,322130,5
NAICS_2012_Code,NAICS_6,322211,5
NAICS_2012_Code,NAICS_6,322212,5
NAICS_2012_Code,NAICS_6,322219,5
NAICS_2012_Code,NAICS_6,322220,5
NAICS_2012_Code,NAICS_6,322230,5
NAICS_2012_Code,NAICS_6,322291,5
NAICS_2012_Code,NAICS_6,322299,5
NAICS_2012_Code,NAICS_6,323111,5
NAICS_2012_Code,NAICS_6,323113,5
NAICS_2012_Code,NAICS_6,323117,5
NAICS_2012_Code,NAICS_6,323120,5
NAICS_2012_Code,NAICS_6,324110,5
NAICS_2012_Code,NAICS_6,324121,5
NAICS_2012_Code,NAICS_6,324122,5
NAICS_2012_Code,NAICS_6,324191,5
NAICS_2012_Code,NAICS_6,324199,5
NAICS_2012_Code,NAICS_6,325110,5
NAICS_2012_Code,NAICS_6,325120,5
NAICS_2012_Code,NAICS_6,325130,5
NAICS_2012_Code,NAICS_6,325180,5
NAICS_2012_Code,NAICS_6,325193,5
NAICS_2012_Code,NAICS_6,325194,5
NAICS_2012_Code,NAICS_6,325199,5
NAICS_2012_Code,NAICS_6,325211,5
NAICS_2012_Code,NAICS_6,325212,5
NAICS_2012_Code,NAICS_6,325220,5
NAICS_2012_Code,NAICS_6,325311,5
NAICS_2012_Code,NAICS_6,325312,5
NAICS_2012_Code,NAICS_6,325314,5
NAICS_2012_Code,NAICS_6,325320,5
NAICS_2012_Code,NAICS_6,325411,5
NAICS_2012_Code,NAICS_6,325412,5
NAICS_2012_Code,NAICS_6,325413,5
NAICS_2012_Code,NAICS_6,325414,5
NAICS_2012_Code,NAICS_6,325510,5
NAICS_2012_Code,NAICS_6,325520,5
NAICS_2012_Code,NAICS_6,325611,5
NAICS_2012_Code,NAICS_6,325612,5
NAICS_2012_Code,NAICS_6,325613,5
NAICS_2012_Code,NAICS_6,325620,5
NAICS_2012_Code,NAICS_6,325910,5
NAICS_2012_Code,NAICS_6,325920,5
NAICS_2012_Code,NAICS_6,325991,5
NAICS_2012_Code,NAICS_6,325992,5
NAICS_2012_Code,NAICS_6,325998,5
NAICS_2012_Code,NAICS_6,326111,5
NAICS_2012_Code,NAICS_6,326112,5
NAICS_2012_Code,NAICS_6,326113,5
NAICS_2012_Code,NAICS_6,326121,5
NAICS_2012_Code,NAICS_6,326122,5
NAICS_2012_Code,NAICS_6,326130,5
NAICS_2012_Code,NAICS_6,326140,5
NAICS_2012_Code,NAICS_6,326150,5
NAICS_2012_Code,NAICS_6,326160,5
NAICS_2012_Code,NAICS_6,326191,5
NAICS_2012_Code,NAICS_6,326199,5
NAICS_2012_Code,NAICS_6,326211,5
NAICS_2012_Code,NAICS_6,326212,5
NAICS_2012_Code,NAICS_6,326220,5
NAICS_2012_Code,NAICS_6,326291,5
NAICS_2012_Code,NAICS_6,326299,5
NAICS_2012_Code,NAICS_6,327110,5
NAICS_2012_Code,NAICS_6,327120,5
NAICS_2012_Code,NAICS_6,327211,5
NAICS_2012_Code,NAICS_6,327212,5
NAICS_2012_Code,NAICS_6,327213,5
NAICS_2012_Code,NAICS_6,327215,5
NAICS_2012_Code,NAICS_6,327310,5
NAICS_2012_Code,NAICS_6,327320,5
NAICS_2012_Code,NAICS_6,327331,5
NAICS_2012_Code,NAICS_6,327332,5
NAICS_2012_Code,NAICS_6,327390,5
NAICS_2012_Code,NAICS_6,327410,5
NAICS_2012_Code,NAICS_6,327420,5
NAICS_2012_Code,NAICS_6,327910,5
NAICS_2012_Code,NAICS_6,327991,5
NAICS_2012_Code,NAICS_6,327992,5
NAICS_2012_Code,NAICS_6,327993,5
NAICS_2012_Code,NAICS_6,327999,5
NAICS_2012_Code,NAICS_6,331110,5
NAICS_2012_Code,NAICS_6,331210,5
NAICS_2012_Code,NAICS_6,331221,5
NAICS_2012_Code,NAICS_6,331222,5
NAICS_2012_Code,NAICS_6,331313,5
NAICS_2012_Code,NAICS_6,331314,5
NAICS_2012_Code,NAICS_6,331315,5
NAICS_2012_Code,NAICS_6,331318,5
NAICS_2012_Code,NAICS_6,331410,5
NAICS_2012_Code,NAICS_6,331420,5
NAICS_2012_Code,NAICS_6,331491,5
NAICS_2012_Code,NAICS_6,331492,5
NAICS_2012_Code,NAICS_6,331511,5
NAICS_2012_Code,NAICS_6,331512,5
NAICS_2012_Code,NAICS_6,331513,5
NAICS_2012_Code,NAICS_6,331523,5
NAICS_2012_Code,NAICS_6,331524,5
NAICS_2012_Code,NAICS_6,331529,5
NAICS_2012_Code,NAICS_6,332111,5
NAICS_2012_Code,NAICS_6,332112,5
NAICS_2012_Code,NAICS_6,332114,5
NAICS_2012_Code,NAICS_6,332117,5
NAICS_2012_Code,NAICS_6,332119,5
NAICS_2012_Code,NAICS_6,332215,5
NAICS_2012_Code,NAICS_6,332216,5
NAICS_2012_Code,NAICS_6,332311,5
NAICS_2012_Code,NAICS_6,332312,5
NAICS_2012_Code,NAICS_6,332313,5
NAICS_2012_Code,NAICS_6,332321,5
NAICS_2012_Code,NAICS_6,332322,5
NAICS_2012_Code,NAICS_6,332323,5
NAICS_2012_Code,NAICS_6,332410,5
NAICS_2012_Code,NAICS_6,332420,5
NAICS_2012_Code,NAICS_6,332431,5
NAICS_2012_Code,NAICS_6,332439,5
NAICS_2012_Code,NAICS_6,332510,5
NAICS_2012_Code,NAICS_6,332613,5
NAICS_2012_Code,NAICS_6,332618,5
NAICS_2012_Code,NAICS_6,332710,5
NAICS_2012_Code,NAICS_6,332721,5
NAICS_2012_Code,NAICS_6,332722,5
NAICS_2012_Code,NAICS_6,332811,5
NAICS_2012_Code,NAICS_6,332812,5
NAICS_2012_Code,NAICS_6,332813,5
NAICS_2012_Code,NAICS_6,332911,5
NAICS_2012_Code,NAICS_6,332912,5
NAICS_2012_Code,NAICS_6,332913,5
NAICS_2012_Code,NAICS_6,332919,5
NAICS_2012_Code,NAICS_6,332991,5
NAICS_2012_Code,NAICS_6,332992,5
NAICS_2012_Code,NAICS_6,332993,5
NAICS_2012_Code,NAICS_6,332994,5
NAICS_2012_Code,NAICS_6,332996,5
NAICS_2012_Code,NAICS_6,332999,5
NAICS_2012_Code,NAICS_6,333111,5
NAICS_2012_Code,NAICS_6,333112,5
NAICS_2012_Code,NAICS_6,333120,5
NAICS_2012_Code,NAICS_6,333131,5
NAICS_2012_Code,NAICS_6,333132,5
NAICS_2012_Code,NAICS_6,333241,5
NAICS_2012_Code,NAICS_6,333242,5
NAICS_2012_Code,NAICS_6,333243,5
NAICS_2012_Code,NAICS_6,333244,5
NAICS_2012_Code,NAICS_6,333249,5
NAICS_2012_Code,NAICS_6,333314,5
NAICS_2012_Code,NAICS_6,333316,5
NAICS_2012_Code,NAICS_6,333318,5
NAICS_2012_Code,NAICS_6,333413,5
NAICS_2012_Code,NAICS_6,333414,5
NAICS_2012_Code,NAICS_6,333415,5
NAICS_2012_Code,NAICS_6,333511,5
NAICS_2012_Code,NAICS_6,333514,5
NAICS_2012_Code,NAICS_6,333515,5
NAICS_2012_Code,NAICS_6,333517,5
NAICS_2012_Code,NAICS_6,333519,5
NAICS_2012_Code,NAICS_6,333611,5
NAICS_2012_Code,NAICS_6,333612,5
NAICS_2012_Code,NAICS_6,333613,5
NAICS_2012_Code,NAICS_6,333618,5
NAICS_2012_Code,NAICS_6,333911,5
NAICS_2012_Code,NAICS_6,333912,5
NAICS_2012_Code,NAICS_6,333913,5
NAICS_2012_Code,NAICS_6,333921,5
NAICS_2012_Code,NAICS_6,333922,5
NAICS_2012_Code,NAICS_6,333923,5
NAICS_2012_Code,NAICS_6,333924,5
NAICS_2012_Code,NAICS_6,333991,5
NAICS_2012_Code,NAICS_6,333992,5
NAICS_2012_Code,NAICS_6,333993,5
NAICS_2012_Code,NAICS_6,333994,5
NAICS_2012_Code,NAICS_6,333995,5
NAICS_2012_Code,NAICS_6,333996,5
NAICS_2012_Code,NAICS_6,333997,5
NAICS_2012_Code,NAICS_6,333999,5
NAICS_2012_Code,NAICS_6,334111,5
NAICS_2012_Code,NAICS_6,334112,5
NAICS_2012_Code,NAICS_6,334118,5
NAICS_2012_Code,NAICS_6,334210,5
NAICS_2012_Code,NAICS_6,334220,5
NAICS_2012_Code,NAICS_6,334290,5
NAICS_2012_Code,NAICS_6,334310,5
NAICS_2012_Code,NAICS_6,334412,5
NAICS_2012_Code,NAICS_6,334413,5
NAICS_2012_Code,NAICS_6,334416,5
NAICS_2012_Code,NAICS_6,334417,5
NAICS_2012_Code,NAICS_6,334418,5
NAICS_2012_Code,NAICS_6,334419,5
NAICS_2012_Code,NAICS_6,334510,5
NAICS_2012_Code,NAICS_6,334511,5
NAICS_2012_Code,NAICS_6,334512,5
NAICS_2012_Code,NAICS_6,334513,5
NAICS_2012_Code,NAICS_6,334514,5
NAICS_2012_Code,NAICS_6,334515,5
NAICS_2012_Code,NAICS_6,334516,5
NAICS_2012_Code,NAICS_6,334517,5
NAICS_2012_Code,NAICS_6,334519,5
NAICS_2012_Code,NAICS_6,334613,5
NAICS_2012_Code,NAICS_6,334614,5
NAICS_2012_Code,NAICS_6,335110,5
NAICS_2012_Code,NAICS_6,335121,5
NAICS_2012_Code,NAICS_6,335122,5
NAICS_2012_Code,NAICS_6,335129,5
NAICS_2012_Code,NAICS_6,335210,5
NAICS_2012_Code,NAICS_6,335221,5
NAICS_2012_Code,NAICS_6,335222,5
NAICS_2012_Code,NAICS_6,335224,5
NAICS_2012_Code,NAICS_6,335228,5
NAICS_2012_Code,NAICS_6,335311,5
NAICS_2012_Code,NAICS_6,335312,5
NAICS_2012_Code,NAICS_6,335313,5
NAICS_2012_Code,NAICS_6,335314,5
NAICS_2012_Code,NAICS_6,335911,5
NAICS_2012_Code,NAICS_6,335912,5
NAICS_2012_Code,NAICS_6,335921,5
NAICS_2012_Code,NAICS_6,335929,5
NAICS_2012_Code,NAICS_6,335931,5
NAICS_2012_Code,NAICS_6,335932,5
NAICS_2012_Code,NAICS_6,335991,5
NAICS_2012_Code,NAICS_6,335999,5
NAICS_2012_Code,NAICS_6,336111,5
NAICS_2012_Code,NAICS_6,336112,5
NAICS_2012_Code,NAICS_6,336120,5
NAICS_2012_Code,NAICS_6,336211,5
NAICS_2012_Code,NAICS_6,336212,5
NAICS_2012_Code,NAICS_6,336213,5
NAICS_2012_Code,NAICS_6,336214,5
NAICS_2012_Code,NAICS_6,336310,5
NAICS_2012_Code,NAICS_6,336320,5
NAICS_2012_Code,NAICS_6,336330,5
NAICS_2012_Code,NAICS_6,336340,5
NAICS_2012_Code,NAICS_6,336350,5
NAICS_2012_Code,NAICS_6,336360,5
NAICS_2012_Code,NAICS_6,336370,5
NAICS_2012_Code,NAICS_6,336390,5
NAICS_2012_Code,NAICS_6,336411,5
NAICS_2012_Code,NAICS_6,336412,5
NAICS_2012_Code,NAICS_6,336413,5
NAICS_2012_Code,NAICS_6,336414,5
NAICS_2012_Code,NAICS_6,336415,5
NAICS_2012_Code,NAICS_6,336419,5
NAICS_2012_Code,NAICS_6,336510,5
NAICS_2012_Code,NAICS_6,336611,5
NAICS_2012_Code,NAICS_6,336612,5
NAICS_2012_Code,NAICS_6,336991,5
NAICS_2012_Code,NAICS_6,336992,5
NAICS_2012_Code,NAICS_6,336999,5
NAICS_2012_Code,NAICS_6,337110,5
NAICS_2012_Code,NAICS_6,337121,5
NAICS_2012_Code,NAICS_6,337122,5
NAICS_2012_Code,NAICS_6,337124,5
NAICS_2012_Code,NAICS_6,337125,5
NAICS_2012_Code,NAICS_6,337127,5
NAICS_2012_Code,NAICS_6,337211,5
NAICS_2012_Code,NAICS_6,337212,5
NAICS_2012_Code,NAICS_6,337214,5
NAICS_2012_Code,NAICS_6,337215,5
NAICS_2012_Code,NAICS_6,337910,5
NAICS_2012_Code,NAICS_6,337920,5
NAICS_2012_Code,NAICS_6,339112,5
NAICS_2012_Code,NAICS_6,339113,5
NAICS_2012_Code,NAICS_6,339114,5
NAICS_2012_Code,NAICS_6,339115,5
NAICS_2012_Code,NAICS_6,339116,5
NAICS_2012_Code,NAICS_6,339910,5
NAICS_2012_Code,NAICS_6,339920,5
NAICS_2012_Code,NAICS_6,339930,5
NAICS_2012_Code,NAICS_6,339940,5
NAICS_2012_Code,NAICS_6,339950,5
NAICS_2012_Code,NAICS_6,339991,5
NAICS_2012_Code,NAICS_6,339992,5
NAICS_2012_Code,NAICS_6,339993,5
NAICS_2012_Code,NAICS_6,339994,5
NAICS_2012_Code,NAICS_6,339995,5
NAICS_2012_Code,NAICS_6,339999,5
NAICS_2012_Code,NAICS_6,423110,5
NAICS_2012_Code,NAICS_6,423120,5
NAICS_2012_Code,NAICS_6,423130,5
NAICS_2012_Code,NAICS_6,423140,5
NAICS_2012_Code,NAICS_6,423210,5
NAICS_2012_Code,NAICS_6,423220,5
NAICS_2012_Code,NAICS_6,423310,5
NAICS_2012_Code,NAICS_6,423320,5
NAICS_2012_Code,NAICS_6,423330,5
NAICS_2012_Code,NAICS_6,423390,5
NAICS_2012_Code,NAICS_6,423410,5
NAICS_2012_Code,NAICS_6,423420,5
NAICS_2012_Code,NAICS_6,423430,5
NAICS_2012_Code,NAICS_6,423440,5
NAICS_2012_Code,NAICS_6,423450,5
NAICS_2012_Code,NAICS_6,423460,5
NAICS_2012_Code,NAICS_6,423490,5
NAICS_2012_Code,NAICS_6,423510,5
NAICS_2012_Code,NAICS_6,423520,5
NAICS_2012_Code,NAICS_6,423610,5
NAICS_2012_Code,NAICS_6,423620,5
NAICS_2012_Code,NAICS_6,423690,5
NAICS_2012_Code,NAICS_6,423710,5
NAICS_2012_Code,NAICS_6,423720,5
NAICS_2012_Code,NAICS_6,423730,5
NAICS_2012_Code,NAICS_6,423740,5
NAICS_2012_Code,NAICS_6,423810,5
NAICS_2012_Code,NAICS_6,423820,5
NAICS_2012_Code,NAICS_6,423830,5
NAICS_2012_Code,NAICS_6,423840,5
NAICS_2012_Code,NAICS_6,423850,5
NAICS_2012_Code,NAICS_6,423860,5
NAICS_2012_Code,NAICS_6,423910,5
NAICS_2012_Code,NAICS_6,423920,5
NAICS_2012_Code,NAICS_6,423930,5
NAICS_2012_Code,NAICS_6,423940,5
NAICS_2012_Code,NAICS_6,423990,5
NAICS_2012_Code,NAICS_6,424110,5
NAICS_2012_Code,NAICS_6,424120,5
NAICS_2012_Code,NAICS_6,424130,5
NAICS_2012_Code,NAICS_6,424210,5
NAICS_2012_Code,NAICS_6,424310,5
NAICS_2012_Code,NAICS_6,424320,5
NAICS_2012_Code,NAICS_6,424330,5
NAICS_2012_Code,NAICS_6,424340,5
NAICS_2012_Code,NAICS_6,424410,5
NAICS_2012_Code,NAICS_6,424420,5
NAICS_2012_Code,NAICS_6,424430,5
NAICS_2012_Code,NAICS_6,424440,5
NAICS_2012_Code,NAICS_6,424450,5
NAICS_2012_Code,NAICS_6,424460,5
NAICS_2012_Code,NAICS_6,424470,5
NAICS_2012_Code,NAICS_6,424480,5
NAICS_2012_Code,NAICS_6,424490,5
NAICS_2012_Code,NAICS_6,424510,5
NAICS_2012_Code,NAICS_6,424520,5
NAICS_2012_Code,NAICS_6,424590,5
NAICS_2012_Code,NAICS_6,424610,5
NAICS_2012_Code,NAICS_6,424690,5
NAICS_2012_Code,NAICS_6,424710,5
NAICS_2012_Code,NAICS_6,424720,5
NAICS_2012_Code,NAICS_6,424810,5
NAICS_2012_Code,NAICS_6,424820,5
NAICS_2012_Code,NAICS_6,424910,5
NAICS_2012_Code,NAICS_6,424920,5
NAICS_2012_Code,NAICS_6,424930,5
NAICS_2012_Code,NAICS_6,424940,5
NAICS_2012_Code,NAICS_6,424950,5
NAICS_2012_Code,NAICS_6,424990,5
NAICS_2012_Code,NAICS_6,425110,5
NAICS_2012_Code,NAICS_6,425120,5
NAICS_2012_Code,NAICS_6,441110,5
NAICS_2012_Code,NAICS_6,441120,5
NAICS_2012_Code,NAICS_6,441210,5
NAICS_2012_Code,NAICS_6,441222,5
NAICS_2012_Code,NAICS_6,441228,5
NAICS_2012_Code,NAICS_6,441310,5
NAICS_2012_Code,NAICS_6,441320,5
NAICS_2012_Code,NAICS_6,442110,5
NAICS_2012_Code,NAICS_6,442210,5
NAICS_2012_Code,NAICS_6,442291,5
NAICS_2012_Code,NAICS_6,442299,5
NAICS_2012_Code,NAICS_6,443141,5
NAICS_2012_Code,NAICS_6,443142,5
NAICS_2012_Code,NAICS_6,444110,5
NAICS_2012_Code,NAICS_6,444120,5
NAICS_2012_Code,NAICS_6,444130,5
NAICS_2012_Code,NAICS_6,444190,5
NAICS_2012_Code,NAICS_6,444210,5
NAICS_2012_Code,NAICS_6,444220,5
NAICS_2012_Code,NAICS_6,445110,5
NAICS_2012_Code,NAICS_6,445120,5
NAICS_2012_Code,NAICS_6,445210,5
NAICS_2012_Code,NAICS_6,445220,5
NAICS_2012_Code,NAICS_6,445230,5
NAICS_2012_Code,NAICS_6,445291,5
NAICS_2012_Code,NAICS_6,445292,5
NAICS_2012_Code,NAICS_6,445299,5
NAICS_2012_Code,NAICS_6,445310,5
NAICS_2012_Code,NAICS_6,446110,5
NAICS_2012_Code,NAICS_6,446120,5
NAICS_2012_Code,NAICS_6,446130,5
NAICS_2012_Code,NAICS_6,446191,5
NAICS_2012_Code,NAICS_6,446199,5
NAICS_2012_Code,NAICS_6,447110,5
NAICS_2012_Code,NAICS_6,447190,5
NAICS_2012_Code,NAICS_6,448110,5
NAICS_2012_Code,NAICS_6,448120,5
NAICS_2012_Code,NAICS_6,448130,5
NAICS_2012_Code,NAICS_6,448140,5
NAICS_2012_Code,NAICS_6,448150,5
NAICS_2012_Code,NAICS_6,448190,5
NAICS_2012_Code,NAICS_6,448210,5
NAICS_2012_Code,NAICS_6,448310,5
NAICS_2012_Code,NAICS_6,448320,5
NAICS_2012_Code,NAICS_6,451110,5
NAICS_2012_Code,NAICS_6,451120,5
NAICS_2012_Code,NAICS_6,451130,5
NAICS_2012_Code,NAICS_6,451140,5
NAICS_2012_Code,NAICS_6,451211,5
NAICS_2012_Code,NAICS_6,451212,5
NAICS_2012_Code,NAICS_6,452111,5
NAICS_2012_Code,NAICS_6,452112,5
NAICS_2012_Code,NAICS_6,452910,5
NAICS_2012_Code,NAICS_6,452990,5
NAICS_2012_Code,NAICS_6,453110,5
NAICS_2012_Code,NAICS_6,453210,5
NAICS_2012_Code,NAICS_6,453220,5
NAICS_2012_Code,NAICS_6,453310,5
NAICS_2012_Code,NAICS_6,453910,5
NAICS_2012_Code,NAICS_6,453920,5
NAICS_2012_Code,NAICS_6,453930,5
NAICS_2012_Code,NAICS_6,453991,5
NAICS_2012_Code,NAICS_6,453998,5
NAICS_2012_Code,NAICS_6,454111,5
NAICS_2012_Code,NAICS_6,454112,5
NAICS_2012_Code,NAICS_6,454113,5
NAICS_2012_Code,NAICS_6,454210,5
NAICS_2012_Code,NAICS_6,454310,5
NAICS_2012_Code,NAICS_6,454390,5
NAICS_2012_Code,NAICS_6,481111,5
NAICS_2012_Code,NAICS_6,481112,5
NAICS_2012_Code,NAICS_6,481211,5
NAICS_2012_Code,NAICS_6,481212,5
NAICS_2012_Code,NAICS_6,481219,5
NAICS_2012_Code,NAICS_6,482111,5
NAICS_2012_Code,NAICS_6,482112,5
NAICS_2012_Code,NAICS_6,483111,5
NAICS_2012_Code,NAICS_6,483112,5
NAICS_2012_Code,NAICS_6,483113,5
NAICS_2012_Code,NAICS_6,483114,5
NAICS_2012_Code,NAICS_6,483211,5
NAICS_2012_Code,NAICS_6,483212,5
NAICS_2012_Code,NAICS_6,484110,5
NAICS_2012_Code,NAICS_6,484121,5
NAICS_2012_Code,NAICS_6,484122,5
NAICS_2012_Code,NAICS_6,484210,5
NAICS_2012_Code,NAICS_6,484220,5
NAICS_2012_Code,NAICS_6,484230,5
NAICS_2012_Code,NAICS_6,485111,5
NAICS_2012_Code,NAICS_6,485112,5
NAICS_2012_Code,NAICS_6,485113,5
NAICS_2012_Code,NAICS_6,485119,5
NAICS_2012_Code,NAICS_6,485210,5
NAICS_2012_Code,NAICS_6,485310,5
NAICS_2012_Code,NAICS_6,485320,5
NAICS_2012_Code,NAICS_6,485410,5
NAICS_2012_Code,NAICS_6,485510,5
NAICS_2012_Code,NAICS_6,485991,5
NAICS_2012_Code,NAICS_6,485999,5
NAICS_2012_Code,NAICS_6,486110,5
NAICS_2012_Code,NAICS_6,486210,5
NAICS_2012_Code,NAICS_6,486910,5
NAICS_2012_Code,NAICS_6,486990,5
NAICS_2012_Code,NAICS_6,487110,5
NAICS_2012_Code,NAICS_6,487210,5
NAICS_2012_Code,NAICS_6,487990,5
NAICS_2012_Code,NAICS_6,488111,5
NAICS_2012_Code,NAICS_6,488119,5
NAICS_2012_Code,NAICS_6,488190,5
NAICS_2012_Code,NAICS_6,488210,5
NAICS_2012_Code,NAICS_6,488310,5
NAICS_2012_Code,NAICS_6,488320,5
NAICS_2012_Code,NAICS_6,488330,5
NAICS_2012_Code,NAICS_6,488390,5
NAICS_2012_Code,NAICS_6,488410,5
NAICS_2012_Code,NAICS_6,488490,5
NAICS_2012_Code,NAICS_6,488510,5
NAICS_2012_Code,NAICS_6,488991,5
NAICS_2012_Code,NAICS_6,488999,5
NAICS_2012_Code,NAICS_6,491110,5
NAICS_2012_Code,NAICS_6,492110,5
NAICS_2012_Code,NAICS_6,492210,5
NAICS_2012_Code,NAICS_6,493110,5
NAICS_2012_Code,NAICS_6,493120,5
NAICS_2012_Code,NAICS_6,493130,5
NAICS_2012_Code,NAICS_6,493190,5
NAICS_2012_Code,NAICS_6,511110,5
NAICS_2012_Code,NAICS_6,511120,5
NAICS_2012_Code,NAICS_6,511130,5
NAICS_2012_Code,NAICS_6,511140,5
NAICS_2012_Code,NAICS_6,511191,5
NAICS_2012_Code,NAICS_6,511199,5
NAICS_2012_Code,NAICS_6,511210,5
NAICS_2012_Code,NAICS_6,512110,5
NAICS_2012_Code,NAICS_6,512120,5
NAICS_2012_Code,NAICS_6,512131,5
NAICS_2012_Code,NAICS_6,512132,5
NAICS_2012_Code,NAICS_6,512191,5
NAICS_2012_Code,NAICS_6,512199,5
NAICS_2012_Code,NAICS_6,512210,5
NAICS_2012_Code,NAICS_6,512220,5
NAICS_2012_Code,NAICS_6,512230,5
NAICS_2012_Code,NAICS_6,512240,5
NAICS_2012_Code,NAICS_6,512290,5
NAICS_2012_Code,NAICS_6,515111,5
NAICS_2012_Code,NAICS_6,515112,5
NAICS_2012_Code,NAICS_6,515120,5
NAICS_2012_Code,NAICS_6,515210,5
NAICS_2012_Code,NAICS_6,517110,5
NAICS_2012_Code,NAICS_6,517210,5
NAICS_2012_Code,NAICS_6,517410,5
NAICS_2012_Code,NAICS_6,517911,5
NAICS_2012_Code,NAICS_6,517919,5
NAICS_2012_Code,NAICS_6,518210,5
NAICS_2012_Code,NAICS_6,519110,5
NAICS_2012_Code,NAICS_6,519120,5
NAICS_2012_Code,NAICS_6,519130,5
NAICS_2012_Code,NAICS_6,519190,5
NAICS_2012_Code,NAICS_6,521110,5
NAICS_2012_Code,NAICS_6,522110,5
NAICS_2012_Code,NAICS_6,522120,5
NAICS_2012_Code,NAICS_6,522130,5
NAICS_2012_Code,NAICS_6,522190,5
NAICS_2012_Code,NAICS_6,522210,5
NAICS_2012_Code,NAICS_6,522220,5
NAICS_2012_Code,NAICS_6,522291,5
NAICS_2012_Code,NAICS_6,522292,5
NAICS_2012_Code,NAICS_6,522293,5
NAICS_2012_Code,NAICS_6,522294,5
NAICS_2012_Code,NAICS_6,522298,5
NAICS_2012_Code,NAICS_6,522310,5
NAICS_2012_Code,NAICS_6,522320,5
NAICS_2012_Code,NAICS_6,522390,5
NAICS_2012_Code,NAICS_6,523110,5
NAICS_2012_Code,NAICS_6,523120,5
NAICS_2012_Code,NAICS_6,523130,5
NAICS_2012_Code,NAICS_6,523140,5
NAICS_2012_Code,NAICS_6,523210,5
NAICS_2012_Code,NAICS_6,523910,5
NAICS_2012_Code,NAICS_6,523920,5
NAICS_2012_Code,NAICS_6,523930,5
NAICS_2012_Code,NAICS_6,523991,5
NAICS_2012_Code,NAICS_6,523999,5
NAICS_2012_Code,NAICS_6,524113,5
NAICS_2012_Code,NAICS_6,524114,5
NAICS_2012_Code,NAICS_6,524126,5
NAICS_2012_Code,NAICS_6,524127,5
NAICS_2012_Code,NAICS_6,524128,5
NAICS_2012_Code,NAICS_6,524130,5
NAICS_2012_Code,NAICS_6,524210,5
NAICS_2012_Code,NAICS_6,524291,5
NAICS_2012_Code,NAICS_6,524292,5
NAICS_2012_Code,NAICS_6,524298,5
NAICS_2012_Code,NAICS_6,525110,5
NAICS_2012_Code,NAICS_6,525120,5
NAICS_2012_Code,NAICS_6,525190,5
NAICS_2012_Code,NAICS_6,525910,5
NAICS_2012_Code,NAICS_6,525920,5
NAICS_2012_Code,NAICS_6,525990,5
NAICS_2012_Code,NAICS_6,531110,5
NAICS_2012_Code,NAICS_6,531120,5
NAICS_2012_Code,NAICS_6,531130,5
NAICS_2012_Code,NAICS_6,531190,5
NAICS_2012_Code,NAICS_6,531210,5
NAICS_2012_Code,NAICS_6,531311,5
NAICS_2012_Code,NAICS_6,531312,5
NAICS_2012_Code,NAICS_6,531320,5
NAICS_2012_Code,NAICS_6,531390,5
NAICS_2012_Code,NAICS_6,532111,5
NAICS_2012_Code,NAICS_6,532112,5
NAICS_2012_Code,NAICS_6,532120,5
NAICS_2012_Code,NAICS_6,532210,5
NAICS_2012_Code,NAICS_6,532220,5
NAICS_2012_Code,NAICS_6,532230,5
NAICS_2012_Code,NAICS_6,532291,5
NAICS_2012_Code,NAICS_6,532292,5
NAICS_2012_Code,NAICS_6,532299,5
NAICS_2012_Code,NAICS_6,532310,5
NAICS_2012_Code,NAICS_6,532411,5
NAICS_2012_Code,NAICS_6,532412,5
NAICS_2012_Code,NAICS_6,532420,5
NAICS_2012_Code,NAICS_6,532490,5
NAICS_2012_Code,NAICS_6,533110,5
NAICS_2012_Code,NAICS_6,541110,5
NAICS_2012_Code,NAICS_6,541120,5
NAICS_2012_Code,NAICS_6,541191,5
NAICS_2012_Code,NAICS_6,541199,5
NAICS_2012_Code,NAICS_6,541211,5
NAICS_2012_Code,NAICS_6,541213,5
NAICS_2012_Code,NAICS_6,541214,5
NAICS_2012_Code,NAICS_6,541219,5
NAICS_2012_Code,NAICS_6,541310,5
NAICS_2012_Code,NAICS_6,541320,5
NAICS_2012_Code,NAICS_6,541330,5
NAICS_2012_Code,NAICS_6,541340,5
NAICS_2012_Code,NAICS_6,541350,5
NAICS_2012_Code,NAICS_6,541360,5
NAICS_2012_Code,NAICS_6,541370,5
NAICS_2012_Code,NAICS_6,541380,5
NAICS_2012_Code,NAICS_6,541410,5
NAICS_2012_Code,NAICS_6,541420,5
NAICS_2012_Code,NAICS_6,541430,5
NAICS_2012_Code,NAICS_6,541490,5
NAICS_2012_Code,NAICS_6,541511,5
NAICS_2012_Code,NAICS_6,541512,5
NAICS_2012_Code,NAICS_6,541513,5
NAICS_2012_Code,NAICS_6,541519,5
NAICS_2012_Code,NAICS_6,541611,5
NAICS_2012_Code,NAICS_6,541612,5
NAICS_2012_Code,NAICS_6,541613,5
NAICS_2012_Code,NAICS_6,541614,5
NAICS_2012_Code,NAICS_6,541618,5
NAICS_2012_Code,NAICS_6,541620,5
NAICS_2012_Code,NAICS_6,541690,5
NAICS_2012_Code,NAICS_6,541711,5
NAICS_2012_Code,NAICS_6,541712,5
NAICS_2012_Code,NAICS_6,541720,5
NAICS_2012_Code,NAICS_6,541810,5
NAICS_2012_Code,NAICS_6,541820,5
NAICS_2012_Code,NAICS_6,541830,5
NAICS_2012_Code,NAICS_6,541840,5
NAICS_2012_Code,NAICS_6,541850,5
NAICS_2012_Code,NAICS_6,541860,5
NAICS_2012_Code,NAICS_6,541870,5
NAICS_2012_Code,NAICS_6,541890,5
NAICS_2012_Code,NAICS_6,541910,5
NAICS_2012_Code,NAICS_6,541921,5
NAICS_2012_Code,NAICS_6,541922,5
NAICS_2012_Code,NAICS_6,541930,5
NAICS_2012_Code,NAICS_6,541940,5
NAICS_2012_Code,NAICS_6,541990,5
NAICS_2012_Code,NAICS_6,551111,5
NAICS_2012_Code,NAICS_6,551112,5
NAICS_2012_Code,NAICS_6,551114,5
NAICS_2012_Code,NAICS_6,561110,5
NAICS_2012_Code,NAICS_6,561210,5
NAICS_2012_Code,NAICS_6,561311,5
NAICS_2012_Code,NAICS_6,561312,5
NAICS_2012_Code,NAICS_6,561320,5
NAICS_2012_Code,NAICS_6,561330,5
NAICS_2012_Code,NAICS_6,561410,5
NAICS_2012_Code,NAICS_6,561421,5
NAICS_2012_Code,NAICS_6,561422,5
NAICS_2012_Code,NAICS_6,561431,5
NAICS_2012_Code,NAICS_6,561439,5
NAICS_2012_Code,NAICS_6,561440,5
NAICS_2012_Code,NAICS_6,561450,5
NAICS_2012_Code,NAICS_6,561491,5
NAICS_2012_Code,NAICS_6,561492,5
NAICS_2012_Code,NAICS_6,561499,5
NAICS_2012_Code,NAICS_6,561510,5
NAICS_2012_Code,NAICS_6,561520,5
NAICS_2012_Code,NAICS_6,561591,5
NAICS_2012_Code,NAICS_6,561599,5
NAICS_2012_Code,NAICS_6,561611,5
NAICS_2012_Code,NAICS_6,561612,5
NAICS_2012_Code,NAICS_6,561613,5
NAICS_2012_Code,NAICS_6,561621,5
NAICS_2012_Code,NAICS_6,561622,5
NAICS_2012_Code,NAICS_6,561710,5
NAICS_2012_Code,NAICS_6,561720,5
NAICS_2012_Code,NAICS_6,561730,5
NAICS_2012_Code,NAICS_6,561740,5
NAICS_2012_Code,NAICS_6,561790,5
NAICS_2012_Code,NAICS_6,561910,5
NAICS_2012_Code,NAICS_6,561920,5
NAICS_2012_Code,NAICS_6,561990,5
NAICS_2012_Code,NAICS_6,562111,5
NAICS_2012_Code,NAICS_6,562112,5
NAICS_2012_Code,NAICS_6,562119,5
NAICS_2012_Code,NAICS_6,562211,5
NAICS_2012_Code,NAICS_6,562212,5
NAICS_2012_Code,NAICS_6,562213,5
NAICS_2012_Code,NAICS_6,562219,5
NAICS_2012_Code,NAICS_6,562910,5
NAICS_2012_Code,NAICS_6,562920,5
NAICS_2012_Code,NAICS_6,562991,5
NAICS_2012_Code,NAICS_6,562998,5
NAICS_2012_Code,NAICS_6,611110,5
NAICS_2012_Code,NAICS_6,611210,5
NAICS_2012_Code,NAICS_6,611310,5
NAICS_2012_Code,NAICS_6,611410,5
NAICS_2012_Code,NAICS_6,611420,5
NAICS_2012_Code,NAICS_6,611430,5
NAICS_2012_Code,NAICS_6,611511,5
NAICS_2012_Code,NAICS_6,611512,5
NAICS_2012_Code,NAICS_6,611513,5
NAICS_2012_Code,NAICS_6,611519,5
NAICS_2012_Code,NAICS_6,611610,5
NAICS_2012_Code,NAICS_6,611620,5
NAICS_2012_Code,NAICS_6,611630,5
NAICS_2012_Code,NAICS_6,611691,5
NAICS_2012_Code,NAICS_6,611692,5
NAICS_2012_Code,NAICS_6,611699,5
NAICS_2012_Code,NAICS_6,611710,5
NAICS_2012_Code,NAICS_6,621111,5
NAICS_2012_Code,NAICS_6,621112,5
NAICS_2012_Code,NAICS_6,621210,5
NAICS_2012_Code,NAICS_6,621310,5
NAICS_2012_Code,NAICS_6,621320,5
NAICS_2012_Code,NAICS_6,621330,5
NAICS_2012_Code,NAICS_6,621340,5
NAICS_2012_Code,NAICS_6,621391,5
NAICS_2012_Code,NAICS_6,621399,5
NAICS_2012_Code,NAICS_6,621410,5
NAICS_2012_Code,NAICS_6,621420,5
NAICS_2012_Code,NAICS_6,621491,5
NAICS_2012_Code,NAICS_6,621492,5
NAICS_2012_Code,NAICS_6,621493,5
NAICS_2012_Code,NAICS_6,621498,5
NAICS_2012_Code,NAICS_6,621511,5
NAICS_2012_Code,NAICS_6,621512,5
NAICS_2012_Code,NAICS_6,621610,5
NAICS_2012_Code,NAICS_6,621910,5
NAICS_2012_Code,NAICS_6,621991,5
NAICS_2012_Code,NAICS_6,621999,5
NAICS_2012_Code,NAICS_6,622110,5
NAICS_2012_Code,NAICS_6,622210,5
NAICS_2012_Code,NAICS_6,622310,5
NAICS_2012_Code,NAICS_6,623110,5
NAICS_2012_Code,NAICS_6,623210,5
NAICS_2012_Code,NAICS_6,623220,5
NAICS_2012_Code,NAICS_6,623311,5
NAICS_2012_Code,NAICS_6,623312,5
NAICS_2012_Code,NAICS_6,623990,5
NAICS_2012_Code,NAICS_6,624110,5
NAICS_2012_Code,NAICS_6,624120,5
NAICS_2012_Code,NAICS_6,624190,5
NAICS_2012_Code,NAICS_6,624210,5
NAICS_2012_Code,NAICS_6,624221,5
NAICS_2012_Code,NAICS_6,624229,5
NAICS_2012_Code,NAICS_6,624230,5
NAICS_2012_Code,NAICS_6,624310,5
NAICS_2012_Code,NAICS_6,624410,5
NAICS_2012_Code,NAICS_6,711110,5
NAICS_2012_Code,NAICS_6,711120,5
NAICS_2012_Code,NAICS_6,711130,5
NAICS_2012_Code,NAICS_6,711190,5
NAICS_2012_Code,NAICS_6,711211,5
NAICS_2012_Code,NAICS_6,711212,5
NAICS_2012_Code,NAICS_6,711219,5
NAICS_2012_Code,NAICS_6,711310,5
NAICS_2012_Code,NAICS_6,711320,5
NAICS_2012_Code,NAICS_6,711410,5
NAICS_2012_Code,NAICS_6,711510,5
NAICS_2012_Code,NAICS_6,712110,5
NAICS_2012_Code,NAICS_6,712120,5
NAICS_2012_Code,NAICS_6,712130,5
NAICS_2012_Code,NAICS_6,712190,5
NAICS_2012_Code,NAICS_6,713110,5
NAICS_2012_Code,NAICS_6,713120,5
NAICS_2012_Code,NAICS_6,713210,5
NAICS_2012_Code,NAICS_6,713290,5
NAICS_2012_Code,NAICS_6,713910,5
NAICS_2012_Code,NAICS_6,713920,5
NAICS_2012_Code,NAICS_6,713930,5
NAICS_2012_Code,NAICS_6,713940,5
NAICS_2012_Code,NAICS_6,713950,5
NAICS_2012_Code,NAICS_6,713990,5
NAICS_2012_Code,NAICS_6,721110,5
NAICS_2012_Code,NAICS_6,721120,5
NAICS_2012_Code,NAICS_6,721191,5
NAICS_2012_Code,NAICS_6,721199,5
NAICS_2012_Code,NAICS_6,721211,5
NAICS_2012_Code,NAICS_6,721214,5
NAICS_2012_Code,NAICS_6,721310,5
NAICS_2012_Code,NAICS_6,722310,5
NAICS_2012_Code,NAICS_6,722320,5
NAICS_2012_Code,NAICS_6,722330,5
NAICS_2012_Code,NAICS_6,722410,5
NAICS_2012_Code,NAICS_6,722511,5
NAICS_2012_Code,NAICS_6,722513,5
NAICS_2012_Code,NAICS_6,722514,5
NAICS_2012_Code,NAICS_6,722515,5
NAICS_2012_Code,NAICS_6,811111,5
NAICS_2012_Code,NAICS_6,811112,5
NAICS_2012_Code,NAICS_6,811113,5
NAICS_2012_Code,NAICS_6,811118,5
NAICS_2012_Code,NAICS_6,811121,5
NAICS_2012_Code,NAICS_6,811122,5
NAICS_2012_Code,NAICS_6,811191,5
NAICS_2012_Code,NAICS_6,811192,5
NAICS_2012_Code,NAICS_6,811198,5
NAICS_2012_Code,NAICS_6,811211,5
NAICS_2012_Code,NAICS_6,811212,5
NAICS_2012_Code,NAICS_6,811213,5
NAICS_2012_Code,NAICS_6,811219,5
NAICS_2012_Code,NAICS_6,811310,5
NAICS_2012_Code,NAICS_6,811411,5
NAICS_2012_Code,NAICS_6,811412,5
NAICS_2012_Code,NAICS_6,811420,5
NAICS_2012_Code,NAICS_6,811430,5
NAICS_2012_Code,NAICS_6,811490,5
NAICS_2012_Code,NAICS_6,812111,5
NAICS_2012_Code,NAICS_6,812112,5
NAICS_2012_Code,NAICS_6,812113,5
NAICS_2012_Code,NAICS_6,812191,5
NAICS_2012_Code,NAICS_6,812199,5
NAICS_2012_Code,NAICS_6,812210,5
NAICS_2012_Code,NAICS_6,812220,5
NAICS_2012_Code,NAICS_6,812310,5
NAICS_2012_Code,NAICS_6,812320,5
NAICS_2012_Code,NAICS_6,812331,5
NAICS_2012_Code,NAICS_6,812332,5
NAICS_2012_Code,NAICS_6,812910,5
NAICS_2012_Code,NAICS_6,812921,5
NAICS_2012_Code,NAICS_6,812922,5
NAICS_2012_Code,NAICS_6,812930,5
NAICS_2012_Code,NAICS_6,812990,5
NAICS_2012_Code,NAICS_6,813110,5
NAICS_2012_Code,NAICS_6,813211,5
NAICS_2012_Code,NAICS_6,813212,5
NAICS_2012_Code,NAICS_6,813219,5
NAICS_2012_Code,NAICS_6,813311,5
NAICS_2012_Code,NAICS_6,813312,5
NAICS_2012_Code,NAICS_6,813319,5
NAICS_2012_Code,NAICS_6,813410,5
NAICS_2012_Code,NAICS_6,813910,5
NAICS_2012_Code,NAICS_6,813920,5
NAICS_2012_Code,NAICS_6,813930,5
NAICS_2012_Code,NAICS_6,813940,5
NAICS_2012_Code,NAICS_6,813990,5
NAICS_2012_Code,NAICS_6,814110,5
NAICS_2012_Code,NAICS_6,921110,5
NAICS_2012_Code,NAICS_6,921120,5
NAICS_2012_Code,NAICS_6,921130,5
NAICS_2012_Code,NAICS_6,921140,5
NAICS_2012_Code,NAICS_6,921150,5
NAICS_2012_Code,NAICS_6,921190,5
NAICS_2012_Code,NAICS_6,922110,5
NAICS_2012_Code,NAICS_6,922120,5
NAICS_2012_Code,NAICS_6,922130,5
NAICS_2012_Code,NAICS_6,922140,5
NAICS_2012_Code,NAICS_6,922150,5
NAICS_2012_Code,NAICS_6,922160,5
NAICS_2012_Code,NAICS_6,922190,5
NAICS_2012_Code,NAICS_6,923110,5
NAICS_2012_Code,NAICS_6,923120,5
NAICS_2012_Code,NAICS_6,923130,5
NAICS_2012_Code,NAICS_6,923140,5
NAICS_2012_Code,NAICS_6,924110,5
NAICS_2012_Code,NAICS_6,924120,5
NAICS_2012_Code,NAICS_6,925110,5
NAICS_2012_Code,NAICS_6,925120,5
NAICS_2012_Code,NAICS_6,926110,5
NAICS_2012_Code,NAICS_6,926120,5
NAICS_2012_Code,NAICS_6,926130,5
NAICS_2012_Code,NAICS_6,926140,5
NAICS_2012_Code,NAICS_6,926150,5
NAICS_2012_Code,NAICS_6,927110,5
NAICS_2012_Code,NAICS_6,928110,5
NAICS_2012_Code,NAICS_6,928120,5
NAICS_2012_Code,NAICS_7,111120A,6
NAICS_2012_Code,NAICS_7,111120B,6
NAICS_2012_Code,NAICS_7,111120C,6
NAICS_2012_Code,NAICS_7,111120D,6
NAICS_2012_Code,NAICS_7,111120E,6
NAICS_2012_Code,NAICS_7,111120F,6
NAICS_2012_Code,NAICS_7,111120G,6
NAICS_2012_Code,NAICS_7,111120H,6
NAICS_2012_Code,NAICS_7,111130A,6
NAICS_2012_Code,NAICS_7,111130B,6
NAICS_2012_Code,NAICS_7,111130C,6
NAICS_2012_Code,NAICS_7,111130D,6
NAICS_2012_Code,NAICS_7,111130E,6
NAICS_2012_Code,NAICS_7,111130G,6
NAICS_2012_Code,NAICS_7,111130H,6
NAICS_2012_Code,NAICS_7,111130I,6
NAICS_2012_Code,NAICS_7,111130J,6
NAICS_2012_Code,NAICS_7,111150A,6
NAICS_2012_Code,NAICS_7,111150B,6
NAICS_2012_Code,NAICS_7,111150C,6
NAICS_2012_Code,NAICS_7,111199A,6
NAICS_2012_Code,NAICS_7,111199B,6
NAICS_2012_Code,NAICS_7,111199C,6
NAICS_2012_Code,NAICS_7,111199D,6
NAICS_2012_Code,NAICS_7,111199E,6
NAICS_2012_Code,NAICS_7,111199F,6
NAICS_2012_Code,NAICS_7,111199G,6
NAICS_2012_Code,NAICS_7,111199H,6
NAICS_2012_Code,NAICS_7,111199I,6
NAICS_2012_Code,NAICS_7,111199J,6
NAICS_2012_Code,NAICS_7,111199K,6
NAICS_2012_Code,NAICS_7,111211A,6
NAICS_2012_Code,NAICS_7,111211B,6
NAICS_2012_Code,NAICS_7,111219A,6
NAICS_2012_Code,NAICS_7,111219B,6
NAICS_2012_Code,NAICS_7,111219C,6
NAICS_2012_Code,NAICS_7,111219D,6
NAICS_2012_Code,NAICS_7,111219E,6
NAICS_2012_Code,NAICS_7,111219F,6
NAICS_2012_Code,NAICS_7,111219G,6
NAICS_2012_Code,NAICS_7,111219H,6
NAICS_2012_Code,NAICS_7,111219I,6
NAICS_2012_Code,NAICS_7,111219J,6
NAICS_2012_Code,NAICS_7,111219K,6
NAICS_2012_Code,NAICS_7,111219L,6
NAICS_2012_Code,NAICS_7,111219M,6
NAICS_2012_Code,NAICS_7,111219N,6
NAICS_2012_Code,NAICS_7,111219P,6
NAICS_2012_Code,NAICS_7,111219Q,6
NAICS_2012_Code,NAICS_7,111219R,6
NAICS_2012_Code,NAICS_7,111219T,6
NAICS_2012_Code,NAICS_7,111219U,6
NAICS_2012_Code,NAICS_7,111219V,6
NAICS_2012_Code,NAICS_7,111219W,6
NAICS_2012_Code,NAICS_7,111219X,6
NAICS_2012_Code,NAICS_7,111219Y,6
NAICS_2012_Code,NAICS_7,111219Z,6
NAICS_2012_Code,NAICS_7,111421A,6
NAICS_2012_Code,NAICS_7,111421B,6
NAICS_2012_Code,NAICS_7,111930A,6
NAICS_2012_Code,NAICS_7,111930B,6
NAICS_2012_Code,NAICS_7,111940A,6
NAICS_2012_Code,NAICS_7,111940B,6
NAICS_2012_Code,NAICS_7,111991A,6
NAICS_2012_Code,NAICS_7,111991B,6
NAICS_2012_Code,NAICS_7,111998A,6
NAICS_2012_Code,NAICS_7,111998B,6
NAICS_2012_Code,NAICS_7,111998C,6
NAICS_2012_Code,NAICS_7,111998D,6
NAICS_2012_Code,NAICS_7,111998E,6
NAICS_2012_Code,NAICS_7,111998F,6
NAICS_2012_Code,NAICS_7,111998G,6
NAICS_2012_Code,NAICS_7,111998H,6
NAICS_2012_Code,NAICS_7,111998I,6
NAICS_2012_Code,NAICS_7,111998J,6
NAICS_2012_Code,NAICS_7,111998K,6
NAICS_2012_Code,NAICS_7,111998L,6
NAICS_2012_Code,NAICS_7,111998M,6
NAICS_2012_Code,NAICS_7,111998N,6
NAICS_2012_Code,NAICS_7,111998O,6
NAICS_2012_Code,NAICS_7,111998P,6
NAICS_2012_Code,NAICS_7,111998Q,6
NAICS_2012_Code,NAICS_7,111998R,6
NAICS_2012_Code,NAICS_7,111998S,6
NAICS_2012_Code,NAICS_7,111998T,6
NAICS_2012_Code,NAICS_7,112130A,6
NAICS_2012_Code,NAICS_7,112130B,6
NAICS_2012_Code,NAICS_7,112320A,6
NAICS_2012_Code,NAICS_7,112320B,6
NAICS_2012_Code,NAICS_7,112320C,6
NAICS_2012_Code,NAICS_7,112390A,6
NAICS_2012_Code,NAICS_7,112390B,6
NAICS_2012_Code,NAICS_7,112390C,6
NAICS_2012_Code,NAICS_7,112390D,6
NAICS_2012_Code,NAICS_7,112390E,6
NAICS_2012_Code,NAICS_7,112390F,6
NAICS_2012_Code,NAICS_7,112390G,6
NAICS_2012_Code,NAICS_7,112390H,6
NAICS_2012_Code,NAICS_7,112390J,6
NAICS_2012_Code,NAICS_7,112390K,6
NAICS_2012_Code,NAICS_7,112390L,6
NAICS_2012_Code,NAICS_7,112390M,6
NAICS_2012_Code,NAICS_7,112390N,6
NAICS_2012_Code,NAICS_7,112410A,6
NAICS_2012_Code,NAICS_7,112410B,6
NAICS_2012_Code,NAICS_7,112910A,6
NAICS_2012_Code,NAICS_7,112910B,6
NAICS_2012_Code,NAICS_7,112920A,6
NAICS_2012_Code,NAICS_7,112920B,6
NAICS_2012_Code,NAICS_7,112930A,6
NAICS_2012_Code,NAICS_7,112930B,6
NAICS_2012_Code,NAICS_7,112990A,6
NAICS_2012_Code,NAICS_7,112990B,6
NAICS_2012_Code,NAICS_7,112990C,6
NAICS_2012_Code,NAICS_7,112990D,6
NAICS_2012_Code,NAICS_7,112990E,6
NAICS_2012_Code,NAICS_7,112990F,6
NAICS_2012_Code,NAICS_7,221112A,6
NAICS_2012_Code,NAICS_7,221112B,6
NAICS_2012_Code,NAICS_7,221112C,6
NAICS_2012_Code,NAICS_7,5622121,6
NAICS_2012_Code,NAICS_7,5622191,6
NAICS_2012_Code,NAICS_7,5622192,6
NAICS_2012_Code,NAICS_7,5629201,6
NAICS_2012_Code,NAICS_7,5629202,6
NAICS_2012_Code,NAICS_7,5629203,6
NAICS_2017_Code,NAICS_2,11,1
NAICS_2017_Code,NAICS_2,21,1
NAICS_2017_Code,NAICS_2,22,1
NAICS_2017_Code,NAICS_2,23,1
NAICS_2017_Code,NAICS_2,31,1
NAICS_2017_Code,NAICS_2,32,1
NAICS_2017_Code,NAICS_2,33,1
NAICS_2017_Code,NAICS_2,42,1
NAICS_2017_Code,NAICS_2,44,1
NAICS_2017_Code,NAICS_2,45,1
NAICS_2017_Code,NAICS_2,48,1
NAICS_2017_Code,NAICS_2,49,1
NAICS_2017_Code,NAICS_2,51,1
NAICS_2017_Code,NAICS_2,52,1
NAICS_2017_Code,NAICS_2,53,1
NAICS_2017_Code,NAICS_2,54,1
NAICS_2017_Code,NAICS_2,55,1
NAICS_2017_Code,NAICS_2,56,1
NAICS_2017_Code,NAICS_2,61,1
NAICS_2017_Code,NAICS_2,62,1
NAICS_2017_Code,NAICS_2,71,1
NAICS_2017_Code,NAICS_2,72,1
NAICS_2017_Code,NAICS_2,81,1
NAICS_2017_Code,NAICS_2,92,1
NAICS_2017_Code,NAICS_3,111,2
NAICS_2017_Code,NAICS_3,112,2
NAICS_2017_Code,NAICS_3,113,2
NAICS_2017_Code,NAICS_3,114,2
NAICS_2017_Code,NAICS_3,115,2
NAICS_2017_Code,NAICS_3,211,2
NAICS_2017_Code,NAICS_3,212,2
NAICS_2017_Code,NAICS_3,213,2
NAICS_2017_Code,NAICS_3,221,2
NAICS_2017_Code,NAICS_3,236,2
NAICS_2017_Code,NAICS_3,237,2
NAICS_2017_Code,NAICS_3,238,2
NAICS_2017_Code,NAICS_3,311,2
NAICS_2017_Code,NAICS_3,312,2
NAICS_2017_Code,NAICS_3,313,2
NAICS_2017_Code,NAICS_3,314,2
NAICS_2017_Code,NAICS_3,315,2
NAICS_2017_Code,NAICS_3,316,2
NAICS_2017_Code,NAICS_3,321,2
NAICS_2017_Code,NAICS_3,322,2
NAICS_2017_Code,NAICS_3,323,2
NAICS_2017_Code,NAICS_3,324,2
NAICS_2017_Code,NAICS_3,325,2
NAICS_2017_Code,NAICS_3,326,2
NAICS_2017_Code,NAICS_3,327,2
NAICS_2017_Code,NAICS_3,331,2
NAICS_2017_Code,NAICS_3,332,2
NAICS_2017_Code,NAICS_3,333,2
NAICS_2017_Code,NAICS_3,334,2
NAICS_2017_Code,NAICS_3,335,2
NAICS_2017_Code,NAICS_3,336,2
NAICS_2017_Code,NAICS_3,337,2
NAICS_2017_Code,NAICS_3,339,2
NAICS_2017_Code,NAICS_3,423,2
NAICS_2017_Code,NAICS_3,424,2
NAICS_2017_Code,NAICS_3,425,2
NAICS_2017_Code,NAICS_3,441,2
NAICS_2017_Code,NAICS_3,442,2
NAICS_2017_Code,NAICS_3,443,2
NAICS_2017_Code,NAICS_3,444,2
NAICS_2017_Code,NAICS_3,445,2
NAICS_2017_Code,NAICS_3,446,2
NAICS_2017_Code,NAICS_3,447,2
NAICS_2017_Code,NAICS_3,448,2
NAICS_2017_Code,NAICS_3,451,2
NAICS_2017_Code,NAICS_3,452,2
NAICS_2017_Code,NAICS_3,453,2
NAICS_2017_Code,NAICS_3,454,2
NAICS_2017_Code,NAICS_3,481,2
NAICS_2017_Code,NAICS_3,482,2
NAICS_2017_Code,NAICS_3,483,2
NAICS_2017_Code,NAICS_3,484,2
NAICS_2017_Code,NAICS_3,485,2
NAICS_2017_Code,NAICS_3,486,2
NAICS_2017_Code,NAICS_3,487,2
NAICS_2017_Code,NAICS_3,488,2
NAICS_2017_Code,NAICS_3,491,2
NAICS_2017_Code,NAICS_3,492,2
NAICS_2017_Code,NAICS_3,493,2
NAICS_2017_Code,NAICS_3,511,2
NAICS_2017_Code,NAICS_3,512,2
NAICS_2017_Code,NAICS_3,515,2
NAICS_2017_Code,NAICS_3,517,2
NAICS_2017_Code,NAICS_3,518,2
NAICS_2017_Code,NAICS_3,519,2
NAICS_2017_Code,NAICS_3,521,2
NAICS_2017_Code,NAICS_3,522,2
NAICS_2017_Code,NAICS_3,523,2
NAICS_2017_Code,NAICS_3,524,2
NAICS_2017_Code,NAICS_3,525,2
NAICS_2017_Code,NAICS_3,531,2
NAICS_2017_Code,NAICS_3,532,2
NAICS_2017_Code,NAICS_3,533,2
NAICS_2017_Code,NAICS_3,541,2
NAICS_2017_Code,NAICS_3,551,2
NAICS_2017_Code,NAICS_3,561,2
NAICS_2017_Code,NAICS_3,562,2
NAICS_2017_Code,NAICS_3,611,2
NAICS_2017_Code,NAICS_3,621,2
NAICS_2017_Code,NAICS_3,622,2
NAICS_2017_Code,NAICS_3,623,2
NAICS_2017_Code,NAICS_3,624,2
NAICS_2017_Code,NAICS_3,711,2
NAICS_2017_Code,NAICS_3,712,2
NAICS_2017_Code,NAICS_3,713,2
NAICS_2017_Code,NAICS_3,721,2
NAICS_2017_Code,NAICS_3,722,2
NAICS_2017_Code,NAICS_3,811,2
NAICS_2017_Code,NAICS_3,812,2
NAICS_2017_Code,NAICS_3,813,2
NAICS_2017_Code,NAICS_3,814,2
NAICS_2017_Code,NAICS_3,921,2
NAICS_2017_Code,NAICS_3,922,2
NAICS_2017_Code,NAICS_3,923,2
NAICS_2017_Code,NAICS_3,924,2
NAICS_2017_Code,NAICS_3,925,2
NAICS_2017_Code,NAICS_3,926,2
NAICS_2017_Code,NAICS_3,927,2
NAICS_2017_Code,NAICS_3,928,2
NAICS_2017_Code,NAICS_4,1111,3
NAICS_2017_Code,NAICS_4,1112,3
NAICS_2017_Code,NAICS_4,1113,3
NAICS_2017_Code,NAICS_4,1114,3
NAICS_2017_Code,NAICS_4,1119,3
NAICS_2017_Code,NAICS_4,1121,3
NAICS_2017_Code,NAICS_4,1122,3
NAICS_2017_Code,NAICS_4,1123,3
NAICS_2017_Code,NAICS_4,1124,3
NAICS_2017_Code,NAICS_4,1125,3
NAICS_2017_Code,NAICS_4,1129,3
NAICS_2017_Code,NAICS_4,1131,3
NAICS_2017_Code,NAICS_4,1132,3
NAICS_2017_Code,NAICS_4,1133,3
NAICS_2017_Code,NAICS_4,1141,3
NAICS_2017_Code,NAICS_4,1142,3
NAICS_2017_Code,NAICS_4,1151,3
NAICS_2017_Code,NAICS_4,1152,3
NAICS_2017_Code,NAICS_4,1153,3
NAICS_2017_Code,NAICS_4,2111,3
NAICS_2017_Code,NAICS_4,2121,3
NAICS_2017_Code,NAICS_4,2122,3
NAICS_2017_Code,NAICS_4,2123,3
NAICS_2017_Code,NAICS_4,2131,3
NAICS_2017_Code,NAICS_4,2211,3
NAICS_2017_Code,NAICS_4,2212,3
NAICS_2017_Code,NAICS_4,2213,3
NAICS_2017_Code,NAICS_4,2361,3
NAICS_2017_Code,NAICS_4,2362,3
NAICS_2017_Code,NAICS_4,2371,3
NAICS_2017_Code,NAICS_4,2372,3
NAICS_2017_Code,NAICS_4,2373,3
NAICS_2017_Code,NAICS_4,2379,3
NAICS_2017_Code,NAICS_4,2381,3
NAICS_2017_Code,NAICS_4,2382,3
NAICS_2017_Code,NAICS_4,2383,3
NAICS_2017_Code,NAICS_4,2389,3
NAICS_2017_Code,NAICS_4,3111,3
NAICS_2017_Code,NAICS_4,3112,3
NAICS_2017_Code,NAICS_4,3113,3
NAICS_2017_Code,NAICS_4,3114,3
NAICS_2017_Code,NAICS_4,3115,3
NAICS_2017_Code,NAICS_4,3116,3
NAICS_2017_Code,NAICS_4,3117,3
NAICS_2017_Code,NAICS_4,3118,3
NAICS_2017_Code,NAICS_4,3119,3
NAICS_2017_Code,NAICS_4,3121,3
NAICS_2017_Code,NAICS_4,3122,3
NAICS_2017_Code,NAICS_4,3131,3
NAICS_2017_Code,NAICS_4,3132,3
NAICS_2017_Code,NAICS_4,3133,3
NAICS_2017_Code,NAICS_4,3141,3
NAICS_2017_Code,NAICS_4,3149,3
NAICS_2017_Code,NAICS_4,3151,3
NAICS_2017_Code,NAICS_4,3152,3
NAICS_2017_Code,NAICS_4,3159,3
NAICS_2017_Code,NAICS_4,3161,3
NAICS_2017_Code,NAICS_4,3162,3
NAICS_2017_Code,NAICS_4,3169,3
NAICS_2017_Code,NAICS_4,3211,3
NAICS_2017_Code,NAICS_4,3212,3
NAICS_2017_Code,NAICS_4,3219,3
NAICS_2017_Code,NAICS_4,3221,3
NAICS_2017_Code,NAICS_4,3222,3
NAICS_2017_Code,NAICS_4,3231,3
NAICS_2017_Code,NAICS_4,3241,3
NAICS_2017_Code,NAICS_4,3251,3
NAICS_2017_Code,NAICS_4,3252,3
NAICS_2017_Code,NAICS_4,3253,3
NAICS_2017_Code,NAICS_4,3254,3
NAICS_2017_Code,NAICS_4,3255,3
NAICS_2017_Code,NAICS_4,3256,3
NAICS_2017_Code,NAICS_4,3259,3
NAICS_2017_Code,NAICS_4,3261,3
NAICS_2017_Code,NAICS_4,3262,3
NAICS_2017_Code,NAICS_4,3271,3
NAICS_2017_Code,NAICS_4,3272,3
NAICS_2017_Code,NAICS_4,3273,3
NAICS_2017_Code,NAICS_4,3274,3
NAICS_2017_Code,NAICS_4,3279,3
NAICS_2017_Code,NAICS_4,3311,3
NAICS_2017_Code,NAICS_4,3312,3
NAICS_2017_Code,NAICS_4,3313,3
NAICS_2017_Code,NAICS_4,3314,3
NAICS_2017_Code,NAICS_4,3315,3
NAICS_2017_Code,NAICS_4,3321,3
NAICS_2017_Code,NAICS_4,3322,3
NAICS_2017_Code,NAICS_4,3323,3
NAICS_2017_Code,NAICS_4,3324,3
NAICS_2017_Code,NAICS_4,3325,3
NAICS_2017_Code,NAICS_4,3326,3
NAICS_2017_Code,NAICS_4,3327,3
NAICS_2017_Code,NAICS_4,3328,3
NAICS_2017_Code,NAICS_4,3329,3
NAICS_2017_Code,NAICS_4,3331,3
NAICS_2017_Code,NAICS_4,3332,3
NAICS_2017_Code,NAICS_4,3333,3
NAICS_2017_Code,NAICS_4,3334,3
NAICS_2017_Code,NAICS_4,3335,3
NAICS_2017_Code,NAICS_4,3336,3
NAICS_2017_Code,NAICS_4,3339,3
NAICS_2017_Code,NAICS_4,3341,3
NAICS_2017_Code,NAICS_4,3342,3
NAICS_2017_Code,NAICS_4,3343,3
NAICS_2017_Code,NAICS_4,3344,3
NAICS_2017_Code,NAICS_4,3345,3
NAICS_2017_Code,NAICS_4,3346,3
NAICS_2017_Code,NAICS_4,3351,3
NAICS_2017_Code,NAICS_4,3352,3
NAICS_2017_Code,NAICS_4,3353,3
NAICS_2017_Code,NAICS_4,3359,3
NAICS_2017_Code,NAICS_4,3361,3
NAICS_2017_Code,NAICS_4,3362,3
NAICS_2017_Code,NAICS_4,3363,3
NAICS_2017_Code,NAICS_4,3364,3
NAICS_2017_Code,NAICS_4,3365,3
NAICS_2017_Code,NAICS_4,3366,3
NAICS_2017_Code,NAICS_4,3369,3
NAICS_2017_Code,NAICS_4,3371,3
NAICS_2017_Code,NAICS_4,3372,3
NAICS_2017_Code,NAICS_4,3379,3
NAICS_2017_Code,NAICS_4,3391,3
NAICS_2017_Code,NAICS_4,3399,3
NAICS_2017_Code,NAICS_4,4231,3
NAICS_2017_Code,NAICS_4,4232,3
NAICS_2017_Code,NAICS_4,4233,3
NAICS_2017_Code,NAICS_4,4234,3
NAICS_2017_Code,NAICS_4,4235,3
NAICS_2017_Code,NAICS_4,4236,3
NAICS_2017_Code,NAICS_4,4237,3
NAICS_2017_Code,NAICS_4,4238,3
NAICS_2017_Code,NAICS_4,4239,3
NAICS_2017_Code,NAICS_4,4241,3
NAICS_2017_Code,NAICS_4,4242,3
NAICS_2017_Code,NAICS_4,4243,3
NAICS_2017_Code,NAICS_4,4244,3
NAICS_2017_Code,NAICS_4,4245,3
NAICS_2017_Code,NAICS_4,4246,3
NAICS_2017_Code,NAICS_4,4247,3
NAICS_2017_Code,NAICS_4,4248,3
NAICS_2017_Code,NAICS_4,4249,3
NAICS_2017_Code,NAICS_4,4251,3
NAICS_2017_Code,NAICS_4,4411,3
NAICS_2017_Code,NAICS_4,4412,3
NAICS_2017_Code,NAICS_4,4413,3
NAICS_2017_Code,NAICS_4,4421,3
NAICS_2017_Code,NAICS_4,4422,3
NAICS_2017_Code,NAICS_4,4431,3
NAICS_2017_Code,NAICS_4,4441,3
NAICS_2017_Code,NAICS_4,4442,3
NAICS_2017_Code,NAICS_4,4451,3
NAICS_2017_Code,NAICS_4,4452,3
NAICS_2017_Code,NAICS_4,4453,3
NAICS_2017_Code,NAICS_4,4461,3
NAICS_2017_Code,NAICS_4,4471,3
NAICS_2017_Code,NAICS_4,4481,3
NAICS_2017_Code,NAICS_4,4482,3
NAICS_2017_Code,NAICS_4,4483,3
NAICS_2017_Code,NAICS_4,4511,3
NAICS_2017_Code,NAICS_4,4512,3
NAICS_2017_Code,NAICS_4,4522,3
NAICS_2017_Code,NAICS_4,4523,3
NAICS_2017_Code,NAICS_4,4531,3
NAICS_2017_Code,NAICS_4,4532,3
NAICS_2017_Code,NAICS_4,4533,3
NAICS_2017_Code,NAICS_4,4539,3
NAICS_2017_Code,NAICS_4,4541,3
NAICS_2017_Code,NAICS_4,4542,3
NAICS_2017_Code,NAICS_4,4543,3
NAICS_2017_Code,NAICS_4,4811,3
NAICS_2017_Code,NAICS_4,4812,3
NAICS_2017_Code,NAICS_4,4821,3
NAICS_2017_Code,NAICS_4,4831,3
NAICS_2017_Code,NAICS_4,4832,3
NAICS_2017_Code,NAICS_4,4841,3
NAICS_2017_Code,NAICS_4,4842,3
NAICS_2017_Code,NAICS_4,4851,3
NAICS_2017_Code,NAICS_4,4852,3
NAICS_2017_Code,NAICS_4,4853,3
NAICS_2017_Code,NAICS_4,4854,3
NAICS_2017_Code,NAICS_4,4855,3
NAICS_2017_Code,NAICS_4,4859,3
NAICS_2017_Code,NAICS_4,4861,3
NAICS_2017_Code,NAICS_4,4862,3
NAICS_2017_Code,NAICS_4,4869,3
NAICS_2017_Code,NAICS_4,4871,3
NAICS_2017_Code,NAICS_4,4872,3
NAICS_2017_Code,NAICS_4,4879,3
NAICS_2017_Code,NAICS_4,4881,3
NAICS_2017_Code,NAICS_4,4882,3
NAICS_2017_Code,NAICS_4,4883,3
NAICS_2017_Code,NAICS_4,4884,3
NAICS_2017_Code,NAICS_4,4885,3
NAICS_2017_Code,NAICS_4,4889,3
NAICS_2017_Code,NAICS_4,4911,3
NAICS_2017_Code,NAICS_4,4921,3
NAICS_2017_Code,NAICS_4,4922,3
NAICS_2017_Code,NAICS_4,4931,3
NAICS_2017_Code,NAICS_4,5111,3
NAICS_2017_Code,NAICS_4,5112,3
NAICS_2017_Code,NAICS_4,5121,3
NAICS_2017_Code,NAICS_4,5122,3
NAICS_2017_Code,NAICS_4,5151,3
NAICS_2017_Code,NAICS_4,5152,3
NAICS_2017_Code,NAICS_4,5173,3
NAICS_2017_Code,NAICS_4,5174,3
NAICS_2017_Code,NAICS_4,5179,3
NAICS_2017_Code,NAICS_4,5182,3
NAICS_2017_Code,NAICS_4,5191,3
NAICS_2017_Code,NAICS_4,5211,3
NAICS_2017_Code,NAICS_4,5221,3
NAICS_2017_Code,NAICS_4,5222,3
NAICS_2017_Code,NAICS_4,5223,3
NAICS_2017_Code,NAICS_4,5231,3
NAICS_2017_Code,NAICS_4,5232,3
NAICS_2017_Code,NAICS_4,5239,3
NAICS_2017_Code,NAICS_4,5241,3
NAICS_2017_Code,NAICS_4,5242,3
NAICS_2017_Code,NAICS_4,5251,3
NAICS_2017_Code,NAICS_4,5259,3
NAICS_2017_Code,NAICS_4,5311,3
NAICS_2017_Code,NAICS_4,5312,3
NAICS_2017_Code,NAICS_4,5313,3
NAICS_2017_Code,NAICS_4,5321,3
NAICS_2017_Code,NAICS_4,5322,3
NAICS_2017_Code,NAICS_4,5323,3
NAICS_2017_Code,NAICS_4,5324,3
NAICS_2017_Code,NAICS_4,5331,3
NAICS_2017_Code,NAICS_4,5411,3
NAICS_2017_Code,NAICS_4,5412,3
NAICS_2017_Code,NAICS_4,5413,3
NAICS_2017_Code,NAICS_4,5414,3
NAICS_2017_Code,NAICS_4,5415,3
NAICS_2017_Code,NAICS_4,5416,3
NAICS_2017_Code,NAICS_4,5417,3
NAICS_2017_Code,NAICS_4,5418,3
NAICS_2017_Code,NAICS_4,5419,3
NAICS_2017_Code,NAICS_4,5511,3
NAICS_2017_Code,NAICS_4,5611,3
NAICS_2017_Code,NAICS_4,5612,3
NAICS_2017_Code,NAICS_4,5613,3
NAICS_2017_Code,NAICS_4,5614,3
NAICS_2017_Code,NAICS_4,5615,3
NAICS_2017_Code,NAICS_4,5616,3
NAICS_2017_Code,NAICS_4,5617,3
NAICS_2017_Code,NAICS_4,5619,3
NAICS_2017_Code,NAICS_4,5621,3
NAICS_2017_Code,NAICS_4,5622,3
NAICS_2017_Code,NAICS_4,5629,3
NAICS_2017_Code,NAICS_4,6111,3
NAICS_2017_Code,NAICS_4,6112,3
NAICS_2017_Code,NAICS_4,6113,3
NAICS_2017_Code,NAICS_4,6114,3
NAICS_2017_Code,NAICS_4,6115,3
NAICS_2017_Code,NAICS_4,6116,3
NAICS_2017_Code,NAICS_4,6117,3
NAICS_2017_Code,NAICS_4,6211,3
NAICS_2017_Code,NAICS_4,6212,3
NAICS_2017_Code,NAICS_4,6213,3
NAICS_2017_Code,NAICS_4,6214,3
NAICS_2017_Code,NAICS_4,6215,3
NAICS_2017_Code,NAICS_4,6216,3
NAICS_2017_Code,NAICS_4,6219,3
NAICS_2017_Code,NAICS_4,6221,3
NAICS_2017_Code,NAICS_4,6222,3
NAICS_2017_Code,NAICS_4,6223,3
NAICS_2017_Code,NAICS_4,6231,3
NAICS_2017_Code,NAICS_4,6232,3
NAICS_2017_Code,NAICS_4,6233,3
NAICS_2017_Code,NAICS_4,6239,3
NAICS_2017_Code,NAICS_4,6241,3
NAICS_2017_Code,NAICS_4,6242,3
NAICS_2017_Code,NAICS_4,6243,3
NAICS_2017_Code,NAICS_4,6244,3
NAICS_2017_Code,NAICS_4,7111,3
NAICS_2017_Code,NAICS_4,7112,3
NAICS_2017_Code,NAICS_4,7113,3
NAICS_2017_Code,NAICS_4,7114,3
NAICS_2017_Code,NAICS_4,7115,3
NAICS_2017_Code,NAICS_4,7121,3
NAICS_2017_Code,NAICS_4,7131,3
NAICS_2017_Code,NAICS_4,7132,3
NAICS_2017_Code,NAICS_4,7139,3
NAICS_2017_Code,NAICS_4,7211,3
NAICS_2017_Code,NAICS_4,7212,3
NAICS_2017_Code,NAICS_4,7213,3
NAICS_2017_Code,NAICS_4,7223,3
NAICS_2017_Code,NAICS_4,7224,3
NAICS_2017_Code,NAICS_4,7225,3
NAICS_2017_Code,NAICS_4,8111,3
NAICS_2017_Code,NAICS_4,8112,3
NAICS_2017_Code,NAICS_4,8113,3
NAICS_2017_Code,NAICS_4,8114,3
NAICS_2017_Code,NAICS_4,8121,3
NAICS_2017_Code,NAICS_4,8122,3
NAICS_2017_Code,NAICS_4,8123,3
NAICS_2017_Code,NAICS_4,8129,3
NAICS_2017_Code,NAICS_4,8131,3
NAICS_2017_Code,NAICS_4,8132,3
NAICS_2017_Code,NAICS_4,8133,3
NAICS_2017_Code,NAICS_4,8134,3
NAICS_2017_Code,NAICS_4,8139,3
NAICS_2017_Code,NAICS_4,8141,3
NAICS_2017_Code,NAICS_4,9211,3
NAICS_2017_Code,NAICS_4,9221,3
NAICS_2017_Code,NAICS_4,9231,3
NAICS_2017_Code,NAICS_4,9241,3
NAICS_2017_Code,NAICS_4,9251,3
NAICS_2017_Code,NAICS_4,9261,3
NAICS_2017_Code,NAICS_4,9271,3
NAICS_2017_Code,NAICS_4,9281,3
NAICS_2017_Code,NAICS_5,11111,4
NAICS_2017_Code,NAICS_5,11112,4
NAICS_2017_Code,NAICS_5,11113,4
NAICS_2017_Code,NAICS_5,11114,4
NAICS_2017_Code,NAICS_5,11115,4
NAICS_2017_Code,NAICS_5,11116,4
NAICS_2017_Code,NAICS_5,11119,4
NAICS_2017_Code,NAICS_5,11121,4
NAICS_2017_Code,NAICS_5,11131,4
NAICS_2017_Code,NAICS_5,11132,4
NAICS_2017_Code,NAICS_5,11133,4
NAICS_2017_Code,NAICS_5,11141,4
NAICS_2017_Code,NAICS_5,11142,4
NAICS_2017_Code,NAICS_5,11191,4
NAICS_2017_Code,NAICS_5,11192,4
NAICS_2017_Code,NAICS_5,11193,4
NAICS_2017_Code,NAICS_5,11194,4
NAICS_2017_Code,NAICS_5,11199,4
NAICS_2017_Code,NAICS_5,11211,4
NAICS_2017_Code,NAICS_5,11212,4
NAICS_2017_Code,NAICS_5,11213,4
NAICS_2017_Code,NAICS_5,11221,4
NAICS_2017_Code,NAICS_5,11231,4
NAICS_2017_Code,NAICS_5,11232,4
NAICS_2017_Code,NAICS_5,11233,4
NAICS_2017_Code,NAICS_5,11234,4
NAICS_2017_Code,NAICS_5,11239,4
NAICS_2017_Code,NAICS_5,11241,4
NAICS_2017_Code,NAICS_5,11242,4
NAICS_2017_Code,NAICS_5,11251,4
NAICS_2017_Code,NAICS_5,11291,4
NAICS_2017_Code,NAICS_5,11292,4
NAICS_2017_Code,NAICS_5,11293,4
NAICS_2017_Code,NAICS_5,11299,4
NAICS_2017_Code,NAICS_5,11311,4
NAICS_2017_Code,NAICS_5,11321,4
NAICS_2017_Code,NAICS_5,11331,4
NAICS_2017_Code,NAICS_5,11411,4
NAICS_2017_Code,NAICS_5,11421,4
NAICS_2017_Code,NAICS_5,11511,4
NAICS_2017_Code,NAICS_5,11521,4
NAICS_2017_Code,NAICS_5,11531,4
NAICS_2017_Code,NAICS_5,21112,4
NAICS_2017_Code,NAICS_5,21113,4
NAICS_2017_Code,NAICS_5,21211,4
NAICS_2017_Code,NAICS_5,21221,4
NAICS_2017_Code,NAICS_5,21222,4
NAICS_2017_Code,NAICS_5,21223,4
NAICS_2017_Code,NAICS_5,21229,4
NAICS_2017_Code,NAICS_5,21231,4
NAICS_2017_Code,NAICS_5,21232,4
NAICS_2017_Code,NAICS_5,21239,4
NAICS_2017_Code,NAICS_5,21311,4
NAICS_2017_Code,NAICS_5,22111,4
NAICS_2017_Code,NAICS_5,22112,4
NAICS_2017_Code,NAICS_5,22121,4
NAICS_2017_Code,NAICS_5,22131,4
NAICS_2017_Code,NAICS_5,22132,4
NAICS_2017_Code,NAICS_5,22133,4
NAICS_2017_Code,NAICS_5,23611,4
NAICS_2017_Code,NAICS_5,23621,4
NAICS_2017_Code,NAICS_5,23622,4
NAICS_2017_Code,NAICS_5,23711,4
NAICS_2017_Code,NAICS_5,23712,4
NAICS_2017_Code,NAICS_5,23713,4
NAICS_2017_Code,NAICS_5,23721,4
NAICS_2017_Code,NAICS_5,23731,4
NAICS_2017_Code,NAICS_5,23799,4
NAICS_2017_Code,NAICS_5,23811,4
NAICS_2017_Code,NAICS_5,23812,4
NAICS_2017_Code,NAICS_5,23813,4
NAICS_2017_Code,NAICS_5,23814,4
NAICS_2017_Code,NAICS_5,23815,4
NAICS_2017_Code,NAICS_5,23816,4
NAICS_2017_Code,NAICS_5,23817,4
NAICS_2017_Code,NAICS_5,23819,4
NAICS_2017_Code,NAICS_5,23821,4
NAICS_2017_Code,NAICS_5,23822,4
NAICS_2017_Code,NAICS_5,23829,4
NAICS_2017_Code,NAICS_5,23831,4
NAICS_2017_Code,NAICS_5,23832,4
NAICS_2017_Code,NAICS_5,23833,4
NAICS_2017_Code,NAICS_5,23834,4
NAICS_2017_Code,NAICS_5,23835,4
NAICS_2017_Code,NAICS_5,23839,4
NAICS_2017_Code,NAICS_5,23891,4
NAICS_2017_Code,NAICS_5,23899,4
NAICS_2017_Code,NAICS_5,31111,4
NAICS_2017_Code,NAICS_5,31121,4
NAICS_2017_Code,NAICS_5,31122,4
NAICS_2017_Code,NAICS_5,31123,4
NAICS_2017_Code,NAICS_5,31131,4
NAICS_2017_Code,NAICS_5,31134,4
NAICS_2017_Code,NAICS_5,31135,4
NAICS_2017_Code,NAICS_5,31141,4
NAICS_2017_Code,NAICS_5,31142,4
NAICS_2017_Code,NAICS_5,31151,4
NAICS_2017_Code,NAICS_5,31152,4
NAICS_2017_Code,NAICS_5,31161,4
NAICS_2017_Code,NAICS_5,31171,4
NAICS_2017_Code,NAICS_5,31181,4
NAICS_2017_Code,NAICS_5,31182,4
NAICS_2017_Code,NAICS_5,31183,4
NAICS_2017_Code,NAICS_5,31191,4
NAICS_2017_Code,NAICS_5,31192,4
NAICS_2017_Code,NAICS_5,31193,4
NAICS_2017_Code,NAICS_5,31194,4
NAICS_2017_Code,NAICS_5,31199,4
NAICS_2017_Code,NAICS_5,31211,4
NAICS_2017_Code,NAICS_5,31212,4
NAICS_2017_Code,NAICS_5,31213,4
NAICS_2017_Code,NAICS_5,31214,4
NAICS_2017_Code,NAICS_5,31223,4
NAICS_2017_Code,NAICS_5,31311,4
NAICS_2017_Code,NAICS_5,31321,4
NAICS_2017_Code,NAICS_5,31322,4
NAICS_2017_Code,NAICS_5,31323,4
NAICS_2017_Code,NAICS_5,31324,4
NAICS_2017_Code,NAICS_5,31331,4
NAICS_2017_Code,NAICS_5,31332,4
NAICS_2017_Code,NAICS_5,31411,4
NAICS_2017_Code,NAICS_5,31412,4
NAICS_2017_Code,NAICS_5,31491,4
NAICS_2017_Code,NAICS_5,31499,4
NAICS_2017_Code,NAICS_5,31511,4
NAICS_2017_Code,NAICS_5,31519,4
NAICS_2017_Code,NAICS_5,31521,4
NAICS_2017_Code,NAICS_5,31522,4
NAICS_2017_Code,NAICS_5,31524,4
NAICS_2017_Code,NAICS_5,31528,4
NAICS_2017_Code,NAICS_5,31599,4
NAICS_2017_Code,NAICS_5,31611,4
NAICS_2017_Code,NAICS_5,31621,4
NAICS_2017_Code,NAICS_5,31699,4
NAICS_2017_Code,NAICS_5,32111,4
NAICS_2017_Code,NAICS_5,32121,4
NAICS_2017_Code,NAICS_5,32191,4
NAICS_2017_Code,NAICS_5,32192,4
NAICS_2017_Code,NAICS_5,32199,4
NAICS_2017_Code,NAICS_5,32211,4
NAICS_2017_Code,NAICS_5,32212,4
NAICS_2017_Code,NAICS_5,32213,4
NAICS_2017_Code,NAICS_5,32221,4
NAICS_2017_Code,NAICS_5,32222,4
NAICS_2017_Code,NAICS_5,32223,4
NAICS_2017_Code,NAICS_5,32229,4
NAICS_2017_Code,NAICS_5,32311,4
NAICS_2017_Code,NAICS_5,32312,4
NAICS_2017_Code,NAICS_5,32411,4
NAICS_2017_Code,NAICS_5,32412,4
NAICS_2017_Code,NAICS_5,32419,4
NAICS_2017_Code,NAICS_5,32511,4
NAICS_2017_Code,NAICS_5,32512,4
NAICS_2017_Code,NAICS_5,32513,4
NAICS_2017_Code,NAICS_5,32518,4
NAICS_2017_Code,NAICS_5,32519,4
NAICS_2017_Code,NAICS_5,32521,4
NAICS_2017_Code,NAICS_5,32522,4
NAICS_2017_Code,NAICS_5,32531,4
NAICS_2017_Code,NAICS_5,32532,4
NAICS_2017_Code,NAICS_5,32541,4
NAICS_2017_Code,NAICS_5,32551,4
NAICS_2017_Code,NAICS_5,32552,4
NAICS_2017_Code,NAICS_5,32561,4
NAICS_2017_Code,NAICS_5,32562,4
NAICS_2017_Code,NAICS_5,32591,4
NAICS_2017_Code,NAICS_5,32592,4
NAICS_2017_Code,NAICS_5,32599,4
NAICS_2017_Code,NAICS_5,32611,4
NAICS_2017_Code,NAICS_5,32612,4
NAICS_2017_Code,NAICS_5,32613,4
NAICS_2017_Code,NAICS_5,32614,4
NAICS_2017_Code,NAICS_5,32615,4
NAICS_2017_Code,NAICS_5,32616,4
NAICS_2017_Code,NAICS_5,32619,4
NAICS_2017_Code,NAICS_5,32621,4
NAICS_2017_Code,NAICS_5,32622,4
NAICS_2017_Code,NAICS_5,32629,4
NAICS_2017_Code,NAICS_5,32711,4
NAICS_2017_Code,NAICS_5,32712,4
NAICS_2017_Code,NAICS_5,32721,4
NAICS_2017_Code,NAICS_5,32731,4
NAICS_2017_Code,NAICS_5,32732,4
NAICS_2017_Code,NAICS_5,32733,4
NAICS_2017_Code,NAICS_5,32739,4
NAICS_2017_Code,NAICS_5,32741,4
NAICS_2017_Code,NAICS_5,32742,4
NAICS_2017_Code,NAICS_5,32791,4
NAICS_2017_Code,NAICS_5,32799,4
NAICS_2017_Code,NAICS_5,33111,4
NAICS_2017_Code,NAICS_5,33121,4
NAICS_2017_Code,NAICS_5,33122,4
NAICS_2017_Code,NAICS_5,33131,4
NAICS_2017_Code,NAICS_5,33141,4
NAICS_2017_Code,NAICS_5,33142,4
NAICS_2017_Code,NAICS_5,33149,4
NAICS_2017_Code,NAICS_5,33151,4
NAICS_2017_Code,NAICS_5,33152,4
NAICS_2017_Code,NAICS_5,33211,4
NAICS_2017_Code,NAICS_5,33221,4
NAICS_2017_Code,NAICS_5,33231,4
NAICS_2017_Code,NAICS_5,33232,4
NAICS_2017_Code,NAICS_5,33241,4
NAICS_2017_Code,NAICS_5,33242,4
NAICS_2017_Code,NAICS_5,33243,4
NAICS_2017_Code,NAICS_5,33251,4
NAICS_2017_Code,NAICS_5,33261,4
NAICS_2017_Code,NAICS_5,33271,4
NAICS_2017_Code,NAICS_5,33272,4
NAICS_2017_Code,NAICS_5,33281,4
NAICS_2017_Code,NAICS_5,33291,4
NAICS_2017_Code,NAICS_5,33299,4
NAICS_2017_Code,NAICS_5,33311,4
NAICS_2017_Code,NAICS_5,33312,4
NAICS_2017_Code,NAICS_5,33313,4
NAICS_2017_Code,NAICS_5,33324,4
NAICS_2017_Code,NAICS_5,33331,4
NAICS_2017_Code,NAICS_5,33341,4
NAICS_2017_Code,NAICS_5,33351,4
NAICS_2017_Code,NAICS_5,33361,4
NAICS_2017_Code,NAICS_5,33391,4
NAICS_2017_Code,NAICS_5,33392,4
NAICS_2017_Code,NAICS_5,33399,4
NAICS_2017_Code,NAICS_5,33411,4
NAICS_2017_Code,NAICS_5,33421,4
NAICS_2017_Code,NAICS_5,33422,4
NAICS_2017_Code,NAICS_5,33429,4
NAICS_2017_Code,NAICS_5,33431,4
NAICS_2017_Code,NAICS_5,33441,4
NAICS_2017_Code,NAICS_5,33451,4
NAICS_2017_Code,NAICS_5,33461,4
NAICS_2017_Code,NAICS_5,33511,4
NAICS_2017_Code,NAICS_5,33512,4
NAICS_2017_Code,NAICS_5,33521,4
NAICS_2017_Code,NAICS_5,33522,4
NAICS_2017_Code,NAICS_5,33531,4
NAICS_2017_Code,NAICS_5,33591,4
NAICS_2017_Code,NAICS_5,33592,4
NAICS_2017_Code,NAICS_5,33593,4
NAICS_2017_Code,NAICS_5,33599,4
NAICS_2017_Code,NAICS_5,33611,4
NAICS_2017_Code,NAICS_5,33612,4
NAICS_2017_Code,NAICS_5,33621,4
NAICS_2017_Code,NAICS_5,33631,4
NAICS_2017_Code,NAICS_5,33632,4
NAICS_2017_Code,NAICS_5,33633,4
NAICS_2017_Code,NAICS_5,33634,4
NAICS_2017_Code,NAICS_5,33635,4
NAICS_2017_Code,NAICS_5,33636,4
NAICS_2017_Code,NAICS_5,33637,4
NAICS_2017_Code,NAICS_5,33639,4
NAICS_2017_Code,NAICS_5,33641,4
NAICS_2017_Code,NAICS_5,33651,4
NAICS_2017_Code,NAICS_5,33661,4
NAICS_2017_Code,NAICS_5,33699,4
NAICS_2017_Code,NAICS_5,33711,4
NAICS_2017_Code,NAICS_5,33712,4
NAICS_2017_Code,NAICS_5,33721,4
NAICS_2017_Code,NAICS_5,33791,4
NAICS_2017_Code,NAICS_5,33792,4
NAICS_2017_Code,NAICS_5,33911,4
NAICS_2017_Code,NAICS_5,33991,4
NAICS_2017_Code,NAICS_5,33992,4
NAICS_2017_Code,NAICS_5,33993,4
NAICS_2017_Code,NAICS_5,33994,4
NAICS_2017_Code,NAICS_5,33995,4
NAICS_2017_Code,NAICS_5,33999,4
NAICS_2017_Code,NAICS_5,42311,4
NAICS_2017_Code,NAICS_5,42312,4
NAICS_2017_Code,NAICS_5,42313,4
NAICS_2017_Code,NAICS_5,42314,4
NAICS_2017_Code,NAICS_5,42321,4
NAICS_2017_Code,NAICS_5,42322,4
NAICS_2017_Code,NAICS_5,42331,4
NAICS_2017_Code,NAICS_5,42332,4
NAICS_2017_Code,NAICS_5,42333,4
NAICS_2017_Code,NAICS_5,42339,4
NAICS_2017_Code,NAICS_5,42341,4
NAICS_2017_Code,NAICS_5,42342,4
NAICS_2017_Code,NAICS_5,42343,4
NAICS_2017_Code,NAICS_5,42344,4
NAICS_2017_Code,NAICS_5,42345,4
NAICS_2017_Code,NAICS_5,42346,4
NAICS_2017_Code,NAICS_5,42349,4
NAICS_2017_Code,NAICS_5,42351,4
NAICS_2017_Code,NAICS_5,42352,4
NAICS_2017_Code,NAICS_5,42361,4
NAICS_2017_Code,NAICS_5,42362,4
NAICS_2017_Code,NAICS_5,42369,4
NAICS_2017_Code,NAICS_5,42371,4
NAICS_2017_Code,NAICS_5,42372,4
NAICS_2017_Code,NAICS_5,42373,4
NAICS_2017_Code,NAICS_5,42374,4
NAICS_2017_Code,NAICS_5,42381,4
NAICS_2017_Code,NAICS_5,42382,4
NAICS_2017_Code,NAICS_5,42383,4
NAICS_2017_Code,NAICS_5,42384,4
NAICS_2017_Code,NAICS_5,42385,4
NAICS_2017_Code,NAICS_5,42386,4
NAICS_2017_Code,NAICS_5,42391,4
NAICS_2017_Code,NAICS_5,42392,4
NAICS_2017_Code,NAICS_5,42393,4
NAICS_2017_Code,NAICS_5,42394,4
NAICS_2017_Code,NAICS_5,42399,4
NAICS_2017_Code,NAICS_5,42411,4
NAICS_2017_Code,NAICS_5,42412,4
NAICS_2017_Code,NAICS_5,42413,4
NAICS_2017_Code,NAICS_5,42421,4
NAICS_2017_Code,NAICS_5,42431,4
NAICS_2017_Code,NAICS_5,42432,4
NAICS_2017_Code,NAICS_5,42433,4
NAICS_2017_Code,NAICS_5,42434,4
NAICS_2017_Code,NAICS_5,42441,4
NAICS_2017_Code,NAICS_5,42442,4
NAICS_2017_Code,NAICS_5,42443,4
NAICS_2017_Code,NAICS_5,42444,4
NAICS_2017_Code,NAICS_5,42445,4
NAICS_2017_Code,NAICS_5,42446,4
NAICS_2017_Code,NAICS_5,42447,4
NAICS_2017_Code,NAICS_5,42448,4
NAICS_2017_Code,NAICS_5,42449,4
NAICS_2017_Code,NAICS_5,42451,4
NAICS_2017_Code,NAICS_5,42452,4
NAICS_2017_Code,NAICS_5,42459,4
NAICS_2017_Code,NAICS_5,42461,4
NAICS_2017_Code,NAICS_5,42469,4
NAICS_2017_Code,NAICS_5,42471,4
NAICS_2017_Code,NAICS_5,42472,4
NAICS_2017_Code,NAICS_5,42481,4
NAICS_2017_Code,NAICS_5,42482,4
NAICS_2017_Code,NAICS_5,42491,4
NAICS_2017_Code,NAICS_5,42492,4
NAICS_2017_Code,NAICS_5,42493,4
NAICS_2017_Code,NAICS_5,42494,4
NAICS_2017_Code,NAICS_5,42495,4
NAICS_2017_Code,NAICS_5,42499,4
NAICS_2017_Code,NAICS_5,42511,4
NAICS_2017_Code,NAICS_5,42512,4
NAICS_2017_Code,NAICS_5,44111,4
NAICS_2017_Code,NAICS_5,44112,4
NAICS_2017_Code,NAICS_5,44121,4
NAICS_2017_Code,NAICS_5,44122,4
NAICS_2017_Code,NAICS_5,44131,4
NAICS_2017_Code,NAICS_5,44132,4
NAICS_2017_Code,NAICS_5,44211,4
NAICS_2017_Code,NAICS_5,44221,4
NAICS_2017_Code,NAICS_5,44229,4
NAICS_2017_Code,NAICS_5,44314,4
NAICS_2017_Code,NAICS_5,44411,4
NAICS_2017_Code,NAICS_5,44412,4
NAICS_2017_Code,NAICS_5,44413,4
NAICS_2017_Code,NAICS_5,44419,4
NAICS_2017_Code,NAICS_5,44421,4
NAICS_2017_Code,NAICS_5,44422,4
NAICS_2017_Code,NAICS_5,44511,4
NAICS_2017_Code,NAICS_5,44512,4
NAICS_2017_Code,NAICS_5,44521,4
NAICS_2017_Code,NAICS_5,44522,4
NAICS_2017_Code,NAICS_5,44523,4
NAICS_2017_Code,NAICS_5,44529,4
NAICS_2017_Code,NAICS_5,44531,4
NAICS_2017_Code,NAICS_5,44611,4
NAICS_2017_Code,NAICS_5,44612,4
NAICS_2017_Code,NAICS_5,44613,4
NAICS_2017_Code,NAICS_5,44619,4
NAICS_2017_Code,NAICS_5,44711,4
NAICS_2017_Code,NAICS_5,44719,4
NAICS_2017_Code,NAICS_5,44811,4
NAICS_2017_Code,NAICS_5,44812,4
NAICS_2017_Code,NAICS_5,44813,4
NAICS_2017_Code,NAICS_5,44814,4
NAICS_2017_Code,NAICS_5,44815,4
NAICS_2017_Code,NAICS_5,44819,4
NAICS_2017_Code,NAICS_5,44821,4
NAICS_2017_Code,NAICS_5,44831,4
NAICS_2017_Code,NAICS_5,44832,4
NAICS_2017_Code,NAICS_5,45111,4
NAICS_2017_Code,NAICS_5,45112,4
NAICS_2017_Code,NAICS_5,45113,4
NAICS_2017_Code,NAICS_5,45114,4
NAICS_2017_Code,NAICS_5,45121,4
NAICS_2017_Code,NAICS_5,45221,4
NAICS_2017_Code,NAICS_5,45231,4
NAICS_2017_Code,NAICS_5,45311,4
NAICS_2017_Code,NAICS_5,45321,4
NAICS_2017_Code,NAICS_5,45322,4
NAICS_2017_Code,NAICS_5,45331,4
NAICS_2017_Code,NAICS_5,45391,4
NAICS_2017_Code,NAICS_5,45392,4
NAICS_2017_Code,NAICS_5,45393,4
NAICS_2017_Code,NAICS_5,45399,4
NAICS_2017_Code,NAICS_5,45411,4
NAICS_2017_Code,NAICS_5,45421,4
NAICS_2017_Code,NAICS_5,45431,4
NAICS_2017_Code,NAICS_5,45439,4
NAICS_2017_Code,NAICS_5,48111,4
NAICS_2017_Code,NAICS_5,48121,4
NAICS_2017_Code,NAICS_5,48211,4
NAICS_2017_Code,NAICS_5,48311,4
NAICS_2017_Code,NAICS_5,48321,4
NAICS_2017_Code,NAICS_5,48411,4
NAICS_2017_Code,NAICS_5,48412,4
NAICS_2017_Code,NAICS_5,48421,4
NAICS_2017_Code,NAICS_5,48422,4
NAICS_2017_Code,NAICS_5,48423,4
NAICS_2017_Code,NAICS_5,48511,4
NAICS_2017_Code,NAICS_5,48521,4
NAICS_2017_Code,NAICS_5,48531,4
NAICS_2017_Code,NAICS_5,48532,4
NAICS_2017_Code,NAICS_5,48541,4
NAICS_2017_Code,NAICS_5,48551,4
NAICS_2017_Code,NAICS_5,48599,4
NAICS_2017_Code,NAICS_5,48611,4
NAICS_2017_Code,NAICS_5,48621,4
NAICS_2017_Code,NAICS_5,48691,4
NAICS_2017_Code,NAICS_5,48699,4
NAICS_2017_Code,NAICS_5,48711,4
NAICS_2017_Code,NAICS_5,48721,4
NAICS_2017_Code,NAICS_5,48799,4
NAICS_2017_Code,NAICS_5,48811,4
NAICS_2017_Code,NAICS_5,48819,4
NAICS_2017_Code,NAICS_5,48821,4
NAICS_2017_Code,NAICS_5,48831,4
NAICS_2017_Code,NAICS_5,48832,4
NAICS_2017_Code,NAICS_5,48833,4
NAICS_2017_Code,NAICS_5,48839,4
NAICS_2017_Code,NAICS_5,48841,4
NAICS_2017_Code,NAICS_5,48849,4
NAICS_2017_Code,NAICS_5,48851,4
NAICS_2017_Code,NAICS_5,48899,4
NAICS_2017_Code,NAICS_5,49111,4
NAICS_2017_Code,NAICS_5,49211,4
NAICS_2017_Code,NAICS_5,49221,4
NAICS_2017_Code,NAICS_5,49311,4
NAICS_2017_Code,NAICS_5,49312,4
NAICS_2017_Code,NAICS_5,49313,4
NAICS_2017_Code,NAICS_5,49319,4
NAICS_2017_Code,NAICS_5,51111,4
NAICS_2017_Code,NAICS_5,51112,4
NAICS_2017_Code,NAICS_5,51113,4
NAICS_2017_Code,NAICS_5,51114,4
NAICS_2017_Code,NAICS_5,51119,4
NAICS_2017_Code,NAICS_5,51121,4
NAICS_2017_Code,NAICS_5,51211,4
NAICS_2017_Code,NAICS_5,51212,4
NAICS_2017_Code,NAICS_5,51213,4
NAICS_2017_Code,NAICS_5,51219,4
NAICS_2017_Code,NAICS_5,51223,4
NAICS_2017_Code,NAICS_5,51224,4
NAICS_2017_Code,NAICS_5,51225,4
NAICS_2017_Code,NAICS_5,51229,4
NAICS_2017_Code,NAICS_5,51511,4
NAICS_2017_Code,NAICS_5,51512,4
NAICS_2017_Code,NAICS_5,51521,4
NAICS_2017_Code,NAICS_5,51731,4
NAICS_2017_Code,NAICS_5,51741,4
NAICS_2017_Code,NAICS_5,51791,4
NAICS_2017_Code,NAICS_5,51821,4
NAICS_2017_Code,NAICS_5,51911,4
NAICS_2017_Code,NAICS_5,51912,4
NAICS_2017_Code,NAICS_5,51913,4
NAICS_2017_Code,NAICS_5,51919,4
NAICS_2017_Code,NAICS_5,52111,4
NAICS_2017_Code,NAICS_5,52211,4
NAICS_2017_Code,NAICS_5,52212,4
NAICS_2017_Code,NAICS_5,52213,4
NAICS_2017_Code,NAICS_5,52219,4
NAICS_2017_Code,NAICS_5,52221,4
NAICS_2017_Code,NAICS_5,52222,4
NAICS_2017_Code,NAICS_5,52229,4
NAICS_2017_Code,NAICS_5,52231,4
NAICS_2017_Code,NAICS_5,52232,4
NAICS_2017_Code,NAICS_5,52239,4
NAICS_2017_Code,NAICS_5,52311,4
NAICS_2017_Code,NAICS_5,52312,4
NAICS_2017_Code,NAICS_5,52313,4
NAICS_2017_Code,NAICS_5,52314,4
NAICS_2017_Code,NAICS_5,52321,4
NAICS_2017_Code,NAICS_5,52391,4
NAICS_2017_Code,NAICS_5,52392,4
NAICS_2017_Code,NAICS_5,52393,4
NAICS_2017_Code,NAICS_5,52399,4
NAICS_2017_Code,NAICS_5,52411,4
NAICS_2017_Code,NAICS_5,52412,4
NAICS_2017_Code,NAICS_5,52413,4
NAICS_2017_Code,NAICS_5,52421,4
NAICS_2017_Code,NAICS_5,52429,4
NAICS_2017_Code,NAICS_5,52511,4
NAICS_2017_Code,NAICS_5,52512,4
NAICS_2017_Code,NAICS_5,52519,4
NAICS_2017_Code,NAICS_5,52591,4
NAICS_2017_Code,NAICS_5,52592,4
NAICS_2017_Code,NAICS_5,52599,4
NAICS_2017_Code,NAICS_5,53111,4
NAICS_2017_Code,NAICS_5,53112,4
NAICS_2017_Code,NAICS_5,53113,4
NAICS_2017_Code,NAICS_5,53119,4
NAICS_2017_Code,NAICS_5,53121,4
NAICS_2017_Code,NAICS_5,53131,4
NAICS_2017_Code,NAICS_5,53132,4
NAICS_2017_Code,NAICS_5,53139,4
NAICS_2017_Code,NAICS_5,53211,4
NAICS_2017_Code,NAICS_5,53212,4
NAICS_2017_Code,NAICS_5,53221,4
NAICS_2017_Code,NAICS_5,53228,4
NAICS_2017_Code,NAICS_5,53231,4
NAICS_2017_Code,NAICS_5,53241,4
NAICS_2017_Code,NAICS_5,53242,4
NAICS_2017_Code,NAICS_5,53249,4
NAICS_2017_Code,NAICS_5,53311,4
NAICS_2017_Code,NAICS_5,54111,4
NAICS_2017_Code,NAICS_5,54112,4
NAICS_2017_Code,NAICS_5,54119,4
NAICS_2017_Code,NAICS_5,54121,4
NAICS_2017_Code,NAICS_5,54131,4
NAICS_2017_Code,NAICS_5,54132,4
NAICS_2017_Code,NAICS_5,54133,4
NAICS_2017_Code,NAICS_5,54134,4
NAICS_2017_Code,NAICS_5,54135,4
NAICS_2017_Code,NAICS_5,54136,4
NAICS_2017_Code,NAICS_5,54137,4
NAICS_2017_Code,NAICS_5,54138,4
NAICS_2017_Code,NAICS_5,54141,4
NAICS_2017_Code,NAICS_5,54142,4
NAICS_2017_Code,NAICS_5,54143,4
NAICS_2017_Code,NAICS_5,54149,4
NAICS_2017_Code,NAICS_5,54151,4
NAICS_2017_Code,NAICS_5,54161,4
NAICS_2017_Code,NAICS_5,54162,4
NAICS_2017_Code,NAICS_5,54169,4
NAICS_2017_Code,NAICS_5,54171,4
NAICS_2017_Code,NAICS_5,54172,4
NAICS_2017_Code,NAICS_5,54181,4
NAICS_2017_Code,NAICS_5,54182,4
NAICS_2017_Code,NAICS_5,54183,4
NAICS_2017_Code,NAICS_5,54184,4
NAICS_2017_Code,NAICS_5,54185,4
NAICS_2017_Code,NAICS_5,54186,4
NAICS_2017_Code,NAICS_5,54187,4
NAICS_2017_Code,NAICS_5,54189,4
NAICS_2017_Code,NAICS_5,54191,4
NAICS_2017_Code,NAICS_5,54192,4
NAICS_2017_Code,NAICS_5,54193,4
NAICS_2017_Code,NAICS_5,54194,4
NAICS_2017_Code,NAICS_5,54199,4
NAICS_2017_Code,NAICS_5,55111,4
NAICS_2017_Code,NAICS_5,56111,4
NAICS_2017_Code,NAICS_5,56121,4
NAICS_2017_Code,NAICS_5,56131,4
NAICS_2017_Code,NAICS_5,56132,4
NAICS_2017_Code,NAICS_5,56133,4
NAICS_2017_Code,NAICS_5,56141,4
NAICS_2017_Code,NAICS_5,56142,4
NAICS_2017_Code,NAICS_5,56143,4
NAICS_2017_Code,NAICS_5,56144,4
NAICS_2017_Code,NAICS_5,56145,4
NAICS_2017_Code,NAICS_5,56149,4
NAICS_2017_Code,NAICS_5,56151,4
NAICS_2017_Code,NAICS_5,56152,4
NAICS_2017_Code,NAICS_5,56159,4
NAICS_2017_Code,NAICS_5,56161,4
NAICS_2017_Code,NAICS_5,56162,4
NAICS_2017_Code,NAICS_5,56171,4
NAICS_2017_Code,NAICS_5,56172,4
NAICS_2017_Code,NAICS_5,56173,4
NAICS_2017_Code,NAICS_5,56174,4
NAICS_2017_Code,NAICS_5,56179,4
NAICS_2017_Code,NAICS_5,56191,4
NAICS_2017_Code,NAICS_5,56192,4
NAICS_2017_Code,NAICS_5,56199,4
NAICS_2017_Code,NAICS_5,56211,4
NAICS_2017_Code,NAICS_5,56221,4
NAICS_2017_Code,NAICS_5,56291,4
NAICS_2017_Code,NAICS_5,56292,4
NAICS_2017_Code,NAICS_5,56299,4
NAICS_2017_Code,NAICS_5,61111,4
NAICS_2017_Code,NAICS_5,61121,4
NAICS_2017_Code,NAICS_5,61131,4
NAICS_2017_Code,NAICS_5,61141,4
NAICS_2017_Code,NAICS_5,61142,4
NAICS_2017_Code,NAICS_5,61143,4
NAICS_2017_Code,NAICS_5,61151,4
NAICS_2017_Code,NAICS_5,61161,4
NAICS_2017_Code,NAICS_5,61162,4
NAICS_2017_Code,NAICS_5,61163,4
NAICS_2017_Code,NAICS_5,61169,4
NAICS_2017_Code,NAICS_5,61171,4
NAICS_2017_Code,NAICS_5,62111,4
NAICS_2017_Code,NAICS_5,62121,4
NAICS_2017_Code,NAICS_5,62131,4
NAICS_2017_Code,NAICS_5,62132,4
NAICS_2017_Code,NAICS_5,62133,4
NAICS_2017_Code,NAICS_5,62134,4
NAICS_2017_Code,NAICS_5,62139,4
NAICS_2017_Code,NAICS_5,62141,4
NAICS_2017_Code,NAICS_5,62142,4
NAICS_2017_Code,NAICS_5,62149,4
NAICS_2017_Code,NAICS_5,62151,4
NAICS_2017_Code,NAICS_5,62161,4
NAICS_2017_Code,NAICS_5,62191,4
NAICS_2017_Code,NAICS_5,62199,4
NAICS_2017_Code,NAICS_5,62211,4
NAICS_2017_Code,NAICS_5,62221,4
NAICS_2017_Code,NAICS_5,62231,4
NAICS_2017_Code,NAICS_5,62311,4
NAICS_2017_Code,NAICS_5,62321,4
NAICS_2017_Code,NAICS_5,62322,4
NAICS_2017_Code,NAICS_5,62331,4
NAICS_2017_Code,NAICS_5,62399,4
NAICS_2017_Code,NAICS_5,62411,4
NAICS_2017_Code,NAICS_5,62412,4
NAICS_2017_Code,NAICS_5,62419,4
NAICS_2017_Code,NAICS_5,62421,4
NAICS_2017_Code,NAICS_5,62422,4
NAICS_2017_Code,NAICS_5,62423,4
NAICS_2017_Code,NAICS_5,62431,4
NAICS_2017_Code,NAICS_5,62441,4
NAICS_2017_Code,NAICS_5,71111,4
NAICS_2017_Code,NAICS_5,71112,4
NAICS_2017_Code,NAICS_5,71113,4
NAICS_2017_Code,NAICS_5,71119,4
NAICS_2017_Code,NAICS_5,71121,4
NAICS_2017_Code,NAICS_5,71131,4
NAICS_2017_Code,NAICS_5,71132,4
NAICS_2017_Code,NAICS_5,71141,4
NAICS_2017_Code,NAICS_5,71151,4
NAICS_2017_Code,NAICS_5,71211,4
NAICS_2017_Code,NAICS_5,71212,4
NAICS_2017_Code,NAICS_5,71213,4
NAICS_2017_Code,NAICS_5,71219,4
NAICS_2017_Code,NAICS_5,71311,4
NAICS_2017_Code,NAICS_5,71312,4
NAICS_2017_Code,NAICS_5,71321,4
NAICS_2017_Code,NAICS_5,71329,4
NAICS_2017_Code,NAICS_5,71391,4
NAICS_2017_Code,NAICS_5,71392,4
NAICS_2017_Code,NAICS_5,71393,4
NAICS_2017_Code,NAICS_5,71394,4
NAICS_2017_Code,NAICS_5,71395,4
NAICS_2017_Code,NAICS_5,71399,4
NAICS_2017_Code,NAICS_5,72111,4
NAICS_2017_Code,NAICS_5,72112,4
NAICS_2017_Code,NAICS_5,72119,4
NAICS_2017_Code,NAICS_5,72121,4
NAICS_2017_Code,NAICS_5,72131,4
NAICS_2017_Code,NAICS_5,72231,4
NAICS_2017_Code,NAICS_5,72232,4
NAICS_2017_Code,NAICS_5,72233,4
NAICS_2017_Code,NAICS_5,72241,4
NAICS_2017_Code,NAICS_5,72251,4
NAICS_2017_Code,NAICS_5,81111,4
NAICS_2017_Code,NAICS_5,81112,4
NAICS_2017_Code,NAICS_5,81119,4
NAICS_2017_Code,NAICS_5,81121,4
NAICS_2017_Code,NAICS_5,81131,4
NAICS_2017_Code,NAICS_5,81141,4
NAICS_2017_Code,NAICS_5,81142,4
NAICS_2017_Code,NAICS_5,81143,4
NAICS_2017_Code,NAICS_5,81149,4
NAICS_2017_Code,NAICS_5,81211,4
NAICS_2017_Code,NAICS_5,81219,4
NAICS_2017_Code,NAICS_5,81221,4
NAICS_2017_Code,NAICS_5,81222,4
NAICS_2017_Code,NAICS_5,81231,4
NAICS_2017_Code,NAICS_5,81232,4
NAICS_2017_Code,NAICS_5,81233,4
NAICS_2017_Code,NAICS_5,81291,4
NAICS_2017_Code,NAICS_5,81292,4
NAICS_2017_Code,NAICS_5,81293,4
NAICS_2017_Code,NAICS_5,81299,4
NAICS_2017_Code,NAICS_5,81311,4
NAICS_2017_Code,NAICS_5,81321,4
NAICS_2017_Code,NAICS_5,81331,4
NAICS_2017_Code,NAICS_5,81341,4
NAICS_2017_Code,NAICS_5,81391,4
NAICS_2017_Code,NAICS_5,81392,4
NAICS_2017_Code,NAICS_5,81393,4
NAICS_2017_Code,NAICS_5,81394,4
NAICS_2017_Code,NAICS_5,81399,4
NAICS_2017_Code,NAICS_5,81411,4
NAICS_2017_Code,NAICS_5,92111,4
NAICS_2017_Code,NAICS_5,92112,4
NAICS_2017_Code,NAICS_5,92113,4
NAICS_2017_Code,NAICS_5,92114,4
NAICS_2017_Code,NAICS_5,92115,4
NAICS_2017_Code,NAICS_5,92119,4
NAICS_2017_Code,NAICS_5,92211,4
NAICS_2017_Code,NAICS_5,92212,4
NAICS_2017_Code,NAICS_5,92213,4
NAICS_2017_Code,NAICS_5,92214,4
NAICS_2017_Code,NAICS_5,92215,4
NAICS_2017_Code,NAICS_5,92216,4
NAICS_2017_Code,NAICS_5,92219,4
NAICS_2017_Code,NAICS_5,92311,4
NAICS_2017_Code,NAICS_5,92312,4
NAICS_2017_Code,NAICS_5,92313,4
NAICS_2017_Code,NAICS_5,92314,4
NAICS_2017_Code,NAICS_5,92411,4
NAICS_2017_Code,NAICS_5,92412,4
NAICS_2017_Code,NAICS_5,92511,4
NAICS_2017_Code,NAICS_5,92512,4
NAICS_2017_Code,NAICS_5,92611,4
NAICS_2017_Code,NAICS_5,92612,4
NAICS_2017_Code,NAICS_5,92613,4
NAICS_2017_Code,NAICS_5,92614,4
NAICS_2017_Code,NAICS_5,92615,4
NAICS_2017_Code,NAICS_5,92711,4
NAICS_2017_Code,NAICS_5,92811,4
NAICS_2017_Code,NAICS_5,92812,4
NAICS_2017_Code,NAICS_6,111110,5
NAICS_2017_Code,NAICS_6,111120,5
NAICS_2017_Code,NAICS_6,111130,5
NAICS_2017_Code,NAICS_6,111140,5
NAICS_2017_Code,NAICS_6,111150,5
NAICS_2017_Code,NAICS_6,111160,5
NAICS_2017_Code,NAICS_6,111191,5
NAICS_2017_Code,NAICS_6,111199,5
NAICS_2017_Code,NAICS_6,111211,5
NAICS_2017_Code,NAICS_6,111219,5
NAICS_2017_Code,NAICS_6,111310,5
NAICS_2017_Code,NAICS_6,111320,5
NAICS_2017_Code,NAICS_6,111331,5
NAICS_2017_Code,NAICS_6,111332,5
NAICS_2017_Code,NAICS_6,111333,5
NAICS_2017_Code,NAICS_6,111334,5
NAICS_2017_Code,NAICS_6,111335,5
NAICS_2017_Code,NAICS_6,111336,5
NAICS_2017_Code,NAICS_6,111339,5
NAICS_2017_Code,NAICS_6,111411,5
NAICS_2017_Code,NAICS_6,111419,5
NAICS_2017_Code,NAICS_6,111421,5
NAICS_2017_Code,NAICS_6,111422,5
NAICS_2017_Code,NAICS_6,111910,5
NAICS_2017_Code,NAICS_6,111920,5
NAICS_2017_Code,NAICS_6,111930,5
NAICS_2017_Code,NAICS_6,111940,5
NAICS_2017_Code,NAICS_6,111991,5
NAICS_2017_Code,NAICS_6,111992,5
NAICS_2017_Code,NAICS_6,111998,5
NAICS_2017_Code,NAICS_6,112111,5
NAICS_2017_Code,NAICS_6,112112,5
NAICS_2017_Code,NAICS_6,112120,5
NAICS_2017_Code,NAICS_6,112130,5
NAICS_2017_Code,NAICS_6,112210,5
NAICS_2017_Code,NAICS_6,112310,5
NAICS_2017_Code,NAICS_6,112320,5
NAICS_2017_Code,NAICS_6,112330,5
NAICS_2017_Code,NAICS_6,112340,5
NAICS_2017_Code,NAICS_6,112390,5
NAICS_2017_Code,NAICS_6,112410,5
NAICS_2017_Code,NAICS_6,112420,5
NAICS_2017_Code,NAICS_6,112511,5
NAICS_2017_Code,NAICS_6,112512,5
NAICS_2017_Code,NAICS_6,112519,5
NAICS_2017_Code,NAICS_6,112910,5
NAICS_2017_Code,NAICS_6,112920,5
NAICS_2017_Code,NAICS_6,112930,5
NAICS_2017_Code,NAICS_6,112990,5
NAICS_2017_Code,NAICS_6,113110,5
NAICS_2017_Code,NAICS_6,113210,5
NAICS_2017_Code,NAICS_6,113310,5
NAICS_2017_Code,NAICS_6,114111,5
NAICS_2017_Code,NAICS_6,114112,5
NAICS_2017_Code,NAICS_6,114119,5
NAICS_2017_Code,NAICS_6,114210,5
NAICS_2017_Code,NAICS_6,115111,5
NAICS_2017_Code,NAICS_6,115112,5
NAICS_2017_Code,NAICS_6,115113,5
NAICS_2017_Code,NAICS_6,115114,5
NAICS_2017_Code,NAICS_6,115115,5
NAICS_2017_Code,NAICS_6,115116,5
NAICS_2017_Code,NAICS_6,115210,5
NAICS_2017_Code,NAICS_6,115310,5
NAICS_2017_Code,NAICS_6,211120,5
NAICS_2017_Code,NAICS_6,211130,5
NAICS_2017_Code,NAICS_6,212111,5
NAICS_2017_Code,NAICS_6,212112,5
NAICS_2017_Code,NAICS_6,212113,5
NAICS_2017_Code,NAICS_6,212210,5
NAICS_2017_Code,NAICS_6,212221,5
NAICS_2017_Code,NAICS_6,212222,5
NAICS_2017_Code,NAICS_6,212230,5
NAICS_2017_Code,NAICS_6,212291,5
NAICS_2017_Code,NAICS_6,212299,5
NAICS_2017_Code,NAICS_6,212311,5
NAICS_2017_Code,NAICS_6,212312,5
NAICS_2017_Code,NAICS_6,212313,5
NAICS_2017_Code,NAICS_6,212319,5
NAICS_2017_Code,NAICS_6,212321,5
NAICS_2017_Code,NAICS_6,212322,5
NAICS_2017_Code,NAICS_6,212324,5
NAICS_2017_Code,NAICS_6,212325,5
NAICS_2017_Code,NAICS_6,212391,5
NAICS_2017_Code,NAICS_6,212392,5
NAICS_2017_Code,NAICS_6,212393,5
NAICS_2017_Code,NAICS_6,212399,5
NAICS_2017_Code,NAICS_6,213111,5
NAICS_2017_Code,NAICS_6,213112,5
NAICS_2017_Code,NAICS_6,213113,5
NAICS_2017_Code,NAICS_6,213114,5
NAICS_2017_Code,NAICS_6,213115,5
NAICS_2017_Code,NAICS_6,221111,5
NAICS_2017_Code,NAICS_6,221112,5
NAICS_2017_Code,NAICS_6,221113,5
NAICS_2017_Code,NAICS_6,221114,5
NAICS_2017_Code,NAICS_6,221115,5
NAICS_2017_Code,NAICS_6,221116,5
NAICS_2017_Code,NAICS_6,221117,5
NAICS_2017_Code,NAICS_6,221118,5
NAICS_2017_Code,NAICS_6,221121,5
NAICS_2017_Code,NAICS_6,221122,5
NAICS_2017_Code,NAICS_6,221210,5
NAICS_2017_Code,NAICS_6,221310,5
NAICS_2017_Code,NAICS_6,221320,5
NAICS_2017_Code,NAICS_6,221330,5
NAICS_2017_Code,NAICS_6,236115,5
NAICS_2017_Code,NAICS_6,236116,5
NAICS_2017_Code,NAICS_6,236117,5
NAICS_2017_Code,NAICS_6,236118,5
NAICS_2017_Code,NAICS_6,236210,5
NAICS_2017_Code,NAICS_6,236220,5
NAICS_2017_Code,NAICS_6,237110,5
NAICS_2017_Code,NAICS_6,237120,5
NAICS_2017_Code,NAICS_6,237130,5
NAICS_2017_Code,NAICS_6,237210,5
NAICS_2017_Code,NAICS_6,237310,5
NAICS_2017_Code,NAICS_6,237990,5
NAICS_2017_Code,NAICS_6,238110,5
NAICS_2017_Code,NAICS_6,238120,5
NAICS_2017_Code,NAICS_6,238130,5
NAICS_2017_Code,NAICS_6,238140,5
NAICS_2017_Code,NAICS_6,238150,5
NAICS_2017_Code,NAICS_6,238160,5
NAICS_2017_Code,NAICS_6,238170,5
NAICS_2017_Code,NAICS_6,238190,5
NAICS_2017_Code,NAICS_6,238210,5
NAICS_2017_Code,NAICS_6,238220,5
NAICS_2017_Code,NAICS_6,238290,5
NAICS_2017_Code,NAICS_6,238310,5
NAICS_2017_Code,NAICS_6,238320,5
NAICS_2017_Code,NAICS_6,238330,5
NAICS_2017_Code,NAICS_6,238340,5
NAICS_2017_Code,NAICS_6,238350,5
NAICS_2017_Code,NAICS_6,238390,5
NAICS_2017_Code,NAICS_6,238910,5
NAICS_2017_Code,NAICS_6,238990,5
NAICS_2017_Code,NAICS_6,311111,5
NAICS_2017_Code,NAICS_6,311119,5
NAICS_2017_Code,NAICS_6,311211,5
NAICS_2017_Code,NAICS_6,311212,5
NAICS_2017_Code,NAICS_6,311213,5
NAICS_2017_Code,NAICS_6,311221,5
NAICS_2017_Code,NAICS_6,311224,5
NAICS_2017_Code,NAICS_6,311225,5
NAICS_2017_Code,NAICS_6,311230,5
NAICS_2017_Code,NAICS_6,311313,5
NAICS_2017_Code,NAICS_6,311314,5
NAICS_2017_Code,NAICS_6,311340,5
NAICS_2017_Code,NAICS_6,311351,5
NAICS_2017_Code,NAICS_6,311352,5
NAICS_2017_Code,NAICS_6,311411,5
NAICS_2017_Code,NAICS_6,311412,5
NAICS_2017_Code,NAICS_6,311421,5
NAICS_2017_Code,NAICS_6,311422,5
NAICS_2017_Code,NAICS_6,311423,5
NAICS_2017_Code,NAICS_6,311511,5
NAICS_2017_Code,NAICS_6,311512,5
NAICS_2017_Code,NAICS_6,311513,5
NAICS_2017_Code,NAICS_6,311514,5
NAICS_2017_Code,NAICS_6,311520,5
NAICS_2017_Code,NAICS_6,311611,5
NAICS_2017_Code,NAICS_6,311612,5
NAICS_2017_Code,NAICS_6,311613,5
NAICS_2017_Code,NAICS_6,311615,5
NAICS_2017_Code,NAICS_6,311710,5
NAICS_2017_Code,NAICS_6,311811,5
NAICS_2017_Code,NAICS_6,311812,5
NAICS_2017_Code,NAICS_6,311813,5
NAICS_2017_Code,NAICS_6,311821,5
NAICS_2017_Code,NAICS_6,311824,5
NAICS_2017_Code,NAICS_6,311830,5
NAICS_2017_Code,NAICS_6,311911,5
NAICS_2017_Code,NAICS_6,311919,5
NAICS_2017_Code,NAICS_6,311920,5
NAICS_2017_Code,NAICS_6,311930,5
NAICS_2017_Code,NAICS_6,311941,5
NAICS_2017_Code,NAICS_6,311942,5
NAICS_2017_Code,NAICS_6,311991,5
NAICS_2017_Code,NAICS_6,311999,5
NAICS_2017_Code,NAICS_6,312111,5
NAICS_2017_Code,NAICS_6,312112,5
NAICS_2017_Code,NAICS_6,312113,5
NAICS_2017_Code,NAICS_6,312120,5
NAICS_2017_Code,NAICS_6,312130,5
NAICS_2017_Code,NAICS_6,312140,5
NAICS_2017_Code,NAICS_6,312230,5
NAICS_2017_Code,NAICS_6,313110,5
NAICS_2017_Code,NAICS_6,313210,5
NAICS_2017_Code,NAICS_6,313220,5
NAICS_2017_Code,NAICS_6,313230,5
NAICS_2017_Code,NAICS_6,313240,5
NAICS_2017_Code,NAICS_6,313310,5
NAICS_2017_Code,NAICS_6,313320,5
NAICS_2017_Code,NAICS_6,314110,5
NAICS_2017_Code,NAICS_6,314120,5
NAICS_2017_Code,NAICS_6,314910,5
NAICS_2017_Code,NAICS_6,314994,5
NAICS_2017_Code,NAICS_6,314999,5
NAICS_2017_Code,NAICS_6,315110,5
NAICS_2017_Code,NAICS_6,315190,5
NAICS_2017_Code,NAICS_6,315210,5
NAICS_2017_Code,NAICS_6,315220,5
NAICS_2017_Code,NAICS_6,315240,5
NAICS_2017_Code,NAICS_6,315280,5
NAICS_2017_Code,NAICS_6,315990,5
NAICS_2017_Code,NAICS_6,316110,5
NAICS_2017_Code,NAICS_6,316210,5
NAICS_2017_Code,NAICS_6,316992,5
NAICS_2017_Code,NAICS_6,316998,5
NAICS_2017_Code,NAICS_6,321113,5
NAICS_2017_Code,NAICS_6,321114,5
NAICS_2017_Code,NAICS_6,321211,5
NAICS_2017_Code,NAICS_6,321212,5
NAICS_2017_Code,NAICS_6,321213,5
NAICS_2017_Code,NAICS_6,321214,5
NAICS_2017_Code,NAICS_6,321219,5
NAICS_2017_Code,NAICS_6,321911,5
NAICS_2017_Code,NAICS_6,321912,5
NAICS_2017_Code,NAICS_6,321918,5
NAICS_2017_Code,NAICS_6,321920,5
NAICS_2017_Code,NAICS_6,321991,5
NAICS_2017_Code,NAICS_6,321992,5
NAICS_2017_Code,NAICS_6,321999,5
NAICS_2017_Code,NAICS_6,322110,5
NAICS_2017_Code,NAICS_6,322121,5
NAICS_2017_Code,NAICS_6,322122,5
NAICS_2017_Code,NAICS_6,322130,5
NAICS_2017_Code,NAICS_6,322211,5
NAICS_2017_Code,NAICS_6,322212,5
NAICS_2017_Code,NAICS_6,322219,5
NAICS_2017_Code,NAICS_6,322220,5
NAICS_2017_Code,NAICS_6,322230,5
NAICS_2017_Code,NAICS_6,322291,5
NAICS_2017_Code,NAICS_6,322299,5
NAICS_2017_Code,NAICS_6,323111,5
NAICS_2017_Code,NAICS_6,323113,5
NAICS_2017_Code,NAICS_6,323117,5
NAICS_2017_Code,NAICS_6,323120,5
NAICS_2017_Code,NAICS_6,324110,5
NAICS_2017_Code,NAICS_6,324121,5
NAICS_2017_Code,NAICS_6,324122,5
NAICS_2017_Code,NAICS_6,324191,5
NAICS_2017_Code,NAICS_6,324199,5
NAICS_2017_Code,NAICS_6,325110,5
NAICS_2017_Code,NAICS_6,325120,5
NAICS_2017_Code,NAICS_6,325130,5
NAICS_2017_Code,NAICS_6,325180,5
NAICS_2017_Code,NAICS_6,325193,5
NAICS_2017_Code,NAICS_6,325194,5
NAICS_2017_Code,NAICS_6,325199,5
NAICS_2017_Code,NAICS_6,325211,5
NAICS_2017_Code,NAICS_6,325212,5
NAICS_2017_Code,NAICS_6,325220,5
NAICS_2017_Code,NAICS_6,325311,5
NAICS_2017_Code,NAICS_6,325312,5
NAICS_2017_Code,NAICS_6,325314,5
NAICS_2017_Code,NAICS_6,325320,5
NAICS_2017_Code,NAICS_6,325411,5
NAICS_2017_Code,NAICS_6,325412,5
NAICS_2017_Code,NAICS_6,325413,5
NAICS_2017_Code,NAICS_6,325414,5
NAICS_2017_Code,NAICS_6,325510,5
NAICS_2017_Code,NAICS_6,325520,5
NAICS_2017_Code,NAICS_6,325611,5
NAICS_2017_Code,NAICS_6,325612,5
NAICS_2017_Code,NAICS_6,325613,5
NAICS_2017_Code,NAICS_6,325620,5
NAICS_2017_Code,NAICS_6,325910,5
NAICS_2017_Code,NAICS_6,325920,5
NAICS_2017_Code,NAICS_6,325991,5
NAICS_2017_Code,NAICS_6,325992,5
NAICS_2017_Code,NAICS_6,325998,5
NAICS_2017_Code,NAICS_6,326111,5
NAICS_2017_Code,NAICS_6,326112,5
NAICS_2017_Code,NAICS_6,326113,5
NAICS_2017_Code,NAICS_6,326121,5
NAICS_2017_Code,NAICS_6,326122,5
NAICS_2017_Code,NAICS_6,326130,5
NAICS_2017_Code,NAICS_6,326140,5
NAICS_2017_Code,NAICS_6,326150,5
NAICS_2017_Code,NAICS_6,326160,5
NAICS_2017_Code,NAICS_6,326191,5
NAICS_2017_Code,NAICS_6,326199,5
NAICS_2017_Code,NAICS_6,326211,5
NAICS_2017_Code,NAICS_6,326212,5
NAICS_2017_Code,NAICS_6,326220,5
NAICS_2017_Code,NAICS_6,326291,5
NAICS_2017_Code,NAICS_6,326299,5
NAICS_2017_Code,NAICS_6,327110,5
NAICS_2017_Code,NAICS_6,327120,5
NAICS_2017_Code,NAICS_6,327211,5
NAICS_2017_Code,NAICS_6,327212,5
NAICS_2017_Code,NAICS_6,327213,5
NAICS_2017_Code,NAICS_6,327215,5
NAICS_2017_Code,NAICS_6,327310,5
NAICS_2017_Code,NAICS_6,327320,5
NAICS_2017_Code,NAICS_6,327331,5
NAICS_2017_Code,NAICS_6,327332,5
NAICS_2017_Code,NAICS_6,327390,5
NAICS_2017_Code,NAICS_6,327410,5
NAICS_2017_Code,NAICS_6,327420,5
NAICS_2017_Code,NAICS_6,327910,5
NAICS_2017_Code,NAICS_6,327991,5
NAICS_2017_Code,NAICS_6,327992,5
NAICS_2017_Code,NAICS_6,327993,5
NAICS_2017_Code,NAICS_6,327999,5
NAICS_2017_Code,NAICS_6,331110,5
NAICS_2017_Code,NAICS_6,331210,5
NAICS_2017_Code,NAICS_6,331221,5
NAICS_2017_Code,NAICS_6,331222,5
NAICS_2017_Code,NAICS_6,331313,5
NAICS_2017_Code,NAICS_6,331314,5
NAICS_2017_Code,NAICS_6,331315,5
NAICS_2017_Code,NAICS_6,331318,5
NAICS_2017_Code,NAICS_6,331410,5
NAICS_2017_Code,NAICS_6,331420,5
NAICS_2017_Code,NAICS_6,331491,5
NAICS_2017_Code,NAICS_6,331492,5
NAICS_2017_Code,NAICS_6,331511,5
NAICS_2017_Code,NAICS_6,331512,5
NAICS_2017_Code,NAICS_6,331513,5
NAICS_2017_Code,NAICS_6,331523,5
NAICS_2017_Code,NAICS_6,331524,5
NAICS_2017_Code,NAICS_6,331529,5
NAICS_2017_Code,NAICS_6,332111,5
NAICS_2017_Code,NAICS_6,332112,5
NAICS_2017_Code,NAICS_6,332114,5
NAICS_2017_Code,NAICS_6,332117,5
NAICS_2017_Code,NAICS_6,332119,5
NAICS_2017_Code,NAICS_6,332215,5
NAICS_2017_Code,NAICS_6,332216,5
NAICS_2017_Code,NAICS_6,332311,5
NAICS_2017_Code,NAICS_6,332312,5
NAICS_2017_Code,NAICS_6,332313,5
NAICS_2017_Code,NAICS_6,332321,5
NAICS_2017_Code,NAICS_6,332322,5
NAICS_2017_Code,NAICS_6,332323,5
NAICS_2017_Code,NAICS_6,332410,5
NAICS_2017_Code,NAICS_6,332420,5
NAICS_2017_Code,NAICS_6,332431,5
NAICS_2017_Code,NAICS_6,332439,5
NAICS_2017_Code,NAICS_6,332510,5
NAICS_2017_Code,NAICS_6,332613,5
NAICS_2017_Code,NAICS_6,332618,5
NAICS_2017_Code,NAICS_6,332710,5
NAICS_2017_Code,NAICS_6,332721,5
NAICS_2017_Code,NAICS_6,332722,5
NAICS_2017_Code,NAICS_6,332811,5
NAICS_2017_Code,NAICS_6,332812,5
NAICS_2017_Code,NAICS_6,332813,5
NAICS_2017_Code,NAICS_6,332911,5
NAICS_2017_Code,NAICS_6,332912,5
NAICS_2017_Code,NAICS_6,332913,5
NAICS_2017_Code,NAICS_6,332919,5
NAICS_2017_Code,NAICS_6,332991,5
NAICS_2017_Code,NAICS_6,332992,5
NAICS_2017_Code,NAICS_6,332993,5
NAICS_2017_Code,NAICS_6,332994,5
NAICS_2017_Code,NAICS_6,332996,5
NAICS_2017_Code,NAICS_6,332999,5
NAICS_2017_Code,NAICS_6,333111,5
NAICS_2017_Code,NAICS_6,333112,5
NAICS_2017_Code,NAICS_6,333120,5
NAICS_2017_Code,NAICS_6,333131,5
NAICS_2017_Code,NAICS_6,333132,5
NAICS_2017_Code,NAICS_6,333241,5
NAICS_2017_Code,NAICS_6,333242,5
NAICS_2017_Code,NAICS_6,333243,5
NAICS_2017_Code,NAICS_6,333244,5
NAICS_2017_Code,NAICS_6,333249,5
NAICS_2017_Code,NAICS_6,333314,5
NAICS_2017_Code,NAICS_6,333316,5
NAICS_2017_Code,NAICS_6,333318,5
NAICS_2017_Code,NAICS_6,333413,5
NAICS_2017_Code,NAICS_6,333414,5
NAICS_2017_Code,NAICS_6,333415,5
NAICS_2017_Code,NAICS_6,333511,5
NAICS_2017_Code,NAICS_6,333514,5
NAICS_2017_Code,NAICS_6,333515,5
NAICS_2017_Code,NAICS_6,333517,5
NAICS_2017_Code,NAICS_6,333519,5
NAICS_2017_Code,NAICS_6,333611,5
NAICS_2017_Code,NAICS_6,333612,5
NAICS_2017_Code,NAICS_6,333613,5
NAICS_2017_Code,NAICS_6,333618,5
NAICS_2017_Code,NAICS_6,333912,5
NAICS_2017_Code,NAICS_6,333914,5
NAICS_2017_Code,NAICS_6,333921,5
NAICS_2017_Code,NAICS_6,333922,5
NAICS_2017_Code,NAICS_6,333923,5
NAICS_2017_Code,NAICS_6,333924,5
NAICS_2017_Code,NAICS_6,333991,5
NAICS_2017_Code,NAICS_6,333992,5
NAICS_2017_Code,NAICS_6,333993,5
NAICS_2017_Code,NAICS_6,333994,5
NAICS_2017_Code,NAICS_6,333995,5
NAICS_2017_Code,NAICS_6,333996,5
NAICS_2017_Code,NAICS_6,333997,5
NAICS_2017_Code,NAICS_6,333999,5
NAICS_2017_Code,NAICS_6,334111,5
NAICS_2017_Code,NAICS_6,334112,5
NAICS_2017_Code,NAICS_6,334118,5
NAICS_2017_Code,NAICS_6,334210,5
NAICS_2017_Code,NAICS_6,334220,5
NAICS_2017_Code,NAICS_6,334290,5
NAICS_2017_Code,NAICS_6,334310,5
NAICS_2017_Code,NAICS_6,334412,5
NAICS_2017_Code,NAICS_6,334413,5
NAICS_2017_Code,NAICS_6,334416,5
NAICS_2017_Code,NAICS_6,334417,5
NAICS_2017_Code,NAICS_6,334418,5
NAICS_2017_Code,NAICS_6,334419,5
NAICS_2017_Code,NAICS_6,334510,5
NAICS_2017_Code,NAICS_6,334511,5
NAICS_2017_Code,NAICS_6,334512,5
NAICS_2017_Code,NAICS_6,334513,5
NAICS_2017_Code,NAICS_6,334514,5
NAICS_2017_Code,NAICS_6,334515,5
NAICS_2017_Code,NAICS_6,334516,5
NAICS_2017_Code,NAICS_6,334517,5
NAICS_2017_Code,NAICS_6,334519,5
NAICS_2017_Code,NAICS_6,334613,5
NAICS_2017_Code,NAICS_6,334614,5
NAICS_2017_Code,NAICS_6,335110,5
NAICS_2017_Code,NAICS_6,335121,5
NAICS_2017_Code,NAICS_6,335122,5
NAICS_2017_Code,NAICS_6,335129,5
NAICS_2017_Code,NAICS_6,335210,5
NAICS_2017_Code,NAICS_6,335220,5
NAICS_2017_Code,NAICS_6,335311,5
NAICS_2017_Code,NAICS_6,335312,5
NAICS_2017_Code,NAICS_6,335313,5
NAICS_2017_Code,NAICS_6,335314,5
NAICS_2017_Code,NAICS_6,335911,5
NAICS_2017_Code,NAICS_6,335912,5
NAICS_2017_Code,NAICS_6,335921,5
NAICS_2017_Code,NAICS_6,335929,5
NAICS_2017_Code,NAICS_6,335931,5
NAICS_2017_Code,NAICS_6,335932,5
NAICS_2017_Code,NAICS_6,335991,5
NAICS_2017_Code,NAICS_6,335999,5
NAICS_2017_Code,NAICS_6,336111,5
NAICS_2017_Code,NAICS_6,336112,5
NAICS_2017_Code,NAICS_6,336120,5
NAICS_2017_Code,NAICS_6,336211,5
NAICS_2017_Code,NAICS_6,336212,5
NAICS_2017_Code,NAICS_6,336213,5
NAICS_2017_Code,NAICS_6,336214,5
NAICS_2017_Code,NAICS_6,336310,5
NAICS_2017_Code,NAICS_6,336320,5
NAICS_2017_Code,NAICS_6,336330,5
NAICS_2017_Code,NAICS_6,336340,5
NAICS_2017_Code,NAICS_6,336350,5
NAICS_2017_Code,NAICS_6,336360,5
NAICS_2017_Code,NAICS_6,336370,5
NAICS_2017_Code,NAICS_6,336390,5
NAICS_2017_Code,NAICS_6,336411,5
NAICS_2017_Code,NAICS_6,336412,5
NAICS_2017_Code,NAICS_6,336413,5
NAICS_2017_Code,NAICS_6,336414,5
NAICS_2017_Code,NAICS_6,336415,5
NAICS_2017_Code,NAICS_6,336419,5
NAICS_2017_Code,NAICS_6,336510,5
NAICS_2017_Code,NAICS_6,336611,5
NAICS_2017_Code,NAICS_6,336612,5
NAICS_2017_Code,NAICS_6,336991,5
NAICS_2017_Code,NAICS_6,336992,5
NAICS_2017_Code,NAICS_6,336999,5
NAICS_2017_Code,NAICS_6,337110,5
NAICS_2017_Code,NAICS_6,337121,5
NAICS_2017_Code,NAICS_6,337122,5
NAICS_2017_Code,NAICS_6,337124,5
NAICS_2017_Code,NAICS_6,337125,5
NAICS_2017_Code,NAICS_6,337127,5
NAICS_2017_Code,NAICS_6,337211,5
NAICS_2017_Code,NAICS_6,337212,5
NAICS_2017_Code,NAICS_6,337214,5
NAICS_2017_Code,NAICS_6,337215,5
NAICS_2017_Code,NAICS_6,337910,5
NAICS_2017_Code,NAICS_6,337920,5
NAICS_2017_Code,NAICS_6,339112,5
NAICS_2017_Code,NAICS_6,339113,5
NAICS_2017_Code,NAICS_6,339114,5
NAICS_2017_Code,NAICS_6,339115,5
NAICS_2017_Code,NAICS_6,339116,5
NAICS_2017_Code,NAICS_6,339910,5
NAICS_2017_Code,NAICS_6,339920,5
NAICS_2017_Code,NAICS_6,339930,5
NAICS_2017_Code,NAICS_6,339940,5
NAICS_2017_Code,NAICS_6,339950,5
NAICS_2017_Code,NAICS_6,339991,5
NAICS_2017_Code,NAICS_6,339992,5
NAICS_2017_Code,NAICS_6,339993,5
NAICS_2017_Code,NAICS_6,339994,5
NAICS_2017_Code,NAICS_6,339995,5
NAICS_2017_Code,NAICS_6,339999,5
NAICS_2017_Code,NAICS_6,423110,5
NAICS_2017_Code,NAICS_6,423120,5
NAICS_2017_Code,NAICS_6,423130,5
NAICS_2017_Code,NAICS_6,423140,5
NAICS_2017_Code,NAICS_6,423210,5
NAICS_2017_Code,NAICS_6,423220,5
NAICS_2017_Code,NAICS_6,423310,5
NAICS_2017_Code,NAICS_6,423320,5
NAICS_2017_Code,NAICS_6,423330,5
NAICS_2017_Code,NAICS_6,423390,5
NAICS_2017_Code,NAICS_6,423410,5
NAICS_2017_Code,NAICS_6,423420,5
NAICS_2017_Code,NAICS_6,423430,5
NAICS_2017_Code,NAICS_6,423440,5
NAICS_2017_Code,NAICS_6,423450,5
NAICS_2017_Code,NAICS_6,423460,5
NAICS_2017_Code,NAICS_6,423490,5
NAICS_2017_Code,NAICS_6,423510,5
NAICS_2017_Code,NAICS_6,423520,5
NAICS_2017_Code,NAICS_6,423610,5
NAICS_2017_Code,NAICS_6,423620,5
NAICS_2017_Code,NAICS_6,423690,5
NAICS_2017_Code,NAICS_6,423710,5
NAICS_2017_Code,NAICS_6,423720,5
NAICS_2017_Code,NAICS_6,423730,5
NAICS_2017_Code,NAICS_6,423740,5
NAICS_2017_Code,NAICS_6,423810,5
NAICS_2017_Code,NAICS_6,423820,5
NAICS_2017_Code,NAICS_6,423830,5
NAICS_2017_Code,NAICS_6,423840,5
NAICS_2017_Code,NAICS_6,423850,5
NAICS_2017_Code,NAICS_6,423860,5
NAICS_2017_Code,NAICS_6,423910,5
NAICS_2017_Code,NAICS_6,423920,5
NAICS_2017_Code,NAICS_6,423930,5
NAICS_2017_Code,NAICS_6,423940,5
NAICS_2017_Code,NAICS_6,423990,5
NAICS_2017_Code,NAICS_6,424110,5
NAICS_2017_Code,NAICS_6,424120,5
NAICS_2017_Code,NAICS_6,424130,5
NAICS_2017_Code,NAICS_6,424210,5
NAICS_2017_Code,NAICS_6,424310,5
NAICS_2017_Code,NAICS_6,424320,5
NAICS_2017_Code,NAICS_6,424330,5
NAICS_2017_Code,NAICS_6,424340,5
NAICS_2017_Code,NAICS_6,424410,5
NAICS_2017_Code,NAICS_6,424420,5
NAICS_2017_Code,NAICS_6,424430,5
NAICS_2017_Code,NAICS_6,424440,5
NAICS_2017_Code,NAICS_6,424450,5
NAICS_2017_Code,NAICS_6,424460,5
NAICS_2017_Code,NAICS_6,424470,5
NAICS_2017_Code,NAICS_6,424480,5
NAICS_2017_Code,NAICS_6,424490,5
NAICS_2017_Code,NAICS_6,424510,5
NAICS_2017_Code,NAICS_6,424520,5
NAICS_2017_Code,NAICS_6,424590,5
NAICS_2017_Code,NAICS_6,424610,5
NAICS_2017_Code,NAICS_6,424690,5
NAICS_2017_Code,NAICS_6,424710,5
NAICS_2017_Code,NAICS_6,424720,5
NAICS_2017_Code,NAICS_6,424810,5
NAICS_2017_Code,NAICS_6,424820,5
NAICS_2017_Code,NAICS_6,424910,5
NAICS_2017_Code,NAICS_6,424920,5
NAICS_2017_Code,NAICS_6,424930,5
NAICS_2017_Code,NAICS_6,424940,5
NAICS_2017_Code,NAICS_6,424950,5
NAICS_2017_Code,NAICS_6,424990,5
NAICS_2017_Code,NAICS_6,425110,5
NAICS_2017_Code,NAICS_6,425120,5
NAICS_2017_Code,NAICS_6,441110,5
NAICS_2017_Code,NAICS_6,441120,5
NAICS_2017_Code,NAICS_6,441210,5
NAICS_2017_Code,NAICS_6,441222,5
NAICS_2017_Code,NAICS_6,441228,5
NAICS_2017_Code,NAICS_6,441310,5
NAICS_2017_Code,NAICS_6,441320,5
NAICS_2017_Code,NAICS_6,442110,5
NAICS_2017_Code,NAICS_6,442210,5
NAICS_2017_Code,NAICS_6,442291,5
NAICS_2017_Code,NAICS_6,442299,5
NAICS_2017_Code,NAICS_6,443141,5
NAICS_2017_Code,NAICS_6,443142,5
NAICS_2017_Code,NAICS_6,444110,5
NAICS_2017_Code,NAICS_6,444120,5
NAICS_2017_Code,NAICS_6,444130,5
NAICS_2017_Code,NAICS_6,444190,5
NAICS_2017_Code,NAICS_6,444210,5
NAICS_2017_Code,NAICS_6,444220,5
NAICS_2017_Code,NAICS_6,445110,5
NAICS_2017_Code,NAICS_6,445120,5
NAICS_2017_Code,NAICS_6,445210,5
NAICS_2017_Code,NAICS_6,445220,5
NAICS_2017_Code,NAICS_6,445230,5
NAICS_2017_Code,NAICS_6,445291,5
NAICS_2017_Code,NAICS_6,445292,5
NAICS_2017_Code,NAICS_6,445299,5
NAICS_2017_Code,NAICS_6,445310,5
NAICS_2017_Code,NAICS_6,446110,5
NAICS_2017_Code,NAICS_6,446120,5
NAICS_2017_Code,NAICS_6,446130,5
NAICS_2017_Code,NAICS_6,446191,5
NAICS_2017_Code,NAICS_6,446199,5
NAICS_2017_Code,NAICS_6,447110,5
NAICS_2017_Code,NAICS_6,447190,5
NAICS_2017_Code,NAICS_6,448110,5
NAICS_2017_Code,NAICS_6,448120,5
NAICS_2017_Code,NAICS_6,448130,5
NAICS_2017_Code,NAICS_6,448140,5
NAICS_2017_Code,NAICS_6,448150,5
NAICS_2017_Code,NAICS_6,448190,5
NAICS_2017_Code,NAICS_6,448210,5
NAICS_2017_Code,NAICS_6,448310,5
NAICS_2017_Code,NAICS_6,448320,5
NAICS_2017_Code,NAICS_6,451110,5
NAICS_2017_Code,NAICS_6,451120,5
NAICS_2017_Code,NAICS_6,451130,5
NAICS_2017_Code,NAICS_6,451140,5
NAICS_2017_Code,NAICS_6,451211,5
NAICS_2017_Code,NAICS_6,451212,5
NAICS_2017_Code,NAICS_6,452210,5
NAICS_2017_Code,NAICS_6,452311,5
NAICS_2017_Code,NAICS_6,452319,5
NAICS_2017_Code,NAICS_6,453110,5
NAICS_2017_Code,NAICS_6,453210,5
NAICS_2017_Code,NAICS_6,453220,5
NAICS_2017_Code,NAICS_6,453310,5
NAICS_2017_Code,NAICS_6,453910,5
NAICS_2017_Code,NAICS_6,453920,5
NAICS_2017_Code,NAICS_6,453930,5
NAICS_2017_Code,NAICS_6,453991,5
NAICS_2017_Code,NAICS_6,453998,5
NAICS_2017_Code,NAICS_6,454110,5
NAICS_2017_Code,NAICS_6,454210,5
NAICS_2017_Code,NAICS_6,454310,5
NAICS_2017_Code,NAICS_6,454390,5
NAICS_2017_Code,NAICS_6,481111,5
NAICS_2017_Code,NAICS_6,481112,5
NAICS_2017_Code,NAICS_6,481211,5
NAICS_2017_Code,NAICS_6,481212,5
NAICS_2017_Code,NAICS_6,481219,5
NAICS_2017_Code,NAICS_6,482111,5
NAICS_2017_Code,NAICS_6,482112,5
NAICS_2017_Code,NAICS_6,483111,5
NAICS_2017_Code,NAICS_6,483112,5
NAICS_2017_Code,NAICS_6,483113,5
NAICS_2017_Code,NAICS_6,483114,5
NAICS_2017_Code,NAICS_6,483211,5
NAICS_2017_Code,NAICS_6,483212,5
NAICS_2017_Code,NAICS_6,484110,5
NAICS_2017_Code,NAICS_6,484121,5
NAICS_2017_Code,NAICS_6,484122,5
NAICS_2017_Code,NAICS_6,484210,5
NAICS_2017_Code,NAICS_6,484220,5
NAICS_2017_Code,NAICS_6,484230,5
NAICS_2017_Code,NAICS_6,485111,5
NAICS_2017_Code,NAICS_6,485112,5
NAICS_2017_Code,NAICS_6,485113,5
NAICS_2017_Code,NAICS_6,485119,5
NAICS_2017_Code,NAICS_6,485210,5
NAICS_2017_Code,NAICS_6,485310,5
NAICS_2017_Code,NAICS_6,485320,5
NAICS_2017_Code,NAICS_6,485410,5
NAICS_2017_Code,NAICS_6,485510,5
NAICS_2017_Code,NAICS_6,485991,5
NAICS_2017_Code,NAICS_6,485999,5
NAICS_2017_Code,NAICS_6,486110,5
NAICS_2017_Code,NAICS_6,486210,5
NAICS_2017_Code,NAICS_6,486910,5
NAICS_2017_Code,NAICS_6,486990,5
NAICS_2017_Code,NAICS_6,487110,5
NAICS_2017_Code,NAICS_6,487210,5
NAICS_2017_Code,NAICS_6,487990,5
NAICS_2017_Code,NAICS_6,488111,5
NAICS_2017_Code,NAICS_6,488119,5
NAICS_2017_Code,NAICS_6,488190,5
NAICS_2017_Code,NAICS_6,488210,5
NAICS_2017_Code,NAICS_6,488310,5
NAICS_2017_Code,NAICS_6,488320,5
NAICS_2017_Code,NAICS_6,488330,5
NAICS_2017_Code,NAICS_6,488390,5
NAICS_2017_Code,NAICS_6,488410,5
NAICS_2017_Code,NAICS_6,488490,5
NAICS_2017_Code,NAICS_6,488510,5
NAICS_2017_Code,NAICS_6,488991,5
NAICS_2017_Code,NAICS_6,488999,5
NAICS_2017_Code,NAICS_6,491110,5
NAICS_2017_Code,NAICS_6,492110,5
NAICS_2017_Code,NAICS_6,492210,5
NAICS_2017_Code,NAICS_6,493110,5
NAICS_2017_Code,NAICS_6,493120,5
NAICS_2017_Code,NAICS_6,493130,5
NAICS_2017_Code,NAICS_6,493190,5
NAICS_2017_Code,NAICS_6,511110,5
NAICS_2017_Code,NAICS_6,511120,5
NAICS_2017_Code,NAICS_6,511130,5
NAICS_2017_Code,NAICS_6,511140,5
NAICS_2017_Code,NAICS_6,511191,5
NAICS_2017_Code,NAICS_6,511199,5
NAICS_2017_Code,NAICS_6,511210,5
NAICS_2017_Code,NAICS_6,512110,5
NAICS_2017_Code,NAICS_6,512120,5
NAICS_2017_Code,NAICS_6,512131,5
NAICS_2017_Code,NAICS_6,512132,5
NAICS_2017_Code,NAICS_6,512191,5
NAICS_2017_Code,NAICS_6,512199,5
NAICS_2017_Code,NAICS_6,512230,5
NAICS_2017_Code,NAICS_6,512240,5
NAICS_2017_Code,NAICS_6,512250,5
NAICS_2017_Code,NAICS_6,512290,5
NAICS_2017_Code,NAICS_6,515111,5
NAICS_2017_Code,NAICS_6,515112,5
NAICS_2017_Code,NAICS_6,515120,5
NAICS_2017_Code,NAICS_6,515210,5
NAICS_2017_Code,NAICS_6,517311,5
NAICS_2017_Code,NAICS_6,517312,5
NAICS_2017_Code,NAICS_6,517410,5
NAICS_2017_Code,NAICS_6,517911,5
NAICS_2017_Code,NAICS_6,517919,5
NAICS_2017_Code,NAICS_6,518210,5
NAICS_2017_Code,NAICS_6,519110,5
NAICS_2017_Code,NAICS_6,519120,5
NAICS_2017_Code,NAICS_6,519130,5
NAICS_2017_Code,NAICS_6,519190,5
NAICS_2017_Code,NAICS_6,521110,5
NAICS_2017_Code,NAICS_6,522110,5
NAICS_2017_Code,NAICS_6,522120,5
NAICS_2017_Code,NAICS_6,522130,5
NAICS_2017_Code,NAICS_6,522190,5
NAICS_2017_Code,NAICS_6,522210,5
NAICS_2017_Code,NAICS_6,522220,5
NAICS_2017_Code,NAICS_6,522291,5
NAICS_2017_Code,NAICS_6,522292,5
NAICS_2017_Code,NAICS_6,522293,5
NAICS_2017_Code,NAICS_6,522294,5
NAICS_2017_Code,NAICS_6,522298,5
NAICS_2017_Code,NAICS_6,522310,5
NAICS_2017_Code,NAICS_6,522320,5
NAICS_2017_Code,NAICS_6,522390,5
NAICS_2017_Code,NAICS_6,523110,5
NAICS_2017_Code,NAICS_6,523120,5
NAICS_2017_Code,NAICS_6,523130,5
NAICS_2017_Code,NAICS_6,523140,5
NAICS_2017_Code,NAICS_6,523210,5
NAICS_2017_Code,NAICS_6,523910,5
NAICS_2017_Code,NAICS_6,523920,5
NAICS_2017_Code,NAICS_6,523930,5
NAICS_2017_Code,NAICS_6,523991,5
NAICS_2017_Code,NAICS_6,523999,5
NAICS_2017_Code,NAICS_6,524113,5
NAICS_2017_Code,NAICS_6,524114,5
NAICS_2017_Code,NAICS_6,524126,5
NAICS_2017_Code,NAICS_6,524127,5
NAICS_2017_Code,NAICS_6,524128,5
NAICS_2017_Code,NAICS_6,524130,5
NAICS_2017_Code,NAICS_6,524210,5
NAICS_2017_Code,NAICS_6,524291,5
NAICS_2017_Code,NAICS_6,524292,5
NAICS_2017_Code,NAICS_6,524298,5
NAICS_2017_Code,NAICS_6,525110,5
NAICS_2017_Code,NAICS_6,525120,5
NAICS_2017_Code,NAICS_6,525190,5
NAICS_2017_Code,NAICS_6,525910,5
NAICS_2017_Code,NAICS_6,525920,5
NAICS_2017_Code,NAICS_6,525990,5
NAICS_2017_Code,NAICS_6,531110,5
NAICS_2017_Code,NAICS_6,531120,5
NAICS_2017_Code,NAICS_6,531130,5
NAICS_2017_Code,NAICS_6,531190,5
NAICS_2017_Code,NAICS_6,531210,5
NAICS_2017_Code,NAICS_6,531311,5
NAICS_2017_Code,NAICS_6,531312,5
NAICS_2017_Code,NAICS_6,531320,5
NAICS_2017_Code,NAICS_6,531390,5
NAICS_2017_Code,NAICS_6,532111,5
NAICS_2017_Code,NAICS_6,532112,5
NAICS_2017_Code,NAICS_6,532120,5
NAICS_2017_Code,NAICS_6,532210,5
NAICS_2017_Code,NAICS_6,532281,5
NAICS_2017_Code,NAICS_6,532282,5
NAICS_2017_Code,NAICS_6,532283,5
NAICS_2017_Code,NAICS_6,532284,5
NAICS_2017_Code,NAICS_6,532289,5
NAICS_2017_Code,NAICS_6,532310,5
NAICS_2017_Code,NAICS_6,532411,5
NAICS_2017_Code,NAICS_6,532412,5
NAICS_2017_Code,NAICS_6,532420,5
NAICS_2017_Code,NAICS_6,532490,5
NAICS_2017_Code,NAICS_6,533110,5
NAICS_2017_Code,NAICS_6,541110,5
NAICS_2017_Code,NAICS_6,541120,5
NAICS_2017_Code,NAICS_6,541191,5
NAICS_2017_Code,NAICS_6,541199,5
NAICS_2017_Code,NAICS_6,541211,5
NAICS_2017_Code,NAICS_6,541213,5
NAICS_2017_Code,NAICS_6,541214,5
NAICS_2017_Code,NAICS_6,541219,5
NAICS_2017_Code,NAICS_6,541310,5
NAICS_2017_Code,NAICS_6,541320,5
NAICS_2017_Code,NAICS_6,541330,5
NAICS_2017_Code,NAICS_6,541340,5
NAICS_2017_Code,NAICS_6,541350,5
NAICS_2017_Code,NAICS_6,541360,5
NAICS_2017_Code,NAICS_6,541370,5
NAICS_2017_Code,NAICS_6,541380,5
NAICS_2017_Code,NAICS_6,541410,5
NAICS_2017_Code,NAICS_6,541420,5
NAICS_2017_Code,NAICS_6,541430,5
NAICS_2017_Code,NAICS_6,541490,5
NAICS_2017_Code,NAICS_6,541511,5
NAICS_2017_Code,NAICS_6,541512,5
NAICS_2017_Code,NAICS_6,541513,5
NAICS_2017_Code,NAICS_6,541519,5
NAICS_2017_Code,NAICS_6,541611,5
NAICS_2017_Code,NAICS_6,541612,5
NAICS_2017_Code,NAICS_6,541613,5
NAICS_2017_Code,NAICS_6,541614,5
NAICS_2017_Code,NAICS_6,541618,5
NAICS_2017_Code,NAICS_6,541620,5
NAICS_2017_Code,NAICS_6,541690,5
NAICS_2017_Code,NAICS_6,541713,5
NAICS_2017_Code,NAICS_6,541714,5
NAICS_2017_Code,NAICS_6,541715,5
NAICS_2017_Code,NAICS_6,541720,5
NAICS_2017_Code,NAICS_6,541810,5
NAICS_2017_Code,NAICS_6,541820,5
NAICS_2017_Code,NAICS_6,541830,5
NAICS_2017_Code,NAICS_6,541840,5
NAICS_2017_Code,NAICS_6,541850,5
NAICS_2017_Code,NAICS_6,541860,5
NAICS_2017_Code,NAICS_6,541870,5
NAICS_2017_Code,NAICS_6,541890,5
NAICS_2017_Code,NAICS_6,541910,5
NAICS_2017_Code,NAICS_6,541921,5
NAICS_2017_Code,NAICS_6,541922,5
NAICS_2017_Code,NAICS_6,541930,5
NAICS_2017_Code,NAICS_6,541940,5
NAICS_2017_Code,NAICS_6,541990,5
NAICS_2017_Code,NAICS_6,551111,5
NAICS_2017_Code,NAICS_6,551112,5
NAICS_2017_Code,NAICS_6,551114,5
NAICS_2017_Code,NAICS_6,561110,5
NAICS_2017_Code,NAICS_6,561210,5
NAICS_2017_Code,NAICS_6,561311,5
NAICS_2017_Code,NAICS_6,561312,5
NAICS_2017_Code,NAICS_6,561320,5
NAICS_2017_Code,NAICS_6,561330,5
NAICS_2017_Code,NAICS_6,561410,5
NAICS_2017_Code,NAICS_6,561421,5
NAICS_2017_Code,NAICS_6,561422,5
NAICS_2017_Code,NAICS_6,561431,5
NAICS_2017_Code,NAICS_6,561439,5
NAICS_2017_Code,NAICS_6,561440,5
NAICS_2017_Code,NAICS_6,561450,5
NAICS_2017_Code,NAICS_6,561491,5
NAICS_2017_Code,NAICS_6,561492,5
NAICS_2017_Code,NAICS_6,561499,5
NAICS_2017_Code,NAICS_6,561510,5
NAICS_2017_Code,NAICS_6,561520,5
NAICS_2017_Code,NAICS_6,561591,5
NAICS_2017_Code,NAICS_6,561599,5
NAICS_2017_Code,NAICS_6,561611,5
NAICS_2017_Code,NAICS_6,561612,5
NAICS_2017_Code,NAICS_6,561613,5
NAICS_2017_Code,NAICS_6,561621,5
NAICS_2017_Code,NAICS_6,561622,5
NAICS_2017_Code,NAICS_6,561710,5
NAICS_2017_Code,NAICS_6,561720,5
NAICS_2017_Code,NAICS_6,561730,5
NAICS_2017_Code,NAICS_6,561740,5
NAICS_2017_Code,NAICS_6,561790,5
NAICS_2017_Code,NAICS_6,561910,5
NAICS_2017_Code,NAICS_6,561920,5
NAICS_2017_Code,NAICS_6,561990,5
NAICS_2017_Code,NAICS_6,562111,5
NAICS_2017_Code,NAICS_6,562112,5
NAICS_2017_Code,NAICS_6,562119,5
NAICS_2017_Code,NAICS_6,562211,5
NAICS_2017_Code,NAICS_6,562212,5
NAICS_2017_Code,NAICS_6,562213,5
NAICS_2017_Code,NAICS_6,562219,5
NAICS_2017_Code,NAICS_6,562910,5
NAICS_2017_Code,NAICS_6,562920,5
NAICS_2017_Code,NAICS_6,562991,5
NAICS_2017_Code,NAICS_6,562998,5
NAICS_2017_Code,NAICS_6,611110,5
NAICS_2017_Code,NAICS_6,611210,5
NAICS_2017_Code,NAICS_6,611310,5
NAICS_2017_Code,NAICS_6,611410,5
NAICS_2017_Code,NAICS_6,611420,5
NAICS_2017_Code,NAICS_6,611430,5
NAICS_2017_Code,NAICS_6,611511,5
NAICS_2017_Code,NAICS_6,611512,5
NAICS_2017_Code,NAICS_6,611513,5
NAICS_2017_Code,NAICS_6,611519,5
NAICS_2017_Code,NAICS_6,611610,5
NAICS_2017_Code,NAICS_6,611620,5
NAICS_2017_Code,NAICS_6,611630,5
NAICS_2017_Code,NAICS_6,611691,5
NAICS_2017_Code,NAICS_6,611692,5
NAICS_2017_Code,NAICS_6,611699,5
NAICS_2017_Code,NAICS_6,611710,5
NAICS_2017_Code,NAICS_6,621111,5
NAICS_2017_Code,NAICS_6,621112,5
NAICS_2017_Code,NAICS_6,621210,5
NAICS_2017_Code,NAICS_6,621310,5
NAICS_2017_Code,NAICS_6,621320,5
NAICS_2017_Code,NAICS_6,621330,5
NAICS_2017_Code,NAICS_6,621340,5
NAICS_2017_Code,NAICS_6,621391,5
NAICS_2017_Code,NAICS_6,621399,5
NAICS_2017_Code,NAICS_6,621410,5
NAICS_2017_Code,NAICS_6,621420,5
NAICS_2017_Code,NAICS_6,621491,5
NAICS_2017_Code,NAICS_6,621492,5
NAICS_2017_Code,NAICS_6,621493,5
NAICS_2017_Code,NAICS_6,621498,5
NAICS_2017_Code,NAICS_6,621511,5
NAICS_2017_Code,NAICS_6,621512,5
NAICS_2017_Code,NAICS_6,621610,5
NAICS_2017_Code,NAICS_6,621910,5
NAICS_2017_Code,NAICS_6,621991,5
NAICS_2017_Code,NAICS_6,621999,5
NAICS_2017_Code,NAICS_6,622110,5
NAICS_2017_Code,NAICS_6,622210,5
NAICS_2017_Code,NAICS_6,622310,5
NAICS_2017_Code,NAICS_6,623110,5
NAICS_2017_Code,NAICS_6,623210,5
NAICS_2017_Code,NAICS_6,623220,5
NAICS_2017_Code,NAICS_6,623311,5
NAICS_2017_Code,NAICS_6,623312,5
NAICS_2017_Code,NAICS_6,623990,5
NAICS_2017_Code,NAICS_6,624110,5
NAICS_2017_Code,NAICS_6,624120,5
NAICS_2017_Code,NAICS_6,624190,5
NAICS_2017_Code,NAICS_6,624210,5
NAICS_2017_Code,NAICS_6,624221,5
NAICS_2017_Code,NAICS_6,624229,5
NAICS_2017_Code,NAICS_6,624230,5
NAICS_2017_Code,NAICS_6,624310,5
NAICS_2017_Code,NAICS_6,624410,5
NAICS_2017_Code,NAICS_6,711110,5
NAICS_2017_Code,NAICS_6,711120,5
NAICS_2017_Code,NAICS_6,711130,5
NAICS_2017_Code,NAICS_6,711190,5
NAICS_2017_Code,NAICS_6,711211,5
NAICS_2017_Code,NAICS_6,711212,5
NAICS_2017_Code,NAICS_6,711219,5
NAICS_2017_Code,NAICS_6,711310,5
NAICS_2017_Code,NAICS_6,711320,5
NAICS_2017_Code,NAICS_6,711410,5
NAICS_2017_Code,NAICS_6,711510,5
NAICS_2017_Code,NAICS_6,712110,5
NAICS_2017_Code,NAICS_6,712120,5
NAICS_2017_Code,NAICS_6,712130,5
NAICS_2017_Code,NAICS_6,712190,5
NAICS_2017_Code,NAICS_6,713110,5
NAICS_2017_Code,NAICS_6,713120,5
NAICS_2017_Code,NAICS_6,713210,5
NAICS_2017_Code,NAICS_6,713290,5
NAICS_2017_Code,NAICS_6,713910,5
NAICS_2017_Code,NAICS_6,713920,5
NAICS_2017_Code,NAICS_6,713930,5
NAICS_2017_Code,NAICS_6,713940,5
NAICS_2017_Code,NAICS_6,713950,5
NAICS_2017_Code,NAICS_6,713990,5
NAICS_2017_Code,NAICS_6,721110,5
NAICS_2017_Code,NAICS_6,721120,5
NAICS_2017_Code,NAICS_6,721191,5
NAICS_2017_Code,NAICS_6,721199,5
NAICS_2017_Code,NAICS_6,721211,5
NAICS_2017_Code,NAICS_6,721214,5
NAICS_2017_Code,NAICS_6,721310,5
NAICS_2017_Code,NAICS_6,722310,5
NAICS_2017_Code,NAICS_6,722320,5
NAICS_2017_Code,NAICS_6,722330,5
NAICS_2017_Code,NAICS_6,722410,5
NAICS_2017_Code,NAICS_6,722511,5
NAICS_2017_Code,NAICS_6,722513,5
NAICS_2017_Code,NAICS_6,722514,5
NAICS_2017_Code,NAICS_6,722515,5
NAICS_2017_Code,NAICS_6,811111,5
NAICS_2017_Code,NAICS_6,811112,5
NAICS_2017_Code,NAICS_6,811113,5
NAICS_2017_Code,NAICS_6,811118,5
NAICS_2017_Code,NAICS_6,811121,5
NAICS_2017_Code,NAICS_6,811122,5
NAICS_2017_Code,NAICS_6,811191,5
NAICS_2017_Code,NAICS_6,811192,5
NAICS_2017_Code,NAICS_6,811198,5
NAICS_2017_Code,NAICS_6,811211,5
NAICS_2017_Code,NAICS_6,811212,5
NAICS_2017_Code,NAICS_6,811213,5
NAICS_2017_Code,NAICS_6,811219,5
NAICS_2017_Code,NAICS_6,811310,5
NAICS_2017_Code,NAICS_6,811411,5
NAICS_2017_Code,NAICS_6,811412,5
NAICS_2017_Code,NAICS_6,811420,5
NAICS_2017_Code,NAICS_6,811430,5
NAICS_2017_Code,NAICS_6,811490,5
NAICS_2017_Code,NAICS_6,812111,5
NAICS_2017_Code,NAICS_6,812112,5
NAICS_2017_Code,NAICS_6,812113,5
NAICS_2017_Code,NAICS_6,812191,5
NAICS_2017_Code,NAICS_6,812199,5
NAICS_2017_Code,NAICS_6,812210,5
NAICS_2017_Code,NAICS_6,812220,5
NAICS_2017_Code,NAICS_6,812310,5
NAICS_2017_Code,NAICS_6,812320,5
NAICS_2017_Code,NAICS_6,812331,5
NAICS_2017_Code,NAICS_6,812332,5
NAICS_2017_Code,NAICS_6,812910,5
NAICS_2017_Code,NAICS_6,812921,5
NAICS_2017_Code,NAICS_6,812922,5
NAICS_2017_Code,NAICS_6,812930,5
NAICS_2017_Code,NAICS_6,812990,5
NAICS_2017_Code,NAICS_6,813110,5
NAICS_2017_Code,NAICS_6,813211,5
NAICS_2017_Code,NAICS_6,813212,5
NAICS_2017_Code,NAICS_6,813219,5
NAICS_2017_Code,NAICS_6,813311,5
NAICS_2017_Code,NAICS_6,813312,5
NAICS_2017_Code,NAICS_6,813319,5
NAICS_2017_Code,NAICS_6,813410,5
NAICS_2017_Code,NAICS_6,813910,5
NAICS_2017_Code,NAICS_6,813920,5
NAICS_2017_Code,NAICS_6,813930,5
NAICS_2017_Code,NAICS_6,813940,5
NAICS_2017_Code,NAICS_6,813990,5
NAICS_2017_Code,NAICS_6,814110,5
NAICS_2017_Code,NAICS_6,921110,5
NAICS_2017_Code,NAICS_6,921120,5
NAICS_2017_Code,NAICS_6,921130,5
NAICS_2017_Code,NAICS_6,921140,5
NAICS_2017_Code,NAICS_6,921150,5
NAICS_2017_Code,NAICS_6,921190,5
NAICS_2017_Code,NAICS_6,922110,5
NAICS_2017_Code,NAICS_6,922120,5
NAICS_2017_Code,NAICS_6,922130,5
NAICS_2017_Code,NAICS_6,922140,5
NAICS_2017_Code,NAICS_6,922150,5
NAICS_2017_Code,NAICS_6,922160,5
NAICS_2017_Code,NAICS_6,922190,5
NAICS_2017_Code,NAICS_6,923110,5
NAICS_2017_Code,NAICS_6,923120,5
NAICS_2017_Code,NAICS_6,923130,5
NAICS_2017_Code,NAICS_6,923140,5
NAICS_2017_Code,NAICS_6,924110,5
NAICS_2017_Code,NAICS_6,924120,5
NAICS_2017_Code,NAICS_6,925110,5
NAICS_2017_Code,NAICS_6,925120,5
NAICS_2017_Code,NAICS_6,926110,5
NAICS_2017_Code,NAICS_6,926120,5
NAICS_2017_Code,NAICS_6,926130,5
NAICS_2017_Code,NAICS_6,926140,5
NAICS_2017_Code,NAICS_6,926150,5
NAICS_2017_Code,NAICS_6,927110,5
NAICS_2017_Code,NAICS_6,928110,5
NAICS_2017_Code,NAICS_6,928120,5
NAICS_2017_Code,NAICS_7,111120A,6
NAICS_2017_Code,NAICS_7,111120B,6
NAICS_2017_Code,NAICS_7,111120C,6
NAICS_2017_Code,NAICS_7,111120D,6
NAICS_2017_Code,NAICS_7,111120E,6
NAICS_2017_Code,NAICS_7,111120F,6
NAICS_2017_Code,NAICS_7,111120G,6
NAICS_2017_Code,NAICS_7,111120H,6
NAICS_2017_Code,NAICS_7,111130A,6
NAICS_2017_Code,NAICS_7,111130B,6
NAICS_2017_Code,NAICS_7,111130C,6
NAICS_2017_Code,NAICS_7,111130D,6
NAICS_2017_Code,NAICS_7,111130E,6
NAICS_2017_Code,NAICS_7,111130G,6
NAICS_2017_Code,NAICS_7,111130H,6
NAICS_2017_Code,NAICS_7,111130I,6
NAICS_2017_Code,NAICS_7,111130J,6
NAICS_2017_Code,NAICS_7,111150A,6
NAICS_2017_Code,NAICS_7,111150B,6
NAICS_2017_Code,NAICS_7,111150C,6
NAICS_2017_Code,NAICS_7,111199A,6
NAICS_2017_Code,NAICS_7,111199B,6
NAICS_2017_Code,NAICS_7,111199C,6
NAICS_2017_Code,NAICS_7,111199D,6
NAICS_2017_Code,NAICS_7,111199E,6
NAICS_2017_Code,NAICS_7,111199F,6
NAICS_2017_Code,NAICS_7,111199G,6
NAICS_2017_Code,NAICS_7,111199H,6
NAICS_2017_Code,NAICS_7,111199I,6
NAICS_2017_Code,NAICS_7,111199J,6
NAICS_2017_Code,NAICS_7,111199K,6
NAICS_2017_Code,NAICS_7,111211A,6
NAICS_2017_Code,NAICS_7,111211B,6
NAICS_2017_Code,NAICS_7,111219A,6
NAICS_2017_Code,NAICS_7,111219B,6
NAICS_2017_Code,NAICS_7,111219C,6
NAICS_2017_Code,NAICS_7,111219D,6
NAICS_2017_Code,NAICS_7,111219E,6
NAICS_2017_Code,NAICS_7,111219F,6
NAICS_2017_Code,NAICS_7,111219G,6
NAICS_2017_Code,NAICS_7,111219H,6
NAICS_2017_Code,NAICS_7,111219I,6
NAICS_2017_Code,NAICS_7,111219J,6
NAICS_2017_Code,NAICS_7,111219K,6
NAICS_2017_Code,NAICS_7,111219L,6
NAICS_2017_Code,NAICS_7,111219M,6
NAICS_2017_Code,NAICS_7,111219N,6
NAICS_2017_Code,NAICS_7,111219P,6
NAICS_2017_Code,NAICS_7,111219Q,6
NAICS_2017_Code,NAICS_7,111219R,6
NAICS_2017_Code,NAICS_7,111219T,6
NAICS_2017_Code,NAICS_7,111219U,6
NAICS_2017_Code,NAICS_7,111219V,6
NAICS_2017_Code,NAICS_7,111219W,6
NAICS_2017_Code,NAICS_7,111219X,6
NAICS_2017_Code,NAICS_7,111219Y,6
NAICS_2017_Code,NAICS_7,111219Z,6
NAICS_2017_Code,NAICS_7,111421A,6
NAICS_2017_Code,NAICS_7,111421B,6
NAICS_2017_Code,NAICS_7,111930A,6
NAICS_2017_Code,NAICS_7,111930B,6
NAICS_2017_Code,NAICS_7,111940A,6
NAICS_2017_Code,NAICS_7,111940B,6
NAICS_2017_Code,NAICS_7,111991A,6
NAICS_2017_Code,NAICS_7,111991B,6
NAICS_2017_Code,NAICS_7,111998A,6
NAICS_2017_Code,NAICS_7,111998B,6
NAICS_2017_Code,NAICS_7,111998C,6
NAICS_2017_Code,NAICS_7,111998D,6
NAICS_2017_Code,NAICS_7,111998E,6
NAICS_2017_Code,NAICS_7,111998F,6
NAICS_2017_Code,NAICS_7,111998G,6
NAICS_2017_Code,NAICS_7,111998H,6
NAICS_2017_Code,NAICS_7,111998I,6
NAICS_2017_Code,NAICS_7,111998J,6
NAICS_2017_Code,NAICS_7,111998K,6
NAICS_2017_Code,NAICS_7,111998L,6
NAICS_2017_Code,NAICS_7,111998M,6
NAICS_2017_Code,NAICS_7,111998N,6
NAICS_2017_Code,NAICS_7,111998O,6
NAICS_2017_Code,NAICS_7,111998P,6
NAICS_2017_Code,NAICS_7,111998Q,6
NAICS_2017_Code,NAICS_7,111998R,6
NAICS_2017_Code,NAICS_7,111998S,6
NAICS_2017_Code,NAICS_7,111998T,6
NAICS_2017_Code,NAICS_7,112130A,6
NAICS_2017_Code,NAICS_7,112130B,6
NAICS_2017_Code,NAICS_7,112320A,6
NAICS_2017_Code,NAICS_7,112320B,6
NAICS_2017_Code,NAICS_7,112320C,6
NAICS_2017_Code,NAICS_7,112390A,6
NAICS_2017_Code,NAICS_7,112390B,6
NAICS_2017_Code,NAICS_7,112390C,6
NAICS_2017_Code,NAICS_7,112390D,6
NAICS_2017_Code,NAICS_7,112390E,6
NAICS_2017_Code,NAICS_7,112390F,6
NAICS_2017_Code,NAICS_7,112390G,6
NAICS_2017_Code,NAICS_7,112390H,6
NAICS_2017_Code,NAICS_7,112390J,6
NAICS_2017_Code,NAICS_7,112390K,6
NAICS_2017_Code,NAICS_7,112390L,6
NAICS_2017_Code,NAICS_7,112390M,6
NAICS_2017_Code,NAICS_7,112390N,6
NAICS_2017_Code,NAICS_7,112410A,6
NAICS_2017_Code,NAICS_7,112410B,6
NAICS_2017_Code,NAICS_7,112910A,6
NAICS_2017_Code,NAICS_7,112910B,6
NAICS_2017_Code,NAICS_7,112920A,6
NAICS_2017_Code,NAICS_7,112920B,6
NAICS_2017_Code,NAICS_7,112930A,6
NAICS_2017_Code,NAICS_7,112930B,6
NAICS_2017_Code,NAICS_7,112990A,6
NAICS_2017_Code,NAICS_7,112990B,6
NAICS_2017_Code,NAICS_7,112990C,6
NAICS_2017_Code,NAICS_7,112990D,6
NAICS_2017_Code,NAICS_7,112990E,6
NAICS_2017_Code,NAICS_7,112990F,6
NAICS_2017_Code,NAICS_7,221112A,6
NAICS_2017_Code,NAICS_7,221112B,6
NAICS_2017_Code,NAICS_7,221112C,6
NAICS_2017_Code,NAICS_7,5622121,6
NAICS_2017_Code,NAICS_7,5622191,6
NAICS_2017_Code,NAICS_7,5622192,6
NAICS_2017_Code,NAICS_7,5629201,6
NAICS_2017_Code,NAICS_7,5629202,6
NAICS_2017_Code,NAICS_7,5629203,6
NAICS_2022_Code,NAICS_2,11,1
NAICS_2022_Code,NAICS_2,21,1
NAICS_2022_Code,NAICS_2,22,1
NAICS_2022_Code,NAICS_2,23,1
NAICS_2022_Code,NAICS_2,31,1
NAICS_2022_Code,NAICS_2,32,1
NAICS_2022_Code,NAICS_2,33,1
NAICS_2022_Code,NAICS_2,42,1
NAICS_2022_Code,NAICS_2,44,1
NAICS_2022_Code,NAICS_2,45,1
NAICS_2022_Code,NAICS_2,48,1
NAICS_2022_Code,NAICS_2,49,1
NAICS_2022_Code,NAICS_2,51,1
NAICS_2022_Code,NAICS_2,52,1
NAICS_2022_Code,NAICS_2,53,1
NAICS_2022_Code,NAICS_2,54,1
NAICS_2022_Code,NAICS_2,55,1
NAICS_2022_Code,NAICS_2,56,1
NAICS_2022_Code,NAICS_2,61,1
NAICS_2022_Code,NAICS_2,62,1
NAICS_2022_Code,NAICS_2,71,1
NAICS_2022_Code,NAICS_2,72,1
NAICS_2022_Code,NAICS_2,81,1
NAICS_2022_Code,NAICS_2,92,1
NAICS_2022_Code,NAICS_3,111,2
NAICS_2022_Code,NAICS_3,112,2
NAICS_2022_Code,NAICS_3,113,2
NAICS_2022_Code,NAICS_3,114,2
NAICS_2022_Code,NAICS_3,115,2
NAICS_2022_Code,NAICS_3,211,2
NAICS_2022_Code,NAICS_3,212,2
NAICS_2022_Code,NAICS_3,213,2
NAICS_2022_Code,NAICS_3,221,2
NAICS_2022_Code,NAICS_3,236,2
NAICS_2022_Code,NAICS_3,237,2
NAICS_2022_Code,NAICS_3,238,2
NAICS_2022_Code,NAICS_3,311,2
NAICS_2022_Code,NAICS_3,312,2
NAICS_2022_Code,NAICS_3,313,2
NAICS_2022_Code,NAICS_3,314,2
NAICS_2022_Code,NAICS_3,315,2
NAICS_2022_Code,NAICS_3,316,2
NAICS_2022_Code,NAICS_3,321,2
NAICS_2022_Code,NAICS_3,322,2
NAICS_2022_Code,NAICS_3,323,2
NAICS_2022_Code,NAICS_3,324,2
NAICS_2022_Code,NAICS_3,325,2
NAICS_2022_Code,NAICS_3,326,2
NAICS_2022_Code,NAICS_3,327,2
NAICS_2022_Code,NAICS_3,331,2
NAICS_2022_Code,NAICS_3,332,2
NAICS_2022_Code,NAICS_3,333,2
NAICS_2022_Code,NAICS_3,334,2
NAICS_2022_Code,NAICS_3,335,2
NAICS_2022_Code,NAICS_3,336,2
NAICS_2022_Code,NAICS_3,337,2
NAICS_2022_Code,NAICS_3,339,2
NAICS_2022_Code,NAICS_3,423,2
NAICS_2022_Code,NAICS_3,424,2
NAICS_2022_Code,NAICS_3,425,2
NAICS_2022_Code,NAICS_3,441,2
NAICS_2022_Code,NAICS_3,444,2
NAICS_2022_Code,NAICS_3,445,2
NAICS_2022_Code,NAICS_3,449,2
NAICS_2022_Code,NAICS_3,455,2
NAICS_2022_Code,NAICS_3,456,2
NAICS_2022_Code,NAICS_3,457,2
NAICS_2022_Code,NAICS_3,458,2
NAICS_2022_Code,NAICS_3,459,2
NAICS_2022_Code,NAICS_3,481,2
NAICS_2022_Code,NAICS_3,482,2
NAICS_2022_Code,NAICS_3,483,2
NAICS_2022_Code,NAICS_3,484,2
NAICS_2022_Code,NAICS_3,485,2
NAICS_2022_Code,NAICS_3,486,2
NAICS_2022_Code,NAICS_3,487,2
NAICS_2022_Code,NAICS_3,488,2
NAICS_2022_Code,NAICS_3,491,2
NAICS_2022_Code,NAICS_3,492,2
NAICS_2022_Code,NAICS_3,493,2
NAICS_2022_Code,NAICS_3,512,2
NAICS_2022_Code,NAICS_3,513,2
NAICS_2022_Code,NAICS_3,516,2
NAICS_2022_Code,NAICS_3,517,2
NAICS_2022_Code,NAICS_3,518,2
NAICS_2022_Code,NAICS_3,519,2
NAICS_2022_Code,NAICS_3,521,2
NAICS_2022_Code,NAICS_3,522,2
NAICS_2022_Code,NAICS_3,523,2
NAICS_2022_Code,NAICS_3,524,2
NAICS_2022_Code,NAICS_3,525,2
NAICS_2022_Code,NAICS_3,531,2
NAICS_2022_Code,NAICS_3,532,2
NAICS_2022_Code,NAICS_3,533,2
NAICS_2022_Code,NAICS_3,541,2
NAICS_2022_Code,NAICS_3,551,2
NAICS_2022_Code,NAICS_3,561,2
NAICS_2022_Code,NAICS_3,562,2
NAICS_2022_Code,NAICS_3,611,2
NAICS_2022_Code,NAICS_3,621,2
NAICS_2022_Code,NAICS_3,622,2
NAICS_2022_Code,NAICS_3,623,2
NAICS_2022_Code,NAICS_3,624,2
NAICS_2022_Code,NAICS_3,711,2
NAICS_2022_Code,NAICS_3,712,2
NAICS_2022_Code,NAICS_3,713,2
NAICS_2022_Code,NAICS_3,721,2
NAICS_2022_Code,NAICS_3,722,2
NAICS_2022_Code,NAICS_3,811,2
NAICS_2022_Code,NAICS_3,812,2
NAICS_2022_Code,NAICS_3,813,2
NAICS_2022_Code,NAICS_3,814,2
NAICS_2022_Code,NAICS_3,921,2
NAICS_2022_Code,NAICS_3,922,2
NAICS_2022_Code,NAICS_3,923,2
NAICS_2022_Code,NAICS_3,924,2
NAICS_2022_Code,NAICS_3,925,2
NAICS_2022_Code,NAICS_3,926,2
NAICS_2022_Code,NAICS_3,927,2
NAICS_2022_Code,NAICS_3,928,2
NAICS_2022_Code,NAICS_4,1111,3
NAICS_2022_Code,NAICS_4,1112,3
NAICS_2022_Code,NAICS_4,1113,3
NAICS_2022_Code,NAICS_4,1114,3
NAICS_2022_Code,NAICS_4,1119,3
NAICS_2022_Code,NAICS_4,1121,3
NAICS_2022_Code,NAICS_4,1122,3
NAICS_2022_Code,NAICS_4,1123,3
NAICS_2022_Code,NAICS_4,1124,3
NAICS_2022_Code,NAICS_4,1125,3
NAICS_2022_Code,NAICS_4,1129,3
NAICS_2022_Code,NAICS_4,1131,3
NAICS_2022_Code,NAICS_4,1132,3
NAICS_2022_Code,NAICS_4,1133,3
NAICS_2022_Code,NAICS_4,1141,3
NAICS_2022_Code,NAICS_4,1142,3
NAICS_2022_Code,NAICS_4,1151,3
NAICS_2022_Code,NAICS_4,1152,3
NAICS_2022_Code,NAICS_4,1153,3
NAICS_2022_Code,NAICS_4,2111,3
NAICS_2022_Code,NAICS_4,2121,3
NAICS_2022_Code,NAICS_4,2122,3
NAICS_2022_Code,NAICS_4,2123,3
NAICS_2022_Code,NAICS_4,2131,3
NAICS_2022_Code,NAICS_4,2211,3
NAICS_2022_Code,NAICS_4,2212,3
NAICS_2022_Code,NAICS_4,2213,3
NAICS_2022_Code,NAICS_4,2361,3
NAICS_2022_Code,NAICS_4,2362,3
NAICS_2022_Code,NAICS_4,2371,3
NAICS_2022_Code,NAICS_4,2372,3
NAICS_2022_Code,NAICS_4,2373,3
NAICS_2022_Code,NAICS_4,2379,3
NAICS_2022_Code,NAICS_4,2381,3
NAICS_2022_Code,NAICS_4,2382,3
NAICS_2022_Code,NAICS_4,2383,3
NAICS_2022_Code,NAICS_4,2389,3
NAICS_2022_Code,NAICS_4,3111,3
NAICS_2022_Code,NAICS_4,3112,3
NAICS_2022_Code,NAICS_4,3113,3
NAICS_2022_Code,NAICS_4,3114,3
NAICS_2022_Code,NAICS_4,3115,3
NAICS_2022_Code,NAICS_4,3116,3
NAICS_2022_Code,NAICS_4,3117,3
NAICS_2022_Code,NAICS_4,3118,3
NAICS_2022_Code,NAICS_4,3119,3
NAICS_2022_Code,NAICS_4,3121,3
NAICS_2022_Code,NAICS_4,3122,3
NAICS_2022_Code,NAICS_4,3131,3
NAICS_2022_Code,NAICS_4,3132,3
NAICS_2022_Code,NAICS_4,3133,3
NAICS_2022_Code,NAICS_4,3141,3
NAICS_2022_Code,NAICS_4,3149,3
NAICS_2022_Code,NAICS_4,3151,3
NAICS_2022_Code,NAICS_4,3152,3
NAICS_2022_Code,NAICS_4,3159,3
NAICS_2022_Code,NAICS_4,3161,3
NAICS_2022_Code,NAICS_4,3162,3
NAICS_2022_Code,NAICS_4,3169,3
NAICS_2022_Code,NAICS_4,3211,3
NAICS_2022_Code,NAICS_4,3212,3
NAICS_2022_Code,NAICS_4,3219,3
NAICS_2022_Code,NAICS_4,3221,3
NAICS_2022_Code,NAICS_4,3222,3
NAICS_2022_Code,NAICS_4,3231,3
NAICS_2022_Code,NAICS_4,3241,3
NAICS_2022_Code,NAICS_4,3251,3
NAICS_2022_Code,NAICS_4,3252,3
NAICS_2022_Code,NAICS_4,3253,3
NAICS_2022_Code,NAICS_4,3254,3
NAICS_2022_Code,NAICS_4,3255,3
NAICS_2022_Code,NAICS_4,3256,3
NAICS_2022_Code,NAICS_4,3259,3
NAICS_2022_Code,NAICS_4,3261,3
NAICS_2022_Code,NAICS_4,3262,3
NAICS_2022_Code,NAICS_4,3271,3
NAICS_2022_Code,NAICS_4,3272,3
NAICS_2022_Code,NAICS_4,3273,3
NAICS_2022_Code,NAICS_4,3274,3
NAICS_2022_Code,NAICS_4,3279,3
NAICS_2022_Code,NAICS_4,3311,3
NAICS_2022_Code,NAICS_4,3312,3
NAICS_2022_Code,NAICS_4,3313,3
NAICS_2022_Code,NAICS_4,3314,3
NAICS_2022_Code,NAICS_4,3315,3
NAICS_2022_Code,NAICS_4,3321,3
NAICS_2022_Code,NAICS_4,3322,3
NAICS_2022_Code,NAICS_4,3323,3
NAICS_2022_Code,NAICS_4,3324,3
NAICS_2022_Code,NAICS_4,3325,3
NAICS_2022_Code,NAICS_4,3326,3
NAICS_2022_Code,NAICS_4,3327,3
NAICS_2022_Code,NAICS_4,3328,3
NAICS_2022_Code,NAICS_4,3329,3
NAICS_2022_Code,NAICS_4,3331,3
NAICS_2022_Code,NAICS_4,3332,3
NAICS_2022_Code,NAICS_4,3333,3
NAICS_2022_Code,NAICS_4,3334,3
NAICS_2022_Code,NAICS_4,3335,3
NAICS_2022_Code,NAICS_4,3336,3
NAICS_2022_Code,NAICS_4,3339,3
NAICS_2022_Code,NAICS_4,3341,3
NAICS_2022_Code,NAICS_4,3342,3
NAICS_2022_Code,NAICS_4,3343,3
NAICS_2022_Code,NAICS_4,3344,3
NAICS_2022_Code,NAICS_4,3345,3
NAICS_2022_Code,NAICS_4,3346,3
NAICS_2022_Code,NAICS_4,3351,3
NAICS_2022_Code,NAICS_4,3352,3
NAICS_2022_Code,NAICS_4,3353,3
NAICS_2022_Code,NAICS_4,3359,3
NAICS_2022_Code,NAICS_4,3361,3
NAICS_2022_Code,NAICS_4,3362,3
NAICS_2022_Code,NAICS_4,3363,3
NAICS_2022_Code,NAICS_4,3364,3
NAICS_2022_Code,NAICS_4,3365,3
NAICS_2022_Code,NAICS_4,3366,3
NAICS_2022_Code,NAICS_4,3369,3
NAICS_2022_Code,NAICS_4,3371,3
NAICS_2022_Code,NAICS_4,3372,3
NAICS_2022_Code,NAICS_4,3379,3
NAICS_2022_Code,NAICS_4,3391,3
NAICS_2022_Code,NAICS_4,3399,3
NAICS_2022_Code,NAICS_4,4231,3
NAICS_2022_Code,NAICS_4,4232,3
NAICS_2022_Code,NAICS_4,4233,3
NAICS_2022_Code,NAICS_4,4234,3
NAICS_2022_Code,NAICS_4,4235,3
NAICS_2022_Code,NAICS_4,4236,3
NAICS_2022_Code,NAICS_4,4237,3
NAICS_2022_Code,NAICS_4,4238,3
NAICS_2022_Code,NAICS_4,4239,3
NAICS_2022_Code,NAICS_4,4241,3
NAICS_2022_Code,NAICS_4,4242,3
NAICS_2022_Code,NAICS_4,4243,3
NAICS_2022_Code,NAICS_4,4244,3
NAICS_2022_Code,NAICS_4,4245,3
NAICS_2022_Code,NAICS_4,4246,3
NAICS_2022_Code,NAICS_4,4247,3
NAICS_2022_Code,NAICS_4,4248,3
NAICS_2022_Code,NAICS_4,4249,3
NAICS_2022_Code,NAICS_4,4251,3
NAICS_2022_Code,NAICS_4,4411,3
NAICS_2022_Code,NAICS_4,4412,3
NAICS_2022_Code,NAICS_4,4413,3
NAICS_2022_Code,NAICS_4,4441,3
NAICS_2022_Code,NAICS_4,4442,3
NAICS_2022_Code,NAICS_4,4451,3
NAICS_2022_Code,NAICS_4,4452,3
NAICS_2022_Code,NAICS_4,4453,3
NAICS_2022_Code,NAICS_4,4491,3
NAICS_2022_Code,NAICS_4,4492,3
NAICS_2022_Code,NAICS_4,4551,3
NAICS_2022_Code,NAICS_4,4552,3
NAICS_2022_Code,NAICS_4,4561,3
NAICS_2022_Code,NAICS_4,4571,3
NAICS_2022_Code,NAICS_4,4572,3
NAICS_2022_Code,NAICS_4,4581,3
NAICS_2022_Code,NAICS_4,4582,3
NAICS_2022_Code,NAICS_4,4583,3
NAICS_2022_Code,NAICS_4,4591,3
NAICS_2022_Code,NAICS_4,4592,3
NAICS_2022_Code,NAICS_4,4593,3
NAICS_2022_Code,NAICS_4,4594,3
NAICS_2022_Code,NAICS_4,4595,3
NAICS_2022_Code,NAICS_4,4599,3
NAICS_2022_Code,NAICS_4,4811,3
NAICS_2022_Code,NAICS_4,4812,3
NAICS_2022_Code,NAICS_4,4821,3
NAICS_2022_Code,NAICS_4,4831,3
NAICS_2022_Code,NAICS_4,4832,3
NAICS_2022_Code,NAICS_4,4841,3
NAICS_2022_Code,NAICS_4,4842,3
NAICS_2022_Code,NAICS_4,4851,3
NAICS_2022_Code,NAICS_4,4852,3
NAICS_2022_Code,NAICS_4,4853,3
NAICS_2022_Code,NAICS_4,4854,3
NAICS_2022_Code,NAICS_4,4855,3
NAICS_2022_Code,NAICS_4,4859,3
NAICS_2022_Code,NAICS_4,4861,3
NAICS_2022_Code,NAICS_4,4862,3
NAICS_2022_Code,NAICS_4,4869,3
NAICS_2022_Code,NAICS_4,4871,3
NAICS_2022_Code,NAICS_4,4872,3
NAICS_2022_Code,NAICS_4,4879,3
NAICS_2022_Code,NAICS_4,4881,3
NAICS_2022_Code,NAICS_4,4882,3
NAICS_2022_Code,NAICS_4,4883,3
NAICS_2022_Code,NAICS_4,4884,3
NAICS_2022_Code,NAICS_4,4885,3
NAICS_2022_Code,NAICS_4,4889,3
NAICS_2022_Code,NAICS_4,4911,3
NAICS_2022_Code,NAICS_4,4921,3
NAICS_2022_Code,NAICS_4,4922,3
NAICS_2022_Code,NAICS_4,4931,3
NAICS_2022_Code,NAICS_4,5121,3
NAICS_2022_Code,NAICS_4,5122,3
NAICS_2022_Code,NAICS_4,5131,3
NAICS_2022_Code,NAICS_4,5132,3
NAICS_2022_Code,NAICS_4,5161,3
NAICS_2022_Code,NAICS_4,5162,3
NAICS_2022_Code,NAICS_4,5171,3
NAICS_2022_Code,NAICS_4,5174,3
NAICS_2022_Code,NAICS_4,5178,3
NAICS_2022_Code,NAICS_4,5182,3
NAICS_2022_Code,NAICS_4,5192,3
NAICS_2022_Code,NAICS_4,5211,3
NAICS_2022_Code,NAICS_4,5221,3
NAICS_2022_Code,NAICS_4,5222,3
NAICS_2022_Code,NAICS_4,5223,3
NAICS_2022_Code,NAICS_4,5231,3
NAICS_2022_Code,NAICS_4,5232,3
NAICS_2022_Code,NAICS_4,5239,3
NAICS_2022_Code,NAICS_4,5241,3
NAICS_2022_Code,NAICS_4,5242,3
NAICS_2022_Code,NAICS_4,5251,3
NAICS_2022_Code,NAICS_4,5259,3
NAICS_2022_Code,NAICS_4,5311,3
NAICS_2022_Code,NAICS_4,5312,3
NAICS_2022_Code,NAICS_4,5313,3
NAICS_2022_Code,NAICS_4,5321,3
NAICS_2022_Code,NAICS_4,5322,3
NAICS_2022_Code,NAICS_4,5323,3
NAICS_2022_Code,NAICS_4,5324,3
NAICS_2022_Code,NAICS_4,5331,3
NAICS_2022_Code,NAICS_4,5411,3
NAICS_2022_Code,NAICS_4,5412,3
NAICS_2022_Code,NAICS_4,5413,3
NAICS_2022_Code,NAICS_4,5414,3
NAICS_2022_Code,NAICS_4,5415,3
NAICS_2022_Code,NAICS_4,5416,3
NAICS_2022_Code,NAICS_4,5417,3
NAICS_2022_Code,NAICS_4,5418,3
NAICS_2022_Code,NAICS_4,5419,3
NAICS_2022_Code,NAICS_4,5511,3
NAICS_2022_Code,NAICS_4,5611,3
NAICS_2022_Code,NAICS_4,5612,3
NAICS_2022_Code,NAICS_4,5613,3
NAICS_2022_Code,NAICS_4,5614,3
NAICS_2022_Code,NAICS_4,5615,3
NAICS_2022_Code,NAICS_4,5616,3
NAICS_2022_Code,NAICS_4,5617,3
NAICS_2022_Code,NAICS_4,5619,3
NAICS_2022_Code,NAICS_4,5621,3
NAICS_2022_Code,NAICS_4,5622,3
NAICS_2022_Code,NAICS_4,5629,3
NAICS_2022_Code,NAICS_4,6111,3
NAICS_2022_Code,NAICS_4,6112,3
NAICS_2022_Code,NAICS_4,6113,3
NAICS_2022_Code,NAICS_4,6114,3
NAICS_2022_Code,NAICS_4,6115,3
NAICS_2022_Code,NAICS_4,6116,3
NAICS_2022_Code,NAICS_4,6117,3
NAICS_2022_Code,NAICS_4,6211,3
NAICS_2022_Code,NAICS_4,6212,3
NAICS_2022_Code,NAICS_4,6213,3
NAICS_2022_Code,NAICS_4,6214,3
NAICS_2022_Code,NAICS_4,6215,3
NAICS_2022_Code,NAICS_4,6216,3
NAICS_2022_Code,NAICS_4,6219,3
NAICS_2022_Code,NAICS_4,6221,3
NAICS_2022_Code,NAICS_4,6222,3
NAICS_2022_Code,NAICS_4,6223,3
NAICS_2022_Code,NAICS_4,6231,3
NAICS_2022_Code,NAICS_4,6232,3
NAICS_2022_Code,NAICS_4,6233,3
NAICS_2022_Code,NAICS_4,6239,3
NAICS_2022_Code,NAICS_4,6241,3
NAICS_2022_Code,NAICS_4,6242,3
NAICS_2022_Code,NAICS_4,6243,3
NAICS_2022_Code,NAICS_4,6244,3
NAICS_2022_Code,NAICS_4,7111,3
NAICS_2022_Code,NAICS_4,7112,3
NAICS_2022_Code,NAICS_4,7113,3
NAICS_2022_Code,NAICS_4,7114,3
NAICS_2022_Code,NAICS_4,7115,3
NAICS_2022_Code,NAICS_4,7121,3
NAICS_2022_Code,NAICS_4,7131,3
NAICS_2022_Code,NAICS_4,7132,3
NAICS_2022_Code,NAICS_4,7139,3
NAICS_2022_Code,NAICS_4,7211,3
NAICS_2022_Code,NAICS_4,7212,3
NAICS_2022_Code,NAICS_4,7213,3
NAICS_2022_Code,NAICS_4,7223,3
NAICS_2022_Code,NAICS_4,7224,3
NAICS_2022_Code,NAICS_4,7225,3
NAICS_2022_Code,NAICS_4,8111,3
NAICS_2022_Code,NAICS_4,8112,3
NAICS_2022_Code,NAICS_4,8113,3
NAICS_2022_Code,NAICS_4,8114,3
NAICS_2022_Code,NAICS_4,8121,3
NAICS_2022_Code,NAICS_4,8122,3
NAICS_2022_Code,NAICS_4,8123,3
NAICS_2022_Code,NAICS_4,8129,3
NAICS_2022_Code,NAICS_4,8131,3
NAICS_2022_Code,NAICS_4,8132,3
NAICS_2022_Code,NAICS_4,8133,3
NAICS_2022_Code,NAICS_4,8134,3
NAICS_2022_Code,NAICS_4,8139,3
NAICS_2022_Code,NAICS_4,8141,3
NAICS_2022_Code,NAICS_4,9211,3
NAICS_2022_Code,NAICS_4,9221,3
NAICS_2022_Code,NAICS_4,9231,3
NAICS_2022_Code,NAICS_4,9241,3
NAICS_2022_Code,NAICS_4,9251,3
NAICS_2022_Code,NAICS_4,9261,3
NAICS_2022_Code,NAICS_4,9271,3
NAICS_2022_Code,NAICS_4,9281,3
NAICS_2022_Code,NAICS_5,11111,4
NAICS_2022_Code,NAICS_5,11112,4
NAICS_2022_Code,NAICS_5,11113,4
NAICS_2022_Code,NAICS_5,11114,4
NAICS_2022_Code,NAICS_5,11115,4
NAICS_2022_Code,NAICS_5,11116,4
NAICS_2022_Code,NAICS_5,11119,4
NAICS_2022_Code,NAICS_5,11121,4
NAICS_2022_Code,NAICS_5,11131,4
NAICS_2022_Code,NAICS_5,11132,4
NAICS_2022_Code,NAICS_5,11133,4
NAICS_2022_Code,NAICS_5,11141,4
NAICS_2022_Code,NAICS_5,11142,4
NAICS_2022_Code,NAICS_5,11191,4
NAICS_2022_Code,NAICS_5,11192,4
NAICS_2022_Code,NAICS_5,11193,4
NAICS_2022_Code,NAICS_5,11194,4
NAICS_2022_Code,NAICS_5,11199,4
NAICS_2022_Code,NAICS_5,11211,4
NAICS_2022_Code,NAICS_5,11212,4
NAICS_2022_Code,NAICS_5,11213,4
NAICS_2022_Code,NAICS_5,11221,4
NAICS_2022_Code,NAICS_5,11231,4
NAICS_2022_Code,NAICS_5,11232,4
NAICS_2022_Code,NAICS_5,11233,4
NAICS_2022_Code,NAICS_5,11234,4
NAICS_2022_Code,NAICS_5,11239,4
NAICS_2022_Code,NAICS_5,11241,4
NAICS_2022_Code,NAICS_5,11242,4
NAICS_2022_Code,NAICS_5,11251,4
NAICS_2022_Code,NAICS_5,11291,4
NAICS_2022_Code,NAICS_5,11292,4
NAICS_2022_Code,NAICS_5,11293,4
NAICS_2022_Code,NAICS_5,11299,4
NAICS_2022_Code,NAICS_5,11311,4
NAICS_2022_Code,NAICS_5,11321,4
NAICS_2022_Code,NAICS_5,11331,4
NAICS_2022_Code,NAICS_5,11411,4
NAICS_2022_Code,NAICS_5,11421,4
NAICS_2022_Code,NAICS_5,11511,4
NAICS_2022_Code,NAICS_5,11521,4
NAICS_2022_Code,NAICS_5,11531,4
NAICS_2022_Code,NAICS_5,21112,4
NAICS_2022_Code,NAICS_5,21113,4
NAICS_2022_Code,NAICS_5,21211,4
NAICS_2022_Code,NAICS_5,21221,4
NAICS_2022_Code,NAICS_5,21222,4
NAICS_2022_Code,NAICS_5,21223,4
NAICS_2022_Code,NAICS_5,21229,4
NAICS_2022_Code,NAICS_5,21231,4
NAICS_2022_Code,NAICS_5,21232,4
NAICS_2022_Code,NAICS_5,21239,4
NAICS_2022_Code,NAICS_5,21311,4
NAICS_2022_Code,NAICS_5,22111,4
NAICS_2022_Code,NAICS_5,22112,4
NAICS_2022_Code,NAICS_5,22121,4
NAICS_2022_Code,NAICS_5,22131,4
NAICS_2022_Code,NAICS_5,22132,4
NAICS_2022_Code,NAICS_5,22133,4
NAICS_2022_Code,NAICS_5,23611,4
NAICS_2022_Code,NAICS_5,23621,4
NAICS_2022_Code,NAICS_5,23622,4
NAICS_2022_Code,NAICS_5,23711,4
NAICS_2022_Code,NAICS_5,23712,4
NAICS_2022_Code,NAICS_5,23713,4
NAICS_2022_Code,NAICS_5,23721,4
NAICS_2022_Code,NAICS_5,23731,4
NAICS_2022_Code,NAICS_5,23799,4
NAICS_2022_Code,NAICS_5,23811,4
NAICS_2022_Code,NAICS_5,23812,4
NAICS_2022_Code,NAICS_5,23813,4
NAICS_2022_Code,NAICS_5,23814,4
NAICS_2022_Code,NAICS_5,23815,4
NAICS_2022_Code,NAICS_5,23816,4
NAICS_2022_Code,NAICS_5,23817,4
NAICS_2022_Code,NAICS_5,23819,4
NAICS_2022_Code,NAICS_5,23821,4
NAICS_2022_Code,NAICS_5,23822,4
NAICS_2022_Code,NAICS_5,23829,4
NAICS_2022_Code,NAICS_5,23831,4
NAICS_2022_Code,NAICS_5,23832,4
NAICS_2022_Code,NAICS_5,23833,4
NAICS_2022_Code,NAICS_5,23834,4
NAICS_2022_Code,NAICS_5,23835,4
NAICS_2022_Code,NAICS_5,23839,4
NAICS_2022_Code,NAICS_5,23891,4
NAICS_2022_Code,NAICS_5,23899,4
NAICS_2022_Code,NAICS_5,31111,4
NAICS_2022_Code,NAICS_5,31121,4
NAICS_2022_Code,NAICS_5,31122,4
NAICS_2022_Code,NAICS_5,31123,4
NAICS_2022_Code,NAICS_5,31131,4
NAICS_2022_Code,NAICS_5,31134,4
NAICS_2022_Code,NAICS_5,31135,4
NAICS_2022_Code,NAICS_5,31141,4
NAICS_2022_Code,NAICS_5,31142,4
NAICS_2022_Code,NAICS_5,31151,4
NAICS_2022_Code,NAICS_5,31152,4
NAICS_2022_Code,NAICS_5,31161,4
NAICS_2022_Code,NAICS_5,31171,4
NAICS_2022_Code,NAICS_5,31181,4
NAICS_2022_Code,NAICS_5,31182,4
NAICS_2022_Code,NAICS_5,31183,4
NAICS_2022_Code,NAICS_5,31191,4
NAICS_2022_Code,NAICS_5,31192,4
NAICS_2022_Code,NAICS_5,31193,4
NAICS_2022_Code,NAICS_5,31194,4
NAICS_2022_Code,NAICS_5,31199,4
NAICS_2022_Code,NAICS_5,31211,4
NAICS_2022_Code,NAICS_5,31212,4
NAICS_2022_Code,NAICS_5,31213,4
NAICS_2022_Code,NAICS_5,31214,4
NAICS_2022_Code,NAICS_5,31223,4
NAICS_2022_Code,NAICS_5,31311,4
NAICS_2022_Code,NAICS_5,31321,4
NAICS_2022_Code,NAICS_5,31322,4
NAICS_2022_Code,NAICS_5,31323,4
NAICS_2022_Code,NAICS_5,31324,4
NAICS_2022_Code,NAICS_5,31331,4
NAICS_2022_Code,NAICS_5,31332,4
NAICS_2022_Code,NAICS_5,31411,4
NAICS_2022_Code,NAICS_5,31412,4
NAICS_2022_Code,NAICS_5,31491,4
NAICS_2022_Code,NAICS_5,31499,4
NAICS_2022_Code,NAICS_5,31512,4
NAICS_2022_Code,NAICS_5,31521,4
NAICS_2022_Code,NAICS_5,31525,4
NAICS_2022_Code,NAICS_5,31599,4
NAICS_2022_Code,NAICS_5,31611,4
NAICS_2022_Code,NAICS_5,31621,4
NAICS_2022_Code,NAICS_5,31699,4
NAICS_2022_Code,NAICS_5,32111,4
NAICS_2022_Code,NAICS_5,32121,4
NAICS_2022_Code,NAICS_5,32191,4
NAICS_2022_Code,NAICS_5,32192,4
NAICS_2022_Code,NAICS_5,32199,4
NAICS_2022_Code,NAICS_5,32211,4
NAICS_2022_Code,NAICS_5,32212,4
NAICS_2022_Code,NAICS_5,32213,4
NAICS_2022_Code,NAICS_5,32221,4
NAICS_2022_Code,NAICS_5,32222,4
NAICS_2022_Code,NAICS_5,32223,4
NAICS_2022_Code,NAICS_5,32229,4
NAICS_2022_Code,NAICS_5,32311,4
NAICS_2022_Code,NAICS_5,32312,4
NAICS_2022_Code,NAICS_5,32411,4
NAICS_2022_Code,NAICS_5,32412,4
NAICS_2022_Code,NAICS_5,32419,4
NAICS_2022_Code,NAICS_5,32511,4
NAICS_2022_Code,NAICS_5,32512,4
NAICS_2022_Code,NAICS_5,32513,4
NAICS_2022_Code,NAICS_5,32518,4
NAICS_2022_Code,NAICS_5,32519,4
NAICS_2022_Code,NAICS_5,32521,4
NAICS_2022_Code,NAICS_5,32522,4
NAICS_2022_Code,NAICS_5,32531,4
NAICS_2022_Code,NAICS_5,32532,4
NAICS_2022_Code,NAICS_5,32541,4
NAICS_2022_Code,NAICS_5,32551,4
NAICS_2022_Code,NAICS_5,32552,4
NAICS_2022_Code,NAICS_5,32561,4
NAICS_2022_Code,NAICS_5,32562,4
NAICS_2022_Code,NAICS_5,32591,4
NAICS_2022_Code,NAICS_5,32592,4
NAICS_2022_Code,NAICS_5,32599,4
NAICS_2022_Code,NAICS_5,32611,4
NAICS_2022_Code,NAICS_5,32612,4
NAICS_2022_Code,NAICS_5,32613,4
NAICS_2022_Code,NAICS_5,32614,4
NAICS_2022_Code,NAICS_5,32615,4
NAICS_2022_Code,NAICS_5,32616,4
NAICS_2022_Code,NAICS_5,32619,4
NAICS_2022_Code,NAICS_5,32621,4
NAICS_2022_Code,NAICS_5,32622,4
NAICS_2022_Code,NAICS_5,32629,4
NAICS_2022_Code,NAICS_5,32711,4
NAICS_2022_Code,NAICS_5,32712,4
NAICS_2022_Code,NAICS_5,32721,4
NAICS_2022_Code,NAICS_5,32731,4
NAICS_2022_Code,NAICS_5,32732,4
NAICS_2022_Code,NAICS_5,32733,4
NAICS_2022_Code,NAICS_5,32739,4
NAICS_2022_Code,NAICS_5,32741,4
NAICS_2022_Code,NAICS_5,32742,4
NAICS_2022_Code,NAICS_5,32791,4
NAICS_2022_Code,NAICS_5,32799,4
NAICS_2022_Code,NAICS_5,33111,4
NAICS_2022_Code,NAICS_5,33121,4
NAICS_2022_Code,NAICS_5,33122,4
NAICS_2022_Code,NAICS_5,33131,4
NAICS_2022_Code,NAICS_5,33141,4
NAICS_2022_Code,NAICS_5,33142,4
NAICS_2022_Code,NAICS_5,33149,4
NAICS_2022_Code,NAICS_5,33151,4
NAICS_2022_Code,NAICS_5,33152,4
NAICS_2022_Code,NAICS_5,33211,4
NAICS_2022_Code,NAICS_5,33221,4
NAICS_2022_Code,NAICS_5,33231,4
NAICS_2022_Code,NAICS_5,33232,4
NAICS_2022_Code,NAICS_5,33241,4
NAICS_2022_Code,NAICS_5,33242,4
NAICS_2022_Code,NAICS_5,33243,4
NAICS_2022_Code,NAICS_5,33251,4
NAICS_2022_Code,NAICS_5,33261,4
NAICS_2022_Code,NAICS_5,33271,4
NAICS_2022_Code,NAICS_5,33272,4
NAICS_2022_Code,NAICS_5,33281,4
NAICS_2022_Code,NAICS_5,33291,4
NAICS_2022_Code,NAICS_5,33299,4
NAICS_2022_Code,NAICS_5,33311,4
NAICS_2022_Code,NAICS_5,33312,4
NAICS_2022_Code,NAICS_5,33313,4
NAICS_2022_Code,NAICS_5,33324,4
NAICS_2022_Code,NAICS_5,33331,4
NAICS_2022_Code,NAICS_5,33341,4
NAICS_2022_Code,NAICS_5,33351,4
NAICS_2022_Code,NAICS_5,33361,4
NAICS_2022_Code,NAICS_5,33391,4
NAICS_2022_Code,NAICS_5,33392,4
NAICS_2022_Code,NAICS_5,33399,4
NAICS_2022_Code,NAICS_5,33411,4
NAICS_2022_Code,NAICS_5,33421,4
NAICS_2022_Code,NAICS_5,33422,4
NAICS_2022_Code,NAICS_5,33429,4
NAICS_2022_Code,NAICS_5,33431,4
NAICS_2022_Code,NAICS_5,33441,4
NAICS_2022_Code,NAICS_5,33451,4
NAICS_2022_Code,NAICS_5,33461,4
NAICS_2022_Code,NAICS_5,33513,4
NAICS_2022_Code,NAICS_5,33521,4
NAICS_2022_Code,NAICS_5,33522,4
NAICS_2022_Code,NAICS_5,33531,4
NAICS_2022_Code,NAICS_5,33591,4
NAICS_2022_Code,NAICS_5,33592,4
NAICS_2022_Code,NAICS_5,33593,4
NAICS_2022_Code,NAICS_5,33599,4
NAICS_2022_Code,NAICS_5,33611,4
NAICS_2022_Code,NAICS_5,33612,4
NAICS_2022_Code,NAICS_5,33621,4
NAICS_2022_Code,NAICS_5,33631,4
NAICS_2022_Code,NAICS_5,33632,4
NAICS_2022_Code,NAICS_5,33633,4
NAICS_2022_Code,NAICS_5,33634,4
NAICS_2022_Code,NAICS_5,33635,4
NAICS_2022_Code,NAICS_5,33636,4
NAICS_2022_Code,NAICS_5,33637,4
NAICS_2022_Code,NAICS_5,33639,4
NAICS_2022_Code,NAICS_5,33641,4
NAICS_2022_Code,NAICS_5,33651,4
NAICS_2022_Code,NAICS_5,33661,4
NAICS_2022_Code,NAICS_5,33699,4
NAICS_2022_Code,NAICS_5,33711,4
NAICS_2022_Code,NAICS_5,33712,4
NAICS_2022_Code,NAICS_5,33721,4
NAICS_2022_Code,NAICS_5,33791,4
NAICS_2022_Code,NAICS_5,33792,4
NAICS_2022_Code,NAICS_5,33911,4
NAICS_2022_Code,NAICS_5,33991,4
NAICS_2022_Code,NAICS_5,33992,4
NAICS_2022_Code,NAICS_5,33993,4
NAICS_2022_Code,NAICS_5,33994,4
NAICS_2022_Code,NAICS_5,33995,4
NAICS_2022_Code,NAICS_5,33999,4
NAICS_2022_Code,NAICS_5,42311,4
NAICS_2022_Code,NAICS_5,42312,4
NAICS_2022_Code,NAICS_5,42313,4
NAICS_2022_Code,NAICS_5,42314,4
NAICS_2022_Code,NAICS_5,42321,4
NAICS_2022_Code,NAICS_5,42322,4
NAICS_2022_Code,NAICS_5,42331,4
NAICS_2022_Code,NAICS_5,42332,4
NAICS_2022_Code,NAICS_5,42333,4
NAICS_2022_Code,NAICS_5,42339,4
NAICS_2022_Code,NAICS_5,42341,4
NAICS_2022_Code,NAICS_5,42342,4
NAICS_2022_Code,NAICS_5,42343,4
NAICS_2022_Code,NAICS_5,42344,4
NAICS_2022_Code,NAICS_5,42345,4
NAICS_2022_Code,NAICS_5,42346,4
NAICS_2022_Code,NAICS_5,42349,4
NAICS_2022_Code,NAICS_5,42351,4
NAICS_2022_Code,NAICS_5,42352,4
NAICS_2022_Code,NAICS_5,42361,4
NAICS_2022_Code,NAICS_5,42362,4
NAICS_2022_Code,NAICS_5,42369,4
NAICS_2022_Code,NAICS_5,42371,4
NAICS_2022_Code,NAICS_5,42372,4
NAICS_2022_Code,NAICS_5,42373,4
NAICS_2022_Code,NAICS_5,42374,4
NAICS_2022_Code,NAICS_5,42381,4
NAICS_2022_Code,NAICS_5,42382,4
NAICS_2022_Code,NAICS_5,42383,4
NAICS_2022_Code,NAICS_5,42384,4
NAICS_2022_Code,NAICS_5,42385,4
NAICS_2022_Code,NAICS_5,42386,4
NAICS_2022_Code,NAICS_5,42391,4
NAICS_2022_Code,NAICS_5,42392,4
NAICS_2022_Code,NAICS_5,42393,4
NAICS_2022_Code,NAICS_5,42394,4
NAICS_2022_Code,NAICS_5,42399,4
NAICS_2022_Code,NAICS_5,42411,4
NAICS_2022_Code,NAICS_5,42412,4
NAICS_2022_Code,NAICS_5,42413,4
NAICS_2022_Code,NAICS_5,42421,4
NAICS_2022_Code,NAICS_5,42431,4
NAICS_2022_Code,NAICS_5,42434,4
NAICS_2022_Code,NAICS_5,42435,4
NAICS_2022_Code,NAICS_5,42441,4
NAICS_2022_Code,NAICS_5,42442,4
NAICS_2022_Code,NAICS_5,42443,4
NAICS_2022_Code,NAICS_5,42444,4
NAICS_2022_Code,NAICS_5,42445,4
NAICS_2022_Code,NAICS_5,42446,4
NAICS_2022_Code,NAICS_5,42447,4
NAICS_2022_Code,NAICS_5,42448,4
NAICS_2022_Code,NAICS_5,42449,4
NAICS_2022_Code,NAICS_5,42451,4
NAICS_2022_Code,NAICS_5,42452,4
NAICS_2022_Code,NAICS_5,42459,4
NAICS_2022_Code,NAICS_5,42461,4
NAICS_2022_Code,NAICS_5,42469,4
NAICS_2022_Code,NAICS_5,42471,4
NAICS_2022_Code,NAICS_5,42472,4
NAICS_2022_Code,NAICS_5,42481,4
NAICS_2022_Code,NAICS_5,42482,4
NAICS_2022_Code,NAICS_5,42491,4
NAICS_2022_Code,NAICS_5,42492,4
NAICS_2022_Code,NAICS_5,42493,4
NAICS_2022_Code,NAICS_5,42494,4
NAICS_2022_Code,NAICS_5,42495,4
NAICS_2022_Code,NAICS_5,42499,4
NAICS_2022_Code,NAICS_5,42512,4
NAICS_2022_Code,NAICS_5,44111,4
NAICS_2022_Code,NAICS_5,44112,4
NAICS_2022_Code,NAICS_5,44121,4
NAICS_2022_Code,NAICS_5,44122,4
NAICS_2022_Code,NAICS_5,44133,4
NAICS_2022_Code,NAICS_5,44134,4
NAICS_2022_Code,NAICS_5,44411,4
NAICS_2022_Code,NAICS_5,44412,4
NAICS_2022_Code,NAICS_5,44414,4
NAICS_2022_Code,NAICS_5,44418,4
NAICS_2022_Code,NAICS_5,44423,4
NAICS_2022_Code,NAICS_5,44424,4
NAICS_2022_Code,NAICS_5,44511,4
NAICS_2022_Code,NAICS_5,44513,4
NAICS_2022_Code,NAICS_5,44523,4
NAICS_2022_Code,NAICS_5,44524,4
NAICS_2022_Code,NAICS_5,44525,4
NAICS_2022_Code,NAICS_5,44529,4
NAICS_2022_Code,NAICS_5,44532,4
NAICS_2022_Code,NAICS_5,44911,4
NAICS_2022_Code,NAICS_5,44912,4
NAICS_2022_Code,NAICS_5,44921,4
NAICS_2022_Code,NAICS_5,45511,4
NAICS_2022_Code,NAICS_5,45521,4
NAICS_2022_Code,NAICS_5,45611,4
NAICS_2022_Code,NAICS_5,45612,4
NAICS_2022_Code,NAICS_5,45613,4
NAICS_2022_Code,NAICS_5,45619,4
NAICS_2022_Code,NAICS_5,45711,4
NAICS_2022_Code,NAICS_5,45712,4
NAICS_2022_Code,NAICS_5,45721,4
NAICS_2022_Code,NAICS_5,45811,4
NAICS_2022_Code,NAICS_5,45821,4
NAICS_2022_Code,NAICS_5,45831,4
NAICS_2022_Code,NAICS_5,45832,4
NAICS_2022_Code,NAICS_5,45911,4
NAICS_2022_Code,NAICS_5,45912,4
NAICS_2022_Code,NAICS_5,45913,4
NAICS_2022_Code,NAICS_5,45914,4
NAICS_2022_Code,NAICS_5,45921,4
NAICS_2022_Code,NAICS_5,45931,4
NAICS_2022_Code,NAICS_5,45941,4
NAICS_2022_Code,NAICS_5,45942,4
NAICS_2022_Code,NAICS_5,45951,4
NAICS_2022_Code,NAICS_5,45991,4
NAICS_2022_Code,NAICS_5,45992,4
NAICS_2022_Code,NAICS_5,45993,4
NAICS_2022_Code,NAICS_5,45999,4
NAICS_2022_Code,NAICS_5,48111,4
NAICS_2022_Code,NAICS_5,48121,4
NAICS_2022_Code,NAICS_5,48211,4
NAICS_2022_Code,NAICS_5,48311,4
NAICS_2022_Code,NAICS_5,48321,4
NAICS_2022_Code,NAICS_5,48411,4
NAICS_2022_Code,NAICS_5,48412,4
NAICS_2022_Code,NAICS_5,48421,4
NAICS_2022_Code,NAICS_5,48422,4
NAICS_2022_Code,NAICS_5,48423,4
NAICS_2022_Code,NAICS_5,48511,4
NAICS_2022_Code,NAICS_5,48521,4
NAICS_2022_Code,NAICS_5,48531,4
NAICS_2022_Code,NAICS_5,48532,4
NAICS_2022_Code,NAICS_5,48541,4
NAICS_2022_Code,NAICS_5,48551,4
NAICS_2022_Code,NAICS_5,48599,4
NAICS_2022_Code,NAICS_5,48611,4
NAICS_2022_Code,NAICS_5,48621,4
NAICS_2022_Code,NAICS_5,48691,4
NAICS_2022_Code,NAICS_5,48699,4
NAICS_2022_Code,NAICS_5,48711,4
NAICS_2022_Code,NAICS_5,48721,4
NAICS_2022_Code,NAICS_5,48799,4
NAICS_2022_Code,NAICS_5,48811,4
NAICS_2022_Code,NAICS_5,48819,4
NAICS_2022_Code,NAICS_5,48821,4
NAICS_2022_Code,NAICS_5,48831,4
NAICS_2022_Code,NAICS_5,48832,4
NAICS_2022_Code,NAICS_5,48833,4
NAICS_2022_Code,NAICS_5,48839,4
NAICS_2022_Code,NAICS_5,48841,4
NAICS_2022_Code,NAICS_5,48849,4
NAICS_2022_Code,NAICS_5,48851,4
NAICS_2022_Code,NAICS_5,48899,4
NAICS_2022_Code,NAICS_5,49111,4
NAICS_2022_Code,NAICS_5,49211,4
NAICS_2022_Code,NAICS_5,49221,4
NAICS_2022_Code,NAICS_5,49311,4
NAICS_2022_Code,NAICS_5,49312,4
NAICS_2022_Code,NAICS_5,49313,4
NAICS_2022_Code,NAICS_5,49319,4
NAICS_2022_Code,NAICS_5,51211,4
NAICS_2022_Code,NAICS_5,51212,4
NAICS_2022_Code,NAICS_5,51213,4
NAICS_2022_Code,NAICS_5,51219,4
NAICS_2022_Code,NAICS_5,51223,4
NAICS_2022_Code,NAICS_5,51224,4
NAICS_2022_Code,NAICS_5,51225,4
NAICS_2022_Code,NAICS_5,51229,4
NAICS_2022_Code,NAICS_5,51311,4
NAICS_2022_Code,NAICS_5,51312,4
NAICS_2022_Code,NAICS_5,51313,4
NAICS_2022_Code,NAICS_5,51314,4
NAICS_2022_Code,NAICS_5,51319,4
NAICS_2022_Code,NAICS_5,51321,4
NAICS_2022_Code,NAICS_5,51611,4
NAICS_2022_Code,NAICS_5,51612,4
NAICS_2022_Code,NAICS_5,51621,4
NAICS_2022_Code,NAICS_5,51711,4
NAICS_2022_Code,NAICS_5,51712,4
NAICS_2022_Code,NAICS_5,51741,4
NAICS_2022_Code,NAICS_5,51781,4
NAICS_2022_Code,NAICS_5,51821,4
NAICS_2022_Code,NAICS_5,51921,4
NAICS_2022_Code,NAICS_5,51929,4
NAICS_2022_Code,NAICS_5,52111,4
NAICS_2022_Code,NAICS_5,52211,4
NAICS_2022_Code,NAICS_5,52213,4
NAICS_2022_Code,NAICS_5,52218,4
NAICS_2022_Code,NAICS_5,52221,4
NAICS_2022_Code,NAICS_5,52222,4
NAICS_2022_Code,NAICS_5,52229,4
NAICS_2022_Code,NAICS_5,52231,4
NAICS_2022_Code,NAICS_5,52232,4
NAICS_2022_Code,NAICS_5,52239,4
NAICS_2022_Code,NAICS_5,52315,4
NAICS_2022_Code,NAICS_5,52316,4
NAICS_2022_Code,NAICS_5,52321,4
NAICS_2022_Code,NAICS_5,52391,4
NAICS_2022_Code,NAICS_5,52394,4
NAICS_2022_Code,NAICS_5,52399,4
NAICS_2022_Code,NAICS_5,52411,4
NAICS_2022_Code,NAICS_5,52412,4
NAICS_2022_Code,NAICS_5,52413,4
NAICS_2022_Code,NAICS_5,52421,4
NAICS_2022_Code,NAICS_5,52429,4
NAICS_2022_Code,NAICS_5,52511,4
NAICS_2022_Code,NAICS_5,52512,4
NAICS_2022_Code,NAICS_5,52519,4
NAICS_2022_Code,NAICS_5,52591,4
NAICS_2022_Code,NAICS_5,52592,4
NAICS_2022_Code,NAICS_5,52599,4
NAICS_2022_Code,NAICS_5,53111,4
NAICS_2022_Code,NAICS_5,53112,4
NAICS_2022_Code,NAICS_5,53113,4
NAICS_2022_Code,NAICS_5,53119,4
NAICS_2022_Code,NAICS_5,53121,4
NAICS_2022_Code,NAICS_5,53131,4
NAICS_2022_Code,NAICS_5,53132,4
NAICS_2022_Code,NAICS_5,53139,4
NAICS_2022_Code,NAICS_5,53211,4
NAICS_2022_Code,NAICS_5,53212,4
NAICS_2022_Code,NAICS_5,53221,4
NAICS_2022_Code,NAICS_5,53228,4
NAICS_2022_Code,NAICS_5,53231,4
NAICS_2022_Code,NAICS_5,53241,4
NAICS_2022_Code,NAICS_5,53242,4
NAICS_2022_Code,NAICS_5,53249,4
NAICS_2022_Code,NAICS_5,53311,4
NAICS_2022_Code,NAICS_5,54111,4
NAICS_2022_Code,NAICS_5,54112,4
NAICS_2022_Code,NAICS_5,54119,4
NAICS_2022_Code,NAICS_5,54121,4
NAICS_2022_Code,NAICS_5,54131,4
NAICS_2022_Code,NAICS_5,54132,4
NAICS_2022_Code,NAICS_5,54133,4
NAICS_2022_Code,NAICS_5,54134,4
NAICS_2022_Code,NAICS_5,54135,4
NAICS_2022_Code,NAICS_5,54136,4
NAICS_2022_Code,NAICS_5,54137,4
NAICS_2022_Code,NAICS_5,54138,4
NAICS_2022_Code,NAICS_5,54141,4
NAICS_2022_Code,NAICS_5,54142,4
NAICS_2022_Code,NAICS_5,54143,4
NAICS_2022_Code,NAICS_5,54149,4
NAICS_2022_Code,NAICS_5,54151,4
NAICS_2022_Code,NAICS_5,54161,4
NAICS_2022_Code,NAICS_5,54162,4
NAICS_2022_Code,NAICS_5,54169,4
NAICS_2022_Code,NAICS_5,54171,4
NAICS_2022_Code,NAICS_5,54172,4
NAICS_2022_Code,NAICS_5,54181,4
NAICS_2022_Code,NAICS_5,54182,4
NAICS_2022_Code,NAICS_5,54183,4
NAICS_2022_Code,NAICS_5,54184,4
NAICS_2022_Code,NAICS_5,54185,4
NAICS_2022_Code,NAICS_5,54186,4
NAICS_2022_Code,NAICS_5,54187,4
NAICS_2022_Code,NAICS_5,54189,4
NAICS_2022_Code,NAICS_5,54191,4
NAICS_2022_Code,NAICS_5,54192,4
NAICS_2022_Code,NAICS_5,54193,4
NAICS_2022_Code,NAICS_5,54194,4
NAICS_2022_Code,NAICS_5,54199,4
NAICS_2022_Code,NAICS_5,55111,4
NAICS_2022_Code,NAICS_5,56111,4
NAICS_2022_Code,NAICS_5,56121,4
NAICS_2022_Code,NAICS_5,56131,4
NAICS_2022_Code,NAICS_5,56132,4
NAICS_2022_Code,NAICS_5,56133,4
NAICS_2022_Code,NAICS_5,56141,4
NAICS_2022_Code,NAICS_5,56142,4
NAICS_2022_Code,NAICS_5,56143,4
NAICS_2022_Code,NAICS_5,56144,4
NAICS_2022_Code,NAICS_5,56145,4
NAICS_2022_Code,NAICS_5,56149,4
NAICS_2022_Code,NAICS_5,56151,4
NAICS_2022_Code,NAICS_5,56152,4
NAICS_2022_Code,NAICS_5,56159,4
NAICS_2022_Code,NAICS_5,56161,4
NAICS_2022_Code,NAICS_5,56162,4
NAICS_2022_Code,NAICS_5,56171,4
NAICS_2022_Code,NAICS_5,56172,4
NAICS_2022_Code,NAICS_5,56173,4
NAICS_2022_Code,NAICS_5,56174,4
NAICS_2022_Code,NAICS_5,56179,4
NAICS_2022_Code,NAICS_5,56191,4
NAICS_2022_Code,NAICS_5,56192,4
NAICS_2022_Code,NAICS_5,56199,4
NAICS_2022_Code,NAICS_5,56211,4
NAICS_2022_Code,NAICS_5,56221,4
NAICS_2022_Code,NAICS_5,56291,4
NAICS_2022_Code,NAICS_5,56292,4
NAICS_2022_Code,NAICS_5,56299,4
NAICS_2022_Code,NAICS_5,61111,4
NAICS_2022_Code,NAICS_5,61121,4
NAICS_2022_Code,NAICS_5,61131,4
NAICS_2022_Code,NAICS_5,61141,4
NAICS_2022_Code,NAICS_5,61142,4
NAICS_2022_Code,NAICS_5,61143,4
NAICS_2022_Code,NAICS_5,61151,4
NAICS_2022_Code,NAICS_5,61161,4
NAICS_2022_Code,NAICS_5,61162,4
NAICS_2022_Code,NAICS_5,61163,4
NAICS_2022_Code,NAICS_5,61169,4
NAICS_2022_Code,NAICS_5,61171,4
NAICS_2022_Code,NAICS_5,62111,4
NAICS_2022_Code,NAICS_5,62121,4
NAICS_2022_Code,NAICS_5,62131,4
NAICS_2022_Code,NAICS_5,62132,4
NAICS_2022_Code,NAICS_5,62133,4
NAICS_2022_Code,NAICS_5,62134,4
NAICS_2022_Code,NAICS_5,62139,4
NAICS_2022_Code,NAICS_5,62141,4
NAICS_2022_Code,NAICS_5,62142,4
NAICS_2022_Code,NAICS_5,62149,4
NAICS_2022_Code,NAICS_5,62151,4
NAICS_2022_Code,NAICS_5,62161,4
NAICS_2022_Code,NAICS_5,62191,4
NAICS_2022_Code,NAICS_5,62199,4
NAICS_2022_Code,NAICS_5,62211,4
NAICS_2022_Code,NAICS_5,62221,4
NAICS_2022_Code,NAICS_5,62231,4
NAICS_2022_Code,NAICS_5,62311,4
NAICS_2022_Code,NAICS_5,62321,4
NAICS_2022_Code,NAICS_5,62322,4
NAICS_2022_Code,NAICS_5,62331,4
NAICS_2022_Code,NAICS_5,62399,4
NAICS_2022_Code,NAICS_5,62411,4
NAICS_2022_Code,NAICS_5,62412,4
NAICS_2022_Code,NAICS_5,62419,4
NAICS_2022_Code,NAICS_5,62421,4
NAICS_2022_Code,NAICS_5,62422,4
NAICS_2022_Code,NAICS_5,62423,4
NAICS_2022_Code,NAICS_5,62431,4
NAICS_2022_Code,NAICS_5,62441,4
NAICS_2022_Code,NAICS_5,71111,4
NAICS_2022_Code,NAICS_5,71112,4
NAICS_2022_Code,NAICS_5,71113,4
NAICS_2022_Code,NAICS_5,71119,4
NAICS_2022_Code,NAICS_5,71121,4
NAICS_2022_Code,NAICS_5,71131,4
NAICS_2022_Code,NAICS_5,71132,4
NAICS_2022_Code,NAICS_5,71141,4
NAICS_2022_Code,NAICS_5,71151,4
NAICS_2022_Code,NAICS_5,71211,4
NAICS_2022_Code,NAICS_5,71212,4
NAICS_2022_Code,NAICS_5,71213,4
NAICS_2022_Code,NAICS_5,71219,4
NAICS_2022_Code,NAICS_5,71311,4
NAICS_2022_Code,NAICS_5,71312,4
NAICS_2022_Code,NAICS_5,71321,4
NAICS_2022_Code,NAICS_5,71329,4
NAICS_2022_Code,NAICS_5,71391,4
NAICS_2022_Code,NAICS_5,71392,4
NAICS_2022_Code,NAICS_5,71393,4
NAICS_2022_Code,NAICS_5,71394,4
NAICS_2022_Code,NAICS_5,71395,4
NAICS_2022_Code,NAICS_5,71399,4
NAICS_2022_Code,NAICS_5,72111,4
NAICS_2022_Code,NAICS_5,72112,4
NAICS_2022_Code,NAICS_5,72119,4
NAICS_2022_Code,NAICS_5,72121,4
NAICS_2022_Code,NAICS_5,72131,4
NAICS_2022_Code,NAICS_5,72231,4
NAICS_2022_Code,NAICS_5,72232,4
NAICS_2022_Code,NAICS_5,72233,4
NAICS_2022_Code,NAICS_5,72241,4
NAICS_2022_Code,NAICS_5,72251,4
NAICS_2022_Code,NAICS_5,81111,4
NAICS_2022_Code,NAICS_5,81112,4
NAICS_2022_Code,NAICS_5,81119,4
NAICS_2022_Code,NAICS_5,81121,4
NAICS_2022_Code,NAICS_5,81131,4
NAICS_2022_Code,NAICS_5,81141,4
NAICS_2022_Code,NAICS_5,81142,4
NAICS_2022_Code,NAICS_5,81143,4
NAICS_2022_Code,NAICS_5,81149,4
NAICS_2022_Code,NAICS_5,81211,4
NAICS_2022_Code,NAICS_5,81219,4
NAICS_2022_Code,NAICS_5,81221,4
NAICS_2022_Code,NAICS_5,81222,4
NAICS_2022_Code,NAICS_5,81231,4
NAICS_2022_Code,NAICS_5,81232,4
NAICS_2022_Code,NAICS_5,81233,4
NAICS_2022_Code,NAICS_5,81291,4
NAICS_2022_Code,NAICS_5,81292,4
NAICS_2022_Code,NAICS_5,81293,4
NAICS_2022_Code,NAICS_5,81299,4
NAICS_2022_Code,NAICS_5,81311,4
NAICS_2022_Code,NAICS_5,81321,4
NAICS_2022_Code,NAICS_5,81331,4
NAICS_2022_Code,NAICS_5,81341,4
NAICS_2022_Code,NAICS_5,81391,4
NAICS_2022_Code,NAICS_5,81392,4
NAICS_2022_Code,NAICS_5,81393,4
NAICS_2022_Code,NAICS_5,81394,4
NAICS_2022_Code,NAICS_5,81399,4
NAICS_2022_Code,NAICS_5,81411,4
NAICS_2022_Code,NAICS_5,92111,4
NAICS_2022_Code,NAICS_5,92112,4
NAICS_2022_Code,NAICS_5,92113,4
NAICS_2022_Code,NAICS_5,92114,4
NAICS_2022_Code,NAICS_5,92115,4
NAICS_2022_Code,NAICS_5,92119,4
NAICS_2022_Code,NAICS_5,92211,4
NAICS_2022_Code,NAICS_5,92212,4
NAICS_2022_Code,NAICS_5,92213,4
NAICS_2022_Code,NAICS_5,92214,4
NAICS_2022_Code,NAICS_5,92215,4
NAICS_2022_Code,NAICS_5,92216,4
NAICS_2022_Code,NAICS_5,92219,4
NAICS_2022_Code,NAICS_5,92311,4
NAICS_2022_Code,NAICS_5,92312,4
NAICS_2022_Code,NAICS_5,92313,4
NAICS_2022_Code,NAICS_5,92314,4
NAICS_2022_Code,NAICS_5,92411,4
NAICS_2022_Code,NAICS_5,92412,4
NAICS_2022_Code,NAICS_5,92511,4
NAICS_2022_Code,NAICS_5,92512,4
NAICS_2022_Code,NAICS_5,92611,4
NAICS_2022_Code,NAICS_5,92612,4
NAICS_2022_Code,NAICS_5,92613,4
NAICS_2022_Code,NAICS_5,92614,4
NAICS_2022_Code,NAICS_5,92615,4
NAICS_2022_Code,NAICS_5,92711,4
NAICS_2022_Code,NAICS_5,92811,4
NAICS_2022_Code,NAICS_5,92812,4
NAICS_2022_Code,NAICS_6,111110,5
NAICS_2022_Code,NAICS_6,111120,5
NAICS_2022_Code,NAICS_6,111130,5
NAICS_2022_Code,NAICS_6,111140,5
NAICS_2022_Code,NAICS_6,111150,5
NAICS_2022_Code,NAICS_6,111160,5
NAICS_2022_Code,NAICS_6,111191,5
NAICS_2022_Code,NAICS_6,111199,5
NAICS_2022_Code,NAICS_6,111211,5
NAICS_2022_Code,NAICS_6,111219,5
NAICS_2022_Code,NAICS_6,111310,5
NAICS_2022_Code,NAICS_6,111320,5
NAICS_2022_Code,NAICS_6,111331,5
NAICS_2022_Code,NAICS_6,111332,5
NAICS_2022_Code,NAICS_6,111333,5
NAICS_2022_Code,NAICS_6,111334,5
NAICS_2022_Code,NAICS_6,111335,5
NAICS_2022_Code,NAICS_6,111336,5
NAICS_2022_Code,NAICS_6,111339,5
NAICS_2022_Code,NAICS_6,111411,5
NAICS_2022_Code,NAICS_6,111419,5
NAICS_2022_Code,NAICS_6,111421,5
NAICS_2022_Code,NAICS_6,111422,5
NAICS_2022_Code,NAICS_6,111910,5
NAICS_2022_Code,NAICS_6,111920,5
NAICS_2022_Code,NAICS_6,111930,5
NAICS_2022_Code,NAICS_6,111940,5
NAICS_2022_Code,NAICS_6,111991,5
NAICS_2022_Code,NAICS_6,111992,5
NAICS_2022_Code,NAICS_6,111998,5
NAICS_2022_Code,NAICS_6,112111,5
NAICS_2022_Code,NAICS_6,112112,5
NAICS_2022_Code,NAICS_6,112120,5
NAICS_2022_Code,NAICS_6,112130,5
NAICS_2022_Code,NAICS_6,112210,5
NAICS_2022_Code,NAICS_6,112310,5
NAICS_2022_Code,NAICS_6,112320,5
NAICS_2022_Code,NAICS_6,112330,5
NAICS_2022_Code,NAICS_6,112340,5
NAICS_2022_Code,NAICS_6,112390,5
NAICS_2022_Code,NAICS_6,112410,5
NAICS_2022_Code,NAICS_6,112420,5
NAICS_2022_Code,NAICS_6,112511,5
NAICS_2022_Code,NAICS_6,112512,5
NAICS_2022_Code,NAICS_6,112519,5
NAICS_2022_Code,NAICS_6,112910,5
NAICS_2022_Code,NAICS_6,112920,5
NAICS_2022_Code,NAICS_6,112930,5
NAICS_2022_Code,NAICS_6,112990,5
NAICS_2022_Code,NAICS_6,113110,5
NAICS_2022_Code,NAICS_6,113210,5
NAICS_2022_Code,NAICS_6,113310,5
NAICS_2022_Code,NAICS_6,114111,5
NAICS_2022_Code,NAICS_6,114112,5
NAICS_2022_Code,NAICS_6,114119,5
NAICS_2022_Code,NAICS_6,114210,5
NAICS_2022_Code,NAICS_6,115111,5
NAICS_2022_Code,NAICS_6,115112,5
NAICS_2022_Code,NAICS_6,115113,5
NAICS_2022_Code,NAICS_6,115114,5
NAICS_2022_Code,NAICS_6,115115,5
NAICS_2022_Code,NAICS_6,115116,5
NAICS_2022_Code,NAICS_6,115210,5
NAICS_2022_Code,NAICS_6,115310,5
NAICS_2022_Code,NAICS_6,211120,5
NAICS_2022_Code,NAICS_6,211130,5
NAICS_2022_Code,NAICS_6,212114,5
NAICS_2022_Code,NAICS_6,212115,5
NAICS_2022_Code,NAICS_6,212210,5
NAICS_2022_Code,NAICS_6,212220,5
NAICS_2022_Code,NAICS_6,212230,5
NAICS_2022_Code,NAICS_6,212290,5
NAICS_2022_Code,NAICS_6,212311,5
NAICS_2022_Code,NAICS_6,212312,5
NAICS_2022_Code,NAICS_6,212313,5
NAICS_2022_Code,NAICS_6,212319,5
NAICS_2022_Code,NAICS_6,212321,5
NAICS_2022_Code,NAICS_6,212322,5
NAICS_2022_Code,NAICS_6,212323,5
NAICS_2022_Code,NAICS_6,212390,5
NAICS_2022_Code,NAICS_6,213111,5
NAICS_2022_Code,NAICS_6,213112,5
NAICS_2022_Code,NAICS_6,213113,5
NAICS_2022_Code,NAICS_6,213114,5
NAICS_2022_Code,NAICS_6,213115,5
NAICS_2022_Code,NAICS_6,221111,5
NAICS_2022_Code,NAICS_6,221112,5
NAICS_2022_Code,NAICS_6,221113,5
NAICS_2022_Code,NAICS_6,221114,5
NAICS_2022_Code,NAICS_6,221115,5
NAICS_2022_Code,NAICS_6,221116,5
NAICS_2022_Code,NAICS_6,221117,5
NAICS_2022_Code,NAICS_6,221118,5
NAICS_2022_Code,NAICS_6,221121,5
NAICS_2022_Code,NAICS_6,221122,5
NAICS_2022_Code,NAICS_6,221210,5
NAICS_2022_Code,NAICS_6,221310,5
NAICS_2022_Code,NAICS_6,221320,5
NAICS_2022_Code,NAICS_6,221330,5
NAICS_2022_Code,NAICS_6,236115,5
NAICS_2022_Code,NAICS_6,236116,5
NAICS_2022_Code,NAICS_6,236117,5
NAICS_2022_Code,NAICS_6,236118,5
NAICS_2022_Code,NAICS_6,236210,5
NAICS_2022_Code,NAICS_6,236220,5
NAICS_2022_Code,NAICS_6,237110,5
NAICS_2022_Code,NAICS_6,237120,5
NAICS_2022_Code,NAICS_6,237130,5
NAICS_2022_Code,NAICS_6,237210,5
NAICS_2022_Code,NAICS_6,237310,5
NAICS_2022_Code,NAICS_6,237990,5
NAICS_2022_Code,NAICS_6,238110,5
NAICS_2022_Code,NAICS_6,238120,5
NAICS_2022_Code,NAICS_6,238130,5
NAICS_2022_Code,NAICS_6,238140,5
NAICS_2022_Code,NAICS_6,238150,5
NAICS_2022_Code,NAICS_6,238160,5
NAICS_2022_Code,NAICS_6,238170,5
NAICS_2022_Code,NAICS_6,238190,5
NAICS_2022_Code,NAICS_6,238210,5
NAICS_2022_Code,NAICS_6,238220,5
NAICS_2022_Code,NAICS_6,238290,5
NAICS_2022_Code,NAICS_6,238310,5
NAICS_2022_Code,NAICS_6,238320,5
NAICS_2022_Code,NAICS_6,238330,5
NAICS_2022_Code,NAICS_6,238340,5
NAICS_2022_Code,NAICS_6,238350,5
NAICS_2022_Code,NAICS_6,238390,5
NAICS_2022_Code,NAICS_6,238910,5
NAICS_2022_Code,NAICS_6,238990,5
NAICS_2022_Code,NAICS_6,311111,5
NAICS_2022_Code,NAICS_6,311119,5
NAICS_2022_Code,NAICS_6,311211,5
NAICS_2022_Code,NAICS_6,311212,5
NAICS_2022_Code,NAICS_6,311213,5
NAICS_2022_Code,NAICS_6,311221,5
NAICS_2022_Code,NAICS_6,311224,5
NAICS_2022_Code,NAICS_6,311225,5
NAICS_2022_Code,NAICS_6,311230,5
NAICS_2022_Code,NAICS_6,311313,5
NAICS_2022_Code,NAICS_6,311314,5
NAICS_2022_Code,NAICS_6,311340,5
NAICS_2022_Code,NAICS_6,311351,5
NAICS_2022_Code,NAICS_6,311352,5
NAICS_2022_Code,NAICS_6,311411,5
NAICS_2022_Code,NAICS_6,311412,5
NAICS_2022_Code,NAICS_6,311421,5
NAICS_2022_Code,NAICS_6,311422,5
NAICS_2022_Code,NAICS_6,311423,5
NAICS_2022_Code,NAICS_6,311511,5
NAICS_2022_Code,NAICS_6,311512,5
NAICS_2022_Code,NAICS_6,311513,5
NAICS_2022_Code,NAICS_6,311514,5
NAICS_2022_Code,NAICS_6,311520,5
NAICS_2022_Code,NAICS_6,311611,5
NAICS_2022_Code,NAICS_6,311612,5
NAICS_2022_Code,NAICS_6,311613,5
NAICS_2022_Code,NAICS_6,311615,5
NAICS_2022_Code,NAICS_6,311710,5
NAICS_2022_Code,NAICS_6,311811,5
NAICS_2022_Code,NAICS_6,311812,5
NAICS_2022_Code,NAICS_6,311813,5
NAICS_2022_Code,NAICS_6,311821,5
NAICS_2022_Code,NAICS_6,311824,5
NAICS_2022_Code,NAICS_6,311830,5
NAICS_2022_Code,NAICS_6,311911,5
NAICS_2022_Code,NAICS_6,311919,5
NAICS_2022_Code,NAICS_6,311920,5
NAICS_2022_Code,NAICS_6,311930,5
NAICS_2022_Code,NAICS_6,311941,5
NAICS_2022_Code,NAICS_6,311942,5
NAICS_2022_Code,NAICS_6,311991,5
NAICS_2022_Code,NAICS_6,311999,5
NAICS_2022_Code,NAICS_6,312111,5
NAICS_2022_Code,NAICS_6,312112,5
NAICS_2022_Code,NAICS_6,312113,5
NAICS_2022_Code,NAICS_6,312120,5
NAICS_2022_Code,NAICS_6,312130,5
NAICS_2022_Code,NAICS_6,312140,5
NAICS_2022_Code,NAICS_6,312230,5
NAICS_2022_Code,NAICS_6,313110,5
NAICS_2022_Code,NAICS_6,313210,5
NAICS_2022_Code,NAICS_6,313220,5
NAICS_2022_Code,NAICS_6,313230,5
NAICS_2022_Code,NAICS_6,313240,5
NAICS_2022_Code,NAICS_6,313310,5
NAICS_2022_Code,NAICS_6,313320,5
NAICS_2022_Code,NAICS_6,314110,5
NAICS_2022_Code,NAICS_6,314120,5
NAICS_2022_Code,NAICS_6,314910,5
NAICS_2022_Code,NAICS_6,314994,5
NAICS_2022_Code,NAICS_6,314999,5
NAICS_2022_Code,NAICS_6,315120,5
NAICS_2022_Code,NAICS_6,315210,5
NAICS_2022_Code,NAICS_6,315250,5
NAICS_2022_Code,NAICS_6,315990,5
NAICS_2022_Code,NAICS_6,316110,5
NAICS_2022_Code,NAICS_6,316210,5
NAICS_2022_Code,NAICS_6,316990,5
NAICS_2022_Code,NAICS_6,321113,5
NAICS_2022_Code,NAICS_6,321114,5
NAICS_2022_Code,NAICS_6,321211,5
NAICS_2022_Code,NAICS_6,321212,5
NAICS_2022_Code,NAICS_6,321215,5
NAICS_2022_Code,NAICS_6,321219,5
NAICS_2022_Code,NAICS_6,321911,5
NAICS_2022_Code,NAICS_6,321912,5
NAICS_2022_Code,NAICS_6,321918,5
NAICS_2022_Code,NAICS_6,321920,5
NAICS_2022_Code,NAICS_6,321991,5
NAICS_2022_Code,NAICS_6,321992,5
NAICS_2022_Code,NAICS_6,321999,5
NAICS_2022_Code,NAICS_6,322110,5
NAICS_2022_Code,NAICS_6,322120,5
NAICS_2022_Code,NAICS_6,322130,5
NAICS_2022_Code,NAICS_6,322211,5
NAICS_2022_Code,NAICS_6,322212,5
NAICS_2022_Code,NAICS_6,322219,5
NAICS_2022_Code,NAICS_6,322220,5
NAICS_2022_Code,NAICS_6,322230,5
NAICS_2022_Code,NAICS_6,322291,5
NAICS_2022_Code,NAICS_6,322299,5
NAICS_2022_Code,NAICS_6,323111,5
NAICS_2022_Code,NAICS_6,323113,5
NAICS_2022_Code,NAICS_6,323117,5
NAICS_2022_Code,NAICS_6,323120,5
NAICS_2022_Code,NAICS_6,324110,5
NAICS_2022_Code,NAICS_6,324121,5
NAICS_2022_Code,NAICS_6,324122,5
NAICS_2022_Code,NAICS_6,324191,5
NAICS_2022_Code,NAICS_6,324199,5
NAICS_2022_Code,NAICS_6,325110,5
NAICS_2022_Code,NAICS_6,325120,5
NAICS_2022_Code,NAICS_6,325130,5
NAICS_2022_Code,NAICS_6,325180,5
NAICS_2022_Code,NAICS_6,325193,5
NAICS_2022_Code,NAICS_6,325194,5
NAICS_2022_Code,NAICS_6,325199,5
NAICS_2022_Code,NAICS_6,325211,5
NAICS_2022_Code,NAICS_6,325212,5
NAICS_2022_Code,NAICS_6,325220,5
NAICS_2022_Code,NAICS_6,325311,5
NAICS_2022_Code,NAICS_6,325312,5
NAICS_2022_Code,NAICS_6,325314,5
NAICS_2022_Code,NAICS_6,325315,5
NAICS_2022_Code,NAICS_6,325320,5
NAICS_2022_Code,NAICS_6,325411,5
NAICS_2022_Code,NAICS_6,325412,5
NAICS_2022_Code,NAICS_6,325413,5
NAICS_2022_Code,NAICS_6,325414,5
NAICS_2022_Code,NAICS_6,325510,5
NAICS_2022_Code,NAICS_6,325520,5
NAICS_2022_Code,NAICS_6,325611,5
NAICS_2022_Code,NAICS_6,325612,5
NAICS_2022_Code,NAICS_6,325613,5
NAICS_2022_Code,NAICS_6,325620,5
NAICS_2022_Code,NAICS_6,325910,5
NAICS_2022_Code,NAICS_6,325920,5
NAICS_2022_Code,NAICS_6,325991,5
NAICS_2022_Code,NAICS_6,325992,5
NAICS_2022_Code,NAICS_6,325998,5
NAICS_2022_Code,NAICS_6,326111,5
NAICS_2022_Code,NAICS_6,326112,5
NAICS_2022_Code,NAICS_6,326113,5
NAICS_2022_Code,NAICS_6,326121,5
NAICS_2022_Code,NAICS_6,326122,5
NAICS_2022_Code,NAICS_6,326130,5
NAICS_2022_Code,NAICS_6,326140,5
NAICS_2022_Code,NAICS_6,326150,5
NAICS_2022_Code,NAICS_6,326160,5
NAICS_2022_Code,NAICS_6,326191,5
NAICS_2022_Code,NAICS_6,326199,5
NAICS_2022_Code,NAICS_6,326211,5
NAICS_2022_Code,NAICS_6,326212,5
NAICS_2022_Code,NAICS_6,326220,5
NAICS_2022_Code,NAICS_6,326291,5
NAICS_2022_Code,NAICS_6,326299,5
NAICS_2022_Code,NAICS_6,327110,5
NAICS_2022_Code,NAICS_6,327120,5
NAICS_2022_Code,NAICS_6,327211,5
NAICS_2022_Code,NAICS_6,327212,5
NAICS_2022_Code,NAICS_6,327213,5
NAICS_2022_Code,NAICS_6,327215,5
NAICS_2022_Code,NAICS_6,327310,5
NAICS_2022_Code,NAICS_6,327320,5
NAICS_2022_Code,NAICS_6,327331,5
NAICS_2022_Code,NAICS_6,327332,5
NAICS_2022_Code,NAICS_6,327390,5
NAICS_2022_Code,NAICS_6,327410,5
NAICS_2022_Code,NAICS_6,327420,5
NAICS_2022_Code,NAICS_6,327910,5
NAICS_2022_Code,NAICS_6,327991,5
NAICS_2022_Code,NAICS_6,327992,5
NAICS_2022_Code,NAICS_6,327993,5
NAICS_2022_Code,NAICS_6,327999,5
NAICS_2022_Code,NAICS_6,331110,5
NAICS_2022_Code,NAICS_6,331210,5
NAICS_2022_Code,NAICS_6,331221,5
NAICS_2022_Code,NAICS_6,331222,5
NAICS_2022_Code,NAICS_6,331313,5
NAICS_2022_Code,NAICS_6,331314,5
NAICS_2022_Code,NAICS_6,331315,5
NAICS_2022_Code,NAICS_6,331318,5
NAICS_2022_Code,NAICS_6,331410,5
NAICS_2022_Code,NAICS_6,331420,5
NAICS_2022_Code,NAICS_6,331491,5
NAICS_2022_Code,NAICS_6,331492,5
NAICS_2022_Code,NAICS_6,331511,5
NAICS_2022_Code,NAICS_6,331512,5
NAICS_2022_Code,NAICS_6,331513,5
NAICS_2022_Code,NAICS_6,331523,5
NAICS_2022_Code,NAICS_6,331524,5
NAICS_2022_Code,NAICS_6,331529,5
NAICS_2022_Code,NAICS_6,332111,5
NAICS_2022_Code,NAICS_6,332112,5
NAICS_2022_Code,NAICS_6,332114,5
NAICS_2022_Code,NAICS_6,332117,5
NAICS_2022_Code,NAICS_6,332119,5
NAICS_2022_Code,NAICS_6,332215,5
NAICS_2022_Code,NAICS_6,332216,5
NAICS_2022_Code,NAICS_6,332311,5
NAICS_2022_Code,NAICS_6,332312,5
NAICS_2022_Code,NAICS_6,332313,5
NAICS_2022_Code,NAICS_6,332321,5
NAICS_2022_Code,NAICS_6,332322,5
NAICS_2022_Code,NAICS_6,332323,5
NAICS_2022_Code,NAICS_6,332410,5
NAICS_2022_Code,NAICS_6,332420,5
NAICS_2022_Code,NAICS_6,332431,5
NAICS_2022_Code,NAICS_6,332439,5
NAICS_2022_Code,NAICS_6,332510,5
NAICS_2022_Code,NAICS_6,332613,5
NAICS_2022_Code,NAICS_6,332618,5
NAICS_2022_Code,NAICS_6,332710,5
NAICS_2022_Code,NAICS_6,332721,5
NAICS_2022_Code,NAICS_6,332722,5
NAICS_2022_Code,NAICS_6,332811,5
NAICS_2022_Code,NAICS_6,332812,5
NAICS_2022_Code,NAICS_6,332813,5
NAICS_2022_Code,NAICS_6,332911,5
NAICS_2022_Code,NAICS_6,332912,5
NAICS_2022_Code,NAICS_6,332913,5
NAICS_2022_Code,NAICS_6,332919,5
NAICS_2022_Code,NAICS_6,332991,5
NAICS_2022_Code,NAICS_6,332992,5
NAICS_2022_Code,NAICS_6,332993,5
NAICS_2022_Code,NAICS_6,332994,5
NAICS_2022_Code,NAICS_6,332996,5
NAICS_2022_Code,NAICS_6,332999,5
NAICS_2022_Code,NAICS_6,333111,5
NAICS_2022_Code,NAICS_6,333112,5
NAICS_2022_Code,NAICS_6,333120,5
NAICS_2022_Code,NAICS_6,333131,5
NAICS_2022_Code,NAICS_6,333132,5
NAICS_2022_Code,NAICS_6,333241,5
NAICS_2022_Code,NAICS_6,333242,5
NAICS_2022_Code,NAICS_6,333243,5
NAICS_2022_Code,NAICS_6,333248,5
NAICS_2022_Code,NAICS_6,333310,5
NAICS_2022_Code,NAICS_6,333413,5
NAICS_2022_Code,NAICS_6,333414,5
NAICS_2022_Code,NAICS_6,333415,5
NAICS_2022_Code,NAICS_6,333511,5
NAICS_2022_Code,NAICS_6,333514,5
NAICS_2022_Code,NAICS_6,333515,5
NAICS_2022_Code,NAICS_6,333517,5
NAICS_2022_Code,NAICS_6,333519,5
NAICS_2022_Code,NAICS_6,333611,5
NAICS_2022_Code,NAICS_6,333612,5
NAICS_2022_Code,NAICS_6,333613,5
NAICS_2022_Code,NAICS_6,333618,5
NAICS_2022_Code,NAICS_6,333912,5
NAICS_2022_Code,NAICS_6,333914,5
NAICS_2022_Code,NAICS_6,333921,5
NAICS_2022_Code,NAICS_6,333922,5
NAICS_2022_Code,NAICS_6,333923,5
NAICS_2022_Code,NAICS_6,333924,5
NAICS_2022_Code,NAICS_6,333991,5
NAICS_2022_Code,NAICS_6,333992,5
NAICS_2022_Code,NAICS_6,333993,5
NAICS_2022_Code,NAICS_6,333994,5
NAICS_2022_Code,NAICS_6,333995,5
NAICS_2022_Code,NAICS_6,333996,5
NAICS_2022_Code,NAICS_6,333998,5
NAICS_2022_Code,NAICS_6,334111,5
NAICS_2022_Code,NAICS_6,334112,5
NAICS_2022_Code,NAICS_6,334118,5
NAICS_2022_Code,NAICS_6,334210,5
NAICS_2022_Code,NAICS_6,334220,5
NAICS_2022_Code,NAICS_6,334290,5
NAICS_2022_Code,NAICS_6,334310,5
NAICS_2022_Code,NAICS_6,334412,5
NAICS_2022_Code,NAICS_6,334413,5
NAICS_2022_Code,NAICS_6,334416,5
NAICS_2022_Code,NAICS_6,334417,5
NAICS_2022_Code,NAICS_6,334418,5
NAICS_2022_Code,NAICS_6,334419,5
NAICS_2022_Code,NAICS_6,334510,5
NAICS_2022_Code,NAICS_6,334511,5
NAICS_2022_Code,NAICS_6,334512,5
NAICS_2022_Code,NAICS_6,334513,5
NAICS_2022_Code,NAICS_6,334514,5
NAICS_2022_Code,NAICS_6,334515,5
NAICS_2022_Code,NAICS_6,334516,5
NAICS_2022_Code,NAICS_6,334517,5
NAICS_2022_Code,NAICS_6,334519,5
NAICS_2022_Code,NAICS_6,334610,5
NAICS_2022_Code,NAICS_6,335131,5
NAICS_2022_Code,NAICS_6,335132,5
NAICS_2022_Code,NAICS_6,335139,5
NAICS_2022_Code,NAICS_6,335210,5
NAICS_2022_Code,NAICS_6,335220,5
NAICS_2022_Code,NAICS_6,335311,5
NAICS_2022_Code,NAICS_6,335312,5
NAICS_2022_Code,NAICS_6,335313,5
NAICS_2022_Code,NAICS_6,335314,5
NAICS_2022_Code,NAICS_6,335910,5
NAICS_2022_Code,NAICS_6,335921,5
NAICS_2022_Code,NAICS_6,335929,5
NAICS_2022_Code,NAICS_6,335931,5
NAICS_2022_Code,NAICS_6,335932,5
NAICS_2022_Code,NAICS_6,335991,5
NAICS_2022_Code,NAICS_6,335999,5
NAICS_2022_Code,NAICS_6,336110,5
NAICS_2022_Code,NAICS_6,336120,5
NAICS_2022_Code,NAICS_6,336211,5
NAICS_2022_Code,NAICS_6,336212,5
NAICS_2022_Code,NAICS_6,336213,5
NAICS_2022_Code,NAICS_6,336214,5
NAICS_2022_Code,NAICS_6,336310,5
NAICS_2022_Code,NAICS_6,336320,5
NAICS_2022_Code,NAICS_6,336330,5
NAICS_2022_Code,NAICS_6,336340,5
NAICS_2022_Code,NAICS_6,336350,5
NAICS_2022_Code,NAICS_6,336360,5
NAICS_2022_Code,NAICS_6,336370,5
NAICS_2022_Code,NAICS_6,336390,5
NAICS_2022_Code,NAICS_6,336411,5
NAICS_2022_Code,NAICS_6,336412,5
NAICS_2022_Code,NAICS_6,336413,5
NAICS_2022_Code,NAICS_6,336414,5
NAICS_2022_Code,NAICS_6,336415,5
NAICS_2022_Code,NAICS_6,336419,5
NAICS_2022_Code,NAICS_6,336510,5
NAICS_2022_Code,NAICS_6,336611,5
NAICS_2022_Code,NAICS_6,336612,5
NAICS_2022_Code,NAICS_6,336991,5
NAICS_2022_Code,NAICS_6,336992,5
NAICS_2022_Code,NAICS_6,336999,5
NAICS_2022_Code,NAICS_6,337110,5
NAICS_2022_Code,NAICS_6,337121,5
NAICS_2022_Code,NAICS_6,337122,5
NAICS_2022_Code,NAICS_6,337126,5
NAICS_2022_Code,NAICS_6,337127,5
NAICS_2022_Code,NAICS_6,337211,5
NAICS_2022_Code,NAICS_6,337212,5
NAICS_2022_Code,NAICS_6,337214,5
NAICS_2022_Code,NAICS_6,337215,5
NAICS_2022_Code,NAICS_6,337910,5
NAICS_2022_Code,NAICS_6,337920,5
NAICS_2022_Code,NAICS_6,339112,5
NAICS_2022_Code,NAICS_6,339113,5
NAICS_2022_Code,NAICS_6,339114,5
NAICS_2022_Code,NAICS_6,339115,5
NAICS_2022_Code,NAICS_6,339116,5
NAICS_2022_Code,NAICS_6,339910,5
NAICS_2022_Code,NAICS_6,339920,5
NAICS_2022_Code,NAICS_6,339930,5
NAICS_2022_Code,NAICS_6,339940,5
NAICS_2022_Code,NAICS_6,339950,5
NAICS_2022_Code,NAICS_6,339991,5
NAICS_2022_Code,NAICS_6,339992,5
NAICS_2022_Code,NAICS_6,339993,5
NAICS_2022_Code,NAICS_6,339994,5
NAICS_2022_Code,NAICS_6,339995,5
NAICS_2022_Code,NAICS_6,339999,5
NAICS_2022_Code,NAICS_6,423110,5
NAICS_2022_Code,NAICS_6,423120,5
NAICS_2022_Code,NAICS_6,423130,5
NAICS_2022_Code,NAICS_6,423140,5
NAICS_2022_Code,NAICS_6,423210,5
NAICS_2022_Code,NAICS_6,423220,5
NAICS_2022_Code,NAICS_6,423310,5
NAICS_2022_Code,NAICS_6,423320,5
NAICS_2022_Code,NAICS_6,423330,5
NAICS_2022_Code,NAICS_6,423390,5
NAICS_2022_Code,NAICS_6,423410,5
NAICS_2022_Code,NAICS_6,423420,5
NAICS_2022_Code,NAICS_6,423430,5
NAICS_2022_Code,NAICS_6,423440,5
NAICS_2022_Code,NAICS_6,423450,5
NAICS_2022_Code,NAICS_6,423460,5
NAICS_2022_Code,NAICS_6,423490,5
NAICS_2022_Code,NAICS_6,423510,5
NAICS_2022_Code,NAICS_6,423520,5
NAICS_2022_Code,NAICS_6,423610,5
NAICS_2022_Code,NAICS_6,423620,5
NAICS_2022_Code,NAICS_6,423690,5
NAICS_2022_Code,NAICS_6,423710,5
NAICS_2022_Code,NAICS_6,423720,5
NAICS_2022_Code,NAICS_6,423730,5
NAICS_2022_Code,NAICS_6,423740,5
NAICS_2022_Code,NAICS_6,423810,5
NAICS_2022_Code,NAICS_6,423820,5
NAICS_2022_Code,NAICS_6,423830,5
NAICS_2022_Code,NAICS_6,423840,5
NAICS_2022_Code,NAICS_6,423850,5
NAICS_2022_Code,NAICS_6,423860,5
NAICS_2022_Code,NAICS_6,423910,5
NAICS_2022_Code,NAICS_6,423920,5
NAICS_2022_Code,NAICS_6,423930,5
NAICS_2022_Code,NAICS_6,423940,5
NAICS_2022_Code,NAICS_6,423990,5
NAICS_2022_Code,NAICS_6,424110,5
NAICS_2022_Code,NAICS_6,424120,5
NAICS_2022_Code,NAICS_6,424130,5
NAICS_2022_Code,NAICS_6,424210,5
NAICS_2022_Code,NAICS_6,424310,5
NAICS_2022_Code,NAICS_6,424340,5
NAICS_2022_Code,NAICS_6,424350,5
NAICS_2022_Code,NAICS_6,424410,5
NAICS_2022_Code,NAICS_6,424420,5
NAICS_2022_Code,NAICS_6,424430,5
NAICS_2022_Code,NAICS_6,424440,5
NAICS_2022_Code,NAICS_6,424450,5
NAICS_2022_Code,NAICS_6,424460,5
NAICS_2022_Code,NAICS_6,424470,5
NAICS_2022_Code,NAICS_6,424480,5
NAICS_2022_Code,NAICS_6,424490,5
NAICS_2022_Code,NAICS_6,424510,5
NAICS_2022_Code,NAICS_6,424520,5
NAICS_2022_Code,NAICS_6,424590,5
NAICS_2022_Code,NAICS_6,424610,5
NAICS_2022_Code,NAICS_6,424690,5
NAICS_2022_Code,NAICS_6,424710,5
NAICS_2022_Code,NAICS_6,424720,5
NAICS_2022_Code,NAICS_6,424810,5
NAICS_2022_Code,NAICS_6,424820,5
NAICS_2022_Code,NAICS_6,424910,5
NAICS_2022_Code,NAICS_6,424920,5
NAICS_2022_Code,NAICS_6,424930,5
NAICS_2022_Code,NAICS_6,424940,5
NAICS_2022_Code,NAICS_6,424950,5
NAICS_2022_Code,NAICS_6,424990,5
NAICS_2022_Code,NAICS_6,425120,5
NAICS_2022_Code,NAICS_6,441110,5
NAICS_2022_Code,NAICS_6,441120,5
NAICS_2022_Code,NAICS_6,441210,5
NAICS_2022_Code,NAICS_6,441222,5
NAICS_2022_Code,NAICS_6,441227,5
NAICS_2022_Code,NAICS_6,441330,5
NAICS_2022_Code,NAICS_6,441340,5
NAICS_2022_Code,NAICS_6,444110,5
NAICS_2022_Code,NAICS_6,444120,5
NAICS_2022_Code,NAICS_6,444140,5
NAICS_2022_Code,NAICS_6,444180,5
NAICS_2022_Code,NAICS_6,444230,5
NAICS_2022_Code,NAICS_6,444240,5
NAICS_2022_Code,NAICS_6,445110,5
NAICS_2022_Code,NAICS_6,445131,5
NAICS_2022_Code,NAICS_6,445132,5
NAICS_2022_Code,NAICS_6,445230,5
NAICS_2022_Code,NAICS_6,445240,5
NAICS_2022_Code,NAICS_6,445250,5
NAICS_2022_Code,NAICS_6,445291,5
NAICS_2022_Code,NAICS_6,445292,5
NAICS_2022_Code,NAICS_6,445298,5
NAICS_2022_Code,NAICS_6,445320,5
NAICS_2022_Code,NAICS_6,449110,5
NAICS_2022_Code,NAICS_6,449121,5
NAICS_2022_Code,NAICS_6,449122,5
NAICS_2022_Code,NAICS_6,449129,5
NAICS_2022_Code,NAICS_6,449210,5
NAICS_2022_Code,NAICS_6,455110,5
NAICS_2022_Code,NAICS_6,455211,5
NAICS_2022_Code,NAICS_6,455219,5
NAICS_2022_Code,NAICS_6,456110,5
NAICS_2022_Code,NAICS_6,456120,5
NAICS_2022_Code,NAICS_6,456130,5
NAICS_2022_Code,NAICS_6,456191,5
NAICS_2022_Code,NAICS_6,456199,5
NAICS_2022_Code,NAICS_6,457110,5
NAICS_2022_Code,NAICS_6,457120,5
NAICS_2022_Code,NAICS_6,457210,5
NAICS_2022_Code,NAICS_6,458110,5
NAICS_2022_Code,NAICS_6,458210,5
NAICS_2022_Code,NAICS_6,458310,5
NAICS_2022_Code,NAICS_6,458320,5
NAICS_2022_Code,NAICS_6,459110,5
NAICS_2022_Code,NAICS_6,459120,5
NAICS_2022_Code,NAICS_6,459130,5
NAICS_2022_Code,NAICS_6,459140,5
NAICS_2022_Code,NAICS_6,459210,5
NAICS_2022_Code,NAICS_6,459310,5
NAICS_2022_Code,NAICS_6,459410,5
NAICS_2022_Code,NAICS_6,459420,5
NAICS_2022_Code,NAICS_6,459510,5
NAICS_2022_Code,NAICS_6,459910,5
NAICS_2022_Code,NAICS_6,459920,5
NAICS_2022_Code,NAICS_6,459930,5
NAICS_2022_Code,NAICS_6,459991,5
NAICS_2022_Code,NAICS_6,459999,5
NAICS_2022_Code,NAICS_6,481111,5
NAICS_2022_Code,NAICS_6,481112,5
NAICS_2022_Code,NAICS_6,481211,5
NAICS_2022_Code,NAICS_6,481212,5
NAICS_2022_Code,NAICS_6,481219,5
NAICS_2022_Code,NAICS_6,482111,5
NAICS_2022_Code,NAICS_6,482112,5
NAICS_2022_Code,NAICS_6,483111,5
NAICS_2022_Code,NAICS_6,483112,5
NAICS_2022_Code,NAICS_6,483113,5
NAICS_2022_Code,NAICS_6,483114,5
NAICS_2022_Code,NAICS_6,483211,5
NAICS_2022_Code,NAICS_6,483212,5
NAICS_2022_Code,NAICS_6,484110,5
NAICS_2022_Code,NAICS_6,484121,5
NAICS_2022_Code,NAICS_6,484122,5
NAICS_2022_Code,NAICS_6,484210,5
NAICS_2022_Code,NAICS_6,484220,5
NAICS_2022_Code,NAICS_6,484230,5
NAICS_2022_Code,NAICS_6,485111,5
NAICS_2022_Code,NAICS_6,485112,5
NAICS_2022_Code,NAICS_6,485113,5
NAICS_2022_Code,NAICS_6,485119,5
NAICS_2022_Code,NAICS_6,485210,5
NAICS_2022_Code,NAICS_6,485310,5
NAICS_2022_Code,NAICS_6,485320,5
NAICS_2022_Code,NAICS_6,485410,5
NAICS_2022_Code,NAICS_6,485510,5
NAICS_2022_Code,NAICS_6,485991,5
NAICS_2022_Code,NAICS_6,485999,5
NAICS_2022_Code,NAICS_6,486110,5
NAICS_2022_Code,NAICS_6,486210,5
NAICS_2022_Code,NAICS_6,486910,5
NAICS_2022_Code,NAICS_6,486990,5
NAICS_2022_Code,NAICS_6,487110,5
NAICS_2022_Code,NAICS_6,487210,5
NAICS_2022_Code,NAICS_6,487990,5
NAICS_2022_Code,NAICS_6,488111,5
NAICS_2022_Code,NAICS_6,488119,5
NAICS_2022_Code,NAICS_6,488190,5
NAICS_2022_Code,NAICS_6,488210,5
NAICS_2022_Code,NAICS_6,488310,5
NAICS_2022_Code,NAICS_6,488320,5
NAICS_2022_Code,NAICS_6,488330,5
NAICS_2022_Code,NAICS_6,488390,5
NAICS_2022_Code,NAICS_6,488410,5
NAICS_2022_Code,NAICS_6,488490,5
NAICS_2022_Code,NAICS_6,488510,5
NAICS_2022_Code,NAICS_6,488991,5
NAICS_2022_Code,NAICS_6,488999,5
NAICS_2022_Code,NAICS_6,491110,5
NAICS_2022_Code,NAICS_6,492110,5
NAICS_2022_Code,NAICS_6,492210,5
NAICS_2022_Code,NAICS_6,493110,5
NAICS_2022_Code,NAICS_6,493120,5
NAICS_2022_Code,NAICS_6,493130,5
NAICS_2022_Code,NAICS_6,493190,5
NAICS_2022_Code,NAICS_6,512110,5
NAICS_2022_Code,NAICS_6,512120,5
NAICS_2022_Code,NAICS_6,512131,5
NAICS_2022_Code,NAICS_6,512132,5
NAICS_2022_Code,NAICS_6,512191,5
NAICS_2022_Code,NAICS_6,512199,5
NAICS_2022_Code,NAICS_6,512230,5
NAICS_2022_Code,NAICS_6,512240,5
NAICS_2022_Code,NAICS_6,512250,5
NAICS_2022_Code,NAICS_6,512290,5
NAICS_2022_Code,NAICS_6,513110,5
NAICS_2022_Code,NAICS_6,513120,5
NAICS_2022_Code,NAICS_6,513130,5
NAICS_2022_Code,NAICS_6,513140,5
NAICS_2022_Code,NAICS_6,513191,5
NAICS_2022_Code,NAICS_6,513199,5
NAICS_2022_Code,NAICS_6,513210,5
NAICS_2022_Code,NAICS_6,516110,5
NAICS_2022_Code,NAICS_6,516120,5
NAICS_2022_Code,NAICS_6,516210,5
NAICS_2022_Code,NAICS_6,517111,5
NAICS_2022_Code,NAICS_6,517112,5
NAICS_2022_Code,NAICS_6,517121,5
NAICS_2022_Code,NAICS_6,517122,5
NAICS_2022_Code,NAICS_6,517410,5
NAICS_2022_Code,NAICS_6,517810,5
NAICS_2022_Code,NAICS_6,518210,5
NAICS_2022_Code,NAICS_6,519210,5
NAICS_2022_Code,NAICS_6,519290,5
NAICS_2022_Code,NAICS_6,521110,5
NAICS_2022_Code,NAICS_6,522110,5
NAICS_2022_Code,NAICS_6,522130,5
NAICS_2022_Code,NAICS_6,522180,5
NAICS_2022_Code,NAICS_6,522210,5
NAICS_2022_Code,NAICS_6,522220,5
NAICS_2022_Code,NAICS_6,522291,5
NAICS_2022_Code,NAICS_6,522292,5
NAICS_2022_Code,NAICS_6,522299,5
NAICS_2022_Code,NAICS_6,522310,5
NAICS_2022_Code,NAICS_6,522320,5
NAICS_2022_Code,NAICS_6,522390,5
NAICS_2022_Code,NAICS_6,523150,5
NAICS_2022_Code,NAICS_6,523160,5
NAICS_2022_Code,NAICS_6,523210,5
NAICS_2022_Code,NAICS_6,523910,5
NAICS_2022_Code,NAICS_6,523940,5
NAICS_2022_Code,NAICS_6,523991,5
NAICS_2022_Code,NAICS_6,523999,5
NAICS_2022_Code,NAICS_6,524113,5
NAICS_2022_Code,NAICS_6,524114,5
NAICS_2022_Code,NAICS_6,524126,5
NAICS_2022_Code,NAICS_6,524127,5
NAICS_2022_Code,NAICS_6,524128,5
NAICS_2022_Code,NAICS_6,524130,5
NAICS_2022_Code,NAICS_6,524210,5
NAICS_2022_Code,NAICS_6,524291,5
NAICS_2022_Code,NAICS_6,524292,5
NAICS_2022_Code,NAICS_6,524298,5
NAICS_2022_Code,NAICS_6,525110,5
NAICS_2022_Code,NAICS_6,525120,5
NAICS_2022_Code,NAICS_6,525190,5
NAICS_2022_Code,NAICS_6,525910,5
NAICS_2022_Code,NAICS_6,525920,5
NAICS_2022_Code,NAICS_6,525990,5
NAICS_2022_Code,NAICS_6,531110,5
NAICS_2022_Code,NAICS_6,531120,5
NAICS_2022_Code,NAICS_6,531130,5
NAICS_2022_Code,NAICS_6,531190,5
NAICS_2022_Code,NAICS_6,531210,5
NAICS_2022_Code,NAICS_6,531311,5
NAICS_2022_Code,NAICS_6,531312,5
NAICS_2022_Code,NAICS_6,531320,5
NAICS_2022_Code,NAICS_6,531390,5
NAICS_2022_Code,NAICS_6,532111,5
NAICS_2022_Code,NAICS_6,532112,5
NAICS_2022_Code,NAICS_6,532120,5
NAICS_2022_Code,NAICS_6,532210,5
NAICS_2022_Code,NAICS_6,532281,5
NAICS_2022_Code,NAICS_6,532282,5
NAICS_2022_Code,NAICS_6,532283,5
NAICS_2022_Code,NAICS_6,532284,5
NAICS_2022_Code,NAICS_6,532289,5
NAICS_2022_Code,NAICS_6,532310,5
NAICS_2022_Code,NAICS_6,532411,5
NAICS_2022_Code,NAICS_6,532412,5
NAICS_2022_Code,NAICS_6,532420,5
NAICS_2022_Code,NAICS_6,532490,5
NAICS_2022_Code,NAICS_6,533110,5
NAICS_2022_Code,NAICS_6,541110,5
NAICS_2022_Code,NAICS_6,541120,5
NAICS_2022_Code,NAICS_6,541191,5
NAICS_2022_Code,NAICS_6,541199,5
NAICS_2022_Code,NAICS_6,541211,5
NAICS_2022_Code,NAICS_6,541213,5
NAICS_2022_Code,NAICS_6,541214,5
NAICS_2022_Code,NAICS_6,541219,5
NAICS_2022_Code,NAICS_6,541310,5
NAICS_2022_Code,NAICS_6,541320,5
NAICS_2022_Code,NAICS_6,541330,5
NAICS_2022_Code,NAICS_6,541340,5
NAICS_2022_Code,NAICS_6,541350,5
NAICS_2022_Code,NAICS_6,541360,5
NAICS_2022_Code,NAICS_6,541370,5
NAICS_2022_Code,NAICS_6,541380,5
NAICS_2022_Code,NAICS_6,541410,5
NAICS_2022_Code,NAICS_6,541420,5
NAICS_2022_Code,NAICS_6,541430,5
NAICS_2022_Code,NAICS_6,541490,5
NAICS_2022_Code,NAICS_6,541511,5
NAICS_2022_Code,NAICS_6,541512,5
NAICS_2022_Code,NAICS_6,541513,5
NAICS_2022_Code,NAICS_6,541519,5
NAICS_2022_Code,NAICS_6,541611,5
NAICS_2022_Code,NAICS_6,541612,5
NAICS_2022_Code,NAICS_6,541613,5
NAICS_2022_Code,NAICS_6,541614,5
NAICS_2022_Code,NAICS_6,541618,5
NAICS_2022_Code,NAICS_6,541620,5
NAICS_2022_Code,NAICS_6,541690,5
NAICS_2022_Code,NAICS_6,541713,5
NAICS_2022_Code,NAICS_6,541714,5
NAICS_2022_Code,NAICS_6,541715,5
NAICS_2022_Code,NAICS_6,541720,5
NAICS_2022_Code,NAICS_6,541810,5
NAICS_2022_Code,NAICS_6,541820,5
NAICS_2022_Code,NAICS_6,541830,5
NAICS_2022_Code,NAICS_6,541840,5
NAICS_2022_Code,NAICS_6,541850,5
NAICS_2022_Code,NAICS_6,541860,5
NAICS_2022_Code,NAICS_6,541870,5
NAICS_2022_Code,NAICS_6,541890,5
NAICS_2022_Code,NAICS_6,541910,5
NAICS_2022_Code,NAICS_6,541921,5
NAICS_2022_Code,NAICS_6,541922,5
NAICS_2022_Code,NAICS_6,541930,5
NAICS_2022_Code,NAICS_6,541940,5
NAICS_2022_Code,NAICS_6,541990,5
NAICS_2022_Code,NAICS_6,551111,5
NAICS_2022_Code,NAICS_6,551112,5
NAICS_2022_Code,NAICS_6,551114,5
NAICS_2022_Code,NAICS_6,561110,5
NAICS_2022_Code,NAICS_6,561210,5
NAICS_2022_Code,NAICS_6,561311,5
NAICS_2022_Code,NAICS_6,561312,5
NAICS_2022_Code,NAICS_6,561320,5
NAICS_2022_Code,NAICS_6,561330,5
NAICS_2022_Code,NAICS_6,561410,5
NAICS_2022_Code,NAICS_6,561421,5
NAICS_2022_Code,NAICS_6,561422,5
NAICS_2022_Code,NAICS_6,561431,5
NAICS_2022_Code,NAICS_6,561439,5
NAICS_2022_Code,NAICS_6,561440,5
NAICS_2022_Code,NAICS_6,561450,5
NAICS_2022_Code,NAICS_6,561491,5
NAICS_2022_Code,NAICS_6,561492,5
NAICS_2022_Code,NAICS_6,561499,5
NAICS_2022_Code,NAICS_6,561510,5
NAICS_2022_Code,NAICS_6,561520,5
NAICS_2022_Code,NAICS_6,561591,5
NAICS_2022_Code,NAICS_6,561599,5
NAICS_2022_Code,NAICS_6,561611,5
NAICS_2022_Code,NAICS_6,561612,5
NAICS_2022_Code,NAICS_6,561613,5
NAICS_2022_Code,NAICS_6,561621,5
NAICS_2022_Code,NAICS_6,561622,5
NAICS_2022_Code,NAICS_6,561710,5
NAICS_2022_Code,NAICS_6,561720,5
NAICS_2022_Code,NAICS_6,561730,5
NAICS_2022_Code,NAICS_6,561740,5
NAICS_2022_Code,NAICS_6,561790,5
NAICS_2022_Code,NAICS_6,561910,5
NAICS_2022_Code,NAICS_6,561920,5
NAICS_2022_Code,NAICS_6,561990,5
NAICS_2022_Code,NAICS_6,562111,5
NAICS_2022_Code,NAICS_6,562112,5
NAICS_2022_Code,NAICS_6,562119,5
NAICS_2022_Code,NAICS_6,562211,5
NAICS_2022_Code,NAICS_6,562212,5
NAICS_2022_Code,NAICS_6,562213,5
NAICS_2022_Code,NAICS_6,562219,5
NAICS_2022_Code,NAICS_6,562910,5
NAICS_2022_Code,NAICS_6,562920,5
NAICS_2022_Code,NAICS_6,562991,5
NAICS_2022_Code,NAICS_6,562998,5
NAICS_2022_Code,NAICS_6,611110,5
NAICS_2022_Code,NAICS_6,611210,5
NAICS_2022_Code,NAICS_6,611310,5
NAICS_2022_Code,NAICS_6,611410,5
NAICS_2022_Code,NAICS_6,611420,5
NAICS_2022_Code,NAICS_6,611430,5
NAICS_2022_Code,NAICS_6,611511,5
NAICS_2022_Code,NAICS_6,611512,5
NAICS_2022_Code,NAICS_6,611513,5
NAICS_2022_Code,NAICS_6,611519,5
NAICS_2022_Code,NAICS_6,611610,5
NAICS_2022_Code,NAICS_6,611620,5
NAICS_2022_Code,NAICS_6,611630,5
NAICS_2022_Code,NAICS_6,611691,5
NAICS_2022_Code,NAICS_6,611692,5
NAICS_2022_Code,NAICS_6,611699,5
NAICS_2022_Code,NAICS_6,611710,5
NAICS_2022_Code,NAICS_6,621111,5
NAICS_2022_Code,NAICS_6,621112,5
NAICS_2022_Code,NAICS_6,621210,5
NAICS_2022_Code,NAICS_6,621310,5
NAICS_2022_Code,NAICS_6,621320,5
NAICS_2022_Code,NAICS_6,621330,5
NAICS_2022_Code,NAICS_6,621340,5
NAICS_2022_Code,NAICS_6,621391,5
NAICS_2022_Code,NAICS_6,621399,5
NAICS_2022_Code,NAICS_6,621410,5
NAICS_2022_Code,NAICS_6,621420,5
NAICS_2022_Code,NAICS_6,621491,5
NAICS_2022_Code,NAICS_6,621492,5
NAICS_2022_Code,NAICS_6,621493,5
NAICS_2022_Code,NAICS_6,621498,5
NAICS_2022_Code,NAICS_6,621511,5
NAICS_2022_Code,NAICS_6,621512,5
NAICS_2022_Code,NAICS_6,621610,5
NAICS_2022_Code,NAICS_6,621910,5
NAICS_2022_Code,NAICS_6,621991,5
NAICS_2022_Code,NAICS_6,621999,5
NAICS_2022_Code,NAICS_6,622110,5
NAICS_2022_Code,NAICS_6,622210,5
NAICS_2022_Code,NAICS_6,622310,5
NAICS_2022_Code,NAICS_6,623110,5
NAICS_2022_Code,NAICS_6,623210,5
NAICS_2022_Code,NAICS_6,623220,5
NAICS_2022_Code,NAICS_6,623311,5
NAICS_2022_Code,NAICS_6,623312,5
NAICS_2022_Code,NAICS_6,623990,5
NAICS_2022_Code,NAICS_6,624110,5
NAICS_2022_Code,NAICS_6,624120,5
NAICS_2022_Code,NAICS_6,624190,5
NAICS_2022_Code,NAICS_6,624210,5
NAICS_2022_Code,NAICS_6,624221,5
NAICS_2022_Code,NAICS_6,624229,5
NAICS_2022_Code,NAICS_6,624230,5
NAICS_2022_Code,NAICS_6,624310,5
NAICS_2022_Code,NAICS_6,624410,5
NAICS_2022_Code,NAICS_6,711110,5
NAICS_2022_Code,NAICS_6,711120,5
NAICS_2022_Code,NAICS_6,711130,5
NAICS_2022_Code,NAICS_6,711190,5
NAICS_2022_Code,NAICS_6,711211,5
NAICS_2022_Code,NAICS_6,711212,5
NAICS_2022_Code,NAICS_6,711219,5
NAICS_2022_Code,NAICS_6,711310,5
NAICS_2022_Code,NAICS_6,711320,5
NAICS_2022_Code,NAICS_6,711410,5
NAICS_2022_Code,NAICS_6,711510,5
NAICS_2022_Code,NAICS_6,712110,5
NAICS_2022_Code,NAICS_6,712120,5
NAICS_2022_Code,NAICS_6,712130,5
NAICS_2022_Code,NAICS_6,712190,5
NAICS_2022_Code,NAICS_6,713110,5
NAICS_2022_Code,NAICS_6,713120,5
NAICS_2022_Code,NAICS_6,713210,5
NAICS_2022_Code,NAICS_6,713290,5
NAICS_2022_Code,NAICS_6,713910,5
NAICS_2022_Code,NAICS_6,713920,5
NAICS_2022_Code,NAICS_6,713930,5
NAICS_2022_Code,NAICS_6,713940,5
NAICS_2022_Code,NAICS_6,713950,5
NAICS_2022_Code,NAICS_6,713990,5
NAICS_2022_Code,NAICS_6,721110,5
NAICS_2022_Code,NAICS_6,721120,5
NAICS_2022_Code,NAICS_6,721191,5
NAICS_2022_Code,NAICS_6,721199,5
NAICS_2022_Code,NAICS_6,721211,5
NAICS_2022_Code,NAICS_6,721214,5
NAICS_2022_Code,NAICS_6,721310,5
NAICS_2022_Code,NAICS_6,722310,5
NAICS_2022_Code,NAICS_6,722320,5
NAICS_2022_Code,NAICS_6,722330,5
NAICS_2022_Code,NAICS_6,722410,5
NAICS_2022_Code,NAICS_6,722511,5
NAICS_2022_Code,NAICS_6,722513,5
NAICS_2022_Code,NAICS_6,722514,5
NAICS_2022_Code,NAICS_6,722515,5
NAICS_2022_Code,NAICS_6,811111,5
NAICS_2022_Code,NAICS_6,811114,5
NAICS_2022_Code,NAICS_6,811121,5
NAICS_2022_Code,NAICS_6,811122,5
NAICS_2022_Code,NAICS_6,811191,5
NAICS_2022_Code,NAICS_6,811192,5
NAICS_2022_Code,NAICS_6,811198,5
NAICS_2022_Code,NAICS_6,811210,5
NAICS_2022_Code,NAICS_6,811310,5
NAICS_2022_Code,NAICS_6,811411,5
NAICS_2022_Code,NAICS_6,811412,5
NAICS_2022_Code,NAICS_6,811420,5
NAICS_2022_Code,NAICS_6,811430,5
NAICS_2022_Code,NAICS_6,811490,5
NAICS_2022_Code,NAICS_6,812111,5
NAICS_2022_Code,NAICS_6,812112,5
NAICS_2022_Code,NAICS_6,812113,5
NAICS_2022_Code,NAICS_6,812191,5
NAICS_2022_Code,NAICS_6,812199,5
NAICS_2022_Code,NAICS_6,812210,5
NAICS_2022_Code,NAICS_6,812220,5
NAICS_2022_Code,NAICS_6,812310,5
NAICS_2022_Code,NAICS_6,812320,5
NAICS_2022_Code,NAICS_6,812331,5
NAICS_2022_Code,NAICS_6,812332,5
NAICS_2022_Code,NAICS_6,812910,5
NAICS_2022_Code,NAICS_6,812921,5
NAICS_2022_Code,NAICS_6,812922,5
NAICS_2022_Code,NAICS_6,812930,5
NAICS_2022_Code,NAICS_6,812990,5
NAICS_2022_Code,NAICS_6,813110,5
NAICS_2022_Code,NAICS_6,813211,5
NAICS_2022_Code,NAICS_6,813212,5
NAICS_2022_Code,NAICS_6,813219,5
NAICS_2022_Code,NAICS_6,813311,5
NAICS_2022_Code,NAICS_6,813312,5
NAICS_2022_Code,NAICS_6,813319,5
NAICS_2022_Code,NAICS_6,813410,5
NAICS_2022_Code,NAICS_6,813910,5
NAICS_2022_Code,NAICS_6,813920,5
NAICS_2022_Code,NAICS_6,813930,5
NAICS_2022_Code,NAICS_6,813940,5
NAICS_2022_Code,NAICS_6,813990,5
NAICS_2022_Code,NAICS_6,814110,5
NAICS_2022_Code,NAICS_6,921110,5
NAICS_2022_Code,NAICS_6,921120,5
NAICS_2022_Code,NAICS_6,921130,5
NAICS_2022_Code,NAICS_6,921140,5
NAICS_2022_Code,NAICS_6,921150,5
NAICS_2022_Code,NAICS_6,921190,5
NAICS_2022_Code,NAICS_6,922110,5
NAICS_2022_Code,NAICS_6,922120,5
NAICS_2022_Code,NAICS_6,922130,5
NAICS_2022_Code,NAICS_6,922140,5
NAICS_2022_Code,NAICS_6,922150,5
NAICS_2022_Code,NAICS_6,922160,5
NAICS_2022_Code,NAICS_6,922190,5
NAICS_2022_Code,NAICS_6,923110,5
NAICS_2022_Code,NAICS_6,923120,5
NAICS_2022_Code,NAICS_6,923130,5
NAICS_2022_Code,NAICS_6,923140,5
NAICS_2022_Code,NAICS_6,924110,5
NAICS_2022_Code,NAICS_6,924120,5
NAICS_2022_Code,NAICS_6,925110,5
NAICS_2022_Code,NAICS_6,925120,5
NAICS_2022_Code,NAICS_6,926110,5
NAICS_2022_Code,NAICS_6,926120,5
NAICS_2022_Code,NAICS_6,926130,5
NAICS_2022_Code,NAICS_6,926140,5
NAICS_2022_Code,NAICS_6,926150,5
NAICS_2022_Code,NAICS_6,927110,5
NAICS_2022_Code,NAICS_6,928110,5
NAICS_2022_Code,NAICS_6,928120,5
NAICS_2022_Code,NAICS_7,111120A,6
NAICS_2022_Code,NAICS_7,111120B,6
NAICS_2022_Code,NAICS_7,111120C,6
NAICS_2022_Code,NAICS_7,111120D,6
NAICS_2022_Code,NAICS_7,111120E,6
NAICS_2022_Code,NAICS_7,111120F,6
NAICS_2022_Code,NAICS_7,111120G,6
NAICS_2022_Code,NAICS_7,111120H,6
NAICS_2022_Code,NAICS_7,111130A,6
NAICS_2022_Code,NAICS_7,111130B,6
NAICS_2022_Code,NAICS_7,111130C,6
NAICS_2022_Code,NAICS_7,111130D,6
NAICS_2022_Code,NAICS_7,111130E,6
NAICS_2022_Code,NAICS_7,111130G,6
NAICS_2022_Code,NAICS_7,111130H,6
NAICS_2022_Code,NAICS_7,111130I,6
NAICS_2022_Code,NAICS_7,111130J,6
NAICS_2022_Code,NAICS_7,111150A,6
NAICS_2022_Code,NAICS_7,111150B,6
NAICS_2022_Code,NAICS_7,111150C,6
NAICS_2022_Code,NAICS_7,111199A,6
NAICS_2022_Code,NAICS_7,111199B,6
NAICS_2022_Code,NAICS_7,111199C,6
NAICS_2022_Code,NAICS_7,111199D,6
NAICS_2022_Code,NAICS_7,111199E,6
NAICS_2022_Code,NAICS_7,111199F,6
NAICS_2022_Code,NAICS_7,111199G,6
NAICS_2022_Code,NAICS_7,111199H,6
NAICS_2022_Code,NAICS_7,111199I,6
NAICS_2022_Code,NAICS_7,111199J,6
NAICS_2022_Code,NAICS_7,111199K,6
NAICS_2022_Code,NAICS_7,111211A,6
NAICS_2022_Code,NAICS_7,111211B,6
NAICS_2022_Code,NAICS_7,111219A,6
NAICS_2022_Code,NAICS_7,111219B,6
NAICS_2022_Code,NAICS_7,111219C,6
NAICS_2022_Code,NAICS_7,111219D,6
NAICS_2022_Code,NAICS_7,111219E,6
NAICS_2022_Code,NAICS_7,111219F,6
NAICS_2022_Code,NAICS_7,111219G,6
NAICS_2022_Code,NAICS_7,111219H,6
NAICS_2022_Code,NAICS_7,111219I,6
NAICS_2022_Code,NAICS_7,111219J,6
NAICS_2022_Code,NAICS_7,111219K,6
NAICS_2022_Code,NAICS_7,111219L,6
NAICS_2022_Code,NAICS_7,111219M,6
NAICS_2022_Code,NAICS_7,111219N,6
NAICS_2022_Code,NAICS_7,111219P,6
NAICS_2022_Code,NAICS_7,111219Q,6
NAICS_2022_Code,NAICS_7,111219R,6
NAICS_2022_Code,NAICS_7,111219T,6
NAICS_2022_Code,NAICS_7,111219U,6
NAICS_2022_Code,NAICS_7,111219V,6
NAICS_2022_Code,NAICS_7,111219W,6
NAICS_2022_Code,NAICS_7,111219X,6
NAICS_2022_Code,NAICS_7,111219Y,6
NAICS_2022_Code,NAICS_7,111219Z,6
NAICS_2022_Code,NAICS_7,111421A,6
NAICS_2022_Code,NAICS_7,111421B,6
NAICS_2022_Code,NAICS_7,111930A,6
NAICS_2022_Code,NAICS_7,111930B,6
NAICS_2022_Code,NAICS_7,111940A,6
NAICS_2022_Code,NAICS_7,111940B,6
NAICS_2022_Code,NAICS_7,111991A,6
NAICS_2022_Code,NAICS_7,111991B,6
NAICS_2022_Code,NAICS_7,111998A,6
NAICS_2022_Code,NAICS_7,111998B,6
NAICS_2022_Code,NAICS_7,111998C,6
NAICS_2022_Code,NAICS_7,111998D,6
NAICS_2022_Code,NAICS_7,111998E,6
NAICS_2022_Code,NAICS_7,111998F,6
NAICS_2022_Code,NAICS_7,111998G,6
NAICS_2022_Code,NAICS_7,111998H,6
NAICS_2022_Code,NAICS_7,111998I,6
NAICS_2022_Code,NAICS_7,111998J,6
NAICS_2022_Code,NAICS_7,111998K,6
NAICS_2022_Code,NAICS_7,111998L,6
NAICS_2022_Code,NAICS_7,111998M,6
NAICS_2022_Code,NAICS_7,111998N,6
NAICS_2022_Code,NAICS_7,111998O,6
NAICS_2022_Code,NAICS_7,111998P,6
NAICS_2022_Code,NAICS_7,111998Q,6
NAICS_2022_Code,NAICS_7,111998R,6
NAICS_2022_Code,NAICS_7,111998S,6
NAICS_2022_Code,NAICS_7,111998T,6
NAICS_2022_Code,NAICS_7,112130A,6
NAICS_2022_Code,NAICS_7,112130B,6
NAICS_2022_Code,NAICS_7,112320A,6
NAICS_2022_Code,NAICS_7,112320B,6
NAICS_2022_Code,NAICS_7,112320C,6
NAICS_2022_Code,NAICS_7,112390A,6
NAICS_2022_Code,NAICS_7,112390B,6
NAICS_2022_Code,NAICS_7,112390C,6
NAICS_2022_Code,NAICS_7,112390D,6
NAICS_2022_Code,NAICS_7,112390E,6
NAICS_2022_Code,NAICS_7,112390F,6
NAICS_2022_Code,NAICS_7,112390G,6
NAICS_2022_Code,NAICS_7,112390H,6
NAICS_2022_Code,NAICS_7,112390J,6
NAICS_2022_Code,NAICS_7,112390K,6
NAICS_2022_Code,NAICS_7,112390L,6
NAICS_2022_Code,NAICS_7,112390M,6
NAICS_2022_Code,NAICS_7,112390N,6
NAICS_2022_Code,NAICS_7,112410A,6
NAICS_2022_Code,NAICS_7,112410B,6
NAICS_2022_Code,NAICS_7,112910A,6
NAICS_2022_Code,NAICS_7,112910B,6
NAICS_2022_Code,NAICS_7,112920A,6
NAICS_2022_Code,NAICS_7,112920B,6
NAICS_2022_Code,NAICS_7,112930A,6
NAICS_2022_Code,NAICS_7,112930B,6
NAICS_2022_Code,NAICS_7,112990A,6
NAICS_2022_Code,NAICS_7,112990B,6
NAICS_2022_Code,NAICS_7,112990C,6
NAICS_2022_Code,NAICS_7,112990D,6
NAICS_2022_Code,NAICS_7,112990E,6
NAICS_2022_Code,NAICS_7,112990F,6
NAICS_2022_Code,NAICS_7,221112A,6
NAICS_2022_Code,NAICS_7,221112B,6
NAICS_2022_Code,NAICS_7,221112C,6
NAICS_2022_Code,NAICS_7,5622121,6
NAICS_2022_Code,NAICS_7,5622191,6
NAICS_2022_Code,NAICS_7,5622192,6
NAICS_2022_Code,NAICS_7,5629201,6
NAICS_2022_Code,NAICS_7,5629202,6
NAICS_2022_Code,NAICS_7,5629203,6
