ActivitySourceName,Activity,SectorSourceName,Sector,SectorType,Note
Census_ASM_PxI,1000025000,BEA_2017_Code,211000,,NAICS_2012_Code; weight 1.000; Extraction of natural gas (volumes adjusted to pressure base of 14.73 lb absolute at 60 degrees F)
Census_ASM_PxI,1000050000,BEA_2017_Code,211000,,NAICS_2012_Code; weight 1.000; Extraction of residue gas (volumes adjusted to a pressure base of 14.73 lb absolute at 60 degrees F) from natural gas liquids
Census_ASM_PxI,1000075000,BEA_2017_Code,212100,,"NAICS_2012_Code; weight 1.000; Mining of run-of-mine (raw) lignite, for use without processing"
Census_ASM_PxI,1000100000,BEA_2017_Code,212100,,"NAICS_2012_Code; weight 1.000; Mining of run-of-mine (raw) lignite, for processing at other establishments"
Census_ASM_PxI,1000125000,BEA_2017_Code,212100,,"NAICS_2012_Code; weight 1.000; Mining of processed lignite, washed by wet-washing, pneumatic, or other methods"
Census_ASM_PxI,1000150000,BEA_2017_Code,212100,,"NAICS_2012_Code; weight 1.000; Mining of processed lignite (mechanically crushed, screened, or sized only)"
Census_ASM_PxI,1000175000,BEA_2017_Code,212100,,"NAICS_2012_Code; weight 1.000; Mining of run-of-mine (raw) bituminous coal, for use without processing "
Census_ASM_PxI,1000200000,BEA_2017_Code,212100,,"NAICS_2012_Code; weight 1.000; Mining of run-of-mine (raw) bituminous coal, for processing at other establishments"
Census_ASM_PxI,1000225000,BEA_2017_Code,212100,,"NAICS_2012_Code; weight 1.000; Mining of processed bituminous coal, washed by wet-washing, pneumatic, or other methods"
Census_ASM_PxI,1000250000,BEA_2017_Code,212100,,"NAICS_2012_Code; weight 1.000; Mining of processed bituminous coal (mechanically crushed, screened, or sized only)"
Census_ASM_PxI,1000275000,BEA_2017_Code,212100,,NAICS_2012_Code; weight 1.000; Mining of run-of-mine (raw) anthracite for use without processing or for further processing 
Census_ASM_PxI,1000300000,BEA_2017_Code,212100,,"NAICS_2012_Code; weight 1.000; Mining of processed anthracite, washed by wet-washing, pneumatic, or other methods"
Census_ASM_PxI,1000325000,BEA_2017_Code,212100,,"NAICS_2012_Code; weight 1.000; Mining of processed anthracite, mechanically crushed, screened, or sized only"
Census_ASM_PxI,1000350000,BEA_2017_Code,211000,,"NAICS_2012_Code; weight 1.000; Extraction of crude petroleum, including lease condensate (volumes corrected to 60 degrees F)"
Census_ASM_PxI,1000375000,BEA_2017_Code,2123A0,,NAICS_2012_Code; weight 1.000; Mining of potassium salts and boron compounds
Census_ASM_PxI,1000400000,BEA_2017_Code,2123A0,,"NAICS_2012_Code; weight 1.000; Mining of sodium carbonate and sulfate, natural"
Census_ASM_PxI,1000425000,BEA_2017_Code,211000,,NAICS_2012_Code; weight 1.000; Extraction of isopentane and natural gasoline
Census_ASM_PxI,1000450000,BEA_2017_Code,211000,,NAICS_2012_Code; weight 1.000; Extraction of propane (C3) (at least 80 percent purity)
Census_ASM_PxI,1000475000,BEA_2017_Code,211000,,NAICS_2012_Code; weight 1.000; Extraction of butane (C4) (at least 80 percent purity)
Census_ASM_PxI,1000500000,BEA_2017_Code,211000,,NAICS_2012_Code; weight 1.000; Extraction of plant condensate from natural gas liquids plants
Census_ASM_PxI,1000525000,BEA_2017_Code,211000,,NAICS_2012_Code; weight 1.000; Extraction of ethane (C2) (at  least 80 percent purity)
Census_ASM_PxI,1000550000,BEA_2017_Code,211000,,"NAICS_2012_Code; weight 1.000; Extraction of gas mixtures (C2, C3, and C4) from natural gas liquids plants"
Census_ASM_PxI,1000575000,BEA_2017_Code,211000,,"NAICS_2012_Code; weight 1.000; Extraction of other natural gas liquids, including raw or unfractionated natural gas liquid streams with less than 80 percent purity"
Census_ASM_PxI,1000600000,BEA_2017_Code,2123A0,,NAICS_2012_Code; weight 1.000; Quarrying of industrial glass sand (unground and ground) for melting only
Census_ASM_PxI,1000625000,BEA_2017_Code,2123A0,,NAICS_2012_Code; weight 1.000; Quarrying of industrial molding sand (unground and ground) 
Census_ASM_PxI,1000650000,BEA_2017_Code,2123A0,,"NAICS_2012_Code; weight 1.000; Quarrying of other industrial sand (unground and ground), including grinding, blast, furnace, engine, filtration, oil, etc"
Census_ASM_PxI,1000675000,BEA_2017_Code,2123A0,,"NAICS_2012_Code; weight 1.000; Mining of kaolin, including mined and/or basic preparation for transport"
Census_ASM_PxI,1000700000,BEA_2017_Code,2123A0,,"NAICS_2012_Code; weight 1.000; Mining of ball clay, including mined and/or basic preparation for transport"
Census_ASM_PxI,1000725000,BEA_2017_Code,2123A0,,"NAICS_2012_Code; weight 1.000; Mining of bentonite, including mined and/or basic preparation for transport)"
Census_ASM_PxI,1000750000,BEA_2017_Code,2123A0,,"NAICS_2012_Code; weight 1.000; Mining of fire clay, including mined and/or basic preparation for transport"
Census_ASM_PxI,1000775000,BEA_2017_Code,2123A0,,"NAICS_2012_Code; weight 1.000; Mining of fuller's earth, including mined and/or basic preparation for transport"
Census_ASM_PxI,1000800000,BEA_2017_Code,2123A0,,"NAICS_2012_Code; weight 1.000; Mining of feldspar, including mined and/or basic preparation for transport"
Census_ASM_PxI,1000825000,BEA_2017_Code,2123A0,,"NAICS_2012_Code; weight 1.000; Mining of common (miscellaneous) clay and shale, including mined and/or basic preparation for transport"
Census_ASM_PxI,1000850000,BEA_2017_Code,2123A0,,"NAICS_2012_Code; weight 1.000; Mining of other clay, ceramic, and refractory minerals, including magnesite and brucite, mined and/or basic preparation for transport"
Census_ASM_PxI,1000875000,BEA_2017_Code,2123A0,,"NAICS_2012_Code; weight 1.000; Mining of crude and prepared phosphate rock, including crude ore or matrix, washed, concentrated, dried, calcined, sintered or nodulized"
Census_ASM_PxI,1000900000,BEA_2017_Code,2123A0,,NAICS_2012_Code; weight 1.000; Mining of rock salt
Census_ASM_PxI,1000925000,BEA_2017_Code,2123A0,,NAICS_2012_Code; weight 1.000; Mining and/or benefication of diatomite
Census_ASM_PxI,1000950000,BEA_2017_Code,2123A0,,NAICS_2012_Code; weight 1.000; Mining and/or benefication of gypsum
Census_ASM_PxI,1000975000,BEA_2017_Code,2123A0,,"NAICS_2012_Code; weight 1.000; Mining and/or benefication of talc, soapstone, and pyrophyllite"
Census_ASM_PxI,1001000000,BEA_2017_Code,2123A0,,NAICS_2012_Code; weight 1.000; Mining and/or benefication of mica
Census_ASM_PxI,1001025000,BEA_2017_Code,2123A0,,NAICS_2012_Code; weight 1.000; Mining and/or benefication of pumice and pumicite
Census_ASM_PxI,1001050000,BEA_2017_Code,2123A0,,NAICS_2012_Code; weight 1.000; Mining  and/or benefication  of perlite
Census_ASM_PxI,1001075000,BEA_2017_Code,2123A0,,"NAICS_2012_Code; weight 1.000; Mining and/or benefication of all other nonmetallic minerals, including natural abrasives, shell and native asphalt and bitumens"
Census_ASM_PxI,1001100000,BEA_2017_Code,211000,,NAICS_2012_Code; weight 1.000; Recovered elemental sulfur from natural gas
Census_ASM_PxI,1001125000,BEA_2017_Code,2123A0,,"NAICS_2012_Code; weight 1.000; Mining of other chemical and fertilizer materials (ores, fines, and concentrates, including fluorspar, pyrites, spodumene, mineral pigments, native sulfur, etc.)"
Census_ASM_PxI,1001150000,BEA_2017_Code,2123A0,,NAICS_2012_Code; weight 1.000; Mining of barite
Census_ASM_PxI,1001175000,BEA_2017_Code,2122A0,,"NAICS_2012_Code; weight 1.000; Mining of iron ore, including crude, concentrates, agglomerates and pellets"
Census_ASM_PxI,1001200000,BEA_2017_Code,2122A0,,NAICS_2012_Code; weight 1.000; Mining of gold ore
Census_ASM_PxI,1001225000,BEA_2017_Code,2122A0,,NAICS_2012_Code; weight 1.000; Mining of silver ore
Census_ASM_PxI,1001250000,BEA_2017_Code,212230,,NAICS_2012_Code; weight 1.000; Mining of lead ore and zinc ore
Census_ASM_PxI,1001275000,BEA_2017_Code,212230,,NAICS_2012_Code; weight 1.000; Mining of copper ore and nickel ore
Census_ASM_PxI,1001300000,BEA_2017_Code,2122A0,,"NAICS_2012_Code; weight 1.000; Mining of crude uranium ores and concentrates, including radium and vanadium"
Census_ASM_PxI,1001325000,BEA_2017_Code,2122A0,,"NAICS_2012_Code; weight 1.000; Mining of crude ferroalloy ores and concentrates, including manganese and manganiferous ores, chromium, molybdenum, tungsten, etc."
Census_ASM_PxI,1001350000,BEA_2017_Code,2122A0,,"NAICS_2012_Code; weight 1.000; Mining of miscellaneous metal ores and concentrates, including antimony, bauxite, beryllium, mercury, rare-earth metals, tin, and titanium"
Census_ASM_PxI,1001375000,BEA_2017_Code,2123A0,,NAICS_2012_Code; weight 1.000; Mining and/or benefication of peat
Census_ASM_PxI,1001400000,BEA_2017_Code,212310,,NAICS_2012_Code; weight 1.000; Quarrying of rough dimension limestone
Census_ASM_PxI,1001425000,BEA_2017_Code,212310,,NAICS_2012_Code; weight 1.000; Quarrying of rough dimension granite
Census_ASM_PxI,1001450000,BEA_2017_Code,212310,,"NAICS_2012_Code; weight 1.000; Quarrying of other rough dimension stone, including slate, marble, trap rock, sandstone, quartz, and miscellaneous stone"
Census_ASM_PxI,1001475000,BEA_2017_Code,2123A0,,"NAICS_2012_Code; weight 1.000; Quarrying of construction sand and gravel (run of pit or bank, washed, screened, or otherwise treated)"
Census_ASM_PxI,1001500000,BEA_2017_Code,212310,,"NAICS_2012_Code; weight 1.000; Quarrying of crushed and broken limestone, including dolomite, cement rock, marl, travertine, and calcareous tufa"
Census_ASM_PxI,1001525000,BEA_2017_Code,212310,,"NAICS_2012_Code; weight 1.000; Quarrying of crushed and broken granite, including gneiss, syenite, and diorite"
Census_ASM_PxI,1001550000,BEA_2017_Code,212310,,NAICS_2012_Code; weight 1.000; Quarrying of bituminous limestone and bituminous sandstone
Census_ASM_PxI,1001575000,BEA_2017_Code,212310,,"NAICS_2012_Code; weight 1.000; Quarrying of other crushed and broken stone, including slate, marble, trap rock, quartz, and miscellaneous types of stone"
Census_ASM_PxI,1001600000,BEA_2017_Code,213111,,NAICS_2012_Code; weight 1.000; Oil and gas well directional drilling control
Census_ASM_PxI,1001625000,BEA_2017_Code,213111,,"NAICS_2012_Code; weight 1.000; Drilling oil and gas wells, including drilling in, spudding in, or tailing in"
Census_ASM_PxI,1001650000,BEA_2017_Code,213111,,NAICS_2012_Code; weight 1.000; Reworking oil and gas wells
Census_ASM_PxI,1001675000,BEA_2017_Code,21311A,,"NAICS_2012_Code; weight 1.000; Oil and gas field exploration services, excluding mapping and surveying services"
Census_ASM_PxI,1001700000,BEA_2017_Code,21311A,,NAICS_2012_Code; weight 1.000; Cementing oil and gas wells
Census_ASM_PxI,1001725000,BEA_2017_Code,21311A,,NAICS_2012_Code; weight 1.000; Oil and gas well logging
Census_ASM_PxI,1001750000,BEA_2017_Code,21311A,,NAICS_2012_Code; weight 1.000; Hydraulic fracturing of oil and gas wells
Census_ASM_PxI,1001775000,BEA_2017_Code,21311A,,"NAICS_2012_Code; weight 1.000; Running, cutting, and pulling casings, tubes, or rods for oil and gas wells"
Census_ASM_PxI,1001800000,BEA_2017_Code,21311A,,NAICS_2012_Code; weight 1.000; Oil and gas field gathering services
Census_ASM_PxI,1001825000,BEA_2017_Code,21311A,,NAICS_2012_Code; weight 1.000; Perforating oil and gas well casings
Census_ASM_PxI,1001850000,BEA_2017_Code,21311A,,"NAICS_2012_Code; weight 1.000; Installing oil and gas field production equipment, including wellhead fittings, pumps, and engines"
Census_ASM_PxI,1001875000,BEA_2017_Code,21311A,,NAICS_2012_Code; weight 1.000; Pumping oil and gas wells but not operating leases
Census_ASM_PxI,1001900000,BEA_2017_Code,21311A,,NAICS_2012_Code; weight 1.000; Other oil and gas field repair and maintenance services
Census_ASM_PxI,1001925000,BEA_2017_Code,21311A,,NAICS_2012_Code; weight 1.000; All other oil and gas field services 
Census_ASM_PxI,1001950000,BEA_2017_Code,21311A,,NAICS_2012_Code; weight 1.000; Coal mining prospect and test drilling services
Census_ASM_PxI,1001975000,BEA_2017_Code,21311A,,NAICS_2012_Code; weight 1.000; Sinking coal mine shafts and driving coal mine tunnels services
Census_ASM_PxI,1002000000,BEA_2017_Code,21311A,,"NAICS_2012_Code; weight 1.000; Other coal mining services, including strip, auger or underground mining, drilling, overburden stripping, recovering culm bank, and repair and maintenance services not for your own account"
Census_ASM_PxI,1002025000,BEA_2017_Code,21311A,,"NAICS_2012_Code; weight 1.000; Metal mining exploration work, excluding prospect services, test drilling, and geophysical surveying services"
Census_ASM_PxI,1002050000,BEA_2017_Code,21311A,,NAICS_2012_Code; weight 1.000; Open-pit metal ores mining not for your own account
Census_ASM_PxI,1002075000,BEA_2017_Code,21311A,,NAICS_2012_Code; weight 1.000; Metal mining prospect services and test drilling services
Census_ASM_PxI,1002100000,BEA_2017_Code,21311A,,NAICS_2012_Code; weight 1.000; Sinking metal mine shafts and driving metal mine tunnels services
Census_ASM_PxI,1002125000,BEA_2017_Code,21311A,,"NAICS_2012_Code; weight 1.000; Other metal mining services, including overburden stripping and repair and maintenance services"
Census_ASM_PxI,1002150000,BEA_2017_Code,21311A,,NAICS_2012_Code; weight 1.000; Open-pit or quarry nonmetallic minerals mining not for your own account
Census_ASM_PxI,1002175000,BEA_2017_Code,21311A,,NAICS_2012_Code; weight 1.000; Nonmetallic mineral prospect services and test drilling services
Census_ASM_PxI,1002200000,BEA_2017_Code,21311A,,"NAICS_2012_Code; weight 1.000; Other nonmetallic mineral services, including overburden stripping, drilling services, blasting, and repair and maintenance services"
Census_ASM_PxI,2000025000,BEA_2017_Code,31161A,,"NAICS_2012_Code; weight 1.000; Manufacturing of beef, fresh and frozen whole carcass and half carcass, not canned or made into sausage"
Census_ASM_PxI,2000050000,BEA_2017_Code,31161A,,"NAICS_2012_Code; weight 1.000; Manufacturing of veal, fresh and frozen whole carcass and half carcass, not canned or made into sausage"
Census_ASM_PxI,2000075000,BEA_2017_Code,31161A,,"NAICS_2012_Code; weight 1.000; Manufacturing of pork, fresh and frozen whole carcass and half carcass, not canned or made into sausage"
Census_ASM_PxI,2000100000,BEA_2017_Code,31161A,,"NAICS_2012_Code; weight 1.000; Manufacturing of lamb, mutton, and other meat, fresh and frozen whole carcass and half carcass"
Census_ASM_PxI,2000125000,BEA_2017_Code,31161A,,"NAICS_2012_Code; weight 1.000; Manufacturing of beef, fresh and frozen variety meats (edible organs), not canned or made into sausage"
Census_ASM_PxI,2000150000,BEA_2017_Code,31161A,,"NAICS_2012_Code; weight 1.000; Manufacturing of beef, fresh and frozen primal cuts, subprimal cuts (boxed beef), boneless, and corned beef, not canned or made into sausage"
Census_ASM_PxI,2000175000,BEA_2017_Code,31161A,,"NAICS_2012_Code; weight 1.000; Manufacturing of veal, not canned or made into sausage"
Census_ASM_PxI,2000175003,BEA_2017_Code,31161A,,"NAICS_2012_Code; weight 1.000; Manufacturing of veal, fresh and frozen primal, subprimal, fabricated cuts, and boneless, not canned or made into sausage"
Census_ASM_PxI,2000175006,BEA_2017_Code,31161A,,"NAICS_2012_Code; weight 1.000; Manufacturing of veal, other fresh and frozen edible meats (including edible organs), not canned or made into sausage"
Census_ASM_PxI,2000200000,BEA_2017_Code,31161A,,"NAICS_2012_Code; weight 1.000; Manufacturing of pork, fresh and frozen cuts"
Census_ASM_PxI,2000200003,BEA_2017_Code,31161A,,"NAICS_2012_Code; weight 1.000; Manufacturing of pork, fresh and frozen primal and fabricated cuts (including trimmings), not canned or made into sausage"
Census_ASM_PxI,2000200006,BEA_2017_Code,31161A,,"NAICS_2012_Code; weight 1.000; Manufacturing of pork, fresh and frozen variety meats (edible organs), not canned or made into sausage"
Census_ASM_PxI,2000225000,BEA_2017_Code,311615,,"NAICS_2012_Code; weight 1.000; Manufacturing of young chickens (usually under 20 weeks of age), including bulk, chilled, frozen, whole, and parts"
Census_ASM_PxI,2000250000,BEA_2017_Code,311615,,"NAICS_2012_Code; weight 1.000; Manufacturing of hens and fowl, including frozen, whole, and parts"
Census_ASM_PxI,2000275000,BEA_2017_Code,311615,,"NAICS_2012_Code; weight 1.000; Manufacturing of turkeys, including frozen, whole, and parts"
Census_ASM_PxI,2000300000,BEA_2017_Code,311615,,"NAICS_2012_Code; weight 1.000; Manufacturing of other poultry and small game, including frozen, whole, and parts"
Census_ASM_PxI,2000325000,BEA_2017_Code,31161A,,"NAICS_2012_Code; weight 1.000; Manufacturing of other meat, fresh and frozen cuts"
Census_ASM_PxI,2000325003,BEA_2017_Code,31161A,,"NAICS_2012_Code; weight 1.000; Manufacturing of lamb and mutton, fresh and frozen primal cuts and all other edible meats, not canned or made into sausage"
Census_ASM_PxI,2000325006,BEA_2017_Code,31161A,,"NAICS_2012_Code; weight 1.000; Manufacturing of other fresh and frozen meats, including horsemeat for human consumption"
Census_ASM_PxI,2000350000,BEA_2017_Code,311615,,"NAICS_2012_Code; weight 1.000; Manufacturing of processed poultry and small game (excluding soups), containing 20 percent or more poultry or meat"
Census_ASM_PxI,2000375000,BEA_2017_Code,31161A,,"NAICS_2012_Code; weight 1.000; Manufacturing of pork, processed or cured, not canned or made into sausage"
Census_ASM_PxI,2000375003,BEA_2017_Code,31161A,,"NAICS_2012_Code; weight 1.000; Manufacturing of pork, sweet-pickled or dry-cured (excluding smoked, cooked, canned, or pork made into sausage)"
Census_ASM_PxI,2000375006,BEA_2017_Code,31161A,,"NAICS_2012_Code; weight 1.000; Manufacturing of pork, dry salt, not canned or made into sausage"
Census_ASM_PxI,2000375009,BEA_2017_Code,31161A,,"NAICS_2012_Code; weight 1.000; Manufacturing of pork, smoked hams and picnics, excluding canned"
Census_ASM_PxI,2000375012,BEA_2017_Code,31161A,,"NAICS_2012_Code; weight 1.000; Manufacturing of pork, smoked slab bacon"
Census_ASM_PxI,2000375015,BEA_2017_Code,31161A,,"NAICS_2012_Code; weight 1.000; Manufacturing of pork, smoked sliced bacon"
Census_ASM_PxI,2000375018,BEA_2017_Code,31161A,,"NAICS_2012_Code; weight 1.000; Manufacturing of pork, other smoked meats, not canned or made into sausage"
Census_ASM_PxI,2000375021,BEA_2017_Code,31161A,,"NAICS_2012_Code; weight 1.000; Manufacturing of pork, boiled ham, barbecue pork, and other cooked meats, excluding canned meats and sausage"
Census_ASM_PxI,2000400000,BEA_2017_Code,31161A,,"NAICS_2012_Code; weight 1.000; Manufacturing of sausage and similar products, excluding canned"
Census_ASM_PxI,2000400003,BEA_2017_Code,31161A,,"NAICS_2012_Code; weight 1.000; Manufacturing of sausage, fresh (pork sausage, breakfast links, etc.), excluding canned"
Census_ASM_PxI,2000400006,BEA_2017_Code,31161A,,"NAICS_2012_Code; weight 1.000; Manufacturing of sausage, dry or semidry (salami, cervelat, beef jerky, pepperoni, summer sausage, pork roll, etc.)"
Census_ASM_PxI,2000400009,BEA_2017_Code,31161A,,"NAICS_2012_Code; weight 1.000; Manufacturing of frankfurters, including wieners, excluding canned"
Census_ASM_PxI,2000400012,BEA_2017_Code,31161A,,"NAICS_2012_Code; weight 1.000; Manufacturing of other sausage, smoked or cooked (bologna, liverwurst, Polish sausage, etc.), excluding canned"
Census_ASM_PxI,2000400015,BEA_2017_Code,31161A,,"NAICS_2012_Code; weight 1.000; Manufacturing of jellied goods and similar preparations (headcheese, meat loaves, scrapple, puddings, chili con carne, etc.), excluding canned"
Census_ASM_PxI,2000425000,BEA_2017_Code,31161A,,"NAICS_2012_Code; weight 1.000; Manufacturing of canned meats (excluding dog, cat, and baby food)"
Census_ASM_PxI,2000430000,BEA_2017_Code,31161A,,"NAICS_2012_Code; weight 1.000; Manufacturing of natural sausage casings (beef, hog, etc.)"
Census_ASM_PxI,2000435000,BEA_2017_Code,31161A,,NAICS_2012_Code; weight 1.000; Manufacturing of edible collagen sausage casings
Census_ASM_PxI,2000450000,BEA_2017_Code,31161A,,"NAICS_2012_Code; weight 1.000; Manufacturing of boxed meat (beef, pork, lamb, etc.)"
Census_ASM_PxI,2000475000,BEA_2017_Code,31161A,,"NAICS_2012_Code; weight 1.000; Manufacturing of frozen ground meat patties, portion control meats, pork rind pellets (including pork cracklings), and other processed, frozen, or cooked meats"
Census_ASM_PxI,2000500000,BEA_2017_Code,311700,,"NAICS_2007_Code; weight 1.000; Manufacturing of prepared fresh seafood (including fresh surimi and surimi-based products, roe, and squid)"
Census_ASM_PxI,2000525000,BEA_2017_Code,311700,,NAICS_2007_Code; weight 1.000; Manufacturing of prepared frozen fish
Census_ASM_PxI,2000550000,BEA_2017_Code,311700,,NAICS_2007_Code; weight 1.000; Manufacturing of prepared frozen shellfish
Census_ASM_PxI,2000575000,BEA_2017_Code,311700,,"NAICS_2007_Code; weight 1.000; Manufacturing of other prepared frozen seafood, including frozen surimi and surimi-based products, soups, stews, chowders, pies, fishcakes, crabcakes, shrimpcakes, etc."
Census_ASM_PxI,2000600000,BEA_2017_Code,311700,,"NAICS_2007_Code; weight 1.000; Manufacturing of canned seafood (including soups, stews, and chowders); smoked, salted, and other cured seafood"
Census_ASM_PxI,2000625000,BEA_2017_Code,311514,,"NAICS_2012_Code; weight 1.000; Manufacturing of dry and modified dry whey products (including dry lactose), food grade (bakeries, confectioners, meat packers, etc.), shipped in bulk (more than 3 lb)"
Census_ASM_PxI,2000650000,BEA_2017_Code,311514,,"NAICS_2012_Code; weight 1.000; Manufacturing of dry milk products and mixtures (dry milk, dry buttermilk, dry whey, etc.), feed grade, shipped in bulk (more than 3 lb)"
Census_ASM_PxI,2000675000,BEA_2017_Code,311514,,"NAICS_2012_Code; weight 1.000; Manufacturing of dry milk, nonfat, infants' formula, and other types (weight control products, whole milk powder, malted milk powder, etc.), shipped in consumer-type packages (3 lb or less)"
Census_ASM_PxI,2000700000,BEA_2017_Code,311514,,"NAICS_2012_Code; weight 1.000; Manufacturing of dry milk (whole, nonfat, and other), food grade (bakeries, confectioners, meat packers, etc.), shipped in bulk (more than 3 lb)"
Census_ASM_PxI,2000725000,BEA_2017_Code,31151A,,"NAICS_2012_Code; weight 1.000; Manufacturing of whole fluid milk, packaged, excluding U.H.T. and flavored"
Census_ASM_PxI,2000750000,BEA_2017_Code,31151A,,"NAICS_2012_Code; weight 1.000; Manufacturing of 2% reduced fat milk, 1% lowfat milk, and 0.5% milk, packaged, excluding U.H.T. and flavored"
Census_ASM_PxI,2000775000,BEA_2017_Code,31151A,,"NAICS_2012_Code; weight 1.000; Manufacturing of fat-free or skim milk, packaged, excluding U.H.T. and flavored"
Census_ASM_PxI,2000800000,BEA_2017_Code,31151A,,"NAICS_2012_Code; weight 1.000; Manufacturing of fluid milk and cream, bulk sales (including whole milk, 2% reduced fat, 1% lowfat, skim or fat-free milk, flavored milk, buttermilk, eggnog, etc.)"
Census_ASM_PxI,2000825000,BEA_2017_Code,311514,,"NAICS_2012_Code; weight 0.500; Manufacturing of U.H.T., lactose-free, and flavored fluid milk, packaged"
Census_ASM_PxI,2000825000,BEA_2017_Code,31151A,,"NAICS_2012_Code; weight 0.500; Manufacturing of U.H.T., lactose-free, and flavored fluid milk, packaged"
Census_ASM_PxI,2000850000,BEA_2017_Code,31151A,,"NAICS_2012_Code; weight 1.000; Manufacturing of yogurt, excluding frozen"
Census_ASM_PxI,2000875000,BEA_2017_Code,31151A,,NAICS_2012_Code; weight 1.000; Manufacturing of creamery butter
Census_ASM_PxI,2000875003,BEA_2017_Code,31151A,,"NAICS_2012_Code; weight 1.000; Manufacturing of creamery butter, shipped in commercial packages or in bulk"
Census_ASM_PxI,2000875006,BEA_2017_Code,31151A,,"NAICS_2012_Code; weight 1.000; Manufacturing of creamery butter, shipped in consumer packages"
Census_ASM_PxI,2000875009,BEA_2017_Code,31151A,,"NAICS_2012_Code; weight 1.000; Manufacturing of creamery butter, anhydrous milkfat (butteroil)"
Census_ASM_PxI,2000900000,BEA_2017_Code,311513,,"NAICS_2012_Code; weight 1.000; Manufacturing of natural cheese (cheddar, Swiss, Italian, brick, cream, grated, dried, etc.), excluding cottage cheese"
Census_ASM_PxI,2000900003,BEA_2017_Code,311513,,"NAICS_2012_Code; weight 1.000; Manufacturing of natural cheese, excluding lowfat and cottage cheese, shipped in consumer packages or containers"
Census_ASM_PxI,2000900006,BEA_2017_Code,311513,,"NAICS_2012_Code; weight 1.000; Manufacturing of natural cheese, excluding lowfat and cottage cheese, shipped in commercial packages or containers, or in bulk"
Census_ASM_PxI,2000900009,BEA_2017_Code,311513,,"NAICS_2012_Code; weight 1.000; Manufacturing of natural cheese, lowfat, excluding cottage cheese, shipped in consumer packages or containers"
Census_ASM_PxI,2000900012,BEA_2017_Code,311513,,"NAICS_2012_Code; weight 1.000; Manufacturing of natural cheese, lowfat, excluding cottage cheese, shipped in commercial packages or containers, or in bulk"
Census_ASM_PxI,2000925000,BEA_2017_Code,311513,,"NAICS_2012_Code; weight 1.000; Manufacturing of process cheese, shipped in consumer packages or containers"
Census_ASM_PxI,2000950000,BEA_2017_Code,311513,,NAICS_2012_Code; weight 1.000; Manufacturing of all other process cheese and related products
Census_ASM_PxI,2000950003,BEA_2017_Code,311513,,"NAICS_2012_Code; weight 1.000; Manufacturing of process cheese, shipped in commercial packages or containers, or in bulk"
Census_ASM_PxI,2000950006,BEA_2017_Code,311513,,"NAICS_2012_Code; weight 1.000; Manufacturing of cheese food, cheese spread, and other related cheese products, including flavored cheese dips"
Census_ASM_PxI,2000975000,BEA_2017_Code,31151A,,"NAICS_2012_Code; weight 1.000; Manufacturing of cottage cheese (including bakers', pot, and farmers' cheese)"
Census_ASM_PxI,2001000000,BEA_2017_Code,311513,,NAICS_2012_Code; weight 1.000; Manufacturing of raw liquid whey
Census_ASM_PxI,2001025000,BEA_2017_Code,311520,,"NAICS_2012_Code; weight 1.000; Manufacturing of ice cream, including custards (excluding lowfat and nonfat), shipped in bulk (containers 3 gallons or more)"
Census_ASM_PxI,2001050000,BEA_2017_Code,311520,,"NAICS_2012_Code; weight 1.000; Manufacturing of ice cream, including custards (excluding lowfat and nonfat), shipped in consumer sizes less than 3 gallons"
Census_ASM_PxI,2001075000,BEA_2017_Code,311520,,"NAICS_2012_Code; weight 1.000; Manufacturing of ice cream, including custards (excluding lowfat and nonfat), novelty forms"
Census_ASM_PxI,2001100000,BEA_2017_Code,311520,,"NAICS_2012_Code; weight 1.000; Manufacturing of ice cream, including custards, lowfat and nonfat"
Census_ASM_PxI,2001125000,BEA_2017_Code,311520,,"NAICS_2012_Code; weight 1.000; Manufacturing of other frozen desserts (yogurt, sherbet, water ices, mellorine, frozen pudding, etc.)"
Census_ASM_PxI,2001150000,BEA_2017_Code,311514,,"NAICS_2012_Code; weight 1.000; Manufacturing of canned milk products, including evaporated, condensed, milk-based infants' formula (liquid), whole milk, and other, shipped in consumer-type cans, excluding substitutes"
Census_ASM_PxI,2001175000,BEA_2017_Code,31151A,,"NAICS_2012_Code; weight 1.000; Manufacturing of other packaged milk products, including flavored sour cream dips, eggnog, buttermilk, acidophilus, reconstituted, reduced milk, etc."
Census_ASM_PxI,2001200000,BEA_2017_Code,31151A,,"NAICS_2012_Code; weight 1.000; Manufacturing of other fluid milk related products, (including heavy cream, light coffee cream, unflavored sour cream, half and half, and whipped topping with butterfat base), packaged"
Census_ASM_PxI,2001225000,BEA_2017_Code,311514,,"NAICS_2012_Code; weight 1.000; Manufacturing of ice cream mixes and related products, including lowfat and nonfat, sherbet,  yogurt, milkshake, and other milk-based mixes"
Census_ASM_PxI,2001250000,BEA_2017_Code,311514,,"NAICS_2012_Code; weight 1.000; Manufacturing of concentrated milk products, shipped in bulk (barrels, drums, and tanks)"
Census_ASM_PxI,2001250003,BEA_2017_Code,311514,,"NAICS_2012_Code; weight 1.000; Manufacturing of concentrated milk products, including concentrated whey and buttermilk, shipped in bulk (barrels, drums, and tanks), feed grade"
Census_ASM_PxI,2001250006,BEA_2017_Code,311514,,"NAICS_2012_Code; weight 1.000; Manufacturing of concentrated milk products, whey (solids), shipped in bulk (barrels, drums, and tanks), food grade (excluding all types of ice cream mixes)"
Census_ASM_PxI,2001250009,BEA_2017_Code,311514,,"NAICS_2012_Code; weight 1.000; Manufacturing of concentrated milk products, all other types, shipped in bulk (drums, barrels, and tanks), food grade (excluding ice cream and ice cream mixes)"
Census_ASM_PxI,2001275000,BEA_2017_Code,31151A,,"NAICS_2012_Code; weight 1.000; Manufacturing of perishable dairy product substitutes, including soy milk, rice milk, almond milk, oat milk, flavored dip, whipped topping, coffee whitener, sour cream, flavored milk drink substitutes, etc."
Census_ASM_PxI,2001300000,BEA_2017_Code,311514,,"NAICS_2012_Code; weight 1.000; Manufacturing of dry and/or canned dairy product substitutes, including dry coffee whitener, infants' formula, and sour cream, whipped topping, and canned liquid infants' formula, dietary supplements, and weight control products"
Census_ASM_PxI,2001325000,BEA_2017_Code,311513,,NAICS_2012_Code; weight 1.000; Manufacturing of cheese substitutes and imitations
Census_ASM_PxI,2001325003,BEA_2017_Code,311513,,NAICS_2012_Code; weight 1.000; Manufacturing of products substituting for natural cheese
Census_ASM_PxI,2001325006,BEA_2017_Code,311513,,NAICS_2012_Code; weight 1.000; Manufacturing of products substituting for processed cheese and related products
Census_ASM_PxI,2001350000,BEA_2017_Code,311410,,"NAICS_2012_Code; weight 1.000; Manufacturing of frozen whipped topping, dairy or nondairy base, and other frozen dairy product substitutes, excluding mellorine and similar products"
Census_ASM_PxI,2001375000,BEA_2017_Code,311810,,"NAICS_2012_Code; weight 1.000; Manufacturing of bread (white, wheat, rye, etc.) and rolls, bread-type (including English muffins, bagels, and croissants), including frozen"
Census_ASM_PxI,2001375003,BEA_2017_Code,311810,,NAICS_2012_Code; weight 1.000; Manufacturing of white pan bread
Census_ASM_PxI,2001375006,BEA_2017_Code,311810,,"NAICS_2012_Code; weight 1.000; Manufacturing of white hearth bread (French, Italian, etc.)"
Census_ASM_PxI,2001375009,BEA_2017_Code,311810,,"NAICS_2012_Code; weight 1.000; Manufacturing of dark wheat breads (whole wheat, cracked wheat, multigrain, etc.)"
Census_ASM_PxI,2001375012,BEA_2017_Code,311810,,"NAICS_2012_Code; weight 1.000; Manufacturing of other variety breads (rye, unleavened)"
Census_ASM_PxI,2001375015,BEA_2017_Code,311810,,"NAICS_2012_Code; weight 1.000; Manufacturing of rolls, hamburger and wiener"
Census_ASM_PxI,2001375018,BEA_2017_Code,311810,,"NAICS_2012_Code; weight 1.000; Manufacturing of all other rolls, bread-type (including muffins, bagels, and croissants)"
Census_ASM_PxI,2001400000,BEA_2017_Code,311810,,"NAICS_2012_Code; weight 1.000; Manufacturing of soft cakes, (snack, fruit, pound, layer, cheese, etc.), excluding frozen"
Census_ASM_PxI,2001425000,BEA_2017_Code,311810,,"NAICS_2012_Code; weight 1.000; Manufacturing of pies (fruit, cream, and custard), excluding frozen"
Census_ASM_PxI,2001450000,BEA_2017_Code,311810,,"NAICS_2012_Code; weight 1.000; Manufacturing of other sweet goods (doughnuts, pastries, coffee cakes. etc.), excluding cookies and frozen sweets"
Census_ASM_PxI,2001475000,BEA_2017_Code,311810,,"NAICS_2012_Code; weight 1.000; Manufacturing of frozen cakes, pies, and other pastries"
Census_ASM_PxI,2001500000,BEA_2017_Code,3118A0,,"NAICS_2012_Code; weight 1.000; Manufacturing of tortillas, sold in bulk or packages, excluding frozen or canned"
Census_ASM_PxI,2001525000,BEA_2017_Code,3118A0,,NAICS_2012_Code; weight 0.500; Manufacturing of cracker sandwiches
Census_ASM_PxI,2001525000,BEA_2017_Code,311990,,NAICS_2012_Code; weight 0.500; Manufacturing of cracker sandwiches
Census_ASM_PxI,2001550000,BEA_2017_Code,3118A0,,"NAICS_2012_Code; weight 1.000; Manufacturing of saltines and all other crackers, cracker meal and crumbs, biscuits, and related products"
Census_ASM_PxI,2001575000,BEA_2017_Code,311810,,"NAICS_2012_Code; weight 0.500; Manufacturing of cookies, wafers, and ice cream cones and cups (excluding frozen)"
Census_ASM_PxI,2001575000,BEA_2017_Code,3118A0,,"NAICS_2012_Code; weight 0.500; Manufacturing of cookies, wafers, and ice cream cones and cups (excluding frozen)"
Census_ASM_PxI,2001600000,BEA_2017_Code,311210,,"NAICS_2012_Code; weight 0.500; Manufacturing of cake mixes, including gingerbread"
Census_ASM_PxI,2001600000,BEA_2017_Code,3118A0,,"NAICS_2007_Code; weight 0.500; Manufacturing of cake mixes, including gingerbread"
Census_ASM_PxI,2001625000,BEA_2017_Code,311210,,"NAICS_2012_Code; weight 0.500; Manufacturing of flour mixes, including refrigerated and frozen doughs and batters, excluding cake mixes"
Census_ASM_PxI,2001625000,BEA_2017_Code,3118A0,,"NAICS_2007_Code; weight 0.500; Manufacturing of flour mixes, including refrigerated and frozen doughs and batters, excluding cake mixes"
Census_ASM_PxI,2001625003,BEA_2017_Code,311210,,NAICS_2012_Code; weight 0.500; Manufacturing of pancake and waffle mixes
Census_ASM_PxI,2001625003,BEA_2017_Code,3118A0,,NAICS_2007_Code; weight 0.500; Manufacturing of pancake and waffle mixes
Census_ASM_PxI,2001625006,BEA_2017_Code,311210,,NAICS_2012_Code; weight 0.500; Manufacturing of biscuit mixes
Census_ASM_PxI,2001625006,BEA_2017_Code,3118A0,,NAICS_2007_Code; weight 0.500; Manufacturing of biscuit mixes
Census_ASM_PxI,2001625009,BEA_2017_Code,311210,,"NAICS_2012_Code; weight 0.500; Manufacturing of other prepared flour mixes (including cookie, piecrust, doughnut, and other sweet yeast goods mixes)"
Census_ASM_PxI,2001625009,BEA_2017_Code,3118A0,,"NAICS_2007_Code; weight 0.500; Manufacturing of other prepared flour mixes (including cookie, piecrust, doughnut, and other sweet yeast goods mixes)"
Census_ASM_PxI,2001625012,BEA_2017_Code,311210,,NAICS_2012_Code; weight 0.500; Manufacturing of bread and bread-type roll mixes
Census_ASM_PxI,2001625012,BEA_2017_Code,3118A0,,NAICS_2007_Code; weight 0.500; Manufacturing of bread and bread-type roll mixes
Census_ASM_PxI,2001625015,BEA_2017_Code,311210,,"NAICS_2012_Code; weight 0.500; Manufacturing of refrigerated doughs and batters (cookie, biscuit, bread and bread-type roll, pasta, pizza, coffeecake, pancake, etc.)"
Census_ASM_PxI,2001625015,BEA_2017_Code,3118A0,,"NAICS_2007_Code; weight 0.500; Manufacturing of refrigerated doughs and batters (cookie, biscuit, bread and bread-type roll, pasta, pizza, coffeecake, pancake, etc.)"
Census_ASM_PxI,2001625018,BEA_2017_Code,311210,,"NAICS_2012_Code; weight 0.500; Manufacturing of frozen doughs and batters (cookie, biscuit, bread and bread-type roll, pasta, pizza, coffeecake, pancake, etc.)"
Census_ASM_PxI,2001625018,BEA_2017_Code,3118A0,,"NAICS_2007_Code; weight 0.500; Manufacturing of frozen doughs and batters (cookie, biscuit, bread and bread-type roll, pasta, pizza, coffeecake, pancake, etc.)"
Census_ASM_PxI,2001650000,BEA_2017_Code,311940,,NAICS_2012_Code; weight 1.000; Manufacturing of table salt
Census_ASM_PxI,2001675000,BEA_2017_Code,311940,,"NAICS_2012_Code; weight 1.000; Manufacturing of pepper, white and black, and other spices in consumer sizes (less than 1 lb)"
Census_ASM_PxI,2001700000,BEA_2017_Code,311940,,"NAICS_2012_Code; weight 1.000; Manufacturing of pepper, white and black, and other spices in commercial sizes (1 lb or more)"
Census_ASM_PxI,2001710000,BEA_2017_Code,311300,,"NAICS_2007_Code; weight 1.000; Manufacturing of raw cane sugar, sugarcane molasses, syrup, and blackstrap and all other sugarcane mill products and byproducts without further processing"
Census_ASM_PxI,2001725000,BEA_2017_Code,311300,,"NAICS_2007_Code; weight 1.000; Manufacturing of refined sugar, cube and tablet, shipped in small individual packets or consumer units"
Census_ASM_PxI,2001750000,BEA_2017_Code,311300,,"NAICS_2007_Code; weight 1.000; Manufacturing of refined granulated sugar, including cube and tablet sugar, shipped in commercial units (bags and other containers greater than 25 lb)"
Census_ASM_PxI,2001775000,BEA_2017_Code,311300,,"NAICS_2007_Code; weight 1.000; Manufacturing of refined granulated sugar, including cube and tablet sugar, shipped in bulk (rail cars, trucks, or bins)"
Census_ASM_PxI,2001800000,BEA_2017_Code,311300,,NAICS_2007_Code; weight 1.000; Manufacturing of other sugar refining products and byproducts
Census_ASM_PxI,2001800003,BEA_2017_Code,311300,,"NAICS_2007_Code; weight 1.000; Manufacturing of refined confectioners' powdered sugar and refined soft or brown sugar, shipped in consumer units (containers 10 lb or less)"
Census_ASM_PxI,2001800006,BEA_2017_Code,311300,,"NAICS_2007_Code; weight 1.000; Manufacturing of refined confectioners' powdered sugar and refined soft or brown sugar, shipped in commercial units (containers greater than 10 lb)"
Census_ASM_PxI,2001800009,BEA_2017_Code,311300,,"NAICS_2007_Code; weight 1.000; Manufacturing of refined liquid sugar or sugar syrup, sucrose-type or invert- and/or partially-invert-type"
Census_ASM_PxI,2001800012,BEA_2017_Code,311300,,"NAICS_2007_Code; weight 1.000; Manufacturing of other refined cane sugar products and byproducts, including refiners' blackstrap and syrup"
Census_ASM_PxI,2001800015,BEA_2017_Code,311300,,"NAICS_2012_Code; weight 1.000; Manufacturing of whole, straighthouse, or discard beet sugar molasses and molasses beet sugar pulp"
Census_ASM_PxI,2001800018,BEA_2017_Code,311300,,"NAICS_2012_Code; weight 1.000; Manufacturing of molasses beet sugar pulp, pelletized"
Census_ASM_PxI,2001800021,BEA_2017_Code,311300,,"NAICS_2012_Code; weight 1.000; Manufacturing of all other beet sugar pulp, including raw beet sugar, dried, and other beet pulp (plain)"
Census_ASM_PxI,2001825000,BEA_2017_Code,311210,,NAICS_2012_Code; weight 1.000; Manufacturing of wheat flour (excluding flour mixes)
Census_ASM_PxI,2001835000,BEA_2017_Code,311210,,"NAICS_2012_Code; weight 1.000; Manufacturing of wheat mill products, excluding flour and feed"
Census_ASM_PxI,2001850000,BEA_2017_Code,311210,,"NAICS_2012_Code; weight 1.000; Manufacturing of milled rice (including second heads, screenings, brewers, bran, sharps, rice flour, residues, and byproducts)"
Census_ASM_PxI,2001875000,BEA_2017_Code,311210,,"NAICS_2012_Code; weight 1.000; Manufacturing of corn mill products, for human consumption"
Census_ASM_PxI,2001875003,BEA_2017_Code,311210,,"NAICS_2012_Code; weight 1.000; Manufacturing of corn grits and flakes for brewers' use, for human consumption"
Census_ASM_PxI,2001875006,BEA_2017_Code,311210,,"NAICS_2012_Code; weight 1.000; Manufacturing of corn grits and hominy (excluding for brewers' use), for human consumption, and corn flour"
Census_ASM_PxI,2001875009,BEA_2017_Code,311210,,"NAICS_2012_Code; weight 1.000; Manufacturing of other corn mill products, for human consumption"
Census_ASM_PxI,2001875012,BEA_2017_Code,311210,,"NAICS_2012_Code; weight 1.000; Manufacturing of whole and degermed cornmeal, for human consumption"
Census_ASM_PxI,2001900000,BEA_2017_Code,311210,,NAICS_2012_Code; weight 1.000; Manufacturing of other grain mill flour products
Census_ASM_PxI,2001900003,BEA_2017_Code,311210,,"NAICS_2012_Code; weight 1.000; Manufacturing of rye, oat, buckwheat, and other flour"
Census_ASM_PxI,2001900006,BEA_2017_Code,311210,,NAICS_2012_Code; weight 1.000; Manufacturing of fruit flour
Census_ASM_PxI,2001925000,BEA_2017_Code,311221,,NAICS_2012_Code; weight 1.000; Manufacturing of corn sweeteners
Census_ASM_PxI,2001950000,BEA_2017_Code,311221,,"NAICS_2012_Code; weight 1.000; Manufacturing of starch, including unmodified and modified corn, potato, rice, and wheat starch and dextrin"
Census_ASM_PxI,2001975000,BEA_2017_Code,311221,,NAICS_2012_Code; weight 1.000; Manufacturing of wet process corn byproducts
Census_ASM_PxI,2002000000,BEA_2017_Code,311224,,"NAICS_2007_Code; weight 1.000; Manufacturing of soybean cake, meal, flour, grits, and other byproducts"
Census_ASM_PxI,2002000003,BEA_2017_Code,311224,,NAICS_2007_Code; weight 1.000; Manufacturing of soybean cake and meal
Census_ASM_PxI,2002000006,BEA_2017_Code,311224,,NAICS_2007_Code; weight 1.000; Manufacturing of soy flour and grits
Census_ASM_PxI,2002000009,BEA_2017_Code,311224,,"NAICS_2007_Code; weight 1.000; Manufacturing of other soybean products, including isolates and concentrates"
Census_ASM_PxI,2002000012,BEA_2017_Code,311224,,NAICS_2007_Code; weight 1.000; Manufacturing of soybean lecithin
Census_ASM_PxI,2002025000,BEA_2017_Code,311224,,"NAICS_2007_Code; weight 1.000; Manufacturing of cottonseed cake, meal, and other byproducts"
Census_ASM_PxI,2002025003,BEA_2017_Code,311224,,NAICS_2007_Code; weight 1.000; Manufacturing of cottonseed cake and meal
Census_ASM_PxI,2002025006,BEA_2017_Code,311224,,NAICS_2007_Code; weight 1.000; Manufacturing of cottonseed byproducts
Census_ASM_PxI,2002050000,BEA_2017_Code,311224,,"NAICS_2007_Code; weight 1.000; Manufacturing of other vegetable oil mill products (excluding oils and products for animal feed), including linseed, peanut, sunflower seed, and all other oilseed cake and meal"
Census_ASM_PxI,2002075000,BEA_2017_Code,311221,,NAICS_2012_Code; weight 1.000; Manufacturing of crude and partially refined corn oil
Census_ASM_PxI,2002075003,BEA_2017_Code,311221,,NAICS_2012_Code; weight 1.000; Manufacturing of crude corn oil
Census_ASM_PxI,2002075006,BEA_2017_Code,311221,,"NAICS_2012_Code; weight 1.000; Manufacturing of once-refined corn oil, after alkali or caustic wash, but before deodorizing or use in end products"
Census_ASM_PxI,2002100000,BEA_2017_Code,311224,,"NAICS_2007_Code; weight 1.000; Manufacturing of crude soybean oil, degummed"
Census_ASM_PxI,2002125000,BEA_2017_Code,311224,,"NAICS_2007_Code; weight 1.000; Manufacturing of soybean oil, other types"
Census_ASM_PxI,2002125003,BEA_2017_Code,311224,,"NAICS_2007_Code; weight 1.000; Manufacturing of crude soybean oil, not degummed"
Census_ASM_PxI,2002125006,BEA_2017_Code,311224,,"NAICS_2007_Code; weight 1.000; Manufacturing of soybean oil, once-refined (after alkali or caustic wash but before deodorizing or use in end products)"
Census_ASM_PxI,2002150000,BEA_2017_Code,311224,,NAICS_2007_Code; weight 1.000; Manufacturing of crude cottonseed oil
Census_ASM_PxI,2002175000,BEA_2017_Code,311224,,"NAICS_2007_Code; weight 1.000; Manufacturing of cottonseed oil, once-refined (after alkali or caustic wash but before deodorizing or use in end products)"
Census_ASM_PxI,2002200000,BEA_2017_Code,311224,,NAICS_2007_Code; weight 1.000; Manufacturing of other crude and partially refined oils
Census_ASM_PxI,2002200003,BEA_2017_Code,311224,,"NAICS_2007_Code; weight 1.000; Manufacturing of other crude vegetable oils, including linseed, peanut, sunflower, safflower, etc."
Census_ASM_PxI,2002200006,BEA_2017_Code,311224,,"NAICS_2007_Code; weight 1.000; Manufacturing of other vegetable oils, once-refined (after alkali or caustic wash but before deodorizing or use in end products)"
Census_ASM_PxI,2002225000,BEA_2017_Code,311225,,"NAICS_2012_Code; weight 1.000; Manufacturing of vegetable oils, once-refined and deodorized only"
Census_ASM_PxI,2002250000,BEA_2017_Code,311221,,NAICS_2012_Code; weight 0.500; Manufacturing of fully refined fats and oils
Census_ASM_PxI,2002250000,BEA_2017_Code,311225,,NAICS_2012_Code; weight 0.500; Manufacturing of fully refined fats and oils
Census_ASM_PxI,2002250003,BEA_2017_Code,311225,,"NAICS_2012_Code; weight 1.000; Manufacturing of baking or frying fats (shortening), 100 percent vegetable oil, edible"
Census_ASM_PxI,2002250006,BEA_2017_Code,311225,,"NAICS_2012_Code; weight 1.000; Manufacturing of baking or frying fats (shortening), 100 percent animal fat or blends of vegetable oil and animal fat, edible"
Census_ASM_PxI,2002250009,BEA_2017_Code,311225,,"NAICS_2012_Code; weight 1.000; Manufacturing of hydrogenated oils (for confectionery fats, mellorine fats, whipped topping, etc.), excluding baking or frying fats, edible"
Census_ASM_PxI,2002250012,BEA_2017_Code,311225,,"override; weight 1.000; Manufacturing of partially hydrogenated soybean cooking or salad oil, fully refined and deodorized, edible"
Census_ASM_PxI,2002250015,BEA_2017_Code,311225,,"NAICS_2012_Code; weight 1.000; Manufacturing of other soybean cooking or salad oil, fully refined and deodorized, edible"
Census_ASM_PxI,2002250018,BEA_2017_Code,311225,,"NAICS_2012_Code; weight 1.000; Manufacturing of cottonseed cooking or salad oil, fully refined and deodorized, edible"
Census_ASM_PxI,2002250021,BEA_2017_Code,311225,,"NAICS_2012_Code; weight 1.000; Manufacturing of mixtures of vegetable cooking or salad oil, fully refined and deodorized, edible"
Census_ASM_PxI,2002250024,BEA_2017_Code,311225,,"NAICS_2012_Code; weight 1.000; Manufacturing of all other cooking or salad oil, fully refined and deodorized, edible"
Census_ASM_PxI,2002250027,BEA_2017_Code,311225,,"NAICS_2012_Code; weight 1.000; Manufacturing of all other fully refined shortening and cooking oils, edible, including oils used for margarine"
Census_ASM_PxI,2002250033,BEA_2017_Code,311221,,"NAICS_2012_Code; weight 1.000; Manufacturing of fully-refined corn oil, including margarine oil"
Census_ASM_PxI,2002275000,BEA_2017_Code,311225,,"NAICS_2012_Code; weight 1.000; Manufacturing of margarine, butter blends, and butter substitutes"
Census_ASM_PxI,2002300000,BEA_2017_Code,31161A,,NAICS_2012_Code; weight 1.000; Manufacturing of lard
Census_ASM_PxI,2002300003,BEA_2017_Code,31161A,,"NAICS_2012_Code; weight 1.000; Manufacturing of lard, consumer sizes (containers 3 pounds or less)"
Census_ASM_PxI,2002300006,BEA_2017_Code,31161A,,"NAICS_2012_Code; weight 1.000; Manufacturing of lard, commercial sizes (containers 3 pounds or more)"
Census_ASM_PxI,2002310000,BEA_2017_Code,311300,,NAICS_2007_Code; weight 1.000; Manufacturing of milk chocolate coatings
Census_ASM_PxI,2002325000,BEA_2017_Code,311300,,NAICS_2007_Code; weight 1.000; Manufacturing of sweet and liquor chocolate coatings
Census_ASM_PxI,2002325003,BEA_2017_Code,311300,,NAICS_2007_Code; weight 1.000; Manufacturing of sweet chocolate coatings
Census_ASM_PxI,2002325006,BEA_2017_Code,311300,,NAICS_2007_Code; weight 1.000; Manufacturing of liquor chocolate coatings
Census_ASM_PxI,2002350000,BEA_2017_Code,311300,,"NAICS_2007_Code; weight 1.000; Manufacturing of confectionery coatings (made chiefly from cocoa and fats (excluding coatings made from cocoa butter)), including ice cream coatings"
Census_ASM_PxI,2002400000,BEA_2017_Code,311300,,"NAICS_2007_Code; weight 1.000; Manufacturing of sweetened chocolate, excluding coatings"
Census_ASM_PxI,2002400003,BEA_2017_Code,311300,,"NAICS_2007_Code; weight 1.000; Manufacturing of sweetened chocolate, excluding coatings, in consumer-sized packaging"
Census_ASM_PxI,2002400006,BEA_2017_Code,311300,,"NAICS_2007_Code; weight 1.000; Manufacturing of sweetened chocolate, excluding coatings, in commercial packaging and in bulk"
Census_ASM_PxI,2002425000,BEA_2017_Code,311300,,"NAICS_2007_Code; weight 1.000; Manufacturing of unsweetened chocolate and sweetened and unsweetened cocoa powder, excluding coatings"
Census_ASM_PxI,2002425003,BEA_2017_Code,311300,,"NAICS_2007_Code; weight 1.000; Manufacturing of unsweetened chocolate, excluding coatings"
Census_ASM_PxI,2002425006,BEA_2017_Code,311300,,"NAICS_2007_Code; weight 1.000; Manufacturing of sweetened (or mixed with other substances) cocoa powder, in consumer-sized cans or packages"
Census_ASM_PxI,2002425009,BEA_2017_Code,311300,,"NAICS_2007_Code; weight 1.000; Manufacturing of sweetened (or mixed with other substances) cocoa powder, in commercial packages and in bulk"
Census_ASM_PxI,2002425012,BEA_2017_Code,311300,,NAICS_2007_Code; weight 1.000; Manufacturing of unsweetened cocoa powder
Census_ASM_PxI,2002450000,BEA_2017_Code,311300,,"NAICS_2007_Code; weight 1.000; Manufacturing of cocoa butter, liquor, and cocoa base chocolate syrup"
Census_ASM_PxI,2002450003,BEA_2017_Code,311300,,NAICS_2007_Code; weight 1.000; Manufacturing of cocoa butter
Census_ASM_PxI,2002450006,BEA_2017_Code,311300,,NAICS_2007_Code; weight 1.000; Manufacturing of chocolate liquor base syrup
Census_ASM_PxI,2002450009,BEA_2017_Code,311300,,NAICS_2007_Code; weight 1.000; Manufacturing of cocoa powder base chocolate syrup
Census_ASM_PxI,2002475000,BEA_2017_Code,311300,,NAICS_2007_Code; weight 1.000; Manufacturing of chocolate candy and chocolate-type confectionery products
Census_ASM_PxI,2002475003,BEA_2017_Code,311300,,NAICS_2007_Code; weight 1.000; Manufacturing of solid chocolate and chocolate-type confectionery products
Census_ASM_PxI,2002475006,BEA_2017_Code,311300,,NAICS_2007_Code; weight 1.000; Manufacturing of solid with inclusions chocolate and chocolate-type confectionery products
Census_ASM_PxI,2002475009,BEA_2017_Code,311300,,"NAICS_2007_Code; weight 1.000; Manufacturing of enrobed or molded with candy, fruit, nut, or granola center, chocolate and chocolate-type confectionery products"
Census_ASM_PxI,2002475012,BEA_2017_Code,311300,,"NAICS_2007_Code; weight 1.000; Manufacturing of enrobed or molded with a bakery product center, chocolate and chocolate-type confectionery products"
Census_ASM_PxI,2002475015,BEA_2017_Code,311300,,NAICS_2007_Code; weight 1.000; Manufacturing of panned chocolate and chocolate-type confectionery products
Census_ASM_PxI,2002475018,BEA_2017_Code,311300,,NAICS_2007_Code; weight 1.000; Manufacturing of assortments and all other chocolate and chocolate-type confectionery products
Census_ASM_PxI,2002500000,BEA_2017_Code,311300,,"NAICS_2012_Code; weight 1.000; Manufacturing of nonchocolate-type bar goods, granola bars, package goods, specialties, etc."
Census_ASM_PxI,2002500003,BEA_2017_Code,311300,,"NAICS_2012_Code; weight 1.000; Manufacturing of hard candy, nonchocolate-type confectionery products"
Census_ASM_PxI,2002500006,BEA_2017_Code,311300,,"NAICS_2012_Code; weight 1.000; Manufacturing of chewy candy (including granola bars), nonchocolate-type confectionery products"
Census_ASM_PxI,2002500009,BEA_2017_Code,311300,,"NAICS_2012_Code; weight 1.000; Manufacturing of soft candy, nonchocolate-type confectionery products"
Census_ASM_PxI,2002500012,BEA_2017_Code,311300,,NAICS_2012_Code; weight 1.000; Manufacturing of iced/coated nonchocolate-type confectionery products
Census_ASM_PxI,2002500015,BEA_2017_Code,311300,,"NAICS_2012_Code; weight 1.000; Manufacturing of panned, nonchocolate-type confectionery products"
Census_ASM_PxI,2002500018,BEA_2017_Code,311300,,"NAICS_2012_Code; weight 1.000; Manufacturing of licorice and licorice-type, nonchocolate-type confectionery products"
Census_ASM_PxI,2002525000,BEA_2017_Code,311300,,"NAICS_2012_Code; weight 1.000; Manufacturing of other nonchocolate confectionary-type products, such as glace, candied, and crystallized fruits, fruit peels, nuts, marshmallow cream, and cough drops (excluding pharmaceutical-type)"
Census_ASM_PxI,2002550000,BEA_2017_Code,311300,,"NAICS_2012_Code; weight 1.000; Manufacturing of chewing gum, bubble gum, and chewing gum base"
Census_ASM_PxI,2002550003,BEA_2017_Code,311300,,"NAICS_2012_Code; weight 1.000; Manufacturing of chewing gum and bubble gum, nonmedicated, containing sugar"
Census_ASM_PxI,2002550006,BEA_2017_Code,311300,,"NAICS_2012_Code; weight 1.000; Manufacturing of chewing gum and bubble gum, nonmedicated, not containing sugar"
Census_ASM_PxI,2002550009,BEA_2017_Code,311300,,NAICS_2012_Code; weight 1.000; Manufacturing of chewing gum base
Census_ASM_PxI,2002575000,BEA_2017_Code,311410,,NAICS_2012_Code; weight 1.000; Manufacturing of frozen fruits
Census_ASM_PxI,2002600000,BEA_2017_Code,311410,,"NAICS_2012_Code; weight 1.000; Manufacturing of frozen vegetables, other than potato products, including frozen vegetables packaged with pasta"
Census_ASM_PxI,2002625000,BEA_2017_Code,311410,,"NAICS_2012_Code; weight 1.000; Manufacturing of frozen potato products (French-fried, patties, puffs, etc.)"
Census_ASM_PxI,2002650000,BEA_2017_Code,311420,,"NAICS_2012_Code; weight 1.000; Manufacturing of canned fruits, including canned fruit pie fillings, excluding baby foods"
Census_ASM_PxI,2002675000,BEA_2017_Code,311420,,NAICS_2012_Code; weight 1.000; Manufacturing of canned vegetables
Census_ASM_PxI,2002700000,BEA_2017_Code,311420,,"NAICS_2012_Code; weight 1.000; Manufacturing of canned tomato-based sauces, including canned salsa, chili sauce, and barbecue sauce, excluding catsup"
Census_ASM_PxI,2002725000,BEA_2017_Code,311420,,"NAICS_2012_Code; weight 1.000; Manufacturing of canned jams, jellies, and preserves, including canned fruit butter"
Census_ASM_PxI,2002750000,BEA_2017_Code,311910,,NAICS_2012_Code; weight 1.000; Manufacturing of peanut butter and other nut butters
Census_ASM_PxI,2002750003,BEA_2017_Code,311910,,"NAICS_2012_Code; weight 1.000; Manufacturing of peanut butter and other nut butters, consumer sizes"
Census_ASM_PxI,2002750006,BEA_2017_Code,311910,,"NAICS_2012_Code; weight 1.000; Manufacturing of peanut butter and other nut butters, commercial sizes and bulk"
Census_ASM_PxI,2002775000,BEA_2017_Code,311420,,"NAICS_2012_Code; weight 1.000; Manufacturing of pickles and other pickled products, including horseradish (except sauce) and bulk unfinished pickled products"
Census_ASM_PxI,2002800000,BEA_2017_Code,311420,,"NAICS_2012_Code; weight 1.000; Manufacturing of dried and dehydrated fruits and vegetables, including freeze-dried"
Census_ASM_PxI,2002800003,BEA_2017_Code,311420,,"NAICS_2012_Code; weight 1.000; Manufacturing of dried and dehydrated fruits, including freeze-dried"
Census_ASM_PxI,2002800006,BEA_2017_Code,311420,,NAICS_2012_Code; weight 1.000; Manufacturing of dried and dehydrated vegetables
Census_ASM_PxI,2002825000,BEA_2017_Code,311420,,"NAICS_2012_Code; weight 1.000; Manufacturing of soup mixes (including oriental, dried and dehydrated, and freeze-dried) and bouillon"
Census_ASM_PxI,2002850000,BEA_2017_Code,311210,,"NAICS_2012_Code; weight 1.000; Manufacturing of rice, processed, without other ingredients"
Census_ASM_PxI,2002875000,BEA_2017_Code,3118A0,,"NAICS_2007_Code; weight 0.500; Manufacturing of dry macaroni, spaghetti and egg noodle products, including fried noodles, packaged without other ingredients, not frozen or canned"
Census_ASM_PxI,2002875000,BEA_2017_Code,311990,,"NAICS_2012_Code; weight 0.500; Manufacturing of dry macaroni, spaghetti and egg noodle products, including fried noodles, packaged without other ingredients, not frozen or canned"
Census_ASM_PxI,2002900000,BEA_2017_Code,311910,,"NAICS_2012_Code; weight 1.000; Manufacturing of nuts (salted, roasted, cooked, or blanched), sold in bulk"
Census_ASM_PxI,2002925000,BEA_2017_Code,311910,,"NAICS_2012_Code; weight 1.000; Manufacturing of canned nuts (salted, roasted, cooked, or blanched)"
Census_ASM_PxI,2002950000,BEA_2017_Code,311910,,"NAICS_2012_Code; weight 1.000; Manufacturing of all other packaged nuts, including all types of seeds (salted, roasted, cooked, or blanched)"
Census_ASM_PxI,2002975000,BEA_2017_Code,311910,,"NAICS_2012_Code; weight 1.000; Manufacturing of potato chips and sticks, plain and flavored"
Census_ASM_PxI,2003000000,BEA_2017_Code,311910,,"NAICS_2012_Code; weight 1.000; Manufacturing of corn chips and related products, such as tortilla chips, corn chips and curls"
Census_ASM_PxI,2003025000,BEA_2017_Code,311910,,"NAICS_2012_Code; weight 1.000; Manufacturing of other chips and sticks (hard pretzels, popped popcorn (excluding candied), etc.), excluding crackers, soft pretzels, and nuts"
Census_ASM_PxI,2003050000,BEA_2017_Code,311940,,NAICS_2012_Code; weight 1.000; Manufacturing of vinegar
Census_ASM_PxI,2003075000,BEA_2017_Code,311940,,"NAICS_2012_Code; weight 1.000; Manufacturing of prepared sauces, including mustard, Worcestershire, soy, horseradish, and other sauces to be used as a condiment to meat, vegetable, and seafood, excluding tomato and meat-based sauces"
Census_ASM_PxI,2003100000,BEA_2017_Code,311420,,NAICS_2012_Code; weight 1.000; Manufacturing of catsup
Census_ASM_PxI,2003125000,BEA_2017_Code,311940,,"NAICS_2012_Code; weight 1.000; Manufacturing of spoon-type salad dressing including mayonnaise, sandwich spreads, refrigerated dressings, and all other semisolid-type dressings"
Census_ASM_PxI,2003150000,BEA_2017_Code,311940,,"NAICS_2012_Code; weight 1.000; Manufacturing of pourable-type salad dressing (reduced calorie, cheese, vinegar and oil, etc.)"
Census_ASM_PxI,2003175000,BEA_2017_Code,311410,,"NAICS_2012_Code; weight 1.000; Manufacturing of frozen dinners, including frozen pizza, rice dishes, meat or poultry pies, tortillas, and egg rolls"
Census_ASM_PxI,2003200000,BEA_2017_Code,311410,,"NAICS_2012_Code; weight 1.000; Manufacturing of frozen specialties, not elsewhere classified, such as waffles, pancakes, French toast, soups, etc., excluding dairy and nondairy whipped topping, other frozen dairy product substitutes, and seafood"
Census_ASM_PxI,2003225000,BEA_2017_Code,311230,,"NAICS_2012_Code; weight 1.000; Manufacturing of breakfast cereal, excluding infant cereal"
Census_ASM_PxI,2003250000,BEA_2017_Code,311930,,"NAICS_2012_Code; weight 1.000; Manufacturing of liquid beverage bases, excluding use by soft drink bottlers"
Census_ASM_PxI,2003275000,BEA_2017_Code,311930,,"NAICS_2012_Code; weight 1.000; Manufacturing of liquid beverage bases, concentrates and syrups, for sale by soft drink bottlers to trade or nonbottler distributors"
Census_ASM_PxI,2003300000,BEA_2017_Code,311930,,"NAICS_2012_Code; weight 1.000; Manufacturing of soft drink flavoring syrup, sold in bulk"
Census_ASM_PxI,2003325000,BEA_2017_Code,311930,,"NAICS_2012_Code; weight 1.000; Manufacturing of flavoring agents, excluding chocolate and soft drink flavoring syrups"
Census_ASM_PxI,2003325003,BEA_2017_Code,311930,,"NAICS_2012_Code; weight 1.000; Manufacturing of flavoring syrups for fountain, ice cream, and home beverage use (excluding liquid beverage bases, soft drinks in bulk, and chocolate syrups)"
Census_ASM_PxI,2003325006,BEA_2017_Code,311930,,"NAICS_2012_Code; weight 1.000; Manufacturing of fruit, crushed or whole, and concentrated fruit juice products (excluding frozen or hot pack), for fountain and ice cream flavoring agent use"
Census_ASM_PxI,2003350000,BEA_2017_Code,311940,,"NAICS_2012_Code; weight 1.000; Manufacturing of flavoring extracts, emulsions, and other liquid flavors and food colorings (excluding synthetic)"
Census_ASM_PxI,2003375000,BEA_2017_Code,311990,,"NAICS_2012_Code; weight 1.000; Manufacturing of perishable prepared foods, including salads and sandwiches, vegetables and potatoes peeled and cut, fresh fruits cut and packaged, Mexican specialties, pizza, and tofu (not frozen or canned), and fresh macaroni products"
Census_ASM_PxI,2003400000,BEA_2017_Code,311990,,"NAICS_2012_Code; weight 1.000; Manufacturing of eggs (dried, frozen, or liquid)"
Census_ASM_PxI,2003425000,BEA_2017_Code,311230,,NAICS_2012_Code; weight 0.500; Manufacturing of canned baby foods and infant cereal (excluding biscuits)
Census_ASM_PxI,2003425000,BEA_2017_Code,311420,,NAICS_2012_Code; weight 0.500; Manufacturing of canned baby foods and infant cereal (excluding biscuits)
Census_ASM_PxI,2003425003,BEA_2017_Code,311420,,"NAICS_2012_Code; weight 1.000; Manufacturing of canned baby foods, excluding infant cereal and biscuits"
Census_ASM_PxI,2003425006,BEA_2017_Code,311230,,NAICS_2012_Code; weight 1.000; Manufacturing of infant cereal
Census_ASM_PxI,2003450000,BEA_2017_Code,311420,,"NAICS_2012_Code; weight 1.000; Manufacturing of canned specialty foods, not elsewhere classified, including canned baked beans, spaghetti, ravioli, meat-based sauces, mincemeat, and rice"
Census_ASM_PxI,2003475000,BEA_2017_Code,311420,,"NAICS_2012_Code; weight 1.000; Manufacturing of canned soups and stews, excluding frozen and seafood"
Census_ASM_PxI,2003500000,BEA_2017_Code,311420,,"NAICS_2012_Code; weight 1.000; Manufacturing of canned dry beans, excluding baked beans"
Census_ASM_PxI,2003525000,BEA_2017_Code,311990,,"NAICS_2012_Code; weight 1.000; Manufacturing of desserts, ready-to-mix"
Census_ASM_PxI,2003525003,BEA_2017_Code,311990,,"NAICS_2012_Code; weight 1.000; Manufacturing of desserts, ready-to-mix, cornstarch or gelatin base, consumer sizes (less than 1 lb)"
Census_ASM_PxI,2003525006,BEA_2017_Code,311990,,"NAICS_2012_Code; weight 1.000; Manufacturing of desserts, ready-to-mix, cornstarch or gelatin base, commercial sizes (1 lb or more)"
Census_ASM_PxI,2003525009,BEA_2017_Code,311990,,"NAICS_2012_Code; weight 1.000; Manufacturing of desserts, ready-to-mix, other bases"
Census_ASM_PxI,2003550000,BEA_2017_Code,311990,,"NAICS_2012_Code; weight 1.000; Manufacturing of sweetening syrups and molasses, excluding sugarcane products"
Census_ASM_PxI,2003575000,BEA_2017_Code,311940,,"NAICS_2012_Code; weight 1.000; Manufacturing of dry mix food preparations, not elsewhere classified, including dip, salad dressing, seasoning, frosting, gravy, and sauce dry mixes"
Census_ASM_PxI,2003600000,BEA_2017_Code,311990,,"NAICS_2012_Code; weight 1.000; Manufacturing of food preparations, not elsewhere classified, such as canned pudding, frosting, shredded coconut, honey,  pectin, and unpopped popcorn"
Census_ASM_PxI,2003675000,BEA_2017_Code,311210,,NAICS_2012_Code; weight 1.000; Manufacturing of head rice packaged with other ingredients
Census_ASM_PxI,2003700000,BEA_2017_Code,311420,,"NAICS_2012_Code; weight 0.333; Manufacturing of macaroni and noodle products, packaged with other dried and dehydrated ingredients, not frozen or canned"
Census_ASM_PxI,2003700000,BEA_2017_Code,3118A0,,"NAICS_2007_Code; weight 0.333; Manufacturing of macaroni and noodle products, packaged with other dried and dehydrated ingredients, not frozen or canned"
Census_ASM_PxI,2003700000,BEA_2017_Code,311990,,"NAICS_2012_Code; weight 0.333; Manufacturing of macaroni and noodle products, packaged with other dried and dehydrated ingredients, not frozen or canned"
Census_ASM_PxI,2003725000,BEA_2017_Code,311420,,"NAICS_2012_Code; weight 1.000; Manufacturing of products other than macaroni and noodle products, packaged with dried and dehydrated ingredients, not frozen or canned"
Census_ASM_PxI,2003750000,BEA_2017_Code,311990,,NAICS_2012_Code; weight 1.000; Manufacturing of baking powder and yeast
Census_ASM_PxI,2003750003,BEA_2017_Code,311990,,NAICS_2012_Code; weight 1.000; Manufacturing of baking powder
Census_ASM_PxI,2003750006,BEA_2017_Code,311990,,NAICS_2012_Code; weight 1.000; Manufacturing of yeast
Census_ASM_PxI,2003775000,BEA_2017_Code,312110,,"NAICS_2012_Code; weight 1.000; Manufacturing of soft drinks, carbonated"
Census_ASM_PxI,2003775003,BEA_2017_Code,312110,,"NAICS_2012_Code; weight 1.000; Manufacturing of soft drinks, bottled (glass) or canned, carbonated, regular and diet, with or without some real juice, including kola extract, lemon, lime, lemon-lime combinations, sparkling waters and club soda, and other flavors"
Census_ASM_PxI,2003775006,BEA_2017_Code,312110,,"NAICS_2012_Code; weight 1.000; Manufacturing of soft drinks, bottled (plastic), carbonated, regular and diet, with or without some real juice, including kola extract, lemon, lime, lemon-lime combinations, sparkling waters and club soda, and other flavors"
Census_ASM_PxI,2003800000,BEA_2017_Code,312110,,"NAICS_2012_Code; weight 1.000; Manufacturing of soft drinks, non-carbonated, fruit drinks, cocktails, and ades, with or without some real juice or concentrates"
Census_ASM_PxI,2003825000,BEA_2017_Code,313100,,"NAICS_2007_Code; weight 1.000; Manufacturing of soft drinks, non-carbonated, iced tea and other types, excluding fruit drinks, cocktails, and ades"
Census_ASM_PxI,2003825003,BEA_2017_Code,312110,,"NAICS_2012_Code; weight 1.000; Manufacturing of iced tea, with or without flavorings, canned or bottled"
Census_ASM_PxI,2003825006,BEA_2017_Code,312110,,"NAICS_2012_Code; weight 1.000; Manufacturing of soft drinks, non-carbonated, other types, excluding iced tea, fruit drinks, cocktails, and ades"
Census_ASM_PxI,2003850000,BEA_2017_Code,312110,,"NAICS_2012_Code; weight 1.000; Manufacturing of bottled water, non-carbonated, processed or pasteurized, excluding artificially carbonated and sterile"
Census_ASM_PxI,2003875000,BEA_2017_Code,312110,,"NAICS_2012_Code; weight 1.000; Manufacturing of ice, manufactured (cubed, crushed, etc.), including can or block"
Census_ASM_PxI,2003900000,BEA_2017_Code,311920,,"NAICS_2012_Code; weight 1.000; Manufacturing of roasted coffee, including whole bean, ground, and ground mixtures (mixed with grain, chicory, etc.)"
Census_ASM_PxI,2003925000,BEA_2017_Code,311920,,"NAICS_2012_Code; weight 1.000; Manufacturing of coffee, concentrated (freeze-dried, spray-dried, frozen or liquid concentrated, mixtures, etc.), including coffee extracts and substitutes"
Census_ASM_PxI,2003925003,BEA_2017_Code,311920,,"NAICS_2012_Code; weight 1.000; Manufacturing of coffee substitutes, made from grain"
Census_ASM_PxI,2003925006,BEA_2017_Code,311920,,"NAICS_2012_Code; weight 1.000; Manufacturing of coffee, concentrated (freeze-dried, spray-dried, frozen or liquid concentrated, mixtures, etc.), and extracts"
Census_ASM_PxI,2003950000,BEA_2017_Code,311920,,"NAICS_2012_Code; weight 1.000; Manufacturing of tea, consumer packages, instant soluble, and other types"
Census_ASM_PxI,2003975000,BEA_2017_Code,311990,,"NAICS_2012_Code; weight 1.000; Manufacturing of flavoring powders, tablets, and paste (including dry mix cocktails)"
Census_ASM_PxI,2004000000,BEA_2017_Code,311420,,"NAICS_2012_Code; weight 1.000; Manufacturing of canned and fresh fruit juices, nectars, and concentrates"
Census_ASM_PxI,2004025000,BEA_2017_Code,311420,,NAICS_2012_Code; weight 1.000; Manufacturing of canned vegetable juices
Census_ASM_PxI,2004050000,BEA_2017_Code,311940,,NAICS_2012_Code; weight 1.000; Manufacturing of cider
Census_ASM_PxI,2004075000,BEA_2017_Code,311410,,"NAICS_2012_Code; weight 1.000; Manufacturing of frozen concentrated juices and frozen citrus pulp, excluding orange juice"
Census_ASM_PxI,2004100000,BEA_2017_Code,311410,,"NAICS_2012_Code; weight 1.000; Manufacturing of frozen concentrated orange juice, consumer and institutional"
Census_ASM_PxI,2004125000,BEA_2017_Code,312120,,"NAICS_2012_Code; weight 1.000; Manufacturing of beer and ale, canned, case goods"
Census_ASM_PxI,2004125003,BEA_2017_Code,312120,,"NAICS_2012_Code; weight 1.000; Manufacturing of beer and ale, canned, case goods, 12 oz"
Census_ASM_PxI,2004125006,BEA_2017_Code,312120,,"NAICS_2012_Code; weight 1.000; Manufacturing of beer and ale, canned, case goods, 16 oz and all other sizes"
Census_ASM_PxI,2004150000,BEA_2017_Code,312120,,"NAICS_2012_Code; weight 1.000; Manufacturing of beer and ale, bottled, case goods, all sizes"
Census_ASM_PxI,2004175000,BEA_2017_Code,312120,,"NAICS_2012_Code; weight 1.000; Manufacturing of beer and ale, barrels and kegs, all sizes"
Census_ASM_PxI,2004200000,BEA_2017_Code,311210,,"NAICS_2012_Code; weight 0.500; Manufacturing of malt, all other malt beverages, and brewing products"
Census_ASM_PxI,2004200000,BEA_2017_Code,312120,,"NAICS_2012_Code; weight 0.500; Manufacturing of malt, all other malt beverages, and brewing products"
Census_ASM_PxI,2004200003,BEA_2017_Code,312120,,"NAICS_2012_Code; weight 1.000; Manufacturing of beer (nonalcoholic), malt liquors (cans or bottles), and all other malt beverages"
Census_ASM_PxI,2004200006,BEA_2017_Code,311210,,"NAICS_2012_Code; weight 0.500; Manufacturing of malt, including barley, rye, wheat, corn, rice, malt sprouts, and malt extracts and byproducts (screenings, chaff, skimmings, etc.)"
Census_ASM_PxI,2004200006,BEA_2017_Code,312120,,"NAICS_2012_Code; weight 0.500; Manufacturing of malt, including barley, rye, wheat, corn, rice, malt sprouts, and malt extracts and byproducts (screenings, chaff, skimmings, etc.)"
Census_ASM_PxI,2004225000,BEA_2017_Code,312130,,"NAICS_2012_Code; weight 1.000; Manufacturing of wines, white, red, and rose grape, other fruit and berry, 14 percent or less alcohol content"
Census_ASM_PxI,2004225003,BEA_2017_Code,312130,,"NAICS_2012_Code; weight 1.000; Manufacturing of wines, white grape, 14 percent or less alcohol content"
Census_ASM_PxI,2004225006,BEA_2017_Code,312130,,"NAICS_2012_Code; weight 1.000; Manufacturing of wines, red grape, 14 percent or less alcohol content"
Census_ASM_PxI,2004225009,BEA_2017_Code,312130,,"NAICS_2012_Code; weight 1.000; Manufacturing of wines, rose grape and other fruit and berry, 14 percent or less alcohol content"
Census_ASM_PxI,2004250000,BEA_2017_Code,312130,,"NAICS_2012_Code; weight 1.000; Manufacturing of wines, dessert, effervescent, and wine coolers"
Census_ASM_PxI,2004250003,BEA_2017_Code,312130,,"NAICS_2012_Code; weight 1.000; Manufacturing of wines, dessert, excluding specialties"
Census_ASM_PxI,2004250006,BEA_2017_Code,312130,,"NAICS_2012_Code; weight 1.000; Manufacturing of wines, effervescent, including sparkling (naturally and artificially carbonated), wine coolers"
Census_ASM_PxI,2004275000,BEA_2017_Code,312130,,"NAICS_2012_Code; weight 1.000; Manufacturing of all other wines, brandy, and brandy spirits"
Census_ASM_PxI,2004275003,BEA_2017_Code,312130,,"NAICS_2012_Code; weight 1.000; Manufacturing of brandy, beverage and neutral, including neutral fruit spirits, excluding neutral citrus residue brandy"
Census_ASM_PxI,2004275006,BEA_2017_Code,312130,,"NAICS_2012_Code; weight 1.000; Manufacturing of all other wines, brandy, and brandy spirits, including vermouth, nonalcoholic wines, other specialty wines, and applejack"
Census_ASM_PxI,2004300000,BEA_2017_Code,312140,,"NAICS_2012_Code; weight 1.000; Manufacturing of bottled whiskey, gin, cordials, cocktails, vodka, rum, all other types, excluding brandy"
Census_ASM_PxI,2004300003,BEA_2017_Code,312140,,"NAICS_2012_Code; weight 1.000; Manufacturing of bottled whiskey, unprocessed, blends, with or without neutral spirits"
Census_ASM_PxI,2004300006,BEA_2017_Code,312140,,"NAICS_2012_Code; weight 1.000; Manufacturing of bottled whiskey, other types"
Census_ASM_PxI,2004300009,BEA_2017_Code,312140,,"NAICS_2012_Code; weight 1.000; Manufacturing of bottled cordials, cocktails and similar compounds"
Census_ASM_PxI,2004300012,BEA_2017_Code,312140,,"NAICS_2012_Code; weight 1.000; Manufacturing of bottled gin, vodka, rum"
Census_ASM_PxI,2004300015,BEA_2017_Code,312140,,"NAICS_2012_Code; weight 1.000; Manufacturing of bottled liquor, all other types, excluding bottled in bond"
Census_ASM_PxI,2004300018,BEA_2017_Code,312140,,"NAICS_2012_Code; weight 1.000; Manufacturing of bottled liquor, bottled in bond"
Census_ASM_PxI,2004325000,BEA_2017_Code,312140,,"NAICS_2012_Code; weight 1.000; Manufacturing of distilled whiskey, all other distilled liquor, excluding brandy"
Census_ASM_PxI,2004325003,BEA_2017_Code,312140,,"NAICS_2012_Code; weight 1.000; Manufacturing of distilled whiskey, raw (bourbon, rye, etc.)"
Census_ASM_PxI,2004325006,BEA_2017_Code,312140,,"NAICS_2012_Code; weight 1.000; Manufacturing of distilled grain neutral spirits, vodka, including neutral citrus residue brandy and the continuous distillation or processing operations"
Census_ASM_PxI,2004325009,BEA_2017_Code,312140,,"NAICS_2012_Code; weight 1.000; Manufacturing of other distilled liquors (including rum, gin, and cane neutral spirits), excluding applejack"
Census_ASM_PxI,2004350000,BEA_2017_Code,312200,,"NAICS_2007_Code; weight 1.000; Manufacturing of cigarettes, including nontobacco"
Census_ASM_PxI,2004350003,BEA_2017_Code,312200,,"NAICS_2007_Code; weight 1.000; Manufacturing of cigarettes, including nontobacco, filter tip, 80 millimeters long or less"
Census_ASM_PxI,2004350006,BEA_2017_Code,312200,,"NAICS_2007_Code; weight 1.000; Manufacturing of cigarettes, including nontobacco, filter tip, 85 millimeters long"
Census_ASM_PxI,2004350009,BEA_2017_Code,312200,,"NAICS_2007_Code; weight 1.000; Manufacturing of cigarettes, including nontobacco, filter tip, 100 millimeters long or more"
Census_ASM_PxI,2004350012,BEA_2017_Code,312200,,"NAICS_2007_Code; weight 1.000; Manufacturing of cigarettes, including nontobacco, nonfilter tip, including electronic cigarettes"
Census_ASM_PxI,2004375000,BEA_2017_Code,312200,,"NAICS_2007_Code; weight 1.000; Manufacturing of cigars, all weights per 1,000 cigars"
Census_ASM_PxI,2004400000,BEA_2017_Code,312200,,"NAICS_2007_Code; weight 1.000; Manufacturing of smoking and chewing tobacco (looseleaf), snuff, and all other chewing tobacco"
Census_ASM_PxI,2004400003,BEA_2017_Code,312200,,NAICS_2007_Code; weight 1.000; Manufacturing of smoking tobacco
Census_ASM_PxI,2004400006,BEA_2017_Code,312200,,"NAICS_2007_Code; weight 1.000; Manufacturing of chewing tobacco (looseleaf), snuff, dry and moist, and all other chewing tobacco (fine cut, twist, plug, etc.)"
Census_ASM_PxI,2004425000,BEA_2017_Code,3259A0,,"NAICS_2012_Code; weight 0.667; Manufacturing of smoking accessories, including matches, cigarette lighters, cigarette holders, tobacco pipes, etc."
Census_ASM_PxI,2004425000,BEA_2017_Code,339990,,"NAICS_2012_Code; weight 0.333; Manufacturing of smoking accessories, including matches, cigarette lighters, cigarette holders, tobacco pipes, etc."
Census_ASM_PxI,2004425003,BEA_2017_Code,3259A0,,"NAICS_2012_Code; weight 1.000; Manufacturing of lighter fluids (cigarette, charcoal, etc.)"
Census_ASM_PxI,2004425006,BEA_2017_Code,339990,,"NAICS_2012_Code; weight 1.000; Manufacturing of other smoking accessories, including cigarette lighters, cigarette holders, tobacco pipes, etc."
Census_ASM_PxI,2004425009,BEA_2017_Code,3259A0,,NAICS_2012_Code; weight 1.000; Manufacturing of matches
Census_ASM_PxI,2004450000,BEA_2017_Code,315000,,"NAICS_2007_Code; weight 1.000; Manufacturing of men's and boys' (including unisex) tailored suits, including dress uniforms (firefighter, military, police, etc.) (excluding leather, sheep-lined, and fur)"
Census_ASM_PxI,2004475000,BEA_2017_Code,315000,,"NAICS_2007_Code; weight 1.000; Manufacturing of men's and boys' (including unisex) tailored coats (including water-repellent) and vests (excluding leather, sheep-lined, and fur)"
Census_ASM_PxI,2004500000,BEA_2017_Code,315000,,"NAICS_2007_Code; weight 1.000; Manufacturing of men's and boys' (including unisex) nontailored coats, jackets, and vests, including down- and feather-filled (excluding ski apparel, work jackets, leather, sheep-lined, and fur)"
Census_ASM_PxI,2004525000,BEA_2017_Code,315000,,"NAICS_2007_Code; weight 1.000; Manufacturing of men's and boys' (including unisex) plastic or rubber (50 percent or greater) apparel, including raincoats and rubber pants (excluding wet suits))"
Census_ASM_PxI,2004550000,BEA_2017_Code,315000,,NAICS_2007_Code; weight 1.000; Manufacturing of men's and boys' (including unisex) dress shirts
Census_ASM_PxI,2004550003,BEA_2017_Code,315000,,NAICS_2007_Code; weight 1.000; Manufacturing of men's and boys' (including unisex) knit dress shirts
Census_ASM_PxI,2004550006,BEA_2017_Code,315000,,NAICS_2007_Code; weight 1.000; Manufacturing of men's and boys' (including unisex) woven dress shirts
Census_ASM_PxI,2004575000,BEA_2017_Code,315000,,"NAICS_2007_Code; weight 1.000; Manufacturing of men's and boys' (including unisex) separate dress and sport trousers, pants, and slacks (excluding jeans, jean-cut casual slacks, workpants, and sweatpants)"
Census_ASM_PxI,2004600000,BEA_2017_Code,315000,,NAICS_2007_Code; weight 1.000; Manufacturing of men's and boys' (including unisex) work shirts
Census_ASM_PxI,2004625000,BEA_2017_Code,315000,,"NAICS_2007_Code; weight 1.000; Manufacturing of men's and boys' (including unisex) workpants (excluding jeans), work jackets, coveralls, overalls, jumpsuits, and washable service apparel, including hospital patient wear (excluding disposable)"
Census_ASM_PxI,2004650000,BEA_2017_Code,315000,,NAICS_2007_Code; weight 1.000; Manufacturing of men's and boys' (including unisex) team sport uniforms
Census_ASM_PxI,2004675000,BEA_2017_Code,315000,,"NAICS_2007_Code; weight 1.000; Manufacturing of men's and boys' (including unisex) sports and leisure wear (shorts, sweatpants, jogging and warm-up suits, sweatshirts, polo shirts, tank tops, t-shirts, jeans, jean-cut casual slacks, swimwear, woven sports/casual shirts) (excluding screen printing only on purchased garments)"
Census_ASM_PxI,2004675003,BEA_2017_Code,315000,,"NAICS_2007_Code; weight 1.000; Manufacturing of men's and boys' (including unisex) knit sport shirts (including polo shirts, tank tops, sweatshirts, and t-shirts) (excluding screen printing only on purchased garments)"
Census_ASM_PxI,2004675009,BEA_2017_Code,315000,,NAICS_2007_Code; weight 1.000; Manufacturing of men's and boys' (including unisex) woven sport shirts (excluding screen printing only on purchased garments)
Census_ASM_PxI,2004675012,BEA_2017_Code,315000,,"NAICS_2007_Code; weight 1.000; Manufacturing of men's and boys' (including unisex) sweatpants, jogging and warm-up suits, playsuits, beachwear (excluding swimsuits), and ski apparel"
Census_ASM_PxI,2004675015,BEA_2017_Code,315000,,NAICS_2007_Code; weight 1.000; Manufacturing of men's and boys' (including unisex) jeans and jean-cut casual slacks
Census_ASM_PxI,2004675018,BEA_2017_Code,315000,,NAICS_2007_Code; weight 1.000; Manufacturing of men's and boys' (including unisex) shorts (including dress and athletic) and swimwear
Census_ASM_PxI,2004700000,BEA_2017_Code,315000,,NAICS_2007_Code; weight 1.000; Manufacturing of men's and boys' (including unisex) sweaters and sweater vests
Census_ASM_PxI,2004725000,BEA_2017_Code,315000,,"NAICS_2007_Code; weight 1.000; Manufacturing of men's and boys' (including unisex) underwear, nightwear, and robes (including thermal, undershirts, undershorts and briefs, and woven boxer shorts)"
Census_ASM_PxI,2004750000,BEA_2017_Code,315000,,NAICS_2007_Code; weight 1.000; Manufacturing of men's and boys' (including unisex) leather and sheep-lined apparel
Census_ASM_PxI,2004775000,BEA_2017_Code,315000,,NAICS_2007_Code; weight 1.000; Manufacturing of women's and girls' dresses
Census_ASM_PxI,2004800000,BEA_2017_Code,315000,,"NAICS_2007_Code; weight 1.000; Manufacturing of women's and girls' tailored coats and capes (including water-repellent) and tailored jackets and vests (excluding fur, leather, down- and feather-filled, and sheep-lined)"
Census_ASM_PxI,2004825000,BEA_2017_Code,315000,,"NAICS_2007_Code; weight 1.000; Manufacturing of women's and girls' nontailored coats, jackets, and vests (including water-repellent, down- and feather-filled, and ski apparel) (excluding fur, leather, and sheep-lined)"
Census_ASM_PxI,2004850000,BEA_2017_Code,315000,,NAICS_2007_Code; weight 1.000; Manufacturing of women's and girls' sweaters and sweater vests
Census_ASM_PxI,2004875000,BEA_2017_Code,315000,,"NAICS_2007_Code; weight 1.000; Manufacturing of women's and girls' knit shirts and blouses (including polo, tank tops, sweatshirts, and t-shirts) (excluding screen printing only on purchased garments)"
Census_ASM_PxI,2004900000,BEA_2017_Code,315000,,NAICS_2007_Code; weight 1.000; Manufacturing of women's and girls' woven shirts and blouses (excluding screen printing only on purchased garments)
Census_ASM_PxI,2004925000,BEA_2017_Code,315000,,NAICS_2007_Code; weight 1.000; Manufacturing of women's and girls' skirts (excluding tennis skirts)
Census_ASM_PxI,2004950000,BEA_2017_Code,315000,,"NAICS_2007_Code; weight 1.000; Manufacturing of women's and girls' washable service apparel (including hospital patient wear (excluding disposable), coveralls, overalls, and jumpsuits)"
Census_ASM_PxI,2004975000,BEA_2017_Code,315000,,"NAICS_2007_Code; weight 1.000; Manufacturing of women's and girls' underwear (including slips and teddies); foundation garments such as corsets (excluding surgical), girdles, and combinations; and brassieres, bra-lettes, and bandeaux"
Census_ASM_PxI,2005000000,BEA_2017_Code,315000,,"NAICS_2007_Code; weight 1.000; Manufacturing of women's and girls' nightwear (including pajamas, gowns, peignoir and robe sets with nightgown or pajamas, robes, and dressing gowns)"
Census_ASM_PxI,2005025000,BEA_2017_Code,315000,,NAICS_2007_Code; weight 1.000; Manufacturing of women's and girls' team sport uniforms
Census_ASM_PxI,2005050000,BEA_2017_Code,315000,,NAICS_2007_Code; weight 1.000; Manufacturing of women's and girls' swimwear
Census_ASM_PxI,2005075000,BEA_2017_Code,315000,,"NAICS_2007_Code; weight 1.000; Manufacturing of women's and girls' leisurewear (shorts, tennis skirts, sweatpants, jogging and warm-up suits, jeans, jean-cut casual slacks, slacks, bodysuits and bodyshirts, and beachwear (excluding swimwear))"
Census_ASM_PxI,2005100000,BEA_2017_Code,315000,,NAICS_2007_Code; weight 1.000; Manufacturing of all other women's and girls' apparel
Census_ASM_PxI,2005100003,BEA_2017_Code,315000,,"NAICS_2007_Code; weight 1.000; Manufacturing of women's and girls' plastic or rubber (50 percent or greater) apparel, including raincoats and rubber pants (excluding wet suits)"
Census_ASM_PxI,2005100006,BEA_2017_Code,315000,,"NAICS_2007_Code; weight 1.000; Manufacturing of women's, girls', and infants' leather and sheep-lined apparel"
Census_ASM_PxI,2005100009,BEA_2017_Code,315000,,"NAICS_2007_Code; weight 1.000; Manufacturing of women's and girls' tailored suits and pantsuits, including dress uniforms (firefighter, military, police, etc)"
Census_ASM_PxI,2005125000,BEA_2017_Code,315000,,"NAICS_2007_Code; weight 1.000; Manufacturing of infants' clothing (excluding leather, sheep-lined, and fur clothing and excluding screen printing only on purchased garments for infants)"
Census_ASM_PxI,2005150000,BEA_2017_Code,315000,,"NAICS_2007_Code; weight 1.000; Manufacturing of costumes, vestments, and academic caps and gowns"
Census_ASM_PxI,2005150003,BEA_2017_Code,315000,,"NAICS_2007_Code; weight 1.000; Manufacturing of costumes, including theatrical and dancewear"
Census_ASM_PxI,2005150006,BEA_2017_Code,315000,,"NAICS_2007_Code; weight 1.000; Manufacturing of academic caps and gowns and vestments (including judicial, burial, choir, fraternal, and ecclesiastical)"
Census_ASM_PxI,2005175000,BEA_2017_Code,315000,,"NAICS_2007_Code; weight 1.000; Manufacturing of fur apparel, accessories, and trimmings (coats, capes, jackets, neck pieces, fur linings, etc.)"
Census_ASM_PxI,2005200000,BEA_2017_Code,313300,,NAICS_2007_Code; weight 0.333; Manufacturing of men's and boys' hosiery and socks
Census_ASM_PxI,2005200000,BEA_2017_Code,315000,,NAICS_2007_Code; weight 0.667; Manufacturing of men's and boys' hosiery and socks
Census_ASM_PxI,2005225000,BEA_2017_Code,313300,,NAICS_2007_Code; weight 0.250; Manufacturing of women's and girls' hosiery and socks
Census_ASM_PxI,2005225000,BEA_2017_Code,315000,,NAICS_2007_Code; weight 0.750; Manufacturing of women's and girls' hosiery and socks
Census_ASM_PxI,2005250000,BEA_2017_Code,316000,,"NAICS_2007_Code; weight 1.000; Manufacturing of rubber and plastics footwear (including rubber or plastic soles molded or cemented to rubber, plastic, or fabric uppers), excluding infants'"
Census_ASM_PxI,2005275000,BEA_2017_Code,316000,,"NAICS_2007_Code; weight 1.000; Manufacturing of men's footwear (size 6 and larger), excluding athletic"
Census_ASM_PxI,2005300000,BEA_2017_Code,316000,,"NAICS_2007_Code; weight 1.000; Manufacturing of women's footwear (size 4 and larger), excluding athletic"
Census_ASM_PxI,2005325000,BEA_2017_Code,316000,,NAICS_2007_Code; weight 1.000; Manufacturing of infants' footwear
Census_ASM_PxI,2005325003,BEA_2017_Code,316000,,"NAICS_2007_Code; weight 1.000; Manufacturing of rubber and plastics footwear, infants' (including rubber or plastic soles molded or cemented to rubber, plastic, or fabric uppers)"
Census_ASM_PxI,2005325006,BEA_2017_Code,316000,,"NAICS_2007_Code; weight 1.000; Manufacturing of other footwear, infants' (including athletic and slippers), excluding rubber- and plastic-soled footwear"
Census_ASM_PxI,2005350000,BEA_2017_Code,316000,,"NAICS_2007_Code; weight 1.000; Manufacturing of other footwear (including house slippers and slipper socks), excluding infants' and rubber- and plastic-soled footwear"
Census_ASM_PxI,2005375000,BEA_2017_Code,325610,,NAICS_2012_Code; weight 1.000; Manufacturing of shoe polishes and cleaners
Census_ASM_PxI,2005400000,BEA_2017_Code,315000,,"NAICS_2007_Code; weight 1.000; Manufacturing of hats, caps, and millinery"
Census_ASM_PxI,2005425000,BEA_2017_Code,315000,,NAICS_2007_Code; weight 1.000; Manufacturing of gloves and mittens
Census_ASM_PxI,2005425003,BEA_2017_Code,315000,,"NAICS_2007_Code; weight 1.000; Manufacturing of gloves and mittens, all fabric or leather-and-fabric combinations"
Census_ASM_PxI,2005425006,BEA_2017_Code,315000,,"NAICS_2007_Code; weight 1.000; Manufacturing of gloves and mittens, all leather"
Census_ASM_PxI,2005450000,BEA_2017_Code,315000,,NAICS_2007_Code; weight 1.000; Manufacturing of neckwear
Census_ASM_PxI,2005475000,BEA_2017_Code,315000,,NAICS_2007_Code; weight 1.000; Manufacturing of belts
Census_ASM_PxI,2005475003,BEA_2017_Code,315000,,NAICS_2007_Code; weight 1.000; Manufacturing of women's and girls' leather belts
Census_ASM_PxI,2005475006,BEA_2017_Code,315000,,NAICS_2007_Code; weight 1.000; Manufacturing of men's and boys' leather belts
Census_ASM_PxI,2005475009,BEA_2017_Code,315000,,"NAICS_2007_Code; weight 1.000; Manufacturing of women's and girls' belts, excluding leather"
Census_ASM_PxI,2005475012,BEA_2017_Code,315000,,"NAICS_2007_Code; weight 1.000; Manufacturing of men's and boys' belts, excluding leather"
Census_ASM_PxI,2005500000,BEA_2017_Code,315000,,"NAICS_2007_Code; weight 1.000; Manufacturing of apparel accessories (including aprons, bibs, rainhats, and shower and bathing caps), plastic or rubber (50 percent or greater)"
Census_ASM_PxI,2005525000,BEA_2017_Code,315000,,"NAICS_2007_Code; weight 1.000; Manufacturing of hose supporters, arm bands, suspenders, and handkerchiefs"
Census_ASM_PxI,2005550000,BEA_2017_Code,316000,,NAICS_2012_Code; weight 1.000; Manufacturing of leather and leather-like personal goods (including women's and children's handbags and purses)
Census_ASM_PxI,2005575000,BEA_2017_Code,33451A,,NAICS_2007_Code; weight 1.000; Manufacturing of watches (excluding watch bands and batteries)
Census_ASM_PxI,2005600000,BEA_2017_Code,339910,,"NAICS_2007_Code; weight 1.000; Manufacturing of jewelry and personal goods (excluding costume), gold and platinum (excluding gold and platinum clad or plated to silver and nonprecious metals)"
Census_ASM_PxI,2005625000,BEA_2017_Code,339910,,"NAICS_2007_Code; weight 1.000; Manufacturing of jewelry and personal goods (excluding costume), all other precious metals and types, including silver and silver-clad jewelry; jewelry made of precious stones, semi-precious stones, or pearls; and stamped metal coins"
Census_ASM_PxI,2005650000,BEA_2017_Code,339910,,NAICS_2007_Code; weight 1.000; Manufacturing of costume jewelry
Census_ASM_PxI,2005675000,BEA_2017_Code,337121,,"NAICS_2012_Code; weight 1.000; Manufacturing of upholstered indoor home davenports, sofas, loveseats, and settees (excluding chairs sold as part of suites and sectional sofa pieces), excluding custom-made"
Census_ASM_PxI,2005700000,BEA_2017_Code,337121,,"NAICS_2012_Code; weight 1.000; Manufacturing of upholstered indoor home sectional sofa pieces, including pieces seating one person (excluding stock line dual-purpose sleep furniture), excluding custom-made"
Census_ASM_PxI,2005725000,BEA_2017_Code,337121,,"NAICS_2012_Code; weight 1.000; Manufacturing of upholstered indoor home rocking chairs, including swivel rockers, excluding custom-made"
Census_ASM_PxI,2005750000,BEA_2017_Code,337121,,"NAICS_2012_Code; weight 1.000; Manufacturing of upholstered indoor home reclining chairs, excluding custom-made"
Census_ASM_PxI,2005775000,BEA_2017_Code,337121,,"NAICS_2012_Code; weight 1.000; Manufacturing of upholstered indoor home furniture, other types (excluding stock line dual-purpose sleep furniture), including custom-made"
Census_ASM_PxI,2005800000,BEA_2017_Code,337121,,"NAICS_2012_Code; weight 1.000; Manufacturing of dual-purpose sleep furniture (including convertible sofas, jackknife sofa and chair beds, studio couches, and futons shipped with frames), excluding custom-made"
Census_ASM_PxI,2005825000,BEA_2017_Code,337122,,"NAICS_2012_Code; weight 1.000; Manufacturing of nonupholstered wood den, library, family and living room furniture, excluding custom-made"
Census_ASM_PxI,2005850000,BEA_2017_Code,337122,,"NAICS_2012_Code; weight 1.000; Manufacturing of nonupholstered wood dining room and kitchen furniture (excluding kitchen cabinets), excluding custom-made"
Census_ASM_PxI,2005875000,BEA_2017_Code,337122,,"NAICS_2012_Code; weight 1.000; Manufacturing of nonupholstered wood bedroom furniture, excluding custom-made"
Census_ASM_PxI,2005900000,BEA_2017_Code,337122,,"NAICS_2012_Code; weight 1.000; Manufacturing of nonupholstered wood infants' and children's furniture, excluding custom-made"
Census_ASM_PxI,2005925000,BEA_2017_Code,337122,,"NAICS_2012_Code; weight 1.000; Manufacturing of nonupholstered wood household furniture, other types (including unpainted and ready-to-assemble), excluding outdoor and custom-made"
Census_ASM_PxI,2005950000,BEA_2017_Code,337122,,"NAICS_2012_Code; weight 1.000; Manufacturing of nonupholstered wood household furniture (excluding kitchen cabinets, bathroom vanities, and related cabinetwork), custom-made"
Census_ASM_PxI,2005975000,BEA_2017_Code,33712N,,"NAICS_2012_Code; weight 1.000; Manufacturing of  metal indoor household furniture, dining room and kitchen, including padded and plain seating, tables, cabinets, and carts"
Census_ASM_PxI,2006025000,BEA_2017_Code,33712N,,"NAICS_2012_Code; weight 1.000; Manufacturing of metal indoor household furniture, beds (including army, folding, and rollable cots, and bed frames), nonupholstered"
Census_ASM_PxI,2006050000,BEA_2017_Code,33712N,,"NAICS_2012_Code; weight 1.000; Metal household furniture, other types, nonupholstered"
Census_ASM_PxI,2006050003,BEA_2017_Code,33712N,,"NAICS_2012_Code; weight 1.000; Manufacturing of metal indoor household furniture, infants' and children's (including chairs, car seats, playpens, play yards, portable cribs, and tables), nonupholstered"
Census_ASM_PxI,2006050006,BEA_2017_Code,33712N,,"NAICS_2012_Code; weight 1.000; Manufacturing of metal indoor household furniture, other types, including medicine cabinets and folding trays, nonupholstered"
Census_ASM_PxI,2006075000,BEA_2017_Code,33712N,,"NAICS_2012_Code; weight 1.000; Manufacturing of indoor household cabinets, including audio and television (excluding cabinets used as housings), plastics"
Census_ASM_PxI,2006100000,BEA_2017_Code,33712N,,"NAICS_2012_Code; weight 1.000; Manufacturing of indoor household furniture (rattan, reed, wicker, and willow), nonupholstered, including seating and laundry hampers"
Census_ASM_PxI,2006125000,BEA_2017_Code,33712N,,"NAICS_2012_Code; weight 1.000; Manufacturing of indoor household furniture, nonupholstered, other types, including infant car seats (excluding wood and metal), and outdoor plastics and rubber furniture"
Census_ASM_PxI,2006150000,BEA_2017_Code,337122,,NAICS_2012_Code; weight 0.500; Manufacturing of wood and metal outdoor furniture
Census_ASM_PxI,2006150000,BEA_2017_Code,33712N,,NAICS_2012_Code; weight 0.500; Manufacturing of wood and metal outdoor furniture
Census_ASM_PxI,2006150003,BEA_2017_Code,337122,,"NAICS_2012_Code; weight 1.000; Manufacturing of nonupholstered wood furniture, outdoor, excluding custom-made"
Census_ASM_PxI,2006150006,BEA_2017_Code,33712N,,"NAICS_2012_Code; weight 1.000; Manufacturing of metal household furniture, outdoor and casual (including beach, lawn, garden, and porch), nonupholstered, assembled and ready-to-assemble"
Census_ASM_PxI,2006175000,BEA_2017_Code,337900,,"NAICS_2012_Code; weight 1.000; Manufacturing of mattresses, innerspring (including polyurethane, rubber topper pads, and mattresses sold as part of hollywood beds), excluding crib-size"
Census_ASM_PxI,2006200000,BEA_2017_Code,337900,,"NAICS_2012_Code; weight 1.000; Manufacturing of foundations, excluding innerspring units and foundations incorporated into hybrid-type flotation sleep ensembles and electric adjustable sleep ensembles"
Census_ASM_PxI,2006225000,BEA_2017_Code,337900,,"NAICS_2012_Code; weight 1.000; Manufacturing of sleep system ensembles and mattresses, excluding conventional waterbeds"
Census_ASM_PxI,2006250000,BEA_2017_Code,337900,,"NAICS_2012_Code; weight 1.000; Manufacturing of mattresses, other types"
Census_ASM_PxI,2006275000,BEA_2017_Code,326190,,NAICS_2012_Code; weight 0.500; Manufacturing of air mattresses
Census_ASM_PxI,2006275000,BEA_2017_Code,326290,,NAICS_2012_Code; weight 0.500; Manufacturing of air mattresses
Census_ASM_PxI,2006300000,BEA_2017_Code,314120,,"NAICS_2007_Code; weight 1.000; Manufacturing of curtains (including window) and draperies, woven and custom, all lengths, all fabrics (including glass), including knit and lace curtains"
Census_ASM_PxI,2006325000,BEA_2017_Code,337900,,"NAICS_2012_Code; weight 1.000; Manufacturing of window shades, including accessories and rollers"
Census_ASM_PxI,2006350000,BEA_2017_Code,337900,,"NAICS_2012_Code; weight 1.000; Manufacturing of venetian blinds, including components and parts"
Census_ASM_PxI,2006375000,BEA_2017_Code,337900,,"NAICS_2012_Code; weight 1.000; Manufacturing of blinds and shades, all other types, excluding awnings"
Census_ASM_PxI,2006400000,BEA_2017_Code,337900,,"NAICS_2012_Code; weight 1.000; Manufacturing of curtain and drapery fixtures, poles, and rods (excluding window shade accessories and rollers)"
Census_ASM_PxI,2006425000,BEA_2017_Code,313200,,NAICS_2012_Code; weight 0.667; Manufacturing of towels and washcloths
Census_ASM_PxI,2006425000,BEA_2017_Code,314120,,NAICS_2007_Code; weight 0.333; Manufacturing of towels and washcloths
Census_ASM_PxI,2006450000,BEA_2017_Code,313200,,"NAICS_2012_Code; weight 0.500; Manufacturing of shower bath curtains, including plastics (unsupported film), coated fabrics, and all other types of materials"
Census_ASM_PxI,2006450000,BEA_2017_Code,314120,,"NAICS_2007_Code; weight 0.500; Manufacturing of shower bath curtains, including plastics (unsupported film), coated fabrics, and all other types of materials"
Census_ASM_PxI,2006475000,BEA_2017_Code,313200,,NAICS_2012_Code; weight 0.500; Manufacturing of bedspreads
Census_ASM_PxI,2006475000,BEA_2017_Code,314120,,NAICS_2007_Code; weight 0.500; Manufacturing of bedspreads
Census_ASM_PxI,2006500000,BEA_2017_Code,313200,,NAICS_2012_Code; weight 0.500; Manufacturing of sheets and pillowcases
Census_ASM_PxI,2006500000,BEA_2017_Code,314120,,NAICS_2007_Code; weight 0.500; Manufacturing of sheets and pillowcases
Census_ASM_PxI,2006525000,BEA_2017_Code,313200,,"NAICS_2012_Code; weight 0.500; Manufacturing of comforters and quilts, including down filled"
Census_ASM_PxI,2006525000,BEA_2017_Code,314120,,"NAICS_2007_Code; weight 0.500; Manufacturing of comforters and quilts, including down filled"
Census_ASM_PxI,2006550000,BEA_2017_Code,313200,,NAICS_2012_Code; weight 0.667; Manufacturing of blankets
Census_ASM_PxI,2006550000,BEA_2017_Code,314120,,NAICS_2007_Code; weight 0.333; Manufacturing of blankets
Census_ASM_PxI,2006575000,BEA_2017_Code,313200,,"NAICS_2012_Code; weight 0.500; Manufacturing of mattress protectors, including covers, quilted, wholly or chiefly cotton and all other fabrics"
Census_ASM_PxI,2006575000,BEA_2017_Code,314120,,"NAICS_2007_Code; weight 0.500; Manufacturing of mattress protectors, including covers, quilted, wholly or chiefly cotton and all other fabrics"
Census_ASM_PxI,2006600000,BEA_2017_Code,313200,,"NAICS_2012_Code; weight 0.500; Manufacturing of table linen (tablecloths, napkins, placemats, placemat sets, etc.), including knitted, crocheted, and plastics"
Census_ASM_PxI,2006600000,BEA_2017_Code,314120,,"NAICS_2007_Code; weight 0.500; Manufacturing of table linen (tablecloths, napkins, placemats, placemat sets, etc.), including knitted, crocheted, and plastics"
Census_ASM_PxI,2006625000,BEA_2017_Code,313200,,NAICS_2012_Code; weight 0.500; Manufacturing of pillows and cushions
Census_ASM_PxI,2006625000,BEA_2017_Code,314120,,NAICS_2007_Code; weight 0.500; Manufacturing of pillows and cushions
Census_ASM_PxI,2006625003,BEA_2017_Code,314120,,"NAICS_2007_Code; weight 1.000; Manufacturing of pillows and cushions, fancy, foam rubber and other materials"
Census_ASM_PxI,2006625006,BEA_2017_Code,314120,,"NAICS_2007_Code; weight 1.000; Manufacturing of pillows, bed, manmade fiber-filled and other materials, including foam"
Census_ASM_PxI,2006625009,BEA_2017_Code,313200,,"NAICS_2012_Code; weight 0.500; Manufacturing of pillows and cushions, all other types (excluding bed and fancy), foam rubber and other materials"
Census_ASM_PxI,2006625009,BEA_2017_Code,314120,,"NAICS_2007_Code; weight 0.500; Manufacturing of pillows and cushions, all other types (excluding bed and fancy), foam rubber and other materials"
Census_ASM_PxI,2006650000,BEA_2017_Code,313200,,"NAICS_2012_Code; weight 0.500; Manufacturing of slipcovers, including furniture and nonquilted mattress covers, fabrics, plastics, other materials (excluding paper), other types (including custom)"
Census_ASM_PxI,2006650000,BEA_2017_Code,314120,,"NAICS_2007_Code; weight 0.500; Manufacturing of slipcovers, including furniture and nonquilted mattress covers, fabrics, plastics, other materials (excluding paper), other types (including custom)"
Census_ASM_PxI,2006675000,BEA_2017_Code,313200,,"NAICS_2012_Code; weight 0.500; Manufacturing of quilted household products, excluding bed quilts"
Census_ASM_PxI,2006675000,BEA_2017_Code,314120,,"NAICS_2007_Code; weight 0.500; Manufacturing of quilted household products, excluding bed quilts"
Census_ASM_PxI,2006700000,BEA_2017_Code,313200,,"NAICS_2012_Code; weight 0.667; Manufacturing of all other household textile products, excluding floor coverings and window treatments"
Census_ASM_PxI,2006700000,BEA_2017_Code,314120,,"NAICS_2007_Code; weight 0.333; Manufacturing of all other household textile products, excluding floor coverings and window treatments"
Census_ASM_PxI,2006725000,BEA_2017_Code,326190,,"NAICS_2012_Code; weight 0.500; Manufacturing of household-type portable lighting fixtures, including parts and accessories"
Census_ASM_PxI,2006725000,BEA_2017_Code,335120,,"NAICS_2012_Code; weight 0.500; Manufacturing of household-type portable lighting fixtures, including parts and accessories"
Census_ASM_PxI,2006725003,BEA_2017_Code,335120,,"NAICS_2012_Code; weight 1.000; Manufacturing of residential-type portable lighting fixtures, including parts and accessories"
Census_ASM_PxI,2006725006,BEA_2017_Code,326190,,NAICS_2012_Code; weight 1.000; Manufacturing of plastics lamp shades
Census_ASM_PxI,2006750000,BEA_2017_Code,339990,,"NAICS_2012_Code; weight 1.000; Manufacturing of candles, including tapers"
Census_ASM_PxI,2006775000,BEA_2017_Code,3219A0,,NAICS_2012_Code; weight 0.333; Manufacturing of statuary and related art goods
Census_ASM_PxI,2006775000,BEA_2017_Code,327100,,NAICS_2007_Code; weight 0.333; Manufacturing of statuary and related art goods
Census_ASM_PxI,2006775000,BEA_2017_Code,327400,,NAICS_2012_Code; weight 0.333; Manufacturing of statuary and related art goods
Census_ASM_PxI,2006775003,BEA_2017_Code,3219A0,,"NAICS_2012_Code; weight 1.000; Manufacturing of wood statuettes and other ornaments, including ashtrays, bookends, plaques, and trophies"
Census_ASM_PxI,2006775006,BEA_2017_Code,327100,,NAICS_2007_Code; weight 1.000; Manufacturing of clay statuary and art goods
Census_ASM_PxI,2006775009,BEA_2017_Code,327400,,NAICS_2012_Code; weight 1.000; Manufacturing of gypsum statuary and art goods
Census_ASM_PxI,2006800000,BEA_2017_Code,327100,,"NAICS_2007_Code; weight 1.000; Manufacturing of china and porcelain art, decorative, and novelty potteryware, including earthenware and stoneware"
Census_ASM_PxI,2006825000,BEA_2017_Code,327100,,"NAICS_2007_Code; weight 1.000; Manufacturing of red unglazed earthenware (flowerpots, etc.)"
Census_ASM_PxI,2006850000,BEA_2017_Code,326190,,"NAICS_2012_Code; weight 1.000; Manufacturing of plastics decorative flowerpots, flower boxes, planters, and accessories (excluding foam and wire coated)"
Census_ASM_PxI,2006875000,BEA_2017_Code,3219A0,,"NAICS_2012_Code; weight 1.000; Manufacturing of bamboo, rattan, willow, and chip basketwork, wickerwork, and related products of fibrous vegetable substances, excluding furniture and laundry hampers"
Census_ASM_PxI,2006900000,BEA_2017_Code,339990,,"NAICS_2012_Code; weight 1.000; Manufacturing of mirror and picture frames, wood"
Census_ASM_PxI,2006925000,BEA_2017_Code,339990,,"NAICS_2012_Code; weight 1.000; Manufacturing of framed pictures, wood"
Census_ASM_PxI,2006950000,BEA_2017_Code,339990,,"NAICS_2012_Code; weight 1.000; Manufacturing of other mirror and picture frames, including framed pictures"
Census_ASM_PxI,2006975000,BEA_2017_Code,327200,,"NAICS_2012_Code; weight 1.000; Manufacturing of unframed and framed mirrors (decorated and undecorated), excluding automotive"
Census_ASM_PxI,2007000000,BEA_2017_Code,339990,,"NAICS_2012_Code; weight 1.000; Manufacturing of artificial trees, flowers, fruits, and wreaths, including feathers and plumes"
Census_ASM_PxI,2007025000,BEA_2017_Code,339990,,"NAICS_2012_Code; weight 1.000; Manufacturing of Christmas tree ornaments and decorations, excluding glass and electric"
Census_ASM_PxI,2007050000,BEA_2017_Code,339990,,"NAICS_2012_Code; weight 1.000; Manufacturing of potpourri, including potpourri made from dried and chemically preserved flowers, foliage, fruits, and vines"
Census_ASM_PxI,2007075000,BEA_2017_Code,314900,,NAICS_2007_Code; weight 0.250; Manufacturing of other household furnishings
Census_ASM_PxI,2007075000,BEA_2017_Code,326190,,NAICS_2012_Code; weight 0.250; Manufacturing of other household furnishings
Census_ASM_PxI,2007075000,BEA_2017_Code,332999,,NAICS_2012_Code; weight 0.250; Manufacturing of other household furnishings
Census_ASM_PxI,2007075000,BEA_2017_Code,33451A,,NAICS_2007_Code; weight 0.250; Manufacturing of other household furnishings
Census_ASM_PxI,2007075003,BEA_2017_Code,326190,,"NAICS_2012_Code; weight 1.000; Manufacturing of plastics bathware (shower and bath caddies, shower and bathmats, tissue holders, toothbrush holders, toilet bowl brushes, etc.) (excluding foam and wire coated)"
Census_ASM_PxI,2007075006,BEA_2017_Code,326190,,"NAICS_2012_Code; weight 1.000; Manufacturing of plastics organizers and holders for closets, drawers, and shelves (paper towel holders, dust mop and broom holders, etc.) (excluding foam and wire coated)"
Census_ASM_PxI,2007075009,BEA_2017_Code,332999,,"NAICS_2012_Code; weight 1.000; Manufacturing of fireplace fixtures and equipment (including irons, screens, tongs, and other fire tools)"
Census_ASM_PxI,2007075012,BEA_2017_Code,33451A,,"NAICS_2007_Code; weight 1.000; Manufacturing of alarm clocks, household clocks, and household timing mechanisms"
Census_ASM_PxI,2007075015,BEA_2017_Code,33451A,,"NAICS_2007_Code; weight 1.000; Manufacturing of other complete clocks, excluding alarm clocks"
Census_ASM_PxI,2007075018,BEA_2017_Code,314900,,NAICS_2007_Code; weight 1.000; Manufacturing of canvas awnings
Census_ASM_PxI,2007100000,BEA_2017_Code,335220,,"NAICS_2012_Code; weight 1.000; Manufacturing of electric (including microwave) household ranges, ovens, surface cooking units, and equipment, excluding parts and accessories"
Census_ASM_PxI,2007100003,BEA_2017_Code,335220,,"NAICS_2012_Code; weight 1.000; Manufacturing of free-standing electric ranges (all household types, including apartment-house-type)"
Census_ASM_PxI,2007100006,BEA_2017_Code,335220,,"NAICS_2012_Code; weight 1.000; Manufacturing of built-in electric ranges (including single oven, two ovens, and surface cook tops)"
Census_ASM_PxI,2007100009,BEA_2017_Code,335220,,"NAICS_2012_Code; weight 1.000; Manufacturing of microwave ranges and ovens (including combination microwave and electric ranges, ovens utilizing microwave and electrothermal energy in oven cavities, countertop, built-in, wall- or cabinet-hung ovens)"
Census_ASM_PxI,2007100012,BEA_2017_Code,335220,,NAICS_2012_Code; weight 1.000; Manufacturing of all other electric and electronic ranges and ovens
Census_ASM_PxI,2007125000,BEA_2017_Code,335220,,"NAICS_2012_Code; weight 1.000; Manufacturing of gas household ranges, ovens, surface cooking units, and equipment, excluding parts and accessories"
Census_ASM_PxI,2007125003,BEA_2017_Code,335220,,"NAICS_2012_Code; weight 1.000; Manufacturing of standard free-standing gas ranges and ovens, built-in installation (including apartment ranges)"
Census_ASM_PxI,2007125006,BEA_2017_Code,335220,,"NAICS_2012_Code; weight 1.000; Manufacturing of surface cooking tops, gas (one or more burners)"
Census_ASM_PxI,2007125009,BEA_2017_Code,335220,,"NAICS_2012_Code; weight 1.000; Manufacturing of nonstandard gas ranges and ovens (including wall hung, slide-in or drop-in)"
Census_ASM_PxI,2007125012,BEA_2017_Code,335220,,"NAICS_2012_Code; weight 1.000; Manufacturing of all other gas household ranges, ovens, hot plates, and surface cook tops"
Census_ASM_PxI,2007150000,BEA_2017_Code,335220,,"NAICS_2012_Code; weight 1.000; Manufacturing of household refrigerators, including combination refrigerator-freezers"
Census_ASM_PxI,2007175000,BEA_2017_Code,335220,,"NAICS_2012_Code; weight 1.000; Manufacturing of household food freezers, complete units"
Census_ASM_PxI,2007200000,BEA_2017_Code,335220,,"NAICS_2012_Code; weight 1.000; Manufacturing of household laundry machines, including both coin- and non-coin operated washing machines, dryers, and combinations"
Census_ASM_PxI,2007200003,BEA_2017_Code,335220,,"NAICS_2012_Code; weight 1.000; Manufacturing of household washing machines, mechanical (coin-operated and non-coin operated)"
Census_ASM_PxI,2007200006,BEA_2017_Code,335220,,"NAICS_2012_Code; weight 1.000; Manufacturing of household dryers, mechanical (incorporating heat), gas (non-coin operated)"
Census_ASM_PxI,2007200009,BEA_2017_Code,335220,,"NAICS_2012_Code; weight 1.000; Manufacturing of household dryers, mechanical (incorporating heat), electric (non-coin operated)"
Census_ASM_PxI,2007200012,BEA_2017_Code,335220,,"NAICS_2012_Code; weight 1.000; Manufacturing of household dryers, mechanical (incorporating heat), gas and electric (coin-operated)"
Census_ASM_PxI,2007225000,BEA_2017_Code,335220,,"NAICS_2012_Code; weight 1.000; Manufacturing of dishwashers and other miscellaneous major household appliances (including food waste disposers and trash compactors, etc.)"
Census_ASM_PxI,2007225003,BEA_2017_Code,335220,,NAICS_2012_Code; weight 1.000; Manufacturing of food waste disposers
Census_ASM_PxI,2007225006,BEA_2017_Code,335220,,NAICS_2012_Code; weight 1.000; Manufacturing of household dishwashing machines
Census_ASM_PxI,2007250000,BEA_2017_Code,335210,,"NAICS_2007_Code; weight 1.000; Manufacturing of household vacuum cleaners, and floor waxing and floor polishing machines, excluding central vacuum systems"
Census_ASM_PxI,2007275000,BEA_2017_Code,335210,,"NAICS_2007_Code; weight 1.000; Manufacturing of attachments and cleaning tools for household vacuum cleaners, including central system attachments"
Census_ASM_PxI,2007300000,BEA_2017_Code,335210,,"NAICS_2007_Code; weight 1.000; Manufacturing of electric fans, excluding industrial-type"
Census_ASM_PxI,2007325000,BEA_2017_Code,333415,,"NAICS_2012_Code; weight 1.000; Manufacturing of room air conditioners and dehumidifiers, excluding portable dehumidifiers"
Census_ASM_PxI,2007350000,BEA_2017_Code,335210,,"NAICS_2007_Code; weight 1.000; Manufacturing of small electric household appliances, not elsewhere classified, excluding fans and wall and baseboard heating units for permanent installation (including electric personal care appliances, electric toothbrushes, portable hair dryers, electric razors, and curling irons)"
Census_ASM_PxI,2007350003,BEA_2017_Code,335210,,"NAICS_2007_Code; weight 1.000; Manufacturing of small electrothermal appliances, including broilers, coffee makers, deep fryers, waffle irons, griddles, skillets, air space heaters, portable room heaters, portable humidifiers, vaporizers, etc."
Census_ASM_PxI,2007350006,BEA_2017_Code,335210,,"NAICS_2007_Code; weight 1.000; Manufacturing of small electromechanical appliances, including juicers, ice crushers, coffee grinders, portable air purifiers, dehumidifiers, cordless (can openers, knife sharpeners, toothbrushes, scissors), etc."
Census_ASM_PxI,2007375000,BEA_2017_Code,33329A,,NAICS_2007_Code; weight 1.000; Manufacturing of household sewing machines
Census_ASM_PxI,2007400000,BEA_2017_Code,327100,,"NAICS_2007_Code; weight 1.000; Manufacturing of vitreous china, porcelain, and earthenware (semivitreous) table and kitchenware (including household, hotel, or commercial uses) (including bone and feldspar)"
Census_ASM_PxI,2007425000,BEA_2017_Code,327100,,"NAICS_2007_Code; weight 1.000; Manufacturing of stoneware table and kitchen articles, household and commercial (for serving, cooking, preparing, and storing food and drink)"
Census_ASM_PxI,2007450000,BEA_2017_Code,3219A0,,NAICS_2012_Code; weight 1.000; Manufacturing of wood tableware and kitchenware
Census_ASM_PxI,2007475000,BEA_2017_Code,326190,,"NAICS_2012_Code; weight 1.000; Manufacturing of plastics dinnerware, tableware, kitchenware, and oven-microwave ware (excluding foam and cups)"
Census_ASM_PxI,2007500000,BEA_2017_Code,327200,,"NAICS_2012_Code; weight 1.000; Manufacturing of machine-made pressed and blown table, kitchen, art, and novelty glassware"
Census_ASM_PxI,2007500003,BEA_2017_Code,327200,,NAICS_2012_Code; weight 1.000; Manufacturing of tableware (items in which food and beverages are served but not prepared)
Census_ASM_PxI,2007500006,BEA_2017_Code,327200,,"NAICS_2012_Code; weight 1.000; Manufacturing of cookware, ovenware, and kitchenware (including microwave specialty pieces)"
Census_ASM_PxI,2007500009,BEA_2017_Code,327200,,"NAICS_2012_Code; weight 1.000; Manufacturing of ornamental, decorative, novelty glassware and smokers accessories"
Census_ASM_PxI,2007500012,BEA_2017_Code,327200,,"NAICS_2012_Code; weight 1.000; Manufacturing of other table, kitchen, art, and novelty glassware"
Census_ASM_PxI,2007525000,BEA_2017_Code,327200,,NAICS_2012_Code; weight 1.000; Manufacturing of handmade pressed and blown glassware
Census_ASM_PxI,2007550000,BEA_2017_Code,332200,,"NAICS_2007_Code; weight 1.000; Manufacturing of table flatware and cutlery (knives, forks, spoons etc.) including plated and electroplated, whole metal utensils and carving sets, plated metal, base metal clad (excluding precious)"
Census_ASM_PxI,2007575000,BEA_2017_Code,332200,,"NAICS_2007_Code; weight 1.000; Manufacturing of kitchen cutlery (including knives, forks, cleavers, butchers', and meat packing), excluding carving sets"
Census_ASM_PxI,2007600000,BEA_2017_Code,339910,,NAICS_2007_Code; weight 1.000; Manufacturing of silverware and hollowware made of precious solid or clad metal
Census_ASM_PxI,2007625000,BEA_2017_Code,332999,,"NAICS_2012_Code; weight 0.500; Manufacturing of hollowware, unplated, plated, and electroplated, precious and nonprecious metals, including baby goods, ecclesiastical ware, novelties, toiletware, and trophies"
Census_ASM_PxI,2007625000,BEA_2017_Code,339910,,"NAICS_2007_Code; weight 0.500; Manufacturing of hollowware, unplated, plated, and electroplated, precious and nonprecious metals, including baby goods, ecclesiastical ware, novelties, toiletware, and trophies"
Census_ASM_PxI,2007650000,BEA_2017_Code,332200,,"NAICS_2007_Code; weight 1.000; Manufacturing of top of range household stamped and spun aluminum utensils (items generally used directly on top of source of heat), including pressure cookers"
Census_ASM_PxI,2007675000,BEA_2017_Code,332200,,"NAICS_2007_Code; weight 1.000; Manufacturing of other stamped and spun aluminum cooking and kitchen utensils, including commercial and hospital"
Census_ASM_PxI,2007675003,BEA_2017_Code,332200,,"NAICS_2007_Code; weight 1.000; Manufacturing of household stamped and spun aluminum utensils, cooking and kitchen, excluding top of range"
Census_ASM_PxI,2007675006,BEA_2017_Code,332200,,NAICS_2007_Code; weight 1.000; Manufacturing of camping and outdoor stamped and spun aluminum cooking equipment
Census_ASM_PxI,2007675009,BEA_2017_Code,332200,,NAICS_2007_Code; weight 1.000; Manufacturing of other stamped and spun aluminum cooking and kitchen utensils (including commercial and hospital)
Census_ASM_PxI,2007700000,BEA_2017_Code,332200,,NAICS_2007_Code; weight 1.000; Manufacturing of top of range household stamped and spun stainless steel utensils (items generally used directly on top of source of heat)
Census_ASM_PxI,2007725000,BEA_2017_Code,332200,,"NAICS_2007_Code; weight 1.000; Manufacturing of other stamped and spun cooking and kitchen utensils, excluding aluminum (including copper and vitreous enamel)"
Census_ASM_PxI,2007725003,BEA_2017_Code,332200,,"NAICS_2007_Code; weight 1.000; Manufacturing of other stamped and spun stainless steel cooking and kitchen utensils, excluding aluminum, including commercial, hospital, and outdoor cooking equipment"
Census_ASM_PxI,2007725006,BEA_2017_Code,332200,,"NAICS_2007_Code; weight 1.000; Manufacturing of tinware (including household, commercial, hospital, and outdoor cooking equipment)"
Census_ASM_PxI,2007725009,BEA_2017_Code,332200,,"NAICS_2007_Code; weight 1.000; Manufacturing of stamped and spun cooking and kitchen utensils, excluding aluminum (including copper and vitreous enamel), nec"
Census_ASM_PxI,2007750000,BEA_2017_Code,331520,,NAICS_2012_Code; weight 1.000; Manufacturing of nonelectric cast aluminum pressure cookers (household-type) and nonelectric cast aluminum cooking utensils
Census_ASM_PxI,2007775000,BEA_2017_Code,325610,,NAICS_2012_Code; weight 1.000; Manufacturing of household alkaline dishwashing detergents and hard surface cleaners
Census_ASM_PxI,2007775003,BEA_2017_Code,325610,,NAICS_2012_Code; weight 1.000; Manufacturing of household liquid and dry alkaline automatic dishwashing detergents
Census_ASM_PxI,2007775006,BEA_2017_Code,325610,,"NAICS_2012_Code; weight 1.000; Manufacturing of household liquid and dry alkaline hard surface cleaners, including degreasers, liquid and dry alkaline scouring cleaners."
Census_ASM_PxI,2007800000,BEA_2017_Code,325610,,"NAICS_2012_Code; weight 1.000; Manufacturing of household soaps, excluding specialty cleaners (air/room fresheners, glass window cleaners, automotive windshield cleaners, oven cleaners, disinfectants, rug/upholstery cleaners) and bath, facial, and hand soaps"
Census_ASM_PxI,2007825000,BEA_2017_Code,325610,,NAICS_2012_Code; weight 1.000; Manufacturing of household bleaches (chlorine and nonchlorine)
Census_ASM_PxI,2007850000,BEA_2017_Code,325610,,"NAICS_2012_Code; weight 1.000; Manufacturing of air and room fresheners, household (excluding potpourri)"
Census_ASM_PxI,2007875000,BEA_2017_Code,325610,,NAICS_2012_Code; weight 1.000; Manufacturing of other household specialty cleaning and sanitation products
Census_ASM_PxI,2007875003,BEA_2017_Code,325610,,"NAICS_2012_Code; weight 1.000; Manufacturing of glass window cleaning preparations, excluding automotive windshield washer fluid, household"
Census_ASM_PxI,2007875006,BEA_2017_Code,325610,,NAICS_2012_Code; weight 1.000; Manufacturing of oven cleaners
Census_ASM_PxI,2007875009,BEA_2017_Code,325610,,"NAICS_2012_Code; weight 1.000; Manufacturing of toilet bowl cleaners, household"
Census_ASM_PxI,2007875012,BEA_2017_Code,325610,,NAICS_2012_Code; weight 1.000; Manufacturing of drain pipe solvents
Census_ASM_PxI,2007875015,BEA_2017_Code,325610,,"NAICS_2012_Code; weight 1.000; Manufacturing of bathroom, tub, and tile cleaners"
Census_ASM_PxI,2007875018,BEA_2017_Code,325610,,"NAICS_2012_Code; weight 1.000; Manufacturing of disinfectants, nonagricultural, household"
Census_ASM_PxI,2007875021,BEA_2017_Code,325610,,"NAICS_2012_Code; weight 1.000; Manufacturing of rug and upholstery cleaners, consumer-type preparations"
Census_ASM_PxI,2007875024,BEA_2017_Code,325610,,NAICS_2012_Code; weight 1.000; Manufacturing of household ammonia
Census_ASM_PxI,2007900000,BEA_2017_Code,325610,,"NAICS_2012_Code; weight 1.000; Manufacturing of polishing preparations and related products, household"
Census_ASM_PxI,2007900003,BEA_2017_Code,325610,,"NAICS_2012_Code; weight 1.000; Manufacturing of furniture polish and cleaners, household"
Census_ASM_PxI,2007900006,BEA_2017_Code,325610,,"NAICS_2012_Code; weight 1.000; Manufacturing of floor polish, water emulsion, household"
Census_ASM_PxI,2007900009,BEA_2017_Code,325610,,"NAICS_2012_Code; weight 1.000; Manufacturing of floor polish, liquid (nonemulsion)"
Census_ASM_PxI,2007900012,BEA_2017_Code,325610,,"NAICS_2012_Code; weight 1.000; Manufacturing of floor polish other than liquid form, including paste and cake"
Census_ASM_PxI,2007925000,BEA_2017_Code,325610,,"NAICS_2012_Code; weight 1.000; Manufacturing of household dry laundry detergents, heavy-duty, phosphate-free, and household liquid laundry detergents, light-duty and heavy-duty"
Census_ASM_PxI,2007950000,BEA_2017_Code,325610,,"NAICS_2012_Code; weight 1.000; Manufacturing of dry and liquid laundry fabric softeners and rinses, dryer sheets, and starch preparations, including permanent types"
Census_ASM_PxI,2007975000,BEA_2017_Code,339990,,NAICS_2012_Code; weight 1.000; Manufacturing of brooms
Census_ASM_PxI,2007975003,BEA_2017_Code,339990,,"NAICS_2012_Code; weight 1.000; Manufacturing of brooms, household floor"
Census_ASM_PxI,2007975006,BEA_2017_Code,339990,,"NAICS_2012_Code; weight 1.000; Manufacturing of brooms, other types (hearth, industrial, stable, street, streetsweeping machine, etc.)"
Census_ASM_PxI,2008000000,BEA_2017_Code,339990,,"NAICS_2012_Code; weight 1.000; Manufacturing of mops and dusters, including refills"
Census_ASM_PxI,2008025000,BEA_2017_Code,339990,,"NAICS_2012_Code; weight 1.000; Manufacturing of brushes, maintenance (including dusting, floor, scrub, twisted-in-wire, and window), household"
Census_ASM_PxI,2008050000,BEA_2017_Code,314900,,NAICS_2012_Code; weight 1.000; Manufacturing of fabricated dust rags
Census_ASM_PxI,2008075000,BEA_2017_Code,332999,,NAICS_2012_Code; weight 1.000; Manufacturing of steel wool and metal scouring pads (including pads with soap)
Census_ASM_PxI,2008100000,BEA_2017_Code,326190,,NAICS_2012_Code; weight 1.000; Manufacturing of plastics sponges and scrubbing pads (excluding foam)
Census_ASM_PxI,2008125000,BEA_2017_Code,322120,,"NAICS_2012_Code; weight 0.500; Manufacturing of paper towels, retail packages (rolled, folded, and interfolded)"
Census_ASM_PxI,2008125000,BEA_2017_Code,322291,,"NAICS_2012_Code; weight 0.500; Manufacturing of paper towels, retail packages (rolled, folded, and interfolded)"
Census_ASM_PxI,2008150000,BEA_2017_Code,322120,,"NAICS_2012_Code; weight 0.500; Manufacturing of paper towels, industrial packages (rolled, folded, and interfolded)"
Census_ASM_PxI,2008150000,BEA_2017_Code,322291,,"NAICS_2012_Code; weight 0.500; Manufacturing of paper towels, industrial packages (rolled, folded, and interfolded)"
Census_ASM_PxI,2008175000,BEA_2017_Code,322120,,"NAICS_2012_Code; weight 0.500; Manufacturing of other paper products for cleaning, including paper wipers (excluding nonwoven)"
Census_ASM_PxI,2008175000,BEA_2017_Code,322291,,"NAICS_2012_Code; weight 0.500; Manufacturing of other paper products for cleaning, including paper wipers (excluding nonwoven)"
Census_ASM_PxI,2008200000,BEA_2017_Code,335220,,NAICS_2012_Code; weight 1.000; Manufacturing of outdoor cooking equipment and supplies
Census_ASM_PxI,2008200003,BEA_2017_Code,335220,,"NAICS_2012_Code; weight 1.000; Manufacturing of gas fuel or both gas and other fuel barbecuers, grills, stoves, braziers, etc. for outdoor cooking and other portable cooking"
Census_ASM_PxI,2008200006,BEA_2017_Code,335220,,"NAICS_2012_Code; weight 1.000; Manufacturing of solid fuel (including charcoal, wood, coal, etc.) barbecuers, grills, stoves, braziers, etc. for outdoor cooking and other portable cooking"
Census_ASM_PxI,2008200009,BEA_2017_Code,335220,,NAICS_2012_Code; weight 1.000; Manufacturing of all other outdoor cooking and other portable cooking equipment
Census_ASM_PxI,2008225000,BEA_2017_Code,326220,,NAICS_2012_Code; weight 1.000; Manufacturing of rubber and plastics garden hose (with or without fittings)
Census_ASM_PxI,2008250000,BEA_2017_Code,333112,,"NAICS_2012_Code; weight 1.000; Manufacturing of consumer nonriding lawn, garden, and snow equipment"
Census_ASM_PxI,2008250003,BEA_2017_Code,333112,,"NAICS_2012_Code; weight 1.000; Manufacturing of lawnmowers, push-type, reel (powered and nonpowered) and rotary, gas powered"
Census_ASM_PxI,2008250006,BEA_2017_Code,333112,,"NAICS_2012_Code; weight 1.000; Manufacturing of lawnmowers, rotary, self-propelled, gas-powered"
Census_ASM_PxI,2008250009,BEA_2017_Code,333112,,"NAICS_2012_Code; weight 1.000; Manufacturing of lawnmowers, electric, all types, including battery-powered"
Census_ASM_PxI,2008250012,BEA_2017_Code,333112,,NAICS_2012_Code; weight 1.000; Manufacturing of rotary garden (motor) tillers
Census_ASM_PxI,2008250015,BEA_2017_Code,333112,,"NAICS_2012_Code; weight 1.000; Manufacturing of two-wheel tractors, walking-type (excluding rotary tillers)"
Census_ASM_PxI,2008250018,BEA_2017_Code,333112,,"NAICS_2012_Code; weight 1.000; Manufacturing of snow throwers (snow blower) (excluding attachment-type), single stage"
Census_ASM_PxI,2008250021,BEA_2017_Code,333112,,"NAICS_2012_Code; weight 1.000; Manufacturing of snow throwers (snow blower) (excluding attachment-type), dual stage"
Census_ASM_PxI,2008250024,BEA_2017_Code,333112,,"NAICS_2012_Code; weight 1.000; Manufacturing of powered lawn edger/trimmers, fixed blades"
Census_ASM_PxI,2008250027,BEA_2017_Code,333112,,"NAICS_2012_Code; weight 1.000; Manufacturing of powered lawn edger/trimmers, other than fixed blades"
Census_ASM_PxI,2008250031,BEA_2017_Code,333112,,NAICS_2012_Code; weight 1.000; Manufacturing of shredders and shredder-grinders
Census_ASM_PxI,2008250034,BEA_2017_Code,333112,,NAICS_2012_Code; weight 1.000; Manufacturing of yard vacuums and blowers
Census_ASM_PxI,2008250037,BEA_2017_Code,333112,,"NAICS_2012_Code; weight 1.000; Manufacturing of other consumer nonriding lawn, garden, and snow equipment"
Census_ASM_PxI,2008275000,BEA_2017_Code,333112,,"NAICS_2012_Code; weight 1.000; Manufacturing of consumer riding lawn, garden, and snow equipment"
Census_ASM_PxI,2008275003,BEA_2017_Code,333112,,"NAICS_2012_Code; weight 1.000; Manufacturing of lawn tractors and riding mowers, front engine"
Census_ASM_PxI,2008275006,BEA_2017_Code,333112,,"NAICS_2012_Code; weight 1.000; Manufacturing of lawn tractors and riding mowers, rear engine"
Census_ASM_PxI,2008275009,BEA_2017_Code,333112,,NAICS_2012_Code; weight 1.000; Manufacturing of garden tractors
Census_ASM_PxI,2008275012,BEA_2017_Code,333112,,"NAICS_2012_Code; weight 1.000; Manufacturing of other consumer riding lawn, garden, and snow equipment"
Census_ASM_PxI,2008300000,BEA_2017_Code,339920,,"NAICS_2012_Code; weight 1.000; Manufacturing of above-ground swimming pools, 15 feet or more in diameter, filtered, completely manufactured"
Census_ASM_PxI,2008325000,BEA_2017_Code,333414,,"NAICS_2012_Code; weight 1.000; Manufacturing of domestic heating stoves, hearth appliances, and freestanding wood fireplaces (excluding electric and parts)"
Census_ASM_PxI,2008350000,BEA_2017_Code,326190,,NAICS_2012_Code; weight 1.000; Manufacturing of household trash bags and trash and utility containers
Census_ASM_PxI,2008350003,BEA_2017_Code,326190,,NAICS_2012_Code; weight 1.000; Manufacturing of plastics wastebaskets (excluding foam)
Census_ASM_PxI,2008350006,BEA_2017_Code,326190,,NAICS_2012_Code; weight 1.000; Manufacturing of plastics garbage and trash containers (excluding trash bags) (excluding foam)
Census_ASM_PxI,2008350009,BEA_2017_Code,326190,,"NAICS_2012_Code; weight 1.000; Manufacturing of plastics utility containers (buckets, pails, laundry baskets, vegetable bins, dishpans, etc.) (excluding foam)"
Census_ASM_PxI,2008350012,BEA_2017_Code,326190,,"NAICS_2012_Code; weight 1.000; Manufacturing of plastics picnic jugs, cooler chests, and ice buckets (excluding foam)"
Census_ASM_PxI,2008375000,BEA_2017_Code,332200,,"NAICS_2007_Code; weight 1.000; Manufacturing of nonelectric hair clippers for human use, and all other knives (including pocket, pen, and replacement blade knives)"
Census_ASM_PxI,2008400000,BEA_2017_Code,332200,,"NAICS_2007_Code; weight 1.000; Manufacturing of household scissors and shears (including barber, pinking and tailoring shears, manicure and pedicure scissors and implements, tweezers) and all other scissors and shears, excluding tool-type"
Census_ASM_PxI,2008425000,BEA_2017_Code,332200,,"NAICS_2007_Code; weight 1.000; Manufacturing of all other cutlery (including knife blades), excluding kitchen cutlery"
Census_ASM_PxI,2008430000,BEA_2017_Code,322299,,NAICS_2012_Code; weight 1.000; Manufacturing of paper party and holiday goods and accessories
Census_ASM_PxI,2008450000,BEA_2017_Code,326190,,"NAICS_2012_Code; weight 1.000; Manufacturing of plastics sinkware (flatware, dish drainers, drainer trays and mats, sink mats, sink strainers, dustpans, soapdishes, etc.) (excluding foam and wire coated)"
Census_ASM_PxI,2008475000,BEA_2017_Code,322120,,"NAICS_2012_Code; weight 0.500; Manufacturing of paper table napkins, industrial and retail packages, bulk and dispenser types"
Census_ASM_PxI,2008475000,BEA_2017_Code,322291,,"NAICS_2012_Code; weight 0.500; Manufacturing of paper table napkins, industrial and retail packages, bulk and dispenser types"
Census_ASM_PxI,2008500000,BEA_2017_Code,322220,,"NAICS_2007_Code; weight 1.000; Manufacturing of waxed and wax-laminated paper for nonpackaging uses, including household use"
Census_ASM_PxI,2008525000,BEA_2017_Code,33131B,,NAICS_2012_Code; weight 1.000; Manufacturing of plain aluminum foil
Census_ASM_PxI,2008550000,BEA_2017_Code,334300,,"NAICS_2012_Code; weight 1.000; Manufacturing of television receivers, including combination models"
Census_ASM_PxI,2008575000,BEA_2017_Code,333316,,"NAICS_2007_Code; weight 1.000; Manufacturing of still cameras (hand-type cameras, process cameras for photoengraving and photolithography, and other still cameras)"
Census_ASM_PxI,2008600000,BEA_2017_Code,333316,,"NAICS_2007_Code; weight 1.000; Manufacturing of other still picture equipment, parts, attachments, and accessories, including photographic laser systems and equipment (excluding projection screens)"
Census_ASM_PxI,2008610000,BEA_2017_Code,334118,,override; weight 1.000; Manufacturing of digital cameras
Census_ASM_PxI,2008620000,BEA_2017_Code,334118,,"override; weight 1.000; Manufacturing of parts, subassemblies, and accessories for digital cameras"
Census_ASM_PxI,2008625000,BEA_2017_Code,334300,,"NAICS_2012_Code; weight 1.000; Manufacturing of speakers, including loudspeaker systems and loudspeakers"
Census_ASM_PxI,2008625003,BEA_2017_Code,334300,,NAICS_2012_Code; weight 1.000; Manufacturing of single loudspeakers mounted in an enclosure (excluding for automobiles)
Census_ASM_PxI,2008625009,BEA_2017_Code,334300,,NAICS_2012_Code; weight 1.000; Manufacturing of unmounted speakers (excluding for automobiles)
Census_ASM_PxI,2008650000,BEA_2017_Code,334300,,"NAICS_2012_Code; weight 1.000; Manufacturing of other consumer audio and video equipment, including audio and video recorders and players (camcorders)"
Census_ASM_PxI,2008650003,BEA_2017_Code,334300,,"NAICS_2012_Code; weight 1.000; Manufacturing of power amplifiers, including preamplifiers"
Census_ASM_PxI,2008650006,BEA_2017_Code,334300,,"NAICS_2012_Code; weight 1.000; Manufacturing of other consumer audio and video equipment (excluding speakers), portable digital music players, portable stereos/boom boxes, DVD players, including combinations and digital video recorders"
Census_ASM_PxI,2008675000,BEA_2017_Code,339920,,"NAICS_2012_Code; weight 1.000; Manufacturing of team sports helmets, body protective equipment, baseball and softball bats, and other team sports equipment (excluding apparel and shoes)"
Census_ASM_PxI,2008700000,BEA_2017_Code,336991,,"NAICS_2012_Code; weight 1.000; Manufacturing of bicycles and other cycles, all types, except children's sidewalk bikes"
Census_ASM_PxI,2008725000,BEA_2017_Code,33299A,,NAICS_2012_Code; weight 1.000; Manufacturing of rimfire rifle/pistol cartridges
Census_ASM_PxI,2008750000,BEA_2017_Code,33299A,,NAICS_2012_Code; weight 1.000; Manufacturing of centerfire rifle cartridges
Census_ASM_PxI,2008775000,BEA_2017_Code,33299A,,"NAICS_2012_Code; weight 1.000; Manufacturing of centerfire pistol cartridges, including cartridges interchangeable between rifles and pistols (30 mm or less, 1.18 in. or less)"
Census_ASM_PxI,2008800000,BEA_2017_Code,33299A,,NAICS_2012_Code; weight 1.000; Manufacturing of shotgun shells
Census_ASM_PxI,2008825000,BEA_2017_Code,33299A,,"NAICS_2012_Code; weight 1.000; Manufacturing of primers (30 mm or less, 1.18 in. or less) and all other ammunition components"
Census_ASM_PxI,2008850000,BEA_2017_Code,33299A,,NAICS_2012_Code; weight 1.000; Manufacturing of centerfire pistols and revolvers
Census_ASM_PxI,2008875000,BEA_2017_Code,33299A,,NAICS_2012_Code; weight 1.000; Manufacturing of rimfire pistols and revolvers
Census_ASM_PxI,2008900000,BEA_2017_Code,33299A,,"NAICS_2012_Code; weight 1.000; Manufacturing of rifles, excluding semiautomatic rifles"
Census_ASM_PxI,2008900003,BEA_2017_Code,33299A,,NAICS_2012_Code; weight 1.000; Manufacturing of centerfire bolt repeater rifles
Census_ASM_PxI,2008900006,BEA_2017_Code,33299A,,NAICS_2012_Code; weight 1.000; Manufacturing of all other centerfire rifles
Census_ASM_PxI,2008900009,BEA_2017_Code,33299A,,NAICS_2012_Code; weight 1.000; Manufacturing of rimfire rifles
Census_ASM_PxI,2008925000,BEA_2017_Code,33299A,,NAICS_2012_Code; weight 1.000; Manufacturing of single barrel shotguns and other small firearms
Census_ASM_PxI,2008925003,BEA_2017_Code,33299A,,NAICS_2012_Code; weight 1.000; Manufacturing of single barrel shotguns
Census_ASM_PxI,2008925006,BEA_2017_Code,33299A,,"NAICS_2012_Code; weight 1.000; Manufacturing of other small firearms (including double barrel shotguns, combination rifle-shotguns, and tranquilizer guns)"
Census_ASM_PxI,2008950000,BEA_2017_Code,339920,,NAICS_2012_Code; weight 1.000; Manufacturing of golf balls and clubs
Census_ASM_PxI,2008975000,BEA_2017_Code,316000,,"NAICS_2007_Code; weight 0.500; Manufacturing of other golf equipment (including golf bags, handcarts for golf bags, golf club shafts, tees, and training devices)"
Census_ASM_PxI,2008975000,BEA_2017_Code,339920,,"NAICS_2012_Code; weight 0.500; Manufacturing of other golf equipment (including golf bags, handcarts for golf bags, golf club shafts, tees, and training devices)"
Census_ASM_PxI,2009000000,BEA_2017_Code,339920,,NAICS_2012_Code; weight 1.000; Manufacturing of fishing tackle and equipment
Census_ASM_PxI,2009025000,BEA_2017_Code,314900,,NAICS_2007_Code; weight 1.000; Manufacturing of camping tents and sleeping bags
Census_ASM_PxI,2009025003,BEA_2017_Code,314900,,NAICS_2007_Code; weight 1.000; Manufacturing of camping tents
Census_ASM_PxI,2009025006,BEA_2017_Code,314900,,NAICS_2012_Code; weight 1.000; Manufacturing of sleeping bags
Census_ASM_PxI,2009050000,BEA_2017_Code,316000,,NAICS_2007_Code; weight 0.500; Manufacturing of other athletic goods
Census_ASM_PxI,2009050000,BEA_2017_Code,339920,,NAICS_2012_Code; weight 0.500; Manufacturing of other athletic goods
Census_ASM_PxI,2009050003,BEA_2017_Code,339920,,NAICS_2012_Code; weight 1.000; Manufacturing of billiard and pool equipment
Census_ASM_PxI,2009050006,BEA_2017_Code,339920,,NAICS_2012_Code; weight 1.000; Manufacturing of bowling balls
Census_ASM_PxI,2009050009,BEA_2017_Code,339920,,"NAICS_2012_Code; weight 1.000; Manufacturing of sailboards, surfboards, water skis, and underwater sports equipment (excluding cameras and watches)"
Census_ASM_PxI,2009050012,BEA_2017_Code,339920,,"NAICS_2012_Code; weight 1.000; Manufacturing of other water sports equipment (excluding cameras, watches, shoes, and apparel)"
Census_ASM_PxI,2009050015,BEA_2017_Code,339920,,"NAICS_2012_Code; weight 1.000; Manufacturing of archery and tennis equipment (excluding apparel, nets, and shoes)"
Census_ASM_PxI,2009050018,BEA_2017_Code,339920,,"NAICS_2012_Code; weight 1.000; Manufacturing of skateboards, wood and plastics"
Census_ASM_PxI,2009050021,BEA_2017_Code,339920,,"NAICS_2012_Code; weight 1.000; Manufacturing of snow skis, snowboards, and other snow ski equipment"
Census_ASM_PxI,2009050024,BEA_2017_Code,339920,,NAICS_2012_Code; weight 1.000; Manufacturing of other winter sports equipment
Census_ASM_PxI,2009050027,BEA_2017_Code,316000,,"NAICS_2007_Code; weight 0.500; Manufacturing of other sporting and athletic equipment (badminton, paint ball, racquetball, squash, table tennis, and roller skates) (excluding apparel and general-use athletic shoes)"
Census_ASM_PxI,2009050027,BEA_2017_Code,339920,,"NAICS_2012_Code; weight 0.500; Manufacturing of other sporting and athletic equipment (badminton, paint ball, racquetball, squash, table tennis, and roller skates) (excluding apparel and general-use athletic shoes)"
Census_ASM_PxI,2009075000,BEA_2017_Code,339920,,"NAICS_2012_Code; weight 1.000; Manufacturing of playground equipment for home use (including sandboxes, seesaws, slides, and swing sets)"
Census_ASM_PxI,2009100000,BEA_2017_Code,339113,,"NAICS_2012_Code; weight 1.000; Manufacturing of personal safety equipment for sporting activities, such as life preservers and auto racing and motorcycle helmets"
Census_ASM_PxI,2009125000,BEA_2017_Code,314900,,NAICS_2007_Code; weight 1.000; Manufacturing of canvas sails
Census_ASM_PxI,2009130000,BEA_2017_Code,335120,,"NAICS_2012_Code; weight 1.000; Manufacturing of incandescent hand portable lighting equipment, including rechargeable battery-operated, flashlights, flashlight lanterns, emergency warning lights, and generator flashlights"
Census_ASM_PxI,2009135000,BEA_2017_Code,335120,,"NAICS_2012_Code; weight 1.000; Manufacturing of nonelectric lighting fixtures and equipment, complete units (including lamps and lanterns using kerosene, gasoline, propane, butane, etc., and carbide lamps of all types)"
Census_ASM_PxI,2009150000,BEA_2017_Code,339930,,"NAICS_2007_Code; weight 1.000; Manufacturing of dolls, action figures, toy animals, and stuffed toys, including parts and accessories"
Census_ASM_PxI,2009175000,BEA_2017_Code,339930,,"NAICS_2007_Code; weight 1.000; Manufacturing of baby carriages and children's vehicles (including parts for children's vehicles), except bicycles with pneumatic tires"
Census_ASM_PxI,2009200000,BEA_2017_Code,339930,,"NAICS_2007_Code; weight 1.000; Manufacturing of models (operating and static), craft kits and supplies, natural science kits and sets, and collectors' miniatures"
Census_ASM_PxI,2009225000,BEA_2017_Code,323110,,"NAICS_2007_Code; weight 0.500; Manufacturing of nonelectronic games and puzzles, including parts"
Census_ASM_PxI,2009225000,BEA_2017_Code,339930,,"NAICS_2007_Code; weight 0.500; Manufacturing of nonelectronic games and puzzles, including parts"
Census_ASM_PxI,2009225003,BEA_2017_Code,323110,,NAICS_2007_Code; weight 1.000; Manufacturing of playing cards
Census_ASM_PxI,2009225006,BEA_2017_Code,339930,,"NAICS_2007_Code; weight 1.000; Manufacturing of other nonelectronic games and puzzles, including parts"
Census_ASM_PxI,2009250000,BEA_2017_Code,339930,,"NAICS_2007_Code; weight 1.000; Manufacturing of other nonelectronic, nonriding toys, including parts"
Census_ASM_PxI,2009275000,BEA_2017_Code,339930,,"NAICS_2007_Code; weight 1.000; Manufacturing of electronic toys and games (including video game devices and hand-held electronic home video games), except cartridges, disks, and tapes"
Census_ASM_PxI,2009300000,BEA_2017_Code,336612,,"NAICS_2012_Code; weight 1.000; Manufacturing of motorboats, outboard, wood or metal, including commercial and military (excluding sailboats and lifeboats)"
Census_ASM_PxI,2009300003,BEA_2017_Code,336612,,"NAICS_2012_Code; weight 1.000; Manufacturing of motorboats, outboard, runabouts, wood or metal"
Census_ASM_PxI,2009300006,BEA_2017_Code,336612,,"NAICS_2012_Code; weight 1.000; Manufacturing of motorboats, outboard, utility, wood or metal"
Census_ASM_PxI,2009300009,BEA_2017_Code,336612,,"NAICS_2012_Code; weight 1.000; Manufacturing of motorboats, outboard, pontoon, wood or metal"
Census_ASM_PxI,2009300012,BEA_2017_Code,336612,,"NAICS_2012_Code; weight 1.000; Manufacturing of motorboats, outboard, bass, wood or metal"
Census_ASM_PxI,2009300015,BEA_2017_Code,336612,,"NAICS_2012_Code; weight 1.000; Manufacturing of motorboats, outboard, fish and ski, wood or metal"
Census_ASM_PxI,2009300018,BEA_2017_Code,336612,,"NAICS_2012_Code; weight 1.000; Manufacturing of motorboats, outboard, other fishing types, wood or metal"
Census_ASM_PxI,2009300021,BEA_2017_Code,336612,,"NAICS_2012_Code; weight 1.000; Manufacturing of motorboats, outboard, other types (including cabin cruisers and center consoles), wood or metal"
Census_ASM_PxI,2009325000,BEA_2017_Code,336612,,"NAICS_2012_Code; weight 1.000; Manufacturing of motorboats, outboard, plastics (reinforced) fiberglass, including commercial and military (excluding sailboats, and lifeboats, and bass)"
Census_ASM_PxI,2009325003,BEA_2017_Code,336612,,"NAICS_2012_Code; weight 1.000; Manufacturing of motorboats, outboard, runabouts, plastics (reinforced) fiberglass"
Census_ASM_PxI,2009325006,BEA_2017_Code,336612,,"NAICS_2012_Code; weight 1.000; Manufacturing of motorboats, outboard, utility, plastics (reinforced) fiberglass"
Census_ASM_PxI,2009325009,BEA_2017_Code,336612,,"NAICS_2012_Code; weight 1.000; Manufacturing of motorboats, outboard, cabin cruisers, plastics (reinforced) fiberglass"
Census_ASM_PxI,2009325012,BEA_2017_Code,336612,,"NAICS_2012_Code; weight 1.000; Manufacturing of motorboats, outboard, center console, plastics (reinforced) fiberglass"
Census_ASM_PxI,2009325015,BEA_2017_Code,336612,,"NAICS_2012_Code; weight 1.000; Manufacturing of motorboats, outboard, deck, plastics (reinforced) fiberglass"
Census_ASM_PxI,2009325018,BEA_2017_Code,336612,,"NAICS_2012_Code; weight 1.000; Manufacturing of motorboats, outboard, fish and ski (excluding bass), plastics (reinforced) fiberglass"
Census_ASM_PxI,2009325021,BEA_2017_Code,336612,,"NAICS_2012_Code; weight 1.000; Manufacturing of motorboats, outboard, other fishing types (excluding bass), plastics (reinforced) fiberglass"
Census_ASM_PxI,2009325024,BEA_2017_Code,336612,,"NAICS_2012_Code; weight 1.000; Manufacturing of motorboats, outboard, other types (excluding bass), plastics (reinforced) fiberglass"
Census_ASM_PxI,2009350000,BEA_2017_Code,336612,,"NAICS_2012_Code; weight 1.000; Manufacturing of motorboats, outboard, bass, plastics (reinforced) fiberglass"
Census_ASM_PxI,2009375000,BEA_2017_Code,336612,,"NAICS_2012_Code; weight 1.000; Manufacturing of motorboats, inboard, cabin cruisers, including commercial and military (excluding sailboats and lifeboats)"
Census_ASM_PxI,2009375003,BEA_2017_Code,336612,,"NAICS_2012_Code; weight 1.000; Manufacturing of motorboats, inboard, cabin cruisers, less than 40 ft (12.19 m) in length"
Census_ASM_PxI,2009375006,BEA_2017_Code,336612,,"NAICS_2012_Code; weight 1.000; Manufacturing of motorboats, inboard, cabin cruisers, 40 ft (12.19 m) or more in length (professional crew not required by Coast Guard)"
Census_ASM_PxI,2009400000,BEA_2017_Code,336612,,"NAICS_2012_Code; weight 1.000; Manufacturing of motorboats, inboard, other types, including commercial and military (excluding sailboats and lifeboats)"
Census_ASM_PxI,2009400003,BEA_2017_Code,336612,,"NAICS_2012_Code; weight 1.000; Manufacturing of motorboats, inboard, runabouts"
Census_ASM_PxI,2009400006,BEA_2017_Code,336612,,"NAICS_2012_Code; weight 1.000; Manufacturing of motorboats, inboard, all other types, including houseboats"
Census_ASM_PxI,2009425000,BEA_2017_Code,336612,,"NAICS_2012_Code; weight 1.000; Manufacturing of inboard-outdrive boats, cabin cruisers"
Census_ASM_PxI,2009450000,BEA_2017_Code,336612,,"NAICS_2012_Code; weight 1.000; Manufacturing of inboard-outdrive boats, other types, including commercial and military (excluding sailboats and lifeboats)"
Census_ASM_PxI,2009450003,BEA_2017_Code,336612,,"NAICS_2012_Code; weight 1.000; Manufacturing of inboard-outdrive boats, houseboats"
Census_ASM_PxI,2009450006,BEA_2017_Code,336612,,"NAICS_2012_Code; weight 1.000; Manufacturing of inboard-outdrive boats, runabouts"
Census_ASM_PxI,2009450009,BEA_2017_Code,336612,,"NAICS_2012_Code; weight 1.000; Manufacturing of inboard-outdrive boats, fishing"
Census_ASM_PxI,2009450012,BEA_2017_Code,336612,,"NAICS_2012_Code; weight 1.000; Manufacturing of inboard-outdrive boats, other types, including center consoles"
Census_ASM_PxI,2009475000,BEA_2017_Code,326290,,"NAICS_2012_Code; weight 0.500; Manufacturing of boats, all other types, excluding military and commercial"
Census_ASM_PxI,2009475000,BEA_2017_Code,336612,,"NAICS_2012_Code; weight 0.500; Manufacturing of boats, all other types, excluding military and commercial"
Census_ASM_PxI,2009475003,BEA_2017_Code,336612,,"NAICS_2012_Code; weight 1.000; Manufacturing of sailboats, all sizes, excluding military and commercial"
Census_ASM_PxI,2009475006,BEA_2017_Code,336612,,"NAICS_2012_Code; weight 1.000; Manufacturing of canoes, all types of materials, excluding military and commercial"
Census_ASM_PxI,2009475009,BEA_2017_Code,336612,,"NAICS_2012_Code; weight 1.000; Manufacturing of hovercraft, heavy-duty rigid hull inflatable plastic and rubber boats, and similar Coast Guard approved boats (excluding military and commercial)"
Census_ASM_PxI,2009475012,BEA_2017_Code,326290,,"NAICS_2012_Code; weight 1.000; Manufacturing of recreational light-weight rubber boats, life rafts, and pontoons (excluding heavy-duty rigid hull inflatable rubber boats)"
Census_ASM_PxI,2009500000,BEA_2017_Code,336999,,NAICS_2012_Code; weight 1.000; Manufacturing of personal watercraft
Census_ASM_PxI,2009525000,BEA_2017_Code,336991,,"NAICS_2012_Code; weight 1.000; Manufacturing of motorcycles, including three-wheel, motorbikes, motor scooters, mopeds, and parts (including sidecars)"
Census_ASM_PxI,2009550000,BEA_2017_Code,336214,,NAICS_2012_Code; weight 0.333; Manufacturing of other recreational vehicles
Census_ASM_PxI,2009550000,BEA_2017_Code,336999,,NAICS_2012_Code; weight 0.667; Manufacturing of other recreational vehicles
Census_ASM_PxI,2009550003,BEA_2017_Code,336999,,"NAICS_2012_Code; weight 1.000; Manufacturing of all-terrain vehicles, gasoline and electric, for transport of people or goods, designed to traverse all types of terrain"
Census_ASM_PxI,2009550006,BEA_2017_Code,336999,,"NAICS_2012_Code; weight 1.000; Manufacturing of other miscellaneous transportation equipment, including snowmobiles"
Census_ASM_PxI,2009550009,BEA_2017_Code,336214,,"NAICS_2012_Code; weight 1.000; Manufacturing of automobile and light truck horse trailers, and other light trailers, 26,000 lbs or less"
Census_ASM_PxI,2009550012,BEA_2017_Code,336214,,"NAICS_2012_Code; weight 1.000; Manufacturing of automobile and light truck boat trailers 26,000 lb or less GVW"
Census_ASM_PxI,2009550015,BEA_2017_Code,336214,,"NAICS_2012_Code; weight 1.000; Manufacturing of automobile and light truck horse and boat trailers 26,001 lb or more GVW"
Census_ASM_PxI,2009575000,BEA_2017_Code,339990,,"NAICS_2012_Code; weight 1.000; Manufacturing of pianos, nonelectronic"
Census_ASM_PxI,2009625000,BEA_2017_Code,339990,,NAICS_2012_Code; weight 1.000; Manufacturing of organs
Census_ASM_PxI,2009625003,BEA_2017_Code,339990,,"NAICS_2012_Code; weight 1.000; Manufacturing of organs, pipe and reed"
Census_ASM_PxI,2009625006,BEA_2017_Code,339990,,"NAICS_2012_Code; weight 1.000; Manufacturing of organs, other types, including electronic"
Census_ASM_PxI,2009650000,BEA_2017_Code,339990,,"NAICS_2012_Code; weight 1.000; Manufacturing of musical instruments, electronic, other types (including pianos and synthesizers), excluding electronic organs"
Census_ASM_PxI,2009675000,BEA_2017_Code,339990,,"NAICS_2012_Code; weight 1.000; Manufacturing of musical instruments, nonelectronic, other types"
Census_ASM_PxI,2009725000,BEA_2017_Code,311119,,NAICS_2012_Code; weight 1.000; Manufacturing of specialty pet feed
Census_ASM_PxI,2009725003,BEA_2017_Code,311119,,"NAICS_2012_Code; weight 1.000; Manufacturing of specialty bird, fish and pet food and feed, excluding dog and cat"
Census_ASM_PxI,2009725006,BEA_2017_Code,311119,,"NAICS_2012_Code; weight 1.000; Manufacturing of specialty laboratory (mouse, guinea pig, etc.) feed"
Census_ASM_PxI,2009750000,BEA_2017_Code,311111,,NAICS_2012_Code; weight 1.000; Manufacturing of canned dog food
Census_ASM_PxI,2009775000,BEA_2017_Code,311111,,NAICS_2012_Code; weight 1.000; Manufacturing of dry and semi moist dog food
Census_ASM_PxI,2009800000,BEA_2017_Code,311111,,NAICS_2012_Code; weight 1.000; Manufacturing of canned cat food
Census_ASM_PxI,2009825000,BEA_2017_Code,311111,,NAICS_2012_Code; weight 1.000; Manufacturing of dry and semi moist cat food
Census_ASM_PxI,2009850000,BEA_2017_Code,316000,,NAICS_2007_Code; weight 0.250; Manufacturing of supplies and accessories for household pets
Census_ASM_PxI,2009850000,BEA_2017_Code,3259A0,,NAICS_2012_Code; weight 0.250; Manufacturing of supplies and accessories for household pets
Census_ASM_PxI,2009850000,BEA_2017_Code,327200,,NAICS_2012_Code; weight 0.250; Manufacturing of supplies and accessories for household pets
Census_ASM_PxI,2009850000,BEA_2017_Code,339930,,NAICS_2007_Code; weight 0.250; Manufacturing of supplies and accessories for household pets
Census_ASM_PxI,2009850003,BEA_2017_Code,316000,,"NAICS_2007_Code; weight 1.000; Manufacturing of household pet accessories (dog collars, leashes, etc.)"
Census_ASM_PxI,2009850006,BEA_2017_Code,339930,,NAICS_2007_Code; weight 1.000; Manufacturing of pet toys
Census_ASM_PxI,2009850009,BEA_2017_Code,327200,,NAICS_2012_Code; weight 1.000; Manufacturing of aquariums and related products
Census_ASM_PxI,2009850012,BEA_2017_Code,3259A0,,"NAICS_2012_Code; weight 1.000; Manufacturing of cat litter, excluding natural and untreated materials"
Census_ASM_PxI,2009875000,BEA_2017_Code,336111,,"NAICS_2012_Code; weight 1.000; Manufacturing of complete passenger vehicles, knockdown or assembled, including passenger car chassis and nonarmored military automobiles"
Census_ASM_PxI,2009875003,BEA_2017_Code,336111,,"NAICS_2012_Code; weight 1.000; Manufacturing of manned complete passenger vehicles, knockdown or assembled, including passenger car chassis and nonarmored military automobiles"
Census_ASM_PxI,2009875006,BEA_2017_Code,336111,,NAICS_2012_Code; weight 1.000; Manufacturing of unmanned robotic passenger vehicles
Census_ASM_PxI,2009900000,BEA_2017_Code,336112,,"NAICS_2012_Code; weight 1.000; Manufacturing of trucks, truck tractors, and truck and bus chassis, 14,000 lb or less, including minivans and sport utility vehicles"
Census_ASM_PxI,2009900003,BEA_2017_Code,336112,,"NAICS_2012_Code; weight 1.000; Manufacturing of trucks, truck tractors, and truck and bus chassis, 6,000 lb or less"
Census_ASM_PxI,2009900006,BEA_2017_Code,336112,,"NAICS_2012_Code; weight 1.000; Manufacturing of trucks, truck tractors, and truck and bus chassis, 6,001 lb to 10,000 lb"
Census_ASM_PxI,2009900009,BEA_2017_Code,336112,,"NAICS_2012_Code; weight 1.000; Manufacturing of trucks, truck tractors, and truck and bus chassis, 10,001 lb to 14,000 lb"
Census_ASM_PxI,2009925000,BEA_2017_Code,336211,,NAICS_2012_Code; weight 1.000; Manufacturing of kit cars
Census_ASM_PxI,2009950000,BEA_2017_Code,336213,,NAICS_2012_Code; weight 1.000; Manufacturing of motor homes
Census_ASM_PxI,2009950003,BEA_2017_Code,336213,,NAICS_2012_Code; weight 1.000; Manufacturing of conventional (type A) motor homes
Census_ASM_PxI,2009950006,BEA_2017_Code,336213,,"NAICS_2012_Code; weight 1.000; Manufacturing of other motor homes, including chopped vans (type C), van campers (type B), and converted vans"
Census_ASM_PxI,2009975000,BEA_2017_Code,336214,,NAICS_2012_Code; weight 1.000; Manufacturing of conventional travel trailers
Census_ASM_PxI,2010000000,BEA_2017_Code,336214,,NAICS_2012_Code; weight 1.000; Manufacturing of fifth wheel travel trailers
Census_ASM_PxI,2010025000,BEA_2017_Code,336214,,NAICS_2012_Code; weight 1.000; Manufacturing of folddown camping trailers
Census_ASM_PxI,2010050000,BEA_2017_Code,336214,,"NAICS_2012_Code; weight 1.000; Manufacturing of truck (pickup) campers (for sliding on and off trucks), caps, and box covers, excluding parts"
Census_ASM_PxI,2010075000,BEA_2017_Code,336214,,"NAICS_2012_Code; weight 1.000; Manufacturing of other parts for travel and camping trailers (including bodies and chassis), and parts for truck (pickup) campers and caps (excluding appliances and furnishings)"
Census_ASM_PxI,2010100000,BEA_2017_Code,314900,,"NAICS_2007_Code; weight 1.000; Manufacturing of duffle bags, wholly or chiefly cotton (including canvas and open-mesh) and wholly or chiefly manmade fibers"
Census_ASM_PxI,2010125000,BEA_2017_Code,316000,,"NAICS_2007_Code; weight 1.000; Manufacturing of luggage (including suitcases, travel bags, backpacks, and other types)"
Census_ASM_PxI,2010125003,BEA_2017_Code,316000,,NAICS_2007_Code; weight 1.000; Manufacturing of suitcases
Census_ASM_PxI,2010125006,BEA_2017_Code,316000,,"NAICS_2007_Code; weight 1.000; Manufacturing of travel bags (including casual, unstructured totes, soft carry-ons, overnight, duffels, and roll), excluding suitcases"
Census_ASM_PxI,2010125009,BEA_2017_Code,316000,,NAICS_2007_Code; weight 1.000; Manufacturing of garment bags (suit bags)
Census_ASM_PxI,2010125012,BEA_2017_Code,316000,,"NAICS_2007_Code; weight 1.000; Manufacturing of sports bags, including bags dedicated to a particular sport and general purpose gym bags"
Census_ASM_PxI,2010125015,BEA_2017_Code,316000,,NAICS_2007_Code; weight 1.000; Manufacturing of backpacks (daypacks)
Census_ASM_PxI,2010125018,BEA_2017_Code,316000,,NAICS_2007_Code; weight 1.000; Manufacturing of computer bags
Census_ASM_PxI,2010125021,BEA_2017_Code,316000,,"NAICS_2007_Code; weight 1.000; Manufacturing of business cases (including attaches, briefcases, and portfolios)"
Census_ASM_PxI,2010125024,BEA_2017_Code,316000,,"NAICS_2007_Code; weight 1.000; Manufacturing of luggage, all other types"
Census_ASM_PxI,2010150000,BEA_2017_Code,325412,,"NAICS_2012_Code; weight 1.000; Manufacturing of pharmaceutical preparations, affecting neoplasms, the endocrine system, and metabolic diseases, for human use"
Census_ASM_PxI,2010150003,BEA_2017_Code,325412,,"NAICS_2012_Code; weight 1.000; Manufacturing of systemic, local, and topical corticoid hormone preparations, including anti-infective combinations"
Census_ASM_PxI,2010150006,BEA_2017_Code,325412,,"NAICS_2012_Code; weight 1.000; Manufacturing of androgenic hormone preparations, excluding anabolic agents"
Census_ASM_PxI,2010150009,BEA_2017_Code,325412,,NAICS_2012_Code; weight 1.000; Manufacturing of estrogenic hormone preparations
Census_ASM_PxI,2010150012,BEA_2017_Code,325412,,NAICS_2012_Code; weight 1.000; Manufacturing of insulin and antidiabetic agents
Census_ASM_PxI,2010150015,BEA_2017_Code,325412,,NAICS_2012_Code; weight 1.000; Manufacturing of oral contraceptive preparations
Census_ASM_PxI,2010150018,BEA_2017_Code,325412,,"NAICS_2012_Code; weight 1.000; Manufacturing of progestogens, excluding premenstrual tension preparations"
Census_ASM_PxI,2010150021,BEA_2017_Code,325412,,"NAICS_2012_Code; weight 1.000; Manufacturing of thyroid and anti-thyroid preparations, including iodides and propylthiouracil"
Census_ASM_PxI,2010150024,BEA_2017_Code,325412,,"NAICS_2012_Code; weight 1.000; Manufacturing of other hormone preparations, including sex hormone combinations, ACTH and anabolic agents, excluding progestogen combinations"
Census_ASM_PxI,2010150027,BEA_2017_Code,325412,,"NAICS_2012_Code; weight 1.000; Manufacturing of anti-neoplastic agents, including radioactive isotopes, and specific anti-neoplastic agents"
Census_ASM_PxI,2010150031,BEA_2017_Code,325412,,"NAICS_2012_Code; weight 1.000; Manufacturing of other pharmaceutical preparations affecting neoplasms, the endocrine system, and metabolic diseases, for human use"
Census_ASM_PxI,2010175000,BEA_2017_Code,325412,,"NAICS_2012_Code; weight 1.000; Manufacturing of pharmaceutical preparations, acting on the central nervous system and the sense organs, for human use"
Census_ASM_PxI,2010175003,BEA_2017_Code,325412,,NAICS_2012_Code; weight 1.000; Manufacturing of parasympathomimetic cholinergic drugs
Census_ASM_PxI,2010175006,BEA_2017_Code,325412,,NAICS_2012_Code; weight 1.000; Manufacturing of skeletal muscle relaxants
Census_ASM_PxI,2010175009,BEA_2017_Code,325412,,"NAICS_2012_Code; weight 1.000; Manufacturing of narcotic internal analgesics and antipyretics, opium and derivatives"
Census_ASM_PxI,2010175012,BEA_2017_Code,325412,,"NAICS_2012_Code; weight 1.000; Manufacturing of narcotic internal analgesics and antipyretics, synthetic narcotics"
Census_ASM_PxI,2010175015,BEA_2017_Code,325412,,"NAICS_2012_Code; weight 1.000; Manufacturing of non-narcotic internal salicylates and anti-pyrectics, such as sodium salicylate, including aspirin"
Census_ASM_PxI,2010175018,BEA_2017_Code,325412,,"NAICS_2012_Code; weight 1.000; Manufacturing of non-narcotic internal analgesics and anti-pyrectics, aspirin combinations"
Census_ASM_PxI,2010175021,BEA_2017_Code,325412,,"NAICS_2012_Code; weight 1.000; Manufacturing of non-narcotic internal analgesics and anti-pyrectics, acetaminophen and combinations"
Census_ASM_PxI,2010175024,BEA_2017_Code,325412,,"NAICS_2012_Code; weight 1.000; Manufacturing of non-narcotic internal analgesics and anti-pyrectics, anti-arthritics and anti-inflammatory"
Census_ASM_PxI,2010175027,BEA_2017_Code,325412,,"NAICS_2012_Code; weight 1.000; Manufacturing of other internal analgesics and antipyretics, including effervescent types and suppositories"
Census_ASM_PxI,2010175031,BEA_2017_Code,325412,,"NAICS_2012_Code; weight 1.000; Manufacturing of anticonvulsants, excluding barbiturates and analogs"
Census_ASM_PxI,2010175033,BEA_2017_Code,325412,,"NAICS_2012_Code; weight 1.000; Manufacturing of psychotherapeutic agents, antidepressants"
Census_ASM_PxI,2010175036,BEA_2017_Code,325412,,"NAICS_2012_Code; weight 1.000; Manufacturing of psychotherapeutic agents, tranquilizers, phenothiazine derivatives"
Census_ASM_PxI,2010175039,BEA_2017_Code,325412,,NAICS_2012_Code; weight 1.000; Manufacturing of other psychotherapeutic agents
Census_ASM_PxI,2010175042,BEA_2017_Code,325412,,"NAICS_2012_Code; weight 1.000; Manufacturing of central nervous system stimulants, excluding nondrug dietaries for weight control"
Census_ASM_PxI,2010175045,BEA_2017_Code,325412,,"NAICS_2012_Code; weight 1.000; Manufacturing of prescription sedatives and hypnotics, barbiturates"
Census_ASM_PxI,2010175048,BEA_2017_Code,325412,,"NAICS_2012_Code; weight 1.000; Manufacturing of prescription sedatives and hypnotics, non-barbiturates"
Census_ASM_PxI,2010175051,BEA_2017_Code,325412,,"NAICS_2012_Code; weight 1.000; Manufacturing of nonprescription, sleep inducers, and calming agents, excluding antihistamines"
Census_ASM_PxI,2010175054,BEA_2017_Code,325412,,"NAICS_2012_Code; weight 1.000; Manufacturing of anesthetics, including general, local, and topical"
Census_ASM_PxI,2010175057,BEA_2017_Code,325412,,NAICS_2012_Code; weight 1.000; Manufacturing of contact lens solutions
Census_ASM_PxI,2010175061,BEA_2017_Code,325412,,"NAICS_2012_Code; weight 1.000; Manufacturing of other eye and ear preparations, including mydriatics, and miotics"
Census_ASM_PxI,2010175063,BEA_2017_Code,325412,,"NAICS_2012_Code; weight 1.000; Manufacturing of other pharmaceutical preparations acting on the central nervous system and the sense organs, for human use"
Census_ASM_PxI,2010200000,BEA_2017_Code,325412,,"NAICS_2012_Code; weight 1.000; Manufacturing of pharmaceutical preparations, acting on the cardiovascular system, for human use"
Census_ASM_PxI,2010200003,BEA_2017_Code,325412,,"NAICS_2012_Code; weight 1.000; Manufacturing of anticoagulants, hemostatics, and digitalis preparations"
Census_ASM_PxI,2010200006,BEA_2017_Code,325412,,"NAICS_2012_Code; weight 1.000; Manufacturing of hypotensives, including rauwolfia-alkaloid preparations and beta receptor blocking agents"
Census_ASM_PxI,2010200009,BEA_2017_Code,325412,,"NAICS_2012_Code; weight 1.000; Manufacturing of vasodilators, coronary and peripheral"
Census_ASM_PxI,2010200012,BEA_2017_Code,325412,,"NAICS_2012_Code; weight 1.000; Manufacturing of vasodilators, anti-arrythmics"
Census_ASM_PxI,2010200015,BEA_2017_Code,325412,,"NAICS_2012_Code; weight 1.000; Manufacturing of vasodilators, calcium channel blockers"
Census_ASM_PxI,2010200018,BEA_2017_Code,325412,,"NAICS_2012_Code; weight 1.000; Manufacturing of vasodilators, ace inhibitors"
Census_ASM_PxI,2010200021,BEA_2017_Code,325412,,"NAICS_2012_Code; weight 1.000; Manufacturing of other pharmaceutical preparations, acting on the cardiovascular system, including vasopressors and anti-heparin agents, for human use"
Census_ASM_PxI,2010225000,BEA_2017_Code,325412,,"NAICS_2012_Code; weight 1.000; Manufacturing of pharmaceutical preparations, acting on the respiratory system, for human use"
Census_ASM_PxI,2010225003,BEA_2017_Code,325412,,"NAICS_2012_Code; weight 1.000; Manufacturing of antihistamines and bronchial dilators, including antiasthmatics, excluding cold preparations and anti-emetics"
Census_ASM_PxI,2010225006,BEA_2017_Code,325412,,"NAICS_2012_Code; weight 1.000; Manufacturing of cough preparations and expectorants, narcotic and non-narcotic, prescription"
Census_ASM_PxI,2010225009,BEA_2017_Code,325412,,"NAICS_2012_Code; weight 1.000; Manufacturing of antihistamine cold preparations, prescription"
Census_ASM_PxI,2010225012,BEA_2017_Code,325412,,"NAICS_2012_Code; weight 1.000; Manufacturing of other cold preparations, including nasal decongestants, prescription"
Census_ASM_PxI,2010225015,BEA_2017_Code,325412,,"NAICS_2012_Code; weight 1.000; Manufacturing of cough and cold combinations, prescription"
Census_ASM_PxI,2010225018,BEA_2017_Code,325412,,"NAICS_2012_Code; weight 1.000; Manufacturing of cough and cold preparations, decongestants, including nasal sprays and nose drops, non-prescription"
Census_ASM_PxI,2010225021,BEA_2017_Code,325412,,"NAICS_2012_Code; weight 1.000; Manufacturing of cough and cold preparations, cough syrup, non-prescription"
Census_ASM_PxI,2010225024,BEA_2017_Code,325412,,"NAICS_2012_Code; weight 1.000; Manufacturing of cough and cold preparations, capsules and tablets, non-prescription"
Census_ASM_PxI,2010225027,BEA_2017_Code,325412,,"NAICS_2012_Code; weight 1.000; Manufacturing of cough and cold preparations, lozenges, non-prescription"
Census_ASM_PxI,2010225031,BEA_2017_Code,325412,,"NAICS_2012_Code; weight 1.000; Manufacturing of other cough and cold preparations, including topical preparations, cough drops, and others, non-prescription"
Census_ASM_PxI,2010225033,BEA_2017_Code,325412,,"NAICS_2012_Code; weight 1.000; Manufacturing of other pharmaceutical preparations, acting on the respiratory system, including beta agonists, for human use"
Census_ASM_PxI,2010250000,BEA_2017_Code,325412,,"NAICS_2012_Code; weight 1.000; Manufacturing of pharmaceutical preparations, acting on the digestive or the genito-urinary systems, for human use"
Census_ASM_PxI,2010250003,BEA_2017_Code,325412,,NAICS_2012_Code; weight 1.000; Manufacturing of digestive system enzymes
Census_ASM_PxI,2010250006,BEA_2017_Code,325412,,"NAICS_2012_Code; weight 1.000; Manufacturing of antacids and antidiarrheals, including acid neutralizing and products with coating functions"
Census_ASM_PxI,2010250009,BEA_2017_Code,325412,,NAICS_2012_Code; weight 1.000; Manufacturing of irritant laxatives
Census_ASM_PxI,2010250012,BEA_2017_Code,325412,,NAICS_2012_Code; weight 1.000; Manufacturing of bulk producing and emollient laxatives
Census_ASM_PxI,2010250015,BEA_2017_Code,325412,,NAICS_2012_Code; weight 1.000; Manufacturing of fecal softeners
Census_ASM_PxI,2010250018,BEA_2017_Code,325412,,NAICS_2012_Code; weight 1.000; Manufacturing of saline laxatives
Census_ASM_PxI,2010250021,BEA_2017_Code,325412,,NAICS_2012_Code; weight 1.000; Manufacturing of enema specialties
Census_ASM_PxI,2010250024,BEA_2017_Code,325412,,"NAICS_2012_Code; weight 1.000; Manufacturing of antispasmodics and anticholinergics, synthetics"
Census_ASM_PxI,2010250027,BEA_2017_Code,325412,,"NAICS_2012_Code; weight 1.000; Manufacturing of other antispasmodics and anticholinergics, ataractic combinations, belladonna, H2 blocking agents, etc."
Census_ASM_PxI,2010250031,BEA_2017_Code,325412,,"NAICS_2012_Code; weight 1.000; Manufacturing of other digestive system preparations, including digestants, bile therapy preparations, antinauseants, lipotropics, and diet aids"
Census_ASM_PxI,2010250033,BEA_2017_Code,325412,,NAICS_2012_Code; weight 1.000; Manufacturing of urinary antibacterials and antiseptic preparations
Census_ASM_PxI,2010250036,BEA_2017_Code,325412,,"NAICS_2012_Code; weight 1.000; Manufacturing of diuretics, thiazides and related agents"
Census_ASM_PxI,2010250039,BEA_2017_Code,325412,,NAICS_2012_Code; weight 1.000; Manufacturing of oxytocics
Census_ASM_PxI,2010250042,BEA_2017_Code,325412,,"NAICS_2012_Code; weight 1.000; Manufacturing of other pharmaceutical preparations, acting on the digestive or the genito-urinary systems, including urinary tract anesthetics, contraceptive agents, premenstrual tension preparations, and vaginal cleansers, for human use"
Census_ASM_PxI,2010275000,BEA_2017_Code,325412,,"NAICS_2012_Code; weight 1.000; Manufacturing of pharmaceutical preparations, acting on skin, for human use"
Census_ASM_PxI,2010275003,BEA_2017_Code,325412,,"NAICS_2012_Code; weight 1.000; Manufacturing of dermatological preparations, emollients and protectives, including burn remedies and ointment bases"
Census_ASM_PxI,2010275006,BEA_2017_Code,325412,,"NAICS_2012_Code; weight 1.000; Manufacturing of dermatological preparations, antipruritics and local anesthetic skin preparations"
Census_ASM_PxI,2010275009,BEA_2017_Code,325412,,"NAICS_2012_Code; weight 1.000; Manufacturing of dermatological preparations, antiacne preparations"
Census_ASM_PxI,2010275012,BEA_2017_Code,325412,,"NAICS_2012_Code; weight 1.000; Manufacturing of dermatological preparations, antidandruff and antiseborrheic preparations, excluding dandruff shampoos"
Census_ASM_PxI,2010275015,BEA_2017_Code,325412,,"NAICS_2012_Code; weight 1.000; Manufacturing of other dermatological preparations, including coal tar, sulfur, and resorcinol preparations"
Census_ASM_PxI,2010275018,BEA_2017_Code,325412,,NAICS_2012_Code; weight 1.000; Manufacturing of hemorrhoidal preparations
Census_ASM_PxI,2010275021,BEA_2017_Code,325412,,"NAICS_2012_Code; weight 1.000; Manufacturing of external analgesics and counterirritants, including ointments, jellies, pastes, creams, cerates, salves, liquids, and rubbing alcohol"
Census_ASM_PxI,2010275024,BEA_2017_Code,325412,,"NAICS_2012_Code; weight 1.000; Manufacturing of other pharmaceutical preparations, acting on skin, for human use"
Census_ASM_PxI,2010300000,BEA_2017_Code,325412,,"NAICS_2012_Code; weight 1.000; Manufacturing of pharmaceutical preparations, vitamin, nutrient, and hematinic preparations, for human use"
Census_ASM_PxI,2010300003,BEA_2017_Code,325412,,"NAICS_2012_Code; weight 1.000; Manufacturing of multivitamins, plain and with minerals, excluding B-complex vitamins and fish liver oils"
Census_ASM_PxI,2010300006,BEA_2017_Code,325412,,"NAICS_2012_Code; weight 1.000; Manufacturing of pediatric vitamin preparations, including drops, suspensions, and chewables"
Census_ASM_PxI,2010300009,BEA_2017_Code,325412,,NAICS_2012_Code; weight 1.000; Manufacturing of prenatal vitamin preparations
Census_ASM_PxI,2010300012,BEA_2017_Code,325412,,NAICS_2012_Code; weight 1.000; Manufacturing of B-complex preparations
Census_ASM_PxI,2010300015,BEA_2017_Code,325412,,"NAICS_2012_Code; weight 1.000; Manufacturing of all other vitamin preparations, including fluoride preparations"
Census_ASM_PxI,2010300018,BEA_2017_Code,325412,,"NAICS_2012_Code; weight 1.000; Manufacturing of fish liver oils (cod, etc.)"
Census_ASM_PxI,2010300021,BEA_2017_Code,325412,,"NAICS_2012_Code; weight 1.000; Manufacturing of nutrients, excluding therapeutic dietary foods and infant formulas"
Census_ASM_PxI,2010300024,BEA_2017_Code,325412,,"NAICS_2012_Code; weight 1.000; Manufacturing of oral and parenteral hematinics, with B12"
Census_ASM_PxI,2010300027,BEA_2017_Code,325412,,NAICS_2012_Code; weight 1.000; Manufacturing of other oral and parenteral hematinics
Census_ASM_PxI,2010300031,BEA_2017_Code,325412,,"NAICS_2012_Code; weight 1.000; Manufacturing of other vitamin, nutrient, and hematinic preparations including hospital solutions, tonics, and alternatives, excluding biologicals, for human use"
Census_ASM_PxI,2010325000,BEA_2017_Code,325412,,"NAICS_2012_Code; weight 1.000; Manufacturing of pharmaceutical preparations, affecting parasitic and infective diseases, for human use (excluding diagnostics)"
Census_ASM_PxI,2010325003,BEA_2017_Code,325412,,"NAICS_2012_Code; weight 1.000; Manufacturing of anti-infective agents, amebicides and trichomonicides"
Census_ASM_PxI,2010325006,BEA_2017_Code,325412,,"NAICS_2012_Code; weight 1.000; Manufacturing of systemic antibiotics, broad and medium spectrum, tetracyclines"
Census_ASM_PxI,2010325009,BEA_2017_Code,325412,,"NAICS_2012_Code; weight 1.000; Manufacturing of systemic antibiotics, broad and medium spectrum, cephalosporins"
Census_ASM_PxI,2010325012,BEA_2017_Code,325412,,"NAICS_2012_Code; weight 1.000; Manufacturing of systemic antibiotics, broad and medium spectrum, erythromycins"
Census_ASM_PxI,2010325015,BEA_2017_Code,325412,,"NAICS_2012_Code; weight 1.000; Manufacturing of systemic antibiotics, penicillins all forms"
Census_ASM_PxI,2010325018,BEA_2017_Code,325412,,"NAICS_2012_Code; weight 1.000; Manufacturing of other broad and medium spectrum antibiotics, excluding sulfa-antibiotic combinations"
Census_ASM_PxI,2010325021,BEA_2017_Code,325412,,NAICS_2012_Code; weight 1.000; Manufacturing of systemic antibiotics in combination with sulfonamides
Census_ASM_PxI,2010325024,BEA_2017_Code,325412,,NAICS_2012_Code; weight 1.000; Manufacturing of topical antibiotic preparations
Census_ASM_PxI,2010325027,BEA_2017_Code,325412,,"NAICS_2012_Code; weight 1.000; Manufacturing of tuberculostatic agents including isoniazid (isonicotinic acid hydrazide), and other antitubercular preparations"
Census_ASM_PxI,2010325031,BEA_2017_Code,325412,,"NAICS_2012_Code; weight 1.000; Manufacturing of antimalarials, plasmodicides"
Census_ASM_PxI,2010325033,BEA_2017_Code,325412,,"NAICS_2012_Code; weight 1.000; Manufacturing of sulfonamides, excluding antibiotic sulfonamide combinations"
Census_ASM_PxI,2010325036,BEA_2017_Code,325412,,NAICS_2012_Code; weight 1.000; Manufacturing of antifungal preparations
Census_ASM_PxI,2010325039,BEA_2017_Code,325412,,"NAICS_2012_Code; weight 1.000; Manufacturing of antivirals, systemic, such as zovirax and retrovir"
Census_ASM_PxI,2010325042,BEA_2017_Code,325412,,NAICS_2012_Code; weight 1.000; Manufacturing of other anti-infective agents
Census_ASM_PxI,2010325045,BEA_2017_Code,325412,,NAICS_2012_Code; weight 1.000; Manufacturing of general antibacterial and antiseptic preparations
Census_ASM_PxI,2010325048,BEA_2017_Code,325412,,"NAICS_2012_Code; weight 1.000; Manufacturing of other pharmaceutical preparations, affecting parasitic and infective diseases, including anthelmintics, narrow-spectrum antibiotics, streptomycins, and antiseptic mouth and throat preparations, for human use"
Census_ASM_PxI,2010350000,BEA_2017_Code,339113,,"NAICS_2012_Code; weight 1.000; Manufacturing of orthopedic and prosthetic appliances, other types, excluding intraocular lenses"
Census_ASM_PxI,2010350003,BEA_2017_Code,339113,,"NAICS_2012_Code; weight 1.000; Manufacturing of orthopedic and prosthetic walking assistance appliances (crutches, canes, etc.), including wheelchairs"
Census_ASM_PxI,2010350006,BEA_2017_Code,339113,,"NAICS_2012_Code; weight 1.000; Manufacturing of orthopedic and prosthetic braces, mechanical"
Census_ASM_PxI,2010350009,BEA_2017_Code,339113,,"NAICS_2012_Code; weight 1.000; Manufacturing of orthopedic and prosthetic braces, suspensories, and supports, elastic"
Census_ASM_PxI,2010350012,BEA_2017_Code,339113,,NAICS_2012_Code; weight 1.000; Manufacturing of orthopedic and prosthetic elastic stockings
Census_ASM_PxI,2010350015,BEA_2017_Code,339113,,NAICS_2012_Code; weight 1.000; Manufacturing of orthopedic and prosthetic splints and trusses
Census_ASM_PxI,2010350018,BEA_2017_Code,339113,,"NAICS_2012_Code; weight 1.000; Manufacturing of orthopedic and prosthetic foot care appliances (arch supports, etc.)"
Census_ASM_PxI,2010350021,BEA_2017_Code,339113,,"NAICS_2012_Code; weight 1.000; Manufacturing of orthopedic and prosthetic appliances, all other types, including corsets"
Census_ASM_PxI,2010375000,BEA_2017_Code,339115,,NAICS_2012_Code; weight 1.000; Manufacturing of prescription eyeware
Census_ASM_PxI,2010375003,BEA_2017_Code,339115,,"NAICS_2012_Code; weight 1.000; Manufacturing of ophthalmic fronts, plastics, finished"
Census_ASM_PxI,2010375006,BEA_2017_Code,339115,,"NAICS_2012_Code; weight 1.000; Manufacturing of ophthalmic fronts, other materials, finished"
Census_ASM_PxI,2010375009,BEA_2017_Code,339115,,NAICS_2012_Code; weight 1.000; Manufacturing of ophthalmic temples
Census_ASM_PxI,2010375012,BEA_2017_Code,339115,,"NAICS_2012_Code; weight 1.000; Manufacturing of ophthalmic focal lenses, glass, single-vision (including semifinished, ground and polished, and finished), excluding prescription ground and molded lens blanks"
Census_ASM_PxI,2010375015,BEA_2017_Code,339115,,"NAICS_2012_Code; weight 1.000; Manufacturing of ophthalmic focal lenses, glass, multifocal (including semifinished, ground and polished, and finished), excluding prescription ground and molded lens blanks"
Census_ASM_PxI,2010375018,BEA_2017_Code,339115,,"NAICS_2012_Code; weight 1.000; Manufacturing of ophthalmic focal lenses, plastics, single-vision (including semifinished, ground and polished, and finished), excluding prescription ground and molded lens blanks"
Census_ASM_PxI,2010375021,BEA_2017_Code,339115,,"NAICS_2012_Code; weight 1.000; Manufacturing of ophthalmic focal lenses, plastics, multifocal (including semifinished, ground and polished, and finished), excluding prescription ground and molded lens blanks"
Census_ASM_PxI,2010375024,BEA_2017_Code,339115,,"NAICS_2012_Code; weight 1.000; Manufacturing of ophthalmic focal lenses, contact, hard (conventional) (including semifinished, ground and polished, and finished), excluding molded lens blanks"
Census_ASM_PxI,2010375027,BEA_2017_Code,339115,,"NAICS_2012_Code; weight 1.000; Manufacturing of ophthalmic focal lenses, contact, soft (including semifinished, ground and polished, and finished), excluding molded lens blanks"
Census_ASM_PxI,2010400000,BEA_2017_Code,339115,,"NAICS_2012_Code; weight 1.000; Manufacturing of other eyewear, excluding industrial"
Census_ASM_PxI,2010400003,BEA_2017_Code,339115,,"NAICS_2012_Code; weight 1.000; Manufacturing of antiglare glasses, ready-made (including reading, sunglasses, and sun goggles)"
Census_ASM_PxI,2010400006,BEA_2017_Code,339115,,"NAICS_2012_Code; weight 1.000; Manufacturing of all other types of opthalmic goods, excluding industrial and antiglare glasses, and ophthalmic fronts (finished), temples, and focal lenses"
Census_ASM_PxI,2010425000,BEA_2017_Code,334510,,NAICS_2012_Code; weight 1.000; Manufacturing of hearing aids
Census_ASM_PxI,2010450000,BEA_2017_Code,326290,,NAICS_2012_Code; weight 0.500; Manufacturing of other home medical supplies
Census_ASM_PxI,2010450000,BEA_2017_Code,339113,,NAICS_2012_Code; weight 0.500; Manufacturing of other home medical supplies
Census_ASM_PxI,2010450003,BEA_2017_Code,326290,,"NAICS_2012_Code; weight 1.000; Manufacturing of rubber druggist and medical sundries, excluding gloves"
Census_ASM_PxI,2010450006,BEA_2017_Code,339113,,"NAICS_2012_Code; weight 1.000; Manufacturing of first aid, snake bite, and burn kits"
Census_ASM_PxI,2010475000,BEA_2017_Code,325610,,"NAICS_2012_Code; weight 1.000; Manufacturing of bath, facial, and hand soaps, including hand sanitizers"
Census_ASM_PxI,2010500000,BEA_2017_Code,325620,,"NAICS_2012_Code; weight 1.000; Manufacturing of perfumes, toilet waters, and colognes"
Census_ASM_PxI,2010525000,BEA_2017_Code,325620,,NAICS_2012_Code; weight 1.000; Manufacturing of hair preparations (including shampoos)
Census_ASM_PxI,2010525003,BEA_2017_Code,325620,,"NAICS_2012_Code; weight 1.000; Manufacturing of professional hair shampoos containing soap, including products with additives for coloring, dandruff removal, etc."
Census_ASM_PxI,2010525006,BEA_2017_Code,325620,,"NAICS_2012_Code; weight 1.000; Manufacturing of consumer use hair shampoos containing soap, including products with additives for coloring, dandruff removal, etc."
Census_ASM_PxI,2010525009,BEA_2017_Code,325620,,"NAICS_2012_Code; weight 1.000; Manufacturing of cream and gel hair shampoos containing synthetic organic chemicals, including products with additives for coloring, dandruff removal, etc."
Census_ASM_PxI,2010550000,BEA_2017_Code,325620,,"NAICS_2012_Code; weight 1.000; Manufacturing of hair tonics, including hair and scalp conditioners"
Census_ASM_PxI,2010550003,BEA_2017_Code,325620,,"NAICS_2012_Code; weight 1.000; Manufacturing of professional hair tonics, including hair and scalp conditioners, hair mousse, hair perms, and hair coloring preparations (bleaches, dyes, rinses, tints, etc.)"
Census_ASM_PxI,2010550006,BEA_2017_Code,325620,,"NAICS_2012_Code; weight 1.000; Manufacturing of consumer use hair tonics, including hair and scalp conditioners, hair mousse, hair perms (complete and refills), and hair coloring preparations (bleaches, dyes, rinses, tints, etc.)"
Census_ASM_PxI,2010550009,BEA_2017_Code,325620,,"NAICS_2012_Code; weight 1.000; Manufacturing of hair dressings, including brilliantines, creams, pomades, aerosol and non-aerosol hair spray, hair rinses (excluding color rinses), heat-setting wave solutions, and other hair preparations"
Census_ASM_PxI,2010575000,BEA_2017_Code,325610,,"NAICS_2012_Code; weight 1.000; Manufacturing of dentifrices, including toothpaste, gels and tooth powders"
Census_ASM_PxI,2010600000,BEA_2017_Code,325620,,"NAICS_2012_Code; weight 1.000; Manufacturing of mouthwashes, gargles, rinses, and other oral hygiene products (including denture cleaners and adhesives)"
Census_ASM_PxI,2010625000,BEA_2017_Code,325620,,"NAICS_2012_Code; weight 1.000; Manufacturing of creams, lotions and oils, excluding shaving, hair, and deodorant"
Census_ASM_PxI,2010650000,BEA_2017_Code,325620,,"NAICS_2012_Code; weight 0.500; Manufacturing of shaving preparations, including shaving brushes"
Census_ASM_PxI,2010650000,BEA_2017_Code,339990,,"NAICS_2012_Code; weight 0.500; Manufacturing of shaving preparations, including shaving brushes"
Census_ASM_PxI,2010675000,BEA_2017_Code,325620,,NAICS_2012_Code; weight 1.000; Manufacturing of cosmetics and other toilet preparations
Census_ASM_PxI,2010675003,BEA_2017_Code,325620,,NAICS_2012_Code; weight 1.000; Manufacturing of cosmetics
Census_ASM_PxI,2010675006,BEA_2017_Code,325620,,"NAICS_2012_Code; weight 1.000; Manufacturing of other toilet preparations (including feminine hygiene douches and deodorants, excluding medicated)"
Census_ASM_PxI,2010700000,BEA_2017_Code,322120,,NAICS_2012_Code; weight 0.500; Manufacturing of disposable diapers and other sanitary paper products
Census_ASM_PxI,2010700000,BEA_2017_Code,322291,,NAICS_2012_Code; weight 0.500; Manufacturing of disposable diapers and other sanitary paper products
Census_ASM_PxI,2010700003,BEA_2017_Code,322120,,"NAICS_2012_Code; weight 0.500; Manufacturing of disposable diapers and similar disposable products (including sanitary napkins, tampons, training pants, and incontinent pads)"
Census_ASM_PxI,2010700003,BEA_2017_Code,322291,,"NAICS_2012_Code; weight 0.500; Manufacturing of disposable diapers and similar disposable products (including sanitary napkins, tampons, training pants, and incontinent pads)"
Census_ASM_PxI,2010700006,BEA_2017_Code,322120,,"NAICS_2012_Code; weight 0.500; Manufacturing of other sanitary paper products (excluding industrial packaged toilet tissue), paper wipers (excluding nonwoven), absorbent pads, etc."
Census_ASM_PxI,2010700006,BEA_2017_Code,322291,,"NAICS_2012_Code; weight 0.500; Manufacturing of other sanitary paper products (excluding industrial packaged toilet tissue), paper wipers (excluding nonwoven), absorbent pads, etc."
Census_ASM_PxI,2010725000,BEA_2017_Code,322120,,"NAICS_2012_Code; weight 0.500; Manufacturing of facial tissues and handkerchiefs, including sputum wipes"
Census_ASM_PxI,2010725000,BEA_2017_Code,322291,,"NAICS_2012_Code; weight 0.500; Manufacturing of facial tissues and handkerchiefs, including sputum wipes"
Census_ASM_PxI,2010750000,BEA_2017_Code,322120,,NAICS_2012_Code; weight 0.400; Manufacturing of toilet tissue
Census_ASM_PxI,2010750000,BEA_2017_Code,322291,,NAICS_2012_Code; weight 0.600; Manufacturing of toilet tissue
Census_ASM_PxI,2010750003,BEA_2017_Code,322120,,"NAICS_2012_Code; weight 0.333; Manufacturing of toilet tissue, retail packages, rolls and ovals"
Census_ASM_PxI,2010750003,BEA_2017_Code,322291,,"NAICS_2012_Code; weight 0.667; Manufacturing of toilet tissue, retail packages, rolls and ovals"
Census_ASM_PxI,2010750012,BEA_2017_Code,322120,,NAICS_2012_Code; weight 0.500; Manufacturing of industrial packaged toilet tissue (all types)
Census_ASM_PxI,2010750012,BEA_2017_Code,322291,,NAICS_2012_Code; weight 0.500; Manufacturing of industrial packaged toilet tissue (all types)
Census_ASM_PxI,2010775000,BEA_2017_Code,339990,,"NAICS_2012_Code; weight 1.000; Manufacturing of brushes, all other personal, including toothbrushes and hairbrushes (excluding shaving brushes)"
Census_ASM_PxI,2010800000,BEA_2017_Code,332200,,NAICS_2007_Code; weight 1.000; Manufacturing of razor blades and razors (excluding electric)
Census_ASM_PxI,2010825000,BEA_2017_Code,332999,,"NAICS_2012_Code; weight 1.000; Manufacturing of miscellaneous fabricated products, made primarily of metal (combs and hair curlers, etc.)"
Census_ASM_PxI,2010850000,BEA_2017_Code,339990,,"NAICS_2012_Code; weight 1.000; Manufacturing of burial caskets and coffins, completely lined and trimmed, adult sizes only, metal"
Census_ASM_PxI,2010875000,BEA_2017_Code,339990,,"NAICS_2012_Code; weight 1.000; Manufacturing of burial caskets and coffins, completely lined and trimmed, adult sizes only, wood"
Census_ASM_PxI,2010900000,BEA_2017_Code,339990,,"NAICS_2012_Code; weight 1.000; Manufacturing of burial caskets and coffins, other types (including burial boxes and vaults (excluding concrete and stone), casket shells, casket shipping cases and containers, and children's)"
Census_ASM_PxI,2010925000,BEA_2017_Code,327390,,"NAICS_2012_Code; weight 1.000; Manufacturing of burial vaults and boxes, precast concrete"
Census_ASM_PxI,2010925003,BEA_2017_Code,327390,,"NAICS_2012_Code; weight 1.000; Manufacturing of burial vaults, precast concrete"
Census_ASM_PxI,2010925006,BEA_2017_Code,327390,,"NAICS_2012_Code; weight 1.000; Manufacturing of burial boxes, precast concrete"
Census_ASM_PxI,2010950000,BEA_2017_Code,335912,,"NAICS_2012_Code; weight 1.000; Manufacturing of primary batteries, excluding lead acid"
Census_ASM_PxI,2010950003,BEA_2017_Code,335912,,"NAICS_2012_Code; weight 1.000; Manufacturing of round and prismatic primary battery cells, including alkaline manganese, zinc carbon, mercuric oxide, lithium, and all other round and prismatic primary battery cells"
Census_ASM_PxI,2010950006,BEA_2017_Code,335912,,"NAICS_2012_Code; weight 1.000; Manufacturing of button and coin primary battery cells, including silver oxide, alkaline manganese, zinc air, lithium, and all other button and coin primary battery cells"
Census_ASM_PxI,2010950009,BEA_2017_Code,335912,,"NAICS_2012_Code; weight 1.000; Manufacturing of parts for primary batteries, excluding cases and containers"
Census_ASM_PxI,2010975000,BEA_2017_Code,316000,,"NAICS_2007_Code; weight 1.000; Manufacturing of novelties and other leather or leather substitute (rubber, plastics, fabric or textiles) goods (desk sets, holsters, etc.)"
Census_ASM_PxI,2010975003,BEA_2017_Code,316000,,"NAICS_2007_Code; weight 1.000; Manufacturing of novelties, made of leather or leather substitutes (rubber, plastics, fabric or textiles)"
Census_ASM_PxI,2010975009,BEA_2017_Code,316000,,"NAICS_2007_Code; weight 1.000; Manufacturing of other leather or leather substitute (rubber, plastics, fabric or textiles) goods (desk sets, holsters, etc.)"
Census_ASM_PxI,2011000000,BEA_2017_Code,3219A0,,"NAICS_2012_Code; weight 1.000; Manufacturing of jewelry boxes, silverware chests, instrument cases, cigar and cigarette boxes, microscope cases, tool or utility cases, and similar boxes, cases, and chests"
Census_ASM_PxI,2011025000,BEA_2017_Code,314900,,"NAICS_2012_Code; weight 1.000; Manufacturing of ribbons, fused and sealed edge (not woven with fast edges)"
Census_ASM_PxI,2011050000,BEA_2017_Code,314900,,"NAICS_2012_Code; weight 1.000; Manufacturing of fabricated textile products, all other types"
Census_ASM_PxI,2011075000,BEA_2017_Code,339990,,"NAICS_2012_Code; weight 1.000; Manufacturing of umbrellas and parasols, including parts"
Census_ASM_PxI,2011100000,BEA_2017_Code,333318,,"NAICS_2007_Code; weight 1.000; Manufacturing of mailing, letter handling, and addressing machines, excluding parts and attachments"
Census_ASM_PxI,2011125000,BEA_2017_Code,333318,,"NAICS_2007_Code; weight 1.000; Manufacturing of other office machinery, excluding parts and attachments"
Census_ASM_PxI,2011150000,BEA_2017_Code,333316,,"NAICS_2007_Code; weight 1.000; Manufacturing of photocopying equipment, including diffusion transfer, dye transfer, electrostatic, light and heat sensitive types, etc."
Census_ASM_PxI,2011175000,BEA_2017_Code,33721A,,"NAICS_2012_Code; weight 1.000; Manufacturing of wood office seating, including upholstered"
Census_ASM_PxI,2011200000,BEA_2017_Code,33721A,,NAICS_2012_Code; weight 1.000; Manufacturing of wood office desks and desk extensions
Census_ASM_PxI,2011225000,BEA_2017_Code,33721A,,"NAICS_2012_Code; weight 1.000; Manufacturing of wood office files, storage units, and tables"
Census_ASM_PxI,2011250000,BEA_2017_Code,33721A,,"NAICS_2012_Code; weight 1.000; Manufacturing of wood office furniture, other types (including panel and desking system accessories and components)"
Census_ASM_PxI,2011275000,BEA_2017_Code,33721A,,"NAICS_2012_Code; weight 1.000; Manufacturing of office chairs, task and general, including upholstered, excluding wood"
Census_ASM_PxI,2011300000,BEA_2017_Code,33721A,,"NAICS_2012_Code; weight 1.000; Manufacturing of office seating, other types, including upholstered, excluding wood"
Census_ASM_PxI,2011325000,BEA_2017_Code,33721A,,"NAICS_2012_Code; weight 1.000; Manufacturing of office desks and desk extensions, excluding wood"
Census_ASM_PxI,2011350000,BEA_2017_Code,33721A,,"NAICS_2012_Code; weight 1.000; Manufacturing of office files, vertical, legal- and letter-size, excluding wood"
Census_ASM_PxI,2011375000,BEA_2017_Code,33721A,,"NAICS_2012_Code; weight 1.000; Manufacturing of office files, horizontal (lateral), legal- and letter-size, excluding wood"
Census_ASM_PxI,2011400000,BEA_2017_Code,33721A,,"NAICS_2012_Code; weight 1.000; Manufacturing of office files, other types, excluding wood"
Census_ASM_PxI,2011425000,BEA_2017_Code,33721A,,"NAICS_2012_Code; weight 1.000; Manufacturing of office storage units and tables, excluding wood"
Census_ASM_PxI,2011450000,BEA_2017_Code,33721A,,"NAICS_2012_Code; weight 1.000; Manufacturing of office furniture, other types, including desking systems (including accessories and components), excluding wood"
Census_ASM_PxI,2011475000,BEA_2017_Code,33721A,,"NAICS_2012_Code; weight 1.000; Manufacturing of office panel systems, including accessories and components, excluding wood"
Census_ASM_PxI,2011500000,BEA_2017_Code,334111,,"NAICS_2012_Code; weight 1.000; Manufacturing of host computers, multiusers (mainframes, super computers, midrange servers, blade servers, UNIX servers, PC servers)"
Census_ASM_PxI,2011500003,BEA_2017_Code,334111,,"NAICS_2012_Code; weight 1.000; Manufacturing of large-scale computer systems, including mainframes and super computers"
Census_ASM_PxI,2011500006,BEA_2017_Code,334111,,NAICS_2012_Code; weight 1.000; Manufacturing of servers (all)
Census_ASM_PxI,2011500009,BEA_2017_Code,334111,,NAICS_2012_Code; weight 1.000; Manufacturing of other host computers
Census_ASM_PxI,2011525000,BEA_2017_Code,334111,,"NAICS_2012_Code; weight 1.000; Manufacturing of single user computers, microprocessor-based, capable of supporting attached peripherals (personal computers, workstations, portable computers, smart handheld devices)"
Census_ASM_PxI,2011525003,BEA_2017_Code,334111,,NAICS_2012_Code; weight 1.000; Manufacturing of personal computers
Census_ASM_PxI,2011525006,BEA_2017_Code,334111,,NAICS_2012_Code; weight 1.000; Manufacturing of workstations (microprocessor-based single-user systems distinguished from PCs by operating systems and relative-high performance)
Census_ASM_PxI,2011525009,BEA_2017_Code,334111,,"NAICS_2012_Code; weight 1.000; Manufacturing of mobile computers (including notebooks, subnotebooks, laptops, and tablet PCs)"
Census_ASM_PxI,2011525012,BEA_2017_Code,334111,,NAICS_2012_Code; weight 1.000; Manufacturing of smart handheld devices
Census_ASM_PxI,2011525015,BEA_2017_Code,334111,,NAICS_2012_Code; weight 1.000; Manufacturing of all other single-user computers
Census_ASM_PxI,2011550000,BEA_2017_Code,334111,,"NAICS_2012_Code; weight 1.000; Manufacturing of other computers (array, analog, hybrid, and special-use computers)"
Census_ASM_PxI,2011575000,BEA_2017_Code,334118,,"NAICS_2007_Code; weight 1.000; Manufacturing of computer terminals (excluding point-of-sale and funds-transfer devices, parts, attachments, and accessories)"
Census_ASM_PxI,2011600000,BEA_2017_Code,334118,,override; weight 1.000; Manufacturing of point-of-sale terminals and funds-transfer devices (ATMs)
Census_ASM_PxI,2011625000,BEA_2017_Code,334112,,"NAICS_2012_Code; weight 1.000; Manufacturing of computer storage devices (excluding parts, attachments, and accessories)"
Census_ASM_PxI,2011625003,BEA_2017_Code,334112,,NAICS_2012_Code; weight 1.000; Manufacturing of disk subsystems and disk arrays for multiuser computer systems
Census_ASM_PxI,2011625006,BEA_2017_Code,334112,,NAICS_2012_Code; weight 1.000; Manufacturing of disk drives (all sizes)
Census_ASM_PxI,2011625009,BEA_2017_Code,334112,,NAICS_2012_Code; weight 1.000; Manufacturing of storage area networks (SANS)
Census_ASM_PxI,2011625012,BEA_2017_Code,334112,,NAICS_2012_Code; weight 1.000; Manufacturing of tape drives (all sizes)
Census_ASM_PxI,2011625015,BEA_2017_Code,334112,,NAICS_2012_Code; weight 1.000; Manufacturing of other computer storage devices
Census_ASM_PxI,2011650000,BEA_2017_Code,334118,,"override; weight 1.000; Manufacturing of all other miscellaneous computer peripheral (input/output) equipment (excluding parts, attachments, and accessories)"
Census_ASM_PxI,2011650003,BEA_2017_Code,334118,,"override; weight 1.000; Manufacturing of computer peripheral input devices, all types"
Census_ASM_PxI,2011650006,BEA_2017_Code,334118,,"override; weight 1.000; Manufacturing of optical scanning devices (bar codes, OCR equipment, and scanners)"
Census_ASM_PxI,2011650009,BEA_2017_Code,334118,,override; weight 1.000; Manufacturing of magnetic strip and ink recognition equipment
Census_ASM_PxI,2011650012,BEA_2017_Code,334118,,"override; weight 1.000; Manufacturing of impact and nonimpact printers (line-type and serial-type, laser and multifunction)"
Census_ASM_PxI,2011650015,BEA_2017_Code,334118,,override; weight 1.000; Manufacturing of computer monitors (all types)
Census_ASM_PxI,2011650021,BEA_2017_Code,334118,,override; weight 1.000; Manufacturing of all other computer peripheral equipment
Census_ASM_PxI,2011675000,BEA_2017_Code,334418,,"NAICS_2012_Code; weight 1.000; Manufacturing of external modems, consumer"
Census_ASM_PxI,2011700000,BEA_2017_Code,334210,,NAICS_2012_Code; weight 1.000; Manufacturing of telephone switching and switchboard equipment
Census_ASM_PxI,2011700003,BEA_2017_Code,334210,,NAICS_2012_Code; weight 1.000; Manufacturing of central office switching equipment
Census_ASM_PxI,2011700006,BEA_2017_Code,334210,,NAICS_2012_Code; weight 1.000; Manufacturing of private branch exchange switching equipment
Census_ASM_PxI,2011700009,BEA_2017_Code,334210,,NAICS_2012_Code; weight 1.000; Manufacturing of other telephone switching and switchboard equipment
Census_ASM_PxI,2011725000,BEA_2017_Code,334210,,NAICS_2012_Code; weight 1.000; Manufacturing of carrier line equipment and non-consumer modems
Census_ASM_PxI,2011725003,BEA_2017_Code,334210,,"NAICS_2012_Code; weight 1.000; Manufacturing of multiplex equipment, including channel banks, analog and digital"
Census_ASM_PxI,2011725006,BEA_2017_Code,334210,,NAICS_2012_Code; weight 1.000; Manufacturing of all other carrier line equipment
Census_ASM_PxI,2011725009,BEA_2017_Code,334210,,"NAICS_2012_Code; weight 1.000; Manufacturing of external modems for POTS, ISDN, DSL, PSTN"
Census_ASM_PxI,2011725012,BEA_2017_Code,334210,,NAICS_2012_Code; weight 1.000; Manufacturing of fiber optic equipment meeting SONET standards
Census_ASM_PxI,2011725015,BEA_2017_Code,334210,,NAICS_2012_Code; weight 1.000; Manufacturing of fiber optic equipment not meeting SONET standards
Census_ASM_PxI,2011750000,BEA_2017_Code,334210,,"NAICS_2012_Code; weight 1.000; Manufacturing of data communications equipment, including LAN/WAN switches, routers, and other networking equipment"
Census_ASM_PxI,2011750003,BEA_2017_Code,334210,,"NAICS_2012_Code; weight 1.000; Manufacturing of telephone sets, including wireless phone sets (excluding cell phones)"
Census_ASM_PxI,2011750006,BEA_2017_Code,334210,,NAICS_2012_Code; weight 1.000; Manufacturing of other public switched telephone network (PSTN)-type premise equipment (excluding PBX equipment)
Census_ASM_PxI,2011750009,BEA_2017_Code,334210,,NAICS_2012_Code; weight 1.000; Manufacturing of routers (including service provider routers)
Census_ASM_PxI,2011750012,BEA_2017_Code,334210,,NAICS_2012_Code; weight 1.000; Manufacturing of switches (including local area network (LAN) and wide area network (WAN))
Census_ASM_PxI,2011750015,BEA_2017_Code,334210,,NAICS_2012_Code; weight 1.000; Manufacturing of voice/call message processing equipment
Census_ASM_PxI,2011750018,BEA_2017_Code,334210,,"NAICS_2012_Code; weight 1.000; Manufacturing of other data communications equipment, wireline-type, including those with wireless capabilities"
Census_ASM_PxI,2011775000,BEA_2017_Code,334220,,"NAICS_2012_Code; weight 1.000; Manufacturing of broadcast, studio, and related electronic equipment"
Census_ASM_PxI,2011775003,BEA_2017_Code,334220,,"NAICS_2012_Code; weight 1.000; Manufacturing of audio production equipment for broadcast studios (including microphones, mixers, and other electronic equipment)"
Census_ASM_PxI,2011775006,BEA_2017_Code,334220,,"NAICS_2012_Code; weight 1.000; Manufacturing of video production equipment (including professional VCRs, switches, character generators, and other electronic equipment)"
Census_ASM_PxI,2011775009,BEA_2017_Code,334220,,NAICS_2012_Code; weight 1.000; Manufacturing of AM and FM transmitters
Census_ASM_PxI,2011775012,BEA_2017_Code,334220,,NAICS_2012_Code; weight 1.000; Manufacturing of TV transmitters
Census_ASM_PxI,2011775015,BEA_2017_Code,334220,,NAICS_2012_Code; weight 1.000; Manufacturing of other transmission equipment
Census_ASM_PxI,2011775018,BEA_2017_Code,334220,,NAICS_2012_Code; weight 1.000; Manufacturing of cable TV equipment (master antennae and CATV equipment)
Census_ASM_PxI,2011775021,BEA_2017_Code,334220,,NAICS_2012_Code; weight 1.000; Manufacturing of closed circuit television systems
Census_ASM_PxI,2011775024,BEA_2017_Code,334220,,NAICS_2012_Code; weight 1.000; Manufacturing of other broadcast and antenna equipment
Census_ASM_PxI,2011800000,BEA_2017_Code,334220,,"NAICS_2012_Code; weight 1.000; Manufacturing of wireless networking equipment, including wireless telephones"
Census_ASM_PxI,2011800003,BEA_2017_Code,334220,,NAICS_2012_Code; weight 1.000; Manufacturing of cellular base stations
Census_ASM_PxI,2011800006,BEA_2017_Code,334220,,NAICS_2012_Code; weight 1.000; Manufacturing of cellular mobile telephone switching equipment
Census_ASM_PxI,2011800009,BEA_2017_Code,334220,,NAICS_2012_Code; weight 1.000; Manufacturing of cellular handsets (cell phones)
Census_ASM_PxI,2011800012,BEA_2017_Code,334220,,NAICS_2012_Code; weight 1.000; Manufacturing of Wi-Fi public equipment
Census_ASM_PxI,2011800015,BEA_2017_Code,334220,,NAICS_2012_Code; weight 1.000; Manufacturing of Wi Max equipment
Census_ASM_PxI,2011800018,BEA_2017_Code,334220,,NAICS_2012_Code; weight 1.000; Manufacturing of other cellular networking equipment
Census_ASM_PxI,2011825000,BEA_2017_Code,334220,,NAICS_2012_Code; weight 1.000; Manufacturing of radio station equipment
Census_ASM_PxI,2011825003,BEA_2017_Code,334220,,NAICS_2012_Code; weight 1.000; Manufacturing of space-based (satellite) stations
Census_ASM_PxI,2011825006,BEA_2017_Code,334220,,NAICS_2012_Code; weight 1.000; Manufacturing of airborne and marine-based stations
Census_ASM_PxI,2011825009,BEA_2017_Code,334220,,NAICS_2012_Code; weight 1.000; Manufacturing of earth fixed-based systems
Census_ASM_PxI,2011825012,BEA_2017_Code,334220,,NAICS_2012_Code; weight 1.000; Manufacturing of earth mobile-based systems
Census_ASM_PxI,2011850000,BEA_2017_Code,334220,,"NAICS_2012_Code; weight 1.000; Manufacturing of other communications systems and equipment, including GPS"
Census_ASM_PxI,2011850003,BEA_2017_Code,334220,,"NAICS_2012_Code; weight 1.000; Manufacturing of checkout, monitoring, evaluation, and other electronic support equipment"
Census_ASM_PxI,2011850006,BEA_2017_Code,334220,,NAICS_2012_Code; weight 1.000; Manufacturing of antenna systems
Census_ASM_PxI,2011850009,BEA_2017_Code,334220,,NAICS_2012_Code; weight 1.000; Manufacturing of other communications systems and equipment
Census_ASM_PxI,2011875000,BEA_2017_Code,334290,,"NAICS_2012_Code; weight 1.000; Manufacturing of intercommunications systems, including inductive paging systems (selective paging), excluding telephone and telegraph"
Census_ASM_PxI,2011900000,BEA_2017_Code,336120,,"NAICS_2012_Code; weight 0.500; Manufacturing of buses, complete, including military (excluding trolley buses)"
Census_ASM_PxI,2011900000,BEA_2017_Code,336211,,"NAICS_2012_Code; weight 0.500; Manufacturing of buses, complete, including military (excluding trolley buses)"
Census_ASM_PxI,2011900003,BEA_2017_Code,336120,,"NAICS_2012_Code; weight 0.500; Manufacturing of buses, complete, excluding military and trolley buses"
Census_ASM_PxI,2011900003,BEA_2017_Code,336211,,"NAICS_2012_Code; weight 0.500; Manufacturing of buses, complete, excluding military and trolley buses"
Census_ASM_PxI,2011900006,BEA_2017_Code,336120,,NAICS_2012_Code; weight 0.500; Manufacturing of military buses
Census_ASM_PxI,2011900006,BEA_2017_Code,336211,,NAICS_2012_Code; weight 0.500; Manufacturing of military buses
Census_ASM_PxI,2011910000,BEA_2017_Code,336120,,"NAICS_2012_Code; weight 1.000; Manufacturing of heavy-duty trucks, including heavy-duty truck, tractor, and bus chassis"
Census_ASM_PxI,2011910003,BEA_2017_Code,336120,,"NAICS_2012_Code; weight 1.000; Manufacturing of heavy-duty trucks, including heavy-duty truck, tractor, and bus chassis, 14,001 lb to 16,000 lb"
Census_ASM_PxI,2011910006,BEA_2017_Code,336120,,"NAICS_2012_Code; weight 1.000; Manufacturing of heavy-duty trucks, including heavy-duty truck, tractor, and bus chassis, 16,001 lb to 19,500 lb"
Census_ASM_PxI,2011910009,BEA_2017_Code,336120,,"NAICS_2012_Code; weight 1.000; Manufacturing of heavy-duty trucks, including heavy-duty truck, tractor, and bus chassis, 19,501 lb to 26,000 lb"
Census_ASM_PxI,2011910012,BEA_2017_Code,336120,,"NAICS_2012_Code; weight 1.000; Manufacturing of heavy-duty trucks, including heavy-duty truck and bus chassis, 26,001 lb to 33,000 lb"
Census_ASM_PxI,2011910015,BEA_2017_Code,336120,,"NAICS_2012_Code; weight 1.000; Manufacturing of heavy-duty trucks, including heavy-duty truck and bus chassis, 33,001 lb or more"
Census_ASM_PxI,2011910018,BEA_2017_Code,336120,,"NAICS_2012_Code; weight 1.000; Manufacturing of tractors, 26,001 lb or more"
Census_ASM_PxI,2011925000,BEA_2017_Code,336120,,"NAICS_2012_Code; weight 0.333; Manufacturing of firefighting vehicles  and other heavy trucks, complete"
Census_ASM_PxI,2011925000,BEA_2017_Code,336211,,"NAICS_2012_Code; weight 0.667; Manufacturing of firefighting vehicles  and other heavy trucks, complete"
Census_ASM_PxI,2011925003,BEA_2017_Code,336120,,NAICS_2012_Code; weight 0.500; Manufacturing of firefighting vehicles
Census_ASM_PxI,2011925003,BEA_2017_Code,336211,,NAICS_2012_Code; weight 0.500; Manufacturing of firefighting vehicles
Census_ASM_PxI,2011925006,BEA_2017_Code,336211,,"NAICS_2012_Code; weight 1.000; Manufacturing of other heavy trucks, complete"
Census_ASM_PxI,2012025000,BEA_2017_Code,336212,,"NAICS_2012_Code; weight 1.000; Manufacturing of truck trailers, with axle rating of 10,000 lb or more"
Census_ASM_PxI,2012025003,BEA_2017_Code,336212,,"NAICS_2012_Code; weight 1.000; Manufacturing of van trailers, with axle rating of 10,000 lb or more"
Census_ASM_PxI,2012025006,BEA_2017_Code,336212,,"NAICS_2012_Code; weight 1.000; Manufacturing of tank trailers, with axle rating of 10,000 lb or more"
Census_ASM_PxI,2012025009,BEA_2017_Code,336212,,"NAICS_2012_Code; weight 1.000; Manufacturing of platform trailers, with axle rating of 10,000 lb or more"
Census_ASM_PxI,2012025012,BEA_2017_Code,336212,,"NAICS_2012_Code; weight 1.000; Manufacturing of all other complete trailers, including detachables, with axle rating of 10,000 lb or more"
Census_ASM_PxI,2012050000,BEA_2017_Code,336212,,"NAICS_2012_Code; weight 1.000; Manufacturing of truck trailers, with axle rating of less than 10,000 lb"
Census_ASM_PxI,2012100000,BEA_2017_Code,336411,,"NAICS_2012_Code; weight 1.000; Manufacturing of military aircraft, including all aircraft for U.S. military and any other aircraft built to military specifications"
Census_ASM_PxI,2012100003,BEA_2017_Code,336411,,"NAICS_2012_Code; weight 1.000; Manufacturing of manned military aircraft, including manned aircraft for U.S. military and any other manned aircraft built to military specifications"
Census_ASM_PxI,2012100006,BEA_2017_Code,336411,,"NAICS_2012_Code; weight 1.000; Manufacturing of unmanned robotic military aircraft, including unmanned aircraft for U.S. military and any other unmanned aircraft built to military specifications"
Census_ASM_PxI,2012125000,BEA_2017_Code,336411,,NAICS_2012_Code; weight 1.000; Manufacturing of civilian aircraft
Census_ASM_PxI,2012125003,BEA_2017_Code,336411,,NAICS_2012_Code; weight 1.000; Manufacturing of manned civilian aircraft
Census_ASM_PxI,2012125006,BEA_2017_Code,336411,,NAICS_2012_Code; weight 1.000; Manufacturing of unmanned robotic civilian aircraft
Census_ASM_PxI,2012150000,BEA_2017_Code,336500,,"NAICS_2012_Code; weight 1.000; Manufacturing of locomotives, diesel-electric, new and rebuilt (excluding engines)"
Census_ASM_PxI,2012175000,BEA_2017_Code,336500,,"NAICS_2012_Code; weight 1.000; Manufacturing of trains and train cars, freight and passenger, new, excluding parts"
Census_ASM_PxI,2012200000,BEA_2017_Code,336500,,"NAICS_2012_Code; weight 1.000; Manufacturing of cars (street, subway, trolley, and rapid transit), rebuilt"
Census_ASM_PxI,2012200003,BEA_2017_Code,336500,,"NAICS_2012_Code; weight 1.000; Manufacturing of passenger and freight train cars, rebuilt"
Census_ASM_PxI,2012200006,BEA_2017_Code,336500,,"NAICS_2012_Code; weight 1.000; Manufacturing of cars (street, subway, trolley, and rapid transit), self-propelled and non-self-propelled, rebuilt"
Census_ASM_PxI,2012225000,BEA_2017_Code,336500,,"NAICS_2012_Code; weight 1.000; Manufacturing of railway equipment (rail layers, ballast spreaders, etc.), excluding rail cars"
Census_ASM_PxI,2012250000,BEA_2017_Code,336611,,"NAICS_2012_Code; weight 1.000; Manufacturing of ships, barges, and platforms, nonpropelled, new construction"
Census_ASM_PxI,2012275000,BEA_2017_Code,336611,,"NAICS_2012_Code; weight 1.000; Manufacturing of ships (including combat ships, troop transport vessels, fleet auxiliaries, and service craft), self-propelled, military, new construction"
Census_ASM_PxI,2012300000,BEA_2017_Code,336611,,"NAICS_2012_Code; weight 1.000; Manufacturing of ships, self-propelled, nonmilitary, new construction"
Census_ASM_PxI,2012300003,BEA_2017_Code,336611,,"NAICS_2012_Code; weight 1.000; Manufacturing of yachts, 65 ft or more in length (requires a professional crew as specified by the Coast Guard), self-propelled, nonmilitary, new construction"
Census_ASM_PxI,2012300006,BEA_2017_Code,336611,,"NAICS_2012_Code; weight 1.000; Manufacturing of commercial fishing trawlers and vessels (self-propelled, nonmilitary, new construction)"
Census_ASM_PxI,2012300009,BEA_2017_Code,336611,,"NAICS_2012_Code; weight 1.000; Manufacturing of tugboats and towboats (including integrated tug-barge combinations), self-propelled, nonmilitary, new construction"
Census_ASM_PxI,2012300012,BEA_2017_Code,336611,,"NAICS_2012_Code; weight 1.000; Manufacturing of ferryboats, self-propelled, nonmilitary, new construction"
Census_ASM_PxI,2012300015,BEA_2017_Code,336611,,"NAICS_2012_Code; weight 1.000; Manufacturing of support vessels, offshore drilling and mining, self-propelled, nonmilitary, new construction"
Census_ASM_PxI,2012300018,BEA_2017_Code,336611,,"NAICS_2012_Code; weight 1.000; Manufacturing of ships, other types (including container and trailer ships, dry bulk carriers, and tankers), self-propelled, nonmilitary, new construction"
Census_ASM_PxI,2012325000,BEA_2017_Code,336992,,NAICS_2012_Code; weight 1.000; Manufacturing of tanks
Census_ASM_PxI,2012350000,BEA_2017_Code,336992,,NAICS_2012_Code; weight 1.000; Manufacturing of self-propelled weapons and other full tracked combat vehicles and armored utility vehicles
Census_ASM_PxI,2012375000,BEA_2017_Code,336999,,NAICS_2012_Code; weight 1.000; Manufacturing of self-propelled golf carts (electric and gasoline) for carrying passengers and industrial in-plant personnel carriers
Census_ASM_PxI,2012400000,BEA_2017_Code,336414,,NAICS_2012_Code; weight 1.000; Manufacturing of complete guided missiles
Census_ASM_PxI,2012425000,BEA_2017_Code,336414,,NAICS_2012_Code; weight 1.000; Manufacturing of complete space vehicles (excluding propulsion systems)
Census_ASM_PxI,2012450000,BEA_2017_Code,33641A,,"NAICS_2012_Code; weight 1.000; Manufacturing of complete missiles, space vehicle engines, and propulsion units for U.S. Government military customers"
Census_ASM_PxI,2012475000,BEA_2017_Code,33641A,,"NAICS_2012_Code; weight 1.000; Manufacturing of complete missiles, space vehicle engines, and propulsion units for U.S. Government nonmilitary customers"
Census_ASM_PxI,2012500000,BEA_2017_Code,33641A,,"NAICS_2012_Code; weight 1.000; Manufacturing of complete missiles, space vehicle engines, and propulsion units for customers, excluding U.S. Government"
Census_ASM_PxI,2012525000,BEA_2017_Code,33641A,,NAICS_2012_Code; weight 1.000; Manufacturing of missile and space vehicle engine and propulsion parts and accessories
Census_ASM_PxI,2012525003,BEA_2017_Code,33641A,,NAICS_2012_Code; weight 1.000; Manufacturing of missile and space vehicle engine and propulsion parts and accessories for U.S. Government military customers
Census_ASM_PxI,2012525006,BEA_2017_Code,33641A,,NAICS_2012_Code; weight 1.000; Manufacturing of missile and space vehicle engine and propulsion parts and accessories for U.S. Government nonmilitary customers
Census_ASM_PxI,2012525009,BEA_2017_Code,33641A,,NAICS_2012_Code; weight 1.000; Manufacturing of missile and space vehicle engine and propulsion parts and accessories for other customers
Census_ASM_PxI,2012550000,BEA_2017_Code,333111,,"NAICS_2012_Code; weight 1.000; Manufacturing of farm-type, power take-off hp, wheel tractors (2- and 4-wheel drive) sold with or without attachments (excluding parts)"
Census_ASM_PxI,2012575000,BEA_2017_Code,333111,,"NAICS_2012_Code; weight 1.000; Manufacturing of farm dairy equipment, sprayers and dusters (excluding aerial types), farm blowers, and attachments"
Census_ASM_PxI,2012575003,BEA_2017_Code,333111,,NAICS_2012_Code; weight 1.000; Manufacturing of farm-type dairy machines and equipment
Census_ASM_PxI,2012575006,BEA_2017_Code,333111,,"NAICS_2012_Code; weight 1.000; Manufacturing of power sprayers, field and row crop types only, self-propelled"
Census_ASM_PxI,2012575009,BEA_2017_Code,333111,,"NAICS_2012_Code; weight 1.000; Manufacturing of power sprayers, field and row crop types only, tractor-mounted propelled"
Census_ASM_PxI,2012575012,BEA_2017_Code,333111,,"NAICS_2012_Code; weight 1.000; Manufacturing of PTO-driven sprayers and dusters, other than tractor-mounted"
Census_ASM_PxI,2012575015,BEA_2017_Code,333111,,"NAICS_2012_Code; weight 1.000; Manufacturing of power sprayers, other than row crop and field types (over 4 g.p.m)"
Census_ASM_PxI,2012575018,BEA_2017_Code,333111,,"NAICS_2012_Code; weight 1.000; Manufacturing of power sprayers, hand pulled and garden-type, 4 g.p.m. and under"
Census_ASM_PxI,2012575021,BEA_2017_Code,333111,,"NAICS_2012_Code; weight 1.000; Manufacturing of agricultural hand sprayers, under 1 gallon"
Census_ASM_PxI,2012575024,BEA_2017_Code,333111,,"NAICS_2012_Code; weight 1.000; Manufacturing of agricultural hand sprayers, compressed air or gas types, 1 gallon and over"
Census_ASM_PxI,2012575027,BEA_2017_Code,333111,,"NAICS_2012_Code; weight 1.000; Manufacturing of other agricultural hand sprayers, including knapsack, hose end, and flame sprayers and sprayer pump types, 1 gallon and over"
Census_ASM_PxI,2012575031,BEA_2017_Code,333111,,"NAICS_2012_Code; weight 1.000; Manufacturing of dusters, power, hand, all types"
Census_ASM_PxI,2012575033,BEA_2017_Code,333111,,"NAICS_2012_Code; weight 1.000; Manufacturing of all other sprayers, including air carried-type, portable foggers, and mist sprayers"
Census_ASM_PxI,2012575036,BEA_2017_Code,333111,,NAICS_2012_Code; weight 1.000; Manufacturing of attachments for sprayers and dusters
Census_ASM_PxI,2012575039,BEA_2017_Code,333111,,"NAICS_2012_Code; weight 1.000; Manufacturing of farm blowers and attachments, including forage blowers, combination grain and forage blowers"
Census_ASM_PxI,2012600000,BEA_2017_Code,333111,,"NAICS_2012_Code; weight 1.000; Manufacturing of planting, seeding, and fertilizing machinery and attachments, excluding turf machinery"
Census_ASM_PxI,2012600003,BEA_2017_Code,333111,,"NAICS_2012_Code; weight 1.000; Manufacturing of pull- and mounted-type corn planters, corn and cotton planters, and lister planters"
Census_ASM_PxI,2012600006,BEA_2017_Code,333111,,"NAICS_2012_Code; weight 1.000; Manufacturing of grain drills (fixed frame), all types"
Census_ASM_PxI,2012600009,BEA_2017_Code,333111,,"NAICS_2012_Code; weight 1.000; Manufacturing of transplanters (pull-type or mounted) and broadcast seeders (end-gate, mounted, and drawn)"
Census_ASM_PxI,2012600012,BEA_2017_Code,333111,,"NAICS_2012_Code; weight 1.000; Manufacturing of fertilizer distributors (pull-type or mounted) (excluding fertilizer attachments; lawn and garden hand types), dry (including lime spreaders)"
Census_ASM_PxI,2012600015,BEA_2017_Code,333111,,"NAICS_2012_Code; weight 1.000; Manufacturing of fertilizer distributors (pull-type or mounted) (excluding fertilizer attachments; lawn and garden hand types), liquid and anhydrous ammonia"
Census_ASM_PxI,2012600018,BEA_2017_Code,333111,,"NAICS_2012_Code; weight 1.000; Manufacturing of fertilizer distributors (pull-type or mounted) (excluding fertilizer attachments; lawn and garden hand types), manure spreaders, rear discharge"
Census_ASM_PxI,2012600021,BEA_2017_Code,333111,,"NAICS_2012_Code; weight 1.000; Manufacturing of fertilizer distributors (pull-type or mounted) (exclude fertilizer attachments; lawn and garden hand types), manure spreaders, side discharge"
Census_ASM_PxI,2012600024,BEA_2017_Code,333111,,"NAICS_2012_Code; weight 1.000; Manufacturing of fertilizer distributors (pull-type or mounted) (exclude fertilizer attachments; lawn and garden hand types), manure pumps, liquid"
Census_ASM_PxI,2012600027,BEA_2017_Code,333111,,"NAICS_2012_Code; weight 1.000; Manufacturing of front and rear tractor mounted loaders (farm-type), manure and general utility (excluding beet and sugarcane loaders)"
Census_ASM_PxI,2012600031,BEA_2017_Code,333111,,NAICS_2012_Code; weight 1.000; Manufacturing of row crop unit planters
Census_ASM_PxI,2012600033,BEA_2017_Code,333111,,"NAICS_2012_Code; weight 1.000; Manufacturing of other planting, seeding, and fertilizing machinery"
Census_ASM_PxI,2012600036,BEA_2017_Code,333111,,"NAICS_2012_Code; weight 1.000; Manufacturing of attachments, excluding planting attachments for lister, but including fertilizer attachments for plain drills, disc furrowing, grass waterway, check row plant, and grass seed attachments"
Census_ASM_PxI,2012625000,BEA_2017_Code,333111,,NAICS_2012_Code; weight 1.000; Manufacturing of harvesting machinery (excluding hay and straw) and attachments
Census_ASM_PxI,2012650000,BEA_2017_Code,333111,,NAICS_2012_Code; weight 1.000; Manufacturing of haying machinery and attachments
Census_ASM_PxI,2012650003,BEA_2017_Code,333111,,"NAICS_2012_Code; weight 1.000; Manufacturing of mowers, cutter-bar-type (including drum and disk, excluding mower-conditioners)"
Census_ASM_PxI,2012650006,BEA_2017_Code,333111,,NAICS_2012_Code; weight 1.000; Manufacturing of mower conditioners and windrowers with conditioner auger- and draper-type (pull-type and self-propelled)
Census_ASM_PxI,2012650009,BEA_2017_Code,333111,,"NAICS_2012_Code; weight 1.000; Manufacturing of rakes, side delivery, cylinder-type, finger wheel-type, rotary, tedder and combination rotary/tedder-type"
Census_ASM_PxI,2012650012,BEA_2017_Code,333111,,"NAICS_2012_Code; weight 1.000; Manufacturing of hay balers, field-type, and bale throwing attachments"
Census_ASM_PxI,2012650015,BEA_2017_Code,333111,,NAICS_2012_Code; weight 1.000; Manufacturing of other haying machinery
Census_ASM_PxI,2012650018,BEA_2017_Code,333111,,"NAICS_2012_Code; weight 1.000; Manufacturing of other attachments for haying machinery (stripper, bale chute, knife attachments, etc.)"
Census_ASM_PxI,2012675000,BEA_2017_Code,333111,,"NAICS_2012_Code; weight 1.000; Manufacturing of farm plows (including plowshares, primary tillage), harrows, rollers, pulverizers, cultivators and weeders, and attachments"
Census_ASM_PxI,2012675003,BEA_2017_Code,333111,,"NAICS_2012_Code; weight 1.000; Manufacturing of primary tillage equipment, sub-soilers (deep tillage), wide shank"
Census_ASM_PxI,2012675006,BEA_2017_Code,333111,,"NAICS_2012_Code; weight 1.000; Manufacturing of primary tillage equipment, terracing and ditching plows"
Census_ASM_PxI,2012675009,BEA_2017_Code,333111,,"NAICS_2012_Code; weight 1.000; Manufacturing of primary tillage equipment, chisel plows, deep tillage pull- or mounted-type (chisel or sweep-type)"
Census_ASM_PxI,2012675012,BEA_2017_Code,333111,,"NAICS_2012_Code; weight 1.000; Manufacturing of primary tillage equipment, other plows, excluding snow plows"
Census_ASM_PxI,2012675015,BEA_2017_Code,333111,,"NAICS_2012_Code; weight 1.000; Manufacturing of primary tillage equipment, attachments for plows (coulters, jointers, root cutters, sub-soilers, fertilizer distributors, powershares, etc.) (excluding lister planting attachments)"
Census_ASM_PxI,2012675018,BEA_2017_Code,333111,,"NAICS_2012_Code; weight 1.000; Manufacturing of secondary tillage equipment, spike-tooth harrow sections and spring-tooth and tine-tooth harrow sections"
Census_ASM_PxI,2012675021,BEA_2017_Code,333111,,"NAICS_2012_Code; weight 1.000; Manufacturing of secondary tillage equipment, disc harrows, single, tandem, and offset"
Census_ASM_PxI,2012675024,BEA_2017_Code,333111,,"NAICS_2012_Code; weight 1.000; Manufacturing of secondary tillage equipment, combination tillage equipment, roller/harrows, disc or coulter/field cultivators, disc or coulter/spring-tooth"
Census_ASM_PxI,2012675027,BEA_2017_Code,333111,,"NAICS_2012_Code; weight 1.000; Manufacturing of secondary tillage equipment, blade terracer or scrapers (farm size)"
Census_ASM_PxI,2012675031,BEA_2017_Code,333111,,"NAICS_2012_Code; weight 1.000; Manufacturing of primary tillage equipment, middlebusters and disc bedders (excluding planting attachments)"
Census_ASM_PxI,2012675033,BEA_2017_Code,333111,,"NAICS_2012_Code; weight 1.000; Manufacturing of secondary tillage equipment, land levelers"
Census_ASM_PxI,2012675036,BEA_2017_Code,333111,,"NAICS_2012_Code; weight 1.000; Manufacturing of secondary tillage equipment, all other harrows, rollers, pulverizers, and similar equipment"
Census_ASM_PxI,2012675039,BEA_2017_Code,333111,,"NAICS_2012_Code; weight 1.000; Manufacturing of secondary tillage attachments (including folding extension, furrow fillers, drawbars, adapter hitches, gauge wheels, and drawbar attachments)"
Census_ASM_PxI,2012675042,BEA_2017_Code,333111,,"NAICS_2012_Code; weight 1.000; Manufacturing of cultivators and weeders, secondary tillage (including corn, cotton, rotary field, and attachments)"
Census_ASM_PxI,2012700000,BEA_2017_Code,333111,,"NAICS_2012_Code; weight 1.000; Manufacturing of all other farm machinery and equipment (excluding parts), including attachments"
Census_ASM_PxI,2012700003,BEA_2017_Code,333111,,"NAICS_2012_Code; weight 1.000; Manufacturing of stalk shredders and cutters or rotary mowers (PTO), flail-type (without spout)"
Census_ASM_PxI,2012700006,BEA_2017_Code,333111,,"NAICS_2012_Code; weight 1.000; Manufacturing of stalk shredders and cutters or rotary mowers (PTO), horizontal-blade-type, 66 inches cutting width and under"
Census_ASM_PxI,2012700009,BEA_2017_Code,333111,,"NAICS_2012_Code; weight 1.000; Manufacturing of stalk shredders and cutters or rotary mowers (PTO), over 66 inches and up to 100 inches cutting width"
Census_ASM_PxI,2012700012,BEA_2017_Code,333111,,"NAICS_2012_Code; weight 1.000; Manufacturing of stalk shredders and cutters or rotary mowers (PTO), over 100 inches cutting width"
Census_ASM_PxI,2012700015,BEA_2017_Code,333111,,"NAICS_2012_Code; weight 1.000; Manufacturing of feed grinders and crushers, power"
Census_ASM_PxI,2012700018,BEA_2017_Code,333111,,"NAICS_2012_Code; weight 1.000; Manufacturing of feed mixers (farm size), stationary and portable"
Census_ASM_PxI,2012700021,BEA_2017_Code,333111,,"NAICS_2012_Code; weight 1.000; Manufacturing of driers (grain, hay, and seed), heated air crop driers"
Census_ASM_PxI,2012700024,BEA_2017_Code,333111,,"NAICS_2012_Code; weight 1.000; Manufacturing of driers (grain, hay, and seed), crop drying fans only (over 15,000 c.f.m. at approximately one-inch pressure)"
Census_ASM_PxI,2012700027,BEA_2017_Code,333111,,"NAICS_2012_Code; weight 1.000; Manufacturing of other machines for preparing crops for market or for use, including cotton ginning machinery and combination grinder-mixers"
Census_ASM_PxI,2012700031,BEA_2017_Code,333111,,NAICS_2012_Code; weight 1.000; Manufacturing of all other farm machinery and equipment attachments
Census_ASM_PxI,2012700033,BEA_2017_Code,333111,,"NAICS_2012_Code; weight 1.000; Manufacturing of farm poultry equipment, incubators"
Census_ASM_PxI,2012700036,BEA_2017_Code,333111,,"NAICS_2012_Code; weight 1.000; Manufacturing of farm poultry equipment, brooders, floor and hanging, gas, electric, oil, coal, wood and battery"
Census_ASM_PxI,2012700039,BEA_2017_Code,333111,,"NAICS_2012_Code; weight 1.000; Manufacturing of farm poultry equipment, poultry feeders (trough, hanging, and mechanical) and waterers (excluding turkey feeders and waterers)"
Census_ASM_PxI,2012700042,BEA_2017_Code,333111,,"NAICS_2012_Code; weight 1.000; Manufacturing of farm poultry equipment, other farm poultry equipment, including turkey waterers, mechanized egg graders, egg washers, and nests and cages"
Census_ASM_PxI,2012700045,BEA_2017_Code,333111,,NAICS_2012_Code; weight 1.000; Manufacturing of attachments for farm poultry equipment
Census_ASM_PxI,2012700048,BEA_2017_Code,333111,,"NAICS_2012_Code; weight 1.000; Manufacturing of other barn and barnyard equipment, silo and grain bin unloaders, forage and grain including seated storage unloader (farm-type)"
Census_ASM_PxI,2012700051,BEA_2017_Code,333111,,"NAICS_2012_Code; weight 1.000; Manufacturing of cattle and dairy barn equipment, feeding"
Census_ASM_PxI,2012700054,BEA_2017_Code,333111,,"NAICS_2012_Code; weight 1.000; Manufacturing of cattle and dairy barn equipment, handling"
Census_ASM_PxI,2012700057,BEA_2017_Code,333111,,"NAICS_2012_Code; weight 1.000; Manufacturing of cattle and dairy barn equipment, water"
Census_ASM_PxI,2012700061,BEA_2017_Code,333111,,"NAICS_2012_Code; weight 1.000; Manufacturing of other barn and barnyard equipment (excluding construction items such as partitioners, doors, windows, pillars, etc.)"
Census_ASM_PxI,2012700063,BEA_2017_Code,333111,,NAICS_2012_Code; weight 1.000; Manufacturing of other barn and barnyard equipment attachments
Census_ASM_PxI,2012700066,BEA_2017_Code,333111,,"NAICS_2012_Code; weight 1.000; Manufacturing of hog equipment, including feeding, handling, and water equipment and attachments"
Census_ASM_PxI,2012700069,BEA_2017_Code,333111,,"NAICS_2012_Code; weight 1.000; Manufacturing of farm wagons and other farm transportation equipment, wagons (chassis only) and trailer gears (excluding motor trucks), 4-wheel"
Census_ASM_PxI,2012700072,BEA_2017_Code,333111,,"NAICS_2012_Code; weight 1.000; Manufacturing of farm wagons and other farm transportation equipment, boxes and racks for mounting on wagons, and trailer gears, manual unloading or dump"
Census_ASM_PxI,2012700075,BEA_2017_Code,333111,,"NAICS_2012_Code; weight 1.000; Manufacturing of farm wagons and other farm transportation equipment, boxes and racks for mounting on wagons, and trailer gears, gravity unloading (grain-type only)"
Census_ASM_PxI,2012700078,BEA_2017_Code,333111,,"NAICS_2012_Code; weight 1.000; Manufacturing of farm wagons and other farm transportation equipment, boxes and racks for mounting on wagons, and trailer gears, power unloading"
Census_ASM_PxI,2012700081,BEA_2017_Code,333111,,"NAICS_2012_Code; weight 1.000; Manufacturing of farm wagons and other farm transportation equipment, boxes with internal running gear, grain- and forage-types"
Census_ASM_PxI,2012700084,BEA_2017_Code,333111,,NAICS_2012_Code; weight 1.000; Manufacturing of other farm wagons and transportation equipment
Census_ASM_PxI,2012700087,BEA_2017_Code,333111,,NAICS_2012_Code; weight 1.000; Manufacturing of farm wagons and other farm transportation equipment attachments
Census_ASM_PxI,2012700091,BEA_2017_Code,333111,,"NAICS_2012_Code; weight 1.000; Manufacturing of self-propelled irrigation systems, center-pivot"
Census_ASM_PxI,2012700093,BEA_2017_Code,333111,,"NAICS_2012_Code; weight 1.000; Manufacturing of self-propelled irrigation systems, all other systems using 100-foot flexible hose feeder line and over"
Census_ASM_PxI,2012725000,BEA_2017_Code,333111,,"NAICS_2012_Code; weight 1.000; Manufacturing of commercial turf and grounds care equipment, including attachments"
Census_ASM_PxI,2012725003,BEA_2017_Code,333111,,NAICS_2012_Code; weight 1.000; Manufacturing of powered nonriding mowers and rotary turf motors
Census_ASM_PxI,2012725006,BEA_2017_Code,333111,,NAICS_2012_Code; weight 1.000; Manufacturing of riding reel-type turf mowers (including greens mowers)
Census_ASM_PxI,2012725009,BEA_2017_Code,333111,,"NAICS_2012_Code; weight 1.000; Manufacturing of other mower equipment, including flail and rotary mower cutting units, including gang"
Census_ASM_PxI,2012725012,BEA_2017_Code,333111,,NAICS_2012_Code; weight 1.000; Manufacturing of commercial turf and grounds mowing equipment attachments
Census_ASM_PxI,2012725015,BEA_2017_Code,333111,,"NAICS_2012_Code; weight 1.000; Manufacturing of other commercial turf and grounds care equipment (excluding mowing), seeders, spreaders, and top dresser attachments"
Census_ASM_PxI,2012725018,BEA_2017_Code,333111,,"NAICS_2012_Code; weight 1.000; Manufacturing of other commercial turf and grounds care equipment (excluding mowing), aerators, spikers, dethatchers, and pluggers"
Census_ASM_PxI,2012725021,BEA_2017_Code,333111,,"NAICS_2012_Code; weight 1.000; Manufacturing of other commercial turf and grounds care equipment (excluding mowing), power brooms, blowers, vacuums, and sweepers"
Census_ASM_PxI,2012725024,BEA_2017_Code,333111,,"NAICS_2012_Code; weight 1.000; Manufacturing of other commercial turf and grounds care equipment (including trap rakes, transport trailers, turf tractors and trucks, sod cutters and sod harvesters, etc.), excluding agriculture and residential"
Census_ASM_PxI,2012725027,BEA_2017_Code,333111,,"NAICS_2012_Code; weight 1.000; Manufacturing of other commercial turf and ground care equipment attachments, excluding mowing equipment"
Census_ASM_PxI,2012750000,BEA_2017_Code,333120,,"NAICS_2012_Code; weight 1.000; Manufacturing of power cranes, draglines, shovels, and excavators (including surface mining equipment and attachments) (excluding parts)"
Census_ASM_PxI,2012750003,BEA_2017_Code,333120,,"NAICS_2012_Code; weight 1.000; Manufacturing of excavators, hydraulic-operated, crawler-mounted, rated size in metric tons, not more than 24 metric tons (26.46 short tons)
"
Census_ASM_PxI,2012750006,BEA_2017_Code,333120,,"NAICS_2012_Code; weight 1.000; Manufacturing of excavators, hydraulic-operated, crawler-mounted, rated size in metric tons, more than 24 metric but not more than 40 metric tons (44.09 short tons)"
Census_ASM_PxI,2012750009,BEA_2017_Code,333120,,"NAICS_2012_Code; weight 1.000; Manufacturing of excavators, hydraulic-operated, crawler-mounted, rated size in metric tons, more than 40 metric tons"
Census_ASM_PxI,2012750012,BEA_2017_Code,333120,,"NAICS_2012_Code; weight 1.000; Manufacturing of power cranes, hydraulic-operated, telescopic boom, wheel cranes (integral), multiple control stations, and rubber-mounted"
Census_ASM_PxI,2012750015,BEA_2017_Code,333120,,"NAICS_2012_Code; weight 1.000; Manufacturing of power cranes, hydraulic-operated, telescopic boom, pinned-on-type, telescopic and articulated"
Census_ASM_PxI,2012750018,BEA_2017_Code,333120,,"NAICS_2012_Code; weight 1.000; Manufacturing of power cranes, hydraulic-operated, telescopic boom, wheel cranes, one control station, self-propelled, and rubber-mounted"
Census_ASM_PxI,2012750021,BEA_2017_Code,333120,,"NAICS_2012_Code; weight 1.000; Manufacturing of power cranes, pedestal or shipmounted marine cranes"
Census_ASM_PxI,2012750024,BEA_2017_Code,333120,,"NAICS_2012_Code; weight 1.000; Manufacturing of other cranes and excavators built on-site, including locomotive wrecking, cable-operated excavators, draglines, and all-terrain cranes"
Census_ASM_PxI,2012750027,BEA_2017_Code,333120,,"NAICS_2012_Code; weight 1.000; Manufacturing of hoe attachments for power cranes, draglines, and excavators"
Census_ASM_PxI,2012750031,BEA_2017_Code,333120,,"NAICS_2012_Code; weight 1.000; Manufacturing of dragline bucket attachments, all sizes for power cranes, draglines, and excavators"
Census_ASM_PxI,2012750033,BEA_2017_Code,333120,,"NAICS_2012_Code; weight 1.000; Manufacturing of clamshell/grapple attachments, all sizes for power cranes, draglines, and excavators"
Census_ASM_PxI,2012750036,BEA_2017_Code,333120,,"NAICS_2012_Code; weight 1.000; Manufacturing of all other attachments for power cranes, draglines, and excavators"
Census_ASM_PxI,2012750039,BEA_2017_Code,333120,,"NAICS_2012_Code; weight 1.000; Manufacturing of all other power cranes, draglines, shovels, and excavators (including surface mining equipment and attachments) (excluding parts)"
Census_ASM_PxI,2012775000,BEA_2017_Code,333120,,"NAICS_2012_Code; weight 1.000; Manufacturing of mixers, pavers, and related equipment (excluding parts)"
Census_ASM_PxI,2012775003,BEA_2017_Code,333120,,"NAICS_2012_Code; weight 1.000; Manufacturing of concrete mixers (including plaster and mortar), portable, all sizes, either truck-mixer or agitator or otherwise for concrete, plaster, or mortar applications"
Census_ASM_PxI,2012775006,BEA_2017_Code,333120,,"NAICS_2012_Code; weight 1.000; Manufacturing of slipform concrete paving machines (including multipurpose, automated curb and gutter and concrete slipform pavers up to and including 34 feet wide) for concrete, plaster, or mortar applications"
Census_ASM_PxI,2012775009,BEA_2017_Code,333120,,"NAICS_2012_Code; weight 1.000; Manufacturing of concrete trowels for concrete, plaster, or mortar applications"
Census_ASM_PxI,2012775012,BEA_2017_Code,333120,,"NAICS_2012_Code; weight 1.000; Manufacturing of concrete vibrators (electric motor, gasoline engine, structural high-cycle, pneumatic, etc.) for concrete, plaster, or mortar applications"
Census_ASM_PxI,2012775015,BEA_2017_Code,333120,,"NAICS_2012_Code; weight 1.000; Manufacturing of concrete batching plants, bin and batch, for concrete aggregate only and bulk cement for concrete, plaster, or mortar applications"
Census_ASM_PxI,2012775018,BEA_2017_Code,333120,,"NAICS_2012_Code; weight 1.000; Manufacturing of all other concrete, plaster, and mortar mixing and paving machinery (including concrete pumps, mobile), and concrete screeds (hand-propelled or winch-type)"
Census_ASM_PxI,2012775021,BEA_2017_Code,333120,,"NAICS_2012_Code; weight 1.000; Manufacturing of bituminous distributors, for asphalt or bituminous applications"
Census_ASM_PxI,2012775024,BEA_2017_Code,333120,,"NAICS_2012_Code; weight 1.000; Manufacturing of bituminous pavers, self-propelled, 21,999 lbs gross weight and under (basic unit) for asphalt or bituminous applications"
Census_ASM_PxI,2012775027,BEA_2017_Code,333120,,"NAICS_2012_Code; weight 1.000; Manufacturing of bituminous pavers, self-propelled, 22,000 lbs gross weight and over (basic unit) for asphalt or bituminous applications"
Census_ASM_PxI,2012775031,BEA_2017_Code,333120,,NAICS_2012_Code; weight 1.000; Manufacturing of asphalt plants (including cold mix central plants) for asphalt or bituminous applications
Census_ASM_PxI,2012775033,BEA_2017_Code,333120,,"NAICS_2012_Code; weight 1.000; Manufacturing of bituminous stabilization mixing equipment (including central mixing plants and mix-in-place), cold planers/milling machine (self-propelled) for asphalt or bituminous applications"
Census_ASM_PxI,2012775036,BEA_2017_Code,333120,,NAICS_2012_Code; weight 1.000; Manufacturing of other asphalt and bituminous mixing and paving machinery for asphalt or bituminous applications
Census_ASM_PxI,2012775039,BEA_2017_Code,333120,,"NAICS_2012_Code; weight 1.000; Manufacturing of other mixers, pavers, and related equipment products, for use in either concrete or bituminous applications"
Census_ASM_PxI,2012800000,BEA_2017_Code,333120,,"NAICS_2012_Code; weight 1.000; Manufacturing of off-highway trucks, coal haulers, truck-type tractor chassis, trailers, and wagons (excluding parts)"
Census_ASM_PxI,2012800003,BEA_2017_Code,333120,,"NAICS_2012_Code; weight 1.000; Manufacturing of off-highway trucks, rear dump haulers (excluding parts)"
Census_ASM_PxI,2012800006,BEA_2017_Code,333120,,"NAICS_2012_Code; weight 1.000; Manufacturing of off-highway trucks, coal haulers, truck-type tractor chassis, trailers, and wagons (excluding parts)"
Census_ASM_PxI,2012825000,BEA_2017_Code,333120,,"NAICS_2012_Code; weight 1.000; Manufacturing of tractor shovel loaders (skid steer, wheel, crawler, and integral-design loader-backhoes)"
Census_ASM_PxI,2012825003,BEA_2017_Code,333120,,"NAICS_2012_Code; weight 1.000; Manufacturing of skid steer loaders, 4-wheel drive skid steer, all sizes"
Census_ASM_PxI,2012825006,BEA_2017_Code,333120,,"NAICS_2012_Code; weight 1.000; Manufacturing of wheel loaders, rear engine mount, integral design, 4-wheel drive, non-skid steer, below 149 NEPH"
Census_ASM_PxI,2012825009,BEA_2017_Code,333120,,"NAICS_2012_Code; weight 1.000; Manufacturing of wheel loaders, rear engine mount, integral design, 4-wheel drive, non-skid steer, 150 - 249 NEPH"
Census_ASM_PxI,2012825012,BEA_2017_Code,333120,,"NAICS_2012_Code; weight 1.000; Manufacturing of wheel loaders, rear engine mount, integral design, 4-wheel drive, non-skid steer, 250 NEPH and over"
Census_ASM_PxI,2012825015,BEA_2017_Code,333120,,NAICS_2012_Code; weight 1.000; Manufacturing of integral-design tractor shovel loader/backhoes (wheel tractor-chassis shipped as part of front engine mount contractor tractor)
Census_ASM_PxI,2012825018,BEA_2017_Code,333120,,"NAICS_2012_Code; weight 1.000; Manufacturing of all other tractor shovel loaders (skid steer, wheel, crawler, and integral-design loader-backhoes)"
Census_ASM_PxI,2012850000,BEA_2017_Code,333120,,"NAICS_2012_Code; weight 1.000; Manufacturing of construction wheel and crawler tractors, dozers, and self-propelled log skidders"
Census_ASM_PxI,2012875000,BEA_2017_Code,333120,,"NAICS_2012_Code; weight 1.000; Manufacturing of motor graders and light maintainers (including rollers and compactors, rough-terrain forklifts, scraper bowls, and self-propelled continuous ditchers and trenchers) (excluding parts)"
Census_ASM_PxI,2012875003,BEA_2017_Code,333120,,"NAICS_2012_Code; weight 1.000; Manufacturing of rollers, motor graders, light maintainers, and compactors (static smooth steel wheel rollers, tandem)"
Census_ASM_PxI,2012875006,BEA_2017_Code,333120,,NAICS_2012_Code; weight 1.000; Manufacturing of pneumatic tire rollers
Census_ASM_PxI,2012875009,BEA_2017_Code,333120,,"NAICS_2012_Code; weight 1.000; Manufacturing of vibratory single drum with 1 or 2 drive wheels, under 5 metric tons (5.51 short tons)"
Census_ASM_PxI,2012875012,BEA_2017_Code,333120,,"NAICS_2012_Code; weight 1.000; Manufacturing of vibratory single drum with 1 or 2 drive wheels, 5 metric tons and over"
Census_ASM_PxI,2012875015,BEA_2017_Code,333120,,"NAICS_2012_Code; weight 1.000; Manufacturing of vibratory double drum, two drums vibrating"
Census_ASM_PxI,2012875018,BEA_2017_Code,333120,,"NAICS_2012_Code; weight 1.000; Manufacturing of all other compaction equipment (excluding hand-held), including embankment and landfill compactors, towed roller and double drum-compactors with one drum vibrating"
Census_ASM_PxI,2012875021,BEA_2017_Code,333120,,"NAICS_2012_Code; weight 1.000; Manufacturing of rough-terrain forklifts (integral units only), vertical mast, 2-wheel drive"
Census_ASM_PxI,2012875024,BEA_2017_Code,333120,,"NAICS_2012_Code; weight 1.000; Manufacturing of rough-terrain forklifts (integral units only), vertical mast, 4-wheel drive"
Census_ASM_PxI,2012875027,BEA_2017_Code,333120,,"NAICS_2012_Code; weight 1.000; Manufacturing of rough-terrain forklifts (integral units only), telescopic handlers, 2- and 4-wheel drive"
Census_ASM_PxI,2012875031,BEA_2017_Code,333120,,NAICS_2012_Code; weight 1.000; Manufacturing of scraper bowls
Census_ASM_PxI,2012875033,BEA_2017_Code,333120,,"NAICS_2012_Code; weight 1.000; Manufacturing of ditchers and trenchers, ladder-type and wheel digging, element self-propelled (integral units only)"
Census_ASM_PxI,2012900000,BEA_2017_Code,333120,,"NAICS_2012_Code; weight 1.000; Manufacturing of construction machinery for mounting on tractors and other prime movers (excluding parts, winches, and materials-handling equipment)"
Census_ASM_PxI,2012900003,BEA_2017_Code,333120,,"NAICS_2012_Code; weight 1.000; Manufacturing of backhoes, either shipped for mounting separately or already mounted on an integral unit"
Census_ASM_PxI,2012900006,BEA_2017_Code,333120,,"NAICS_2012_Code; weight 1.000; Manufacturing of other construction machinery for mounting on tractors and other prime movers (excluding parts, winches, and materials-handling equipment)"
Census_ASM_PxI,2012925000,BEA_2017_Code,333120,,NAICS_2012_Code; weight 1.000; Manufacturing of other construction and forestry machinery and equipment (excluding parts)
Census_ASM_PxI,2012925003,BEA_2017_Code,333120,,"NAICS_2012_Code; weight 1.000; Manufacturing of portable crushing plants, screening plants, washing plants, and combination plants (excluding parts)"
Census_ASM_PxI,2012925006,BEA_2017_Code,333120,,"NAICS_2012_Code; weight 1.000; Manufacturing of snow clearing attachments for mounting on tractors or trucks (including truck-mounted salt and sand spreaders, v-shaped snow plows, single blades and wings, and snow blowers) (excluding parts)"
Census_ASM_PxI,2012925009,BEA_2017_Code,333120,,"NAICS_2012_Code; weight 1.000; Manufacturing of commercial brush, limb, and log chippers for waste wood reduction (excluding parts)"
Census_ASM_PxI,2012925012,BEA_2017_Code,333120,,NAICS_2012_Code; weight 1.000; Manufacturing of vertical earth augers and power posthole diggers (excluding water well and blasthole drills) (excluding parts)
Census_ASM_PxI,2012925015,BEA_2017_Code,333120,,NAICS_2012_Code; weight 1.000; Manufacturing of horizontal earth boring machines and accessories (excluding parts)
Census_ASM_PxI,2012925018,BEA_2017_Code,333120,,"NAICS_2012_Code; weight 1.000; Manufacturing of all other construction machinery and equipment, complete units"
Census_ASM_PxI,2012950000,BEA_2017_Code,333130,,NAICS_2012_Code; weight 1.000; Manufacturing of underground mining machinery (excluding parts)
Census_ASM_PxI,2012950003,BEA_2017_Code,333130,,"NAICS_2012_Code; weight 1.000; Manufacturing of continuous mining machines, borer, ripper, auger, and drum, including roadheading machines"
Census_ASM_PxI,2012950006,BEA_2017_Code,333130,,"NAICS_2012_Code; weight 1.000; Manufacturing of face haulage vehicles, rubber-tired, self-propelled"
Census_ASM_PxI,2012950009,BEA_2017_Code,333130,,"NAICS_2012_Code; weight 1.000; Manufacturing of support vehicles, rubber-tired or track-mounted"
Census_ASM_PxI,2012950012,BEA_2017_Code,333130,,NAICS_2012_Code; weight 1.000; Manufacturing of all other underground mining machinery (excluding parts)
Census_ASM_PxI,2012975000,BEA_2017_Code,333130,,NAICS_2012_Code; weight 1.000; Manufacturing of mineral processing and beneficiation machinery (excluding parts)
Census_ASM_PxI,2013000000,BEA_2017_Code,333130,,"NAICS_2012_Code; weight 1.000; Manufacturing of stationary crushing, pulverizing, and screening machinery (excluding parts)"
Census_ASM_PxI,2013000003,BEA_2017_Code,333130,,"NAICS_2012_Code; weight 1.000; Manufacturing of gyratory crushers, stationary-type (including skid-mounted)"
Census_ASM_PxI,2013000006,BEA_2017_Code,333130,,"NAICS_2012_Code; weight 1.000; Manufacturing of impact crushers, stationary-type (including skid-mounted)"
Census_ASM_PxI,2013000009,BEA_2017_Code,333130,,"NAICS_2012_Code; weight 1.000; Manufacturing of jaw crushers, stationary-type (including skid-mounted)"
Census_ASM_PxI,2013000012,BEA_2017_Code,333130,,"NAICS_2012_Code; weight 1.000; Manufacturing of roll crushers, stationary-type (including skid-mounted)"
Census_ASM_PxI,2013000015,BEA_2017_Code,333130,,"NAICS_2012_Code; weight 1.000; Manufacturing of grinding mills and pulverizers, stationary"
Census_ASM_PxI,2013000018,BEA_2017_Code,333130,,"NAICS_2012_Code; weight 1.000; Manufacturing of horizontal screens, vibrating, stationary"
Census_ASM_PxI,2013000021,BEA_2017_Code,333130,,"NAICS_2012_Code; weight 1.000; Manufacturing of inclined screens, vibrating, stationary"
Census_ASM_PxI,2013000024,BEA_2017_Code,333130,,"NAICS_2012_Code; weight 1.000; Manufacturing of other crushers, including trommel, stationary-type (including skid-mounted)"
Census_ASM_PxI,2013000027,BEA_2017_Code,333130,,"NAICS_2012_Code; weight 1.000; Manufacturing of other stationary crushing, pulverizing, and screening machinery (excluding parts)"
Census_ASM_PxI,2013025000,BEA_2017_Code,333130,,NAICS_2012_Code; weight 1.000; Manufacturing of drills and other mining machinery (excluding parts)
Census_ASM_PxI,2013025003,BEA_2017_Code,333130,,"NAICS_2012_Code; weight 1.000; Manufacturing of rock drills, air- and hydraulic-powered drills and breakers (rotary and percussion)"
Census_ASM_PxI,2013025006,BEA_2017_Code,333130,,"NAICS_2012_Code; weight 1.000; Manufacturing of coal drills, core drills, and breakers (rotary and percussion)"
Census_ASM_PxI,2013025009,BEA_2017_Code,333130,,"NAICS_2012_Code; weight 1.000; Manufacturing of roof bolters, drills, and breakers (rotary and percussion)"
Census_ASM_PxI,2013025012,BEA_2017_Code,333130,,NAICS_2012_Code; weight 1.000; Manufacturing of other drills and other mining machinery and equipment (excluding parts)
Census_ASM_PxI,2013050000,BEA_2017_Code,333130,,"NAICS_2012_Code; weight 1.000; Manufacturing of rotary oil and gas field drilling machinery and equipment, excluding parts"
Census_ASM_PxI,2013075000,BEA_2017_Code,333130,,"NAICS_2012_Code; weight 1.000; Manufacturing of other oil and gas field drilling machinery and equipment, excluding parts"
Census_ASM_PxI,2013100000,BEA_2017_Code,333130,,NAICS_2012_Code; weight 1.000; Manufacturing of oil and gas field production machinery and equipment (excluding pumps and parts)
Census_ASM_PxI,2013125000,BEA_2017_Code,333130,,NAICS_2012_Code; weight 1.000; Manufacturing of portable drilling rigs used on the surface (above ground)
Census_ASM_PxI,2013125003,BEA_2017_Code,333130,,"NAICS_2012_Code; weight 1.000; Manufacturing of portable rotary drilling rigs, truck, trailer, or crane carrier-mounted"
Census_ASM_PxI,2013125006,BEA_2017_Code,333130,,"NAICS_2012_Code; weight 1.000; Manufacturing of rotary blasthole drill rigs, truck, trailer, or track-mounted"
Census_ASM_PxI,2013125009,BEA_2017_Code,333130,,"NAICS_2012_Code; weight 1.000; Manufacturing of construction, bucket, and auger drilling rigs, no continuous fluid cleaning"
Census_ASM_PxI,2013125012,BEA_2017_Code,333130,,"NAICS_2012_Code; weight 1.000; Manufacturing of other portable drillings rigs, including workover (service), cable tool, and reverse circulation rigs"
Census_ASM_PxI,2013150000,BEA_2017_Code,333130,,"NAICS_2012_Code; weight 1.000; Manufacturing of oil and gas field derricks, substructures and accessories, including well-surveying machinery and equipment and well-logging equipment"
Census_ASM_PxI,2013175000,BEA_2017_Code,333914,,"NAICS_2012_Code; weight 1.000; Manufacturing of oil-well and oil-field pumps, excluding boiler feed (including the value of the driver if shipped as a complete unit)"
Census_ASM_PxI,2013200000,BEA_2017_Code,33329A,,"NAICS_2007_Code; weight 1.000; Manufacturing of woodworking sawmill equipment, including circular and band saws (head rigs), specialized sawmill materials handling equipment, and other woodworking  sawmill equipment"
Census_ASM_PxI,2013225000,BEA_2017_Code,33329A,,"NAICS_2007_Code; weight 1.000; Manufacturing of woodworking sawing machines (excluding sawmill equipment), planing machinery, sanding, boring, mortising, lathes, routers, shapers, assembling, multifunction, and other woodworking machines and equipment"
Census_ASM_PxI,2013250000,BEA_2017_Code,33329A,,"NAICS_2007_Code; weight 1.000; Manufacturing of woodworking saws, including circular and band saws and other woodworking machinery for home workshops, garages, and service shops (excluding chain saws and other power-driven handtools)"
Census_ASM_PxI,2013275000,BEA_2017_Code,33329A,,"NAICS_2007_Code; weight 1.000; Manufacturing of plastic screw extrusion machines, excluding patterns and molds"
Census_ASM_PxI,2013300000,BEA_2017_Code,33329A,,"NAICS_2007_Code; weight 1.000; Manufacturing of plastic molding machines, excluding patterns and molds"
Census_ASM_PxI,2013325000,BEA_2017_Code,33329A,,NAICS_2007_Code; weight 1.000; Manufacturing of other machinery for working plastics and making products from plastics
Census_ASM_PxI,2013325003,BEA_2017_Code,33329A,,"NAICS_2007_Code; weight 1.000; Manufacturing of thermoforming (vacuum forming) machinery for plastics manufacturing, excluding patterns and molds"
Census_ASM_PxI,2013325006,BEA_2017_Code,33329A,,NAICS_2007_Code; weight 1.000; Manufacturing of other machinery for working plastics and making products from plastics
Census_ASM_PxI,2013350000,BEA_2017_Code,33329A,,"NAICS_2007_Code; weight 1.000; Manufacturing of machinery for working rubber and making products of rubber, excluding tire molds"
Census_ASM_PxI,2013375000,BEA_2017_Code,33329A,,"NAICS_2007_Code; weight 1.000; Manufacturing of paper industry wood preparations equipment and other paper industry pulp mill machinery (including pulp mill digesters and deckers, etc.)"
Census_ASM_PxI,2013400000,BEA_2017_Code,33329A,,NAICS_2007_Code; weight 1.000; Manufacturing of paper mill paper making machines
Census_ASM_PxI,2013425000,BEA_2017_Code,33329A,,"NAICS_2007_Code; weight 1.000; Manufacturing of machines for making bags, boxes, molding articles in paper pulp, paper, paperboard, and paper and paperboard cutting machines, etc."
Census_ASM_PxI,2013425003,BEA_2017_Code,33329A,,NAICS_2007_Code; weight 1.000; Manufacturing of paper and paperboard cutting machines (excluding sheeters and winders)
Census_ASM_PxI,2013425006,BEA_2017_Code,33329A,,"NAICS_2007_Code; weight 1.000; Manufacturing of machines for making paper and paperboard bags, sacks, and envelopes"
Census_ASM_PxI,2013425009,BEA_2017_Code,33329A,,NAICS_2007_Code; weight 1.000; Manufacturing of paper and paperboard corrugated box making machines
Census_ASM_PxI,2013425012,BEA_2017_Code,33329A,,"NAICS_2007_Code; weight 1.000; Manufacturing of machines for making paper and paperboard cartons, boxes, cases, tubes, drums, and similar containers, excluding by molding (excluding corrugated box making machines)"
Census_ASM_PxI,2013425015,BEA_2017_Code,33329A,,NAICS_2007_Code; weight 1.000; Manufacturing of other paper and paperboard converting equipment for finishing paper or paperboard
Census_ASM_PxI,2013425018,BEA_2017_Code,33329A,,NAICS_2007_Code; weight 1.000; Manufacturing of other paper and paperboard converting equipment for converting paper and paperboard
Census_ASM_PxI,2013450000,BEA_2017_Code,33329A,,"NAICS_2007_Code; weight 1.000; Manufacturing of paper mill coating, calendering, rolling, and finishing machines"
Census_ASM_PxI,2013475000,BEA_2017_Code,33329A,,"NAICS_2007_Code; weight 1.000; Manufacturing of printing presses, offset lithographic, sheet-fed"
Census_ASM_PxI,2013500000,BEA_2017_Code,33329A,,"NAICS_2007_Code; weight 1.000; Manufacturing of printing presses, offset lithographic, roll-fed (web-fed), newspaper"
Census_ASM_PxI,2013525000,BEA_2017_Code,33329A,,"NAICS_2007_Code; weight 1.000; Manufacturing of printing presses, offset lithographic, other roll-fed (web-fed)"
Census_ASM_PxI,2013550000,BEA_2017_Code,33329A,,"NAICS_2007_Code; weight 1.000; Manufacturing of printing presses, offset lithographic, roll-fed (web-fed), commercial (including heat-set)"
Census_ASM_PxI,2013575000,BEA_2017_Code,33329A,,"NAICS_2007_Code; weight 1.000; Manufacturing of printing presses, flexographic, sheet-fed and roll-fed (web-fed)"
Census_ASM_PxI,2013600000,BEA_2017_Code,33329A,,NAICS_2007_Code; weight 1.000; Manufacturing of other printing presses
Census_ASM_PxI,2013625000,BEA_2017_Code,33329A,,"NAICS_2007_Code; weight 1.000; Manufacturing of binding machinery and equipment (including paper cutting, collating, and gathering machines)"
Census_ASM_PxI,2013650000,BEA_2017_Code,33329A,,NAICS_2007_Code; weight 1.000; Manufacturing of prepress preparatory equipment (excluding typesetting equipment and cameras)
Census_ASM_PxI,2013650003,BEA_2017_Code,33329A,,"NAICS_2007_Code; weight 1.000; Manufacturing of digital electronic prepress systems, components, and elements, including color and B/W scanners, digitizers, and recorders; other input or output devices; and digital previewers"
Census_ASM_PxI,2013650006,BEA_2017_Code,33329A,,NAICS_2007_Code; weight 1.000; Manufacturing of other prepress preparatory equipment
Census_ASM_PxI,2013650009,BEA_2017_Code,33329A,,NAICS_2007_Code; weight 1.000; Manufacturing of industrial etching and engraving laser systems and equipment
Census_ASM_PxI,2013675000,BEA_2017_Code,33329A,,"NAICS_2007_Code; weight 1.000; Manufacturing of other printing trades machinery and equipment, including platens and typesetting machinery (excluding typewriters and justifying typewriters)"
Census_ASM_PxI,2013700000,BEA_2017_Code,33329A,,NAICS_2007_Code; weight 1.000; Manufacturing of dairy and milk products plant machinery and equipment (excluding bottling and packaging)
Census_ASM_PxI,2013700003,BEA_2017_Code,33329A,,NAICS_2007_Code; weight 1.000; Manufacturing of industrial machinery and equipment for treating milk and dairy products by means of a change in temperature
Census_ASM_PxI,2013700006,BEA_2017_Code,33329A,,NAICS_2007_Code; weight 1.000; Manufacturing of other dairy and milk products plant machinery and equipment
Census_ASM_PxI,2013725000,BEA_2017_Code,333318,,"NAICS_2007_Code; weight 1.000; Manufacturing of commercial non-electric cooking and food-warming equipment (including ranges, deep fat fryers, griddles, toasters, coffee urns, pressure cookers, etc.) (excluding parts and accessories)"
Census_ASM_PxI,2013750000,BEA_2017_Code,333318,,"NAICS_2007_Code; weight 1.000; Manufacturing of commercial electric cooking and food-warming equipment (including ranges, deep fat fryers, griddles, toasters, coffee urns, pressure cookers, etc.) (excluding parts and accessories)"
Census_ASM_PxI,2013775000,BEA_2017_Code,33329A,,NAICS_2007_Code; weight 1.000; Manufacturing of commercial food products slicers
Census_ASM_PxI,2013800000,BEA_2017_Code,33329A,,"NAICS_2007_Code; weight 1.000; Manufacturing of commercial food products choppers, grinders, cutters, dicers, and similar machines"
Census_ASM_PxI,2013825000,BEA_2017_Code,33329A,,NAICS_2007_Code; weight 1.000; Manufacturing of commercial food products mixers and whippers (excluding drink mixers)
Census_ASM_PxI,2013850000,BEA_2017_Code,33329A,,"NAICS_2007_Code; weight 1.000; Manufacturing of other commercial food preparation machines, including tenderizers (power-driven) (excluding packaging machinery and food cooking and warming equipment)"
Census_ASM_PxI,2013875000,BEA_2017_Code,33329A,,"NAICS_2007_Code; weight 1.000; Manufacturing of industry bakery machinery and equipment, including dough mixers, dividers, molders, bake ovens, rolling machines, and other industrial bakery machinery and equipment"
Census_ASM_PxI,2013900000,BEA_2017_Code,33329A,,"NAICS_2007_Code; weight 1.000; Manufacturing of other industrial food and feed machinery, including presses, crushers, freezing and rapid chilling machines, driers, machines using a change in temperature to treat foods, cleaning/sorting/grading machines for seed, grain, and dried leguminous vegetables"
Census_ASM_PxI,2013925000,BEA_2017_Code,33329A,,"NAICS_2007_Code; weight 1.000; Manufacturing of other industrial machinery for sorting, grading, and cleaning fruits, vegetables, and eggs, and other machinery for processing and preparing meat and poultry"
Census_ASM_PxI,2013950000,BEA_2017_Code,333993,,"NAICS_2012_Code; weight 1.000; Manufacturing of cartoning, multipacking, and leaflet-coupon placing machinery (excluding parts)"
Census_ASM_PxI,2013975000,BEA_2017_Code,333993,,"NAICS_2012_Code; weight 1.000; Manufacturing of thermoforming, blister, and skin machinery, including carded display machinery (excluding parts)"
Census_ASM_PxI,2014000000,BEA_2017_Code,333993,,"NAICS_2012_Code; weight 1.000; Manufacturing of bagging machines (including pre-form opening, filling, and closing, modified atmosphere laminating, and form-fill-seal machines) (excluding parts)"
Census_ASM_PxI,2014025000,BEA_2017_Code,333993,,"NAICS_2012_Code; weight 1.000; Manufacturing of machinery for bottling, canning, cleaning, drying bottles and containers, and adhesive devices for packing, packaging, and bottling (excluding parts)"
Census_ASM_PxI,2014050000,BEA_2017_Code,333993,,"NAICS_2012_Code; weight 1.000; Manufacturing of liquids and dry viscous products filling machinery, including by count machinery (excluding bags and parts)"
Census_ASM_PxI,2014075000,BEA_2017_Code,333993,,"NAICS_2012_Code; weight 1.000; Manufacturing of glass and plastics container and can capping, sealing, and lidding machinery (excluding filling, bottling, and canning machinery, and parts)"
Census_ASM_PxI,2014100000,BEA_2017_Code,333993,,NAICS_2012_Code; weight 1.000; Manufacturing of labeling machinery (all types of applications and methods) (excluding parts)
Census_ASM_PxI,2014125000,BEA_2017_Code,333993,,"NAICS_2012_Code; weight 1.000; Manufacturing of coding, dating, imprinting, jet printing, marking, and stamping machinery (excluding parts)"
Census_ASM_PxI,2014150000,BEA_2017_Code,333993,,"NAICS_2012_Code; weight 1.000; Manufacturing of corrugated and solid fibre case and tray forming, loading, and sealing machinery (excluding parts)"
Census_ASM_PxI,2014175000,BEA_2017_Code,333993,,"NAICS_2012_Code; weight 1.000; Manufacturing of accumulating, collating, feeding, and unscrambling machinery, including testing, inspecting, detecting, checkweighing, and other quality control devices (excluding parts)"
Census_ASM_PxI,2014200000,BEA_2017_Code,333993,,"NAICS_2012_Code; weight 1.000; Manufacturing of paper, film, and foil wrapping machines, all types (excluding parts)"
Census_ASM_PxI,2014225000,BEA_2017_Code,333993,,"NAICS_2012_Code; weight 1.000; Manufacturing of all other miscellaneous packing, packaging, and bottling machinery or systems and combination of equipment (excluding parts)"
Census_ASM_PxI,2014250000,BEA_2017_Code,33329A,,"NAICS_2007_Code; weight 1.000; Manufacturing of chemical manufacturing mixing, kneading, crushing, grinding, sifting, homogenizing (excluding dairy), emulsifying, or stirring machines"
Census_ASM_PxI,2014275000,BEA_2017_Code,33329A,,NAICS_2007_Code; weight 1.000; Manufacturing of other chemical manufacturing machines and equipment
Census_ASM_PxI,2014275003,BEA_2017_Code,33329A,,"NAICS_2007_Code; weight 1.000; Manufacturing of chemical manufacturing distilling, rectifying, and fractionating machinery and equipment"
Census_ASM_PxI,2014275006,BEA_2017_Code,33329A,,NAICS_2007_Code; weight 1.000; Manufacturing of chemical manufacturing heat exchange units
Census_ASM_PxI,2014275009,BEA_2017_Code,33329A,,NAICS_2007_Code; weight 1.000; Manufacturing of chemical manufacturing dryers
Census_ASM_PxI,2014275012,BEA_2017_Code,33329A,,NAICS_2007_Code; weight 1.000; Manufacturing of chemical manufacturing gas or air liquefying machinery
Census_ASM_PxI,2014275015,BEA_2017_Code,33329A,,NAICS_2007_Code; weight 1.000; Manufacturing of other chemical manufacturing machines and equipment
Census_ASM_PxI,2014300000,BEA_2017_Code,33329A,,"NAICS_2007_Code; weight 1.000; Manufacturing of stone, clay, and glass working machinery"
Census_ASM_PxI,2014300003,BEA_2017_Code,33329A,,"NAICS_2007_Code; weight 1.000; Manufacturing of sawing machines for working stone, ceramics, and similar materials (including glass), excluding parts"
Census_ASM_PxI,2014300006,BEA_2017_Code,33329A,,"NAICS_2007_Code; weight 1.000; Manufacturing of grinding or polishing machines for glass working and working stone, ceramics, or similar materials,  excluding parts"
Census_ASM_PxI,2014300009,BEA_2017_Code,33329A,,"NAICS_2007_Code; weight 1.000; Manufacturing of other special industry glass working machines, excluding parts"
Census_ASM_PxI,2014300012,BEA_2017_Code,33329A,,"NAICS_2007_Code; weight 1.000; Manufacturing of other special industry machines for working stone, ceramics, and similar materials, excluding glass and parts"
Census_ASM_PxI,2014300015,BEA_2017_Code,33329A,,"NAICS_2007_Code; weight 1.000; Manufacturing of clay products forming equipment (brick, tile, ceramic), excluding parts"
Census_ASM_PxI,2014300018,BEA_2017_Code,33329A,,"NAICS_2007_Code; weight 1.000; Manufacturing of concrete block and other forming equipment, excluding parts"
Census_ASM_PxI,2014300021,BEA_2017_Code,33329A,,"NAICS_2007_Code; weight 1.000; Manufacturing of cement making machinery, excluding parts"
Census_ASM_PxI,2014325000,BEA_2017_Code,33329A,,"NAICS_2007_Code; weight 1.000; Manufacturing of glassmaking machinery and equipment, including machines for hot working glass or glassware, excluding parts"
Census_ASM_PxI,2014350000,BEA_2017_Code,33329A,,"NAICS_2007_Code; weight 1.000; Manufacturing of foundry machinery and equipment, excluding patterns and molds"
Census_ASM_PxI,2014350003,BEA_2017_Code,33329A,,"NAICS_2007_Code; weight 1.000; Manufacturing of foundry pouring equipment, including ladles, crucibles, and pouring machines"
Census_ASM_PxI,2014350006,BEA_2017_Code,33329A,,NAICS_2007_Code; weight 1.000; Manufacturing of foundry molding and core-making machines
Census_ASM_PxI,2014350009,BEA_2017_Code,33329A,,"NAICS_2007_Code; weight 1.000; Manufacturing of foundry casting machines, excluding die casting machines, patterns, and molds"
Census_ASM_PxI,2014350012,BEA_2017_Code,33329A,,"NAICS_2007_Code; weight 1.000; Manufacturing of foundry blast cleaning machines (hydraulic, pneumatic, and airless)"
Census_ASM_PxI,2014350015,BEA_2017_Code,33329A,,"NAICS_2007_Code; weight 1.000; Manufacturing of other foundry machinery and equipment (including converters), excluding patterns and molds"
Census_ASM_PxI,2014375000,BEA_2017_Code,33329A,,"NAICS_2007_Code; weight 1.000; Manufacturing of through-hole printed circuit board manufacturing machinery, excluding parts and testing"
Census_ASM_PxI,2014400000,BEA_2017_Code,33329A,,"NAICS_2007_Code; weight 1.000; Manufacturing of other printed circuit board manufacturing machinery and equipment (including surface mount machinery), excluding parts and testing"
Census_ASM_PxI,2014400003,BEA_2017_Code,33329A,,"NAICS_2007_Code; weight 1.000; Manufacturing of surface mount printed circuit board manufacturing machinery, excluding testing"
Census_ASM_PxI,2014400006,BEA_2017_Code,33329A,,"NAICS_2007_Code; weight 1.000; Manufacturing of other printed circuit board manufacturing machinery and equipment, excluding testing"
Census_ASM_PxI,2014425000,BEA_2017_Code,33329A,,NAICS_2007_Code; weight 1.000; Manufacturing of other special industry machinery and equipment
Census_ASM_PxI,2014425003,BEA_2017_Code,33329A,,"NAICS_2007_Code; weight 1.000; Manufacturing of petroleum refining, distilling, and fractionating machinery and equipment and heat exchange units, and other petroleum refining machinery, excluding parts"
Census_ASM_PxI,2014425006,BEA_2017_Code,33329A,,"NAICS_2007_Code; weight 1.000; Manufacturing of tobacco processing machinery, excluding parts"
Census_ASM_PxI,2014425009,BEA_2017_Code,33329A,,"NAICS_2007_Code; weight 1.000; Manufacturing of filtering and purifying machinery and apparatus for desalinization, excluding parts"
Census_ASM_PxI,2014425012,BEA_2017_Code,33329A,,NAICS_2007_Code; weight 1.000; Manufacturing of laboratory distilling equipment (excluding desalinization equipment)
Census_ASM_PxI,2014425015,BEA_2017_Code,33329A,,"NAICS_2007_Code; weight 1.000; Manufacturing of footwear manufacturing and repairing machinery, excluding shoe sole stitching machines"
Census_ASM_PxI,2014425018,BEA_2017_Code,33329A,,"NAICS_2007_Code; weight 1.000; Manufacturing of industrial sewing machine heads (including shoe sole stitching machine heads), excluding parts"
Census_ASM_PxI,2014425021,BEA_2017_Code,33329A,,"NAICS_2007_Code; weight 1.000; Manufacturing of automatic industrial sewing machinery, excluding parts"
Census_ASM_PxI,2014425024,BEA_2017_Code,33329A,,NAICS_2007_Code; weight 1.000; Manufacturing of industrial sewing machine furniture
Census_ASM_PxI,2014425027,BEA_2017_Code,33329A,,NAICS_2007_Code; weight 1.000; Manufacturing of machines for insulating electrical wire for cable
Census_ASM_PxI,2014425031,BEA_2017_Code,33329A,,"NAICS_2007_Code; weight 1.000; Manufacturing of electric battery manufacturing machinery, excluding parts"
Census_ASM_PxI,2014450000,BEA_2017_Code,33329A,,"NAICS_2007_Code; weight 1.000; Manufacturing of textile machinery (including fiber to fabric textile, hand looms, lace, embroidery, bleaching, printing, and other textile industry machinery, excluding parts, attachments, and accessories)"
Census_ASM_PxI,2014475000,BEA_2017_Code,333242,,"NAICS_2007_Code; weight 1.000; Manufacturing of semiconductor wafer processing equipment, thin layer chemical and physical vapor deposition, plasma etch and other semiconductor equipment and parts"
Census_ASM_PxI,2014475003,BEA_2017_Code,333242,,"NAICS_2007_Code; weight 1.000; Manufacturing of semiconductor wafer processing equipment, thin layer chemical and physical vapor deposition"
Census_ASM_PxI,2014475006,BEA_2017_Code,333242,,"NAICS_2007_Code; weight 1.000; Manufacturing of semiconductor wafer processing equipment, plasma and wet etch"
Census_ASM_PxI,2014475009,BEA_2017_Code,333242,,"NAICS_2007_Code; weight 1.000; Manufacturing of semiconductor wafer processing equipment, thin layer epitaxial growth deposition"
Census_ASM_PxI,2014475012,BEA_2017_Code,333242,,"NAICS_2007_Code; weight 1.000; Manufacturing of semiconductor wafer processing equipment, pattern generating apparatus"
Census_ASM_PxI,2014475015,BEA_2017_Code,333242,,"NAICS_2007_Code; weight 1.000; Manufacturing of ion implantation, including current and voltage ion implanters"
Census_ASM_PxI,2014500000,BEA_2017_Code,33329A,,NAICS_2007_Code; weight 1.000; Manufacturing of all other miscellaneous special industry machinery
Census_ASM_PxI,2014525000,BEA_2017_Code,333517,,NAICS_2007_Code; weight 1.000; Manufacturing of metal gear cutting machines
Census_ASM_PxI,2014550000,BEA_2017_Code,333517,,"NAICS_2007_Code; weight 1.000; Manufacturing of metal grinding, polishing, buffing, honing, and lapping machines, excluding gear-tooth grinding, lapping, polishing, and buffing machines"
Census_ASM_PxI,2014575000,BEA_2017_Code,333517,,NAICS_2007_Code; weight 1.000; Manufacturing of metal lathes (turning machines) numerically and nonnumerically controlled
Census_ASM_PxI,2014600000,BEA_2017_Code,333517,,NAICS_2007_Code; weight 1.000; Manufacturing of metal milling machines (excluding machining centers)
Census_ASM_PxI,2014625000,BEA_2017_Code,333517,,"NAICS_2007_Code; weight 1.000; Manufacturing of metal drilling, grinding and polishing, sawing and cut-off, and other metalworking machines for home workshops, laboratories, garages, etc. (including automotive cylinder reboring machines and lathes)"
Census_ASM_PxI,2014650000,BEA_2017_Code,333517,,"NAICS_2007_Code; weight 1.000; Manufacturing of rebuilt metal cutting machine tools, and remanufactured metal cutting machine tools"
Census_ASM_PxI,2014650003,BEA_2017_Code,333517,,NAICS_2007_Code; weight 1.000; Manufacturing of rebuilt metal cutting-type machine tools (including machines returned to same configuration they were in when new from factory)
Census_ASM_PxI,2014650006,BEA_2017_Code,333517,,NAICS_2007_Code; weight 1.000; Manufacturing of remanufactured metal cutting-type machine tools (including machines in which the original carcass is reused and all possible modern improvements have been incorporated)
Census_ASM_PxI,2014675000,BEA_2017_Code,333517,,NAICS_2007_Code; weight 1.000; Manufacturing of metal machining centers (multifunction numerically controlled machines)
Census_ASM_PxI,2014700000,BEA_2017_Code,333517,,NAICS_2007_Code; weight 1.000; Manufacturing of metal station-type machines
Census_ASM_PxI,2014725000,BEA_2017_Code,333517,,"NAICS_2007_Code; weight 1.000; Manufacturing of other metal cutting machine tools (excluding those designed primarily for home workshops, laboratories, garages, etc.)"
Census_ASM_PxI,2014750000,BEA_2017_Code,333517,,NAICS_2007_Code; weight 1.000; Manufacturing of metal boring machines and drilling machines (excluding machining centers)
Census_ASM_PxI,2014775000,BEA_2017_Code,33399A,,"NAICS_2012_Code; weight 1.000; Manufacturing of arc welding machines, components, and accessories, excluding electrodes and stud welding equipment"
Census_ASM_PxI,2014800000,BEA_2017_Code,33399A,,"NAICS_2012_Code; weight 1.000; Manufacturing of resistance welders, components, accessories, and electrodes"
Census_ASM_PxI,2014825000,BEA_2017_Code,33399A,,NAICS_2012_Code; weight 1.000; Manufacturing of gas welding and cutting equipment
Census_ASM_PxI,2014825003,BEA_2017_Code,33399A,,NAICS_2012_Code; weight 1.000; Manufacturing of gas welding and cutting torches (including gas air torches)
Census_ASM_PxI,2014825006,BEA_2017_Code,33399A,,"NAICS_2012_Code; weight 1.000; Manufacturing of gas cutting machines and carriages, stationary and portable"
Census_ASM_PxI,2014825009,BEA_2017_Code,33399A,,"NAICS_2012_Code; weight 1.000; Manufacturing of other gas welding and cutting equipment, excluding pressure containers"
Census_ASM_PxI,2014850000,BEA_2017_Code,33399A,,"NAICS_2012_Code; weight 1.000; Manufacturing of other welding equipment, components, and accessories (excluding arc, resistance, and gas welding equipment)"
Census_ASM_PxI,2014875000,BEA_2017_Code,33329A,,NAICS_2007_Code; weight 1.000; Manufacturing of vibratory metal finishing machines
Census_ASM_PxI,2014875003,BEA_2017_Code,33329A,,"NAICS_2007_Code; weight 1.000; Manufacturing of electroplating equipment, excluding rolling mill lines (excluding parts)"
Census_ASM_PxI,2014875006,BEA_2017_Code,33329A,,"NAICS_2007_Code; weight 1.000; Manufacturing of vibratory finishing machines, excluding parts"
Census_ASM_PxI,2014875009,BEA_2017_Code,33329A,,"NAICS_2007_Code; weight 1.000; Manufacturing of metal plating equipment, excluding electroplating (excluding parts)"
Census_ASM_PxI,2014875012,BEA_2017_Code,33329A,,"NAICS_2007_Code; weight 1.000; Manufacturing of other metal finishing equipment, excluding electroplating and rolling mill equipment (excluding parts)"
Census_ASM_PxI,2014875015,BEA_2017_Code,33329A,,NAICS_2007_Code; weight 1.000; Manufacturing of metal degreasing machines
Census_ASM_PxI,2014900000,BEA_2017_Code,33351B,,"NAICS_2007_Code; weight 1.000; Manufacturing of rotary transfer metalworking assembly machines (dial and rotary, trunnion, center column)"
Census_ASM_PxI,2014925000,BEA_2017_Code,33351B,,"NAICS_2007_Code; weight 1.000; Manufacturing of inline transfer, synchronous metalworking assembly machines"
Census_ASM_PxI,2014930000,BEA_2017_Code,33441A,,NAICS_2012_Code; weight 1.000; Manufacturing of bare printed circuit boards
Census_ASM_PxI,2014930003,BEA_2017_Code,33441A,,NAICS_2012_Code; weight 1.000; Manufacturing of glass printed circuit boards
Census_ASM_PxI,2014930006,BEA_2017_Code,33441A,,NAICS_2012_Code; weight 1.000; Manufacturing of flex printed circuit boards
Census_ASM_PxI,2014930009,BEA_2017_Code,33441A,,NAICS_2012_Code; weight 1.000; Manufacturing of other printed circuit boards
Census_ASM_PxI,2014950000,BEA_2017_Code,33351B,,"NAICS_2007_Code; weight 1.000; Manufacturing of inline transfer, nonsynchronous metalworking assembly machines"
Census_ASM_PxI,2014975000,BEA_2017_Code,33351B,,NAICS_2007_Code; weight 1.000; Manufacturing of special-purpose and other types of metalworking assembly machines
Census_ASM_PxI,2015000000,BEA_2017_Code,333517,,NAICS_2007_Code; weight 1.000; Manufacturing of metal punching and shearing machines (including power and manual) and bending and forming machines (power only)
Census_ASM_PxI,2015025000,BEA_2017_Code,333517,,NAICS_2007_Code; weight 1.000; Manufacturing of metalworking presses (excluding forging and die-stamping presses)
Census_ASM_PxI,2015050000,BEA_2017_Code,333517,,"NAICS_2007_Code; weight 1.000; Manufacturing of other metal forming machine tools, including forging and die-stamping machines (excluding metalworking presses)"
Census_ASM_PxI,2015075000,BEA_2017_Code,333517,,NAICS_2007_Code; weight 1.000; Manufacturing of rebuilt and remanufactured metal forming machine tools
Census_ASM_PxI,2015075003,BEA_2017_Code,333517,,NAICS_2007_Code; weight 1.000; Manufacturing of rebuilt metal forming machine tools (including machines returned to same configuration they were in when new from factory)
Census_ASM_PxI,2015075006,BEA_2017_Code,333517,,NAICS_2007_Code; weight 1.000; Manufacturing of remanufactured metal forming machine tools (including machines in which the basic carcass is reused and all possible modern improvements have been incorporated)
Census_ASM_PxI,2015100000,BEA_2017_Code,33351B,,NAICS_2007_Code; weight 1.000; Manufacturing of hot rolling mill machinery (including combination hot and cold) (excluding tube rolling)
Census_ASM_PxI,2015125000,BEA_2017_Code,33351B,,"NAICS_2007_Code; weight 1.000; Manufacturing of cold rolling mill machinery (including tandem, single stand and other)"
Census_ASM_PxI,2015150000,BEA_2017_Code,331510,,"NAICS_2012_Code; weight 1.000; Manufacturing of alloy steel rolls for rolling mills, excluding investment"
Census_ASM_PxI,2015175000,BEA_2017_Code,33351B,,NAICS_2007_Code; weight 1.000; Manufacturing of other rolling mill machinery (including tube mill machinery)
Census_ASM_PxI,2015175003,BEA_2017_Code,33351B,,NAICS_2007_Code; weight 1.000; Manufacturing of tube rolling mill machinery
Census_ASM_PxI,2015175006,BEA_2017_Code,33351B,,"NAICS_2007_Code; weight 1.000; Manufacturing of processing lines (including pickling and cleaning, tinning, galvanizing, etc.), scarfing units, and press feed lines"
Census_ASM_PxI,2015175009,BEA_2017_Code,33351B,,"NAICS_2007_Code; weight 1.000; Manufacturing of other rolling mill machinery and equipment, excluding parts"
Census_ASM_PxI,2015175012,BEA_2017_Code,33351B,,NAICS_2007_Code; weight 1.000; Manufacturing of machined rolls for rolling mills
Census_ASM_PxI,2015200000,BEA_2017_Code,33351B,,NAICS_2007_Code; weight 1.000; Manufacturing of other metalworking machinery (excluding handheld and ultrasonic)
Census_ASM_PxI,2015200003,BEA_2017_Code,33351B,,"NAICS_2007_Code; weight 1.000; Manufacturing of metalworking draw benches and wiredrawing machines (excluding dies, handheld, and ultrasonic)"
Census_ASM_PxI,2015200006,BEA_2017_Code,33351B,,NAICS_2007_Code; weight 1.000; Manufacturing of wire rope and wire cable making machines (excluding handheld and ultrasonic)
Census_ASM_PxI,2015200009,BEA_2017_Code,33351B,,NAICS_2007_Code; weight 1.000; Manufacturing of other metalworking machines for working wire (excluding handheld and ultrasonic)
Census_ASM_PxI,2015200012,BEA_2017_Code,33351B,,NAICS_2007_Code; weight 1.000; Manufacturing of cut-to-length coil handling lines (conversion or straightening) (excluding handheld and ultrasonic)
Census_ASM_PxI,2015200015,BEA_2017_Code,33351B,,NAICS_2007_Code; weight 1.000; Manufacturing of slitting coil handling lines (conversion or straightening) (excluding handheld and ultrasonic)
Census_ASM_PxI,2015200018,BEA_2017_Code,33351B,,NAICS_2007_Code; weight 1.000; Manufacturing of other metalworking machinery (excluding handheld and ultrasonic)
Census_ASM_PxI,2015225000,BEA_2017_Code,333991,,"NAICS_2012_Code; weight 1.000; Manufacturing of power-driven handtools, pneumatic, hydraulic, and powder-actuated"
Census_ASM_PxI,2015225003,BEA_2017_Code,333991,,"NAICS_2012_Code; weight 1.000; Manufacturing of pneumatic percussion handtools (including runners, riveters, chippers, and scalers)"
Census_ASM_PxI,2015225006,BEA_2017_Code,333991,,"NAICS_2012_Code; weight 1.000; Manufacturing of pneumatic drills, screwdrivers, and nut-runners"
Census_ASM_PxI,2015225009,BEA_2017_Code,333991,,NAICS_2012_Code; weight 1.000; Manufacturing of pneumatic hand impact wrenches
Census_ASM_PxI,2015225012,BEA_2017_Code,333991,,"NAICS_2012_Code; weight 1.000; Manufacturing of pneumatic rotary hand grinders, polishers, and sanders"
Census_ASM_PxI,2015225015,BEA_2017_Code,333991,,"NAICS_2012_Code; weight 1.000; Manufacturing of other pneumatic hand grinders, polishers, sanders, and powder-actuated handtools"
Census_ASM_PxI,2015225018,BEA_2017_Code,333991,,NAICS_2012_Code; weight 1.000; Manufacturing of pneumatic hand staplers
Census_ASM_PxI,2015225021,BEA_2017_Code,333991,,NAICS_2012_Code; weight 1.000; Manufacturing of pneumatic hand nailers
Census_ASM_PxI,2015225024,BEA_2017_Code,333991,,NAICS_2012_Code; weight 1.000; Manufacturing of other pneumatic-powered handtools
Census_ASM_PxI,2015225027,BEA_2017_Code,333991,,NAICS_2012_Code; weight 1.000; Manufacturing of hydraulic power-driven handtools
Census_ASM_PxI,2015250000,BEA_2017_Code,333991,,"NAICS_2012_Code; weight 1.000; Manufacturing of power-driven and internal combustion engine driven handtools (including chain saws, cut-off saws, and drills)"
Census_ASM_PxI,2015275000,BEA_2017_Code,333991,,"NAICS_2012_Code; weight 1.000; Manufacturing of power-driven handtools, battery-powered (cordless)"
Census_ASM_PxI,2015275003,BEA_2017_Code,333991,,"NAICS_2012_Code; weight 1.000; Manufacturing of battery-powered (cordless) screwdrivers (without 3-jaw chuck), driver-drills, drills, and handsaws"
Census_ASM_PxI,2015275006,BEA_2017_Code,333991,,NAICS_2012_Code; weight 1.000; Manufacturing of other battery-powered (cordless) handtools
Census_ASM_PxI,2015300000,BEA_2017_Code,333991,,"NAICS_2012_Code; weight 1.000; Manufacturing of power-driven handtools, electric (excluding battery-powered)"
Census_ASM_PxI,2015300003,BEA_2017_Code,333991,,NAICS_2012_Code; weight 1.000; Manufacturing of drills (excluding battery-powered)
Census_ASM_PxI,2015300006,BEA_2017_Code,333991,,"NAICS_2012_Code; weight 1.000; Manufacturing of electric hand jig, saber, and circular saws (armature mounted on ball bearings, sleeve bearings, and on other than ball bearings), and reciprocating saws (excluding battery-powered)"
Census_ASM_PxI,2015300009,BEA_2017_Code,333991,,NAICS_2012_Code; weight 1.000; Manufacturing of electric screwdrivers and nut-runners (excluding battery-powered)
Census_ASM_PxI,2015300012,BEA_2017_Code,333991,,"NAICS_2012_Code; weight 1.000; Manufacturing of electric hand right angle polishers, circular sanders, and grinders, less than 7 in. wheel drive (excluding battery-powered)"
Census_ASM_PxI,2015300015,BEA_2017_Code,333991,,NAICS_2012_Code; weight 1.000; Manufacturing of electric hand shears and nibblers (excluding battery-powered)
Census_ASM_PxI,2015300018,BEA_2017_Code,333991,,"NAICS_2012_Code; weight 1.000; Manufacturing of all other electric hand polishers, circular sanders, and grinders, including die grinders (excluding bench) (excluding battery-powered)"
Census_ASM_PxI,2015300021,BEA_2017_Code,333991,,NAICS_2012_Code; weight 1.000; Manufacturing of electric hand belt sanders (excluding battery-powered)
Census_ASM_PxI,2015300024,BEA_2017_Code,333991,,NAICS_2012_Code; weight 1.000; Manufacturing of electric hand chain saws (excluding battery-powered)
Census_ASM_PxI,2015300027,BEA_2017_Code,333991,,"NAICS_2012_Code; weight 1.000; Manufacturing of electric hand oscillating, reciprocating, vibrating, and random orbit sanders (excluding battery-powered)"
Census_ASM_PxI,2015300031,BEA_2017_Code,333991,,NAICS_2012_Code; weight 1.000; Manufacturing of other electric-powered handtools (excluding battery-powered)
Census_ASM_PxI,2015300033,BEA_2017_Code,333991,,"NAICS_2012_Code; weight 1.000; Manufacturing of electric hand routers, less than 1/2 in. collet size (maximum collet capacity) (excluding battery-powered)"
Census_ASM_PxI,2015300036,BEA_2017_Code,333991,,"NAICS_2012_Code; weight 1.000; Manufacturing of electric hand routers, 1/2 in. collet size (maximum collet capacity) or more (excluding battery-powered)"
Census_ASM_PxI,2015325000,BEA_2017_Code,333920,,NAICS_2012_Code; weight 1.000; Manufacturing of unit handling gravity and trolley conveyors and conveying systems (excluding hoists and farm elevators)
Census_ASM_PxI,2015325003,BEA_2017_Code,333920,,NAICS_2012_Code; weight 1.000; Manufacturing of unit handling gravity conveyors and conveying systems (skate wheel and roller) (excluding hoists and farm elevators)
Census_ASM_PxI,2015325006,BEA_2017_Code,333920,,NAICS_2012_Code; weight 1.000; Manufacturing of unit handling trolley (overhead) conveyors and conveying systems (excluding hoists and farm elevators)
Census_ASM_PxI,2015350000,BEA_2017_Code,333920,,"NAICS_2012_Code; weight 1.000; Manufacturing of unit handling tow, belt, roller, pneumatic, portable, carousel, and other nonbelt conveyors and conveying systems"
Census_ASM_PxI,2015350003,BEA_2017_Code,333920,,"NAICS_2012_Code; weight 1.000; Manufacturing of unit handling powered conveyors and conveying systems, belt and roller"
Census_ASM_PxI,2015350006,BEA_2017_Code,333920,,"NAICS_2012_Code; weight 1.000; Manufacturing of all other unit handling conveyors and conveying systems (including pneumatic, portable, tow, and carousel) (excluding belt, hoists, roller, and farm elevators)"
Census_ASM_PxI,2015375000,BEA_2017_Code,333920,,"NAICS_2012_Code; weight 1.000; Manufacturing of bulk material handling belt conveyors and conveying systems (including screw, portable, vibrating, and pneumatic conveyors and conveying systems) (excluding farm conveyors and elevators)"
Census_ASM_PxI,2015400000,BEA_2017_Code,333920,,"NAICS_2012_Code; weight 1.000; Manufacturing of farm elevators, conveyors, and stackers"
Census_ASM_PxI,2015400003,BEA_2017_Code,333920,,"NAICS_2012_Code; weight 1.000; Manufacturing of farm conveyors, elevators, and stackers, single- and double-chain-type"
Census_ASM_PxI,2015400006,BEA_2017_Code,333920,,"NAICS_2012_Code; weight 1.000; Manufacturing of farm conveyors, elevators, and stackers, auger-type"
Census_ASM_PxI,2015400009,BEA_2017_Code,333920,,"NAICS_2012_Code; weight 1.000; Manufacturing of other farm elevators, conveyors, and stackers"
Census_ASM_PxI,2015425000,BEA_2017_Code,333920,,"NAICS_2012_Code; weight 1.000; Manufacturing of all other bulk material handling conveyors and conveying systems (including loading and unloading, trippers, throwers, feeders, bins, gates, etc.)"
Census_ASM_PxI,2015450000,BEA_2017_Code,333920,,"NAICS_2012_Code; weight 1.000; Manufacturing of hoists, all types"
Census_ASM_PxI,2015450003,BEA_2017_Code,333920,,NAICS_2012_Code; weight 1.000; Manufacturing of chain hand hoists
Census_ASM_PxI,2015450006,BEA_2017_Code,333920,,NAICS_2012_Code; weight 1.000; Manufacturing of electric (roller and link) chain hoists
Census_ASM_PxI,2015450009,BEA_2017_Code,333920,,"NAICS_2012_Code; weight 1.000; Manufacturing of other hoists, powered by electric motor"
Census_ASM_PxI,2015450012,BEA_2017_Code,333920,,"NAICS_2012_Code; weight 1.000; Manufacturing of electric wire rope hoists (excluding hand, mine shaft, and slope wire rope hoists)"
Census_ASM_PxI,2015450015,BEA_2017_Code,333920,,NAICS_2012_Code; weight 1.000; Manufacturing of air or other nonelectric chain hoists (excluding hand)
Census_ASM_PxI,2015450018,BEA_2017_Code,333920,,"NAICS_2012_Code; weight 1.000; Manufacturing of air and other nonelectric wire rope hoists (excluding hand, mine shaft, and slope wire rope hoists)"
Census_ASM_PxI,2015450021,BEA_2017_Code,333920,,"NAICS_2012_Code; weight 1.000; Manufacturing of other hoists, not powered by electric motor"
Census_ASM_PxI,2015475000,BEA_2017_Code,333920,,NAICS_2012_Code; weight 1.000; Manufacturing of overhead traveling cranes and monorail systems (excluding parts)
Census_ASM_PxI,2015475003,BEA_2017_Code,333920,,NAICS_2012_Code; weight 1.000; Manufacturing of single top running bridge-type overhead traveling cranes (excluding construction power cranes)
Census_ASM_PxI,2015475006,BEA_2017_Code,333920,,NAICS_2012_Code; weight 1.000; Manufacturing of under running bridge-type overhead traveling cranes (excluding construction power cranes)
Census_ASM_PxI,2015475009,BEA_2017_Code,333920,,NAICS_2012_Code; weight 1.000; Manufacturing of gantry-type overhead traveling cranes (excluding construction power cranes)
Census_ASM_PxI,2015475012,BEA_2017_Code,333920,,NAICS_2012_Code; weight 1.000; Manufacturing of stacker-storage-type overhead traveling cranes (excluding construction power cranes)
Census_ASM_PxI,2015475015,BEA_2017_Code,333920,,NAICS_2012_Code; weight 1.000; Manufacturing of other overhead traveling cranes on fixed support
Census_ASM_PxI,2015475018,BEA_2017_Code,333920,,NAICS_2012_Code; weight 1.000; Manufacturing of other overhead traveling cranes
Census_ASM_PxI,2015475021,BEA_2017_Code,333920,,"NAICS_2012_Code; weight 1.000; Manufacturing of buckets, grabs, and grips for overhead traveling cranes"
Census_ASM_PxI,2015475024,BEA_2017_Code,333920,,NAICS_2012_Code; weight 1.000; Manufacturing of monorail systems (manual and powered)
Census_ASM_PxI,2015500000,BEA_2017_Code,333920,,NAICS_2012_Code; weight 1.000; Manufacturing of double top running bridge-type overhead traveling cranes (excluding construction power cranes)
Census_ASM_PxI,2015525000,BEA_2017_Code,333920,,NAICS_2012_Code; weight 1.000; Manufacturing of personnel aerial work platforms (excluding parts)
Census_ASM_PxI,2015550000,BEA_2017_Code,333920,,"NAICS_2012_Code; weight 1.000; Manufacturing of winches for mounting on wheel and crawler tractors and other prime movers, complete units"
Census_ASM_PxI,2015550003,BEA_2017_Code,333920,,"NAICS_2012_Code; weight 1.000; Manufacturing of winches for mounting on wheel and machinery for mounting, winches (towing, logging, and oilfield types), excluding parts"
Census_ASM_PxI,2015550006,BEA_2017_Code,333920,,"NAICS_2012_Code; weight 1.000; Manufacturing of winches for crawler tractors and other prime movers (complete units), and other materials-handling machinery for mounting"
Census_ASM_PxI,2015575000,BEA_2017_Code,333920,,"NAICS_2012_Code; weight 1.000; Manufacturing of electric and other winches, including marine use and automobile hoists used on tow trucks"
Census_ASM_PxI,2015575003,BEA_2017_Code,333920,,"NAICS_2012_Code; weight 1.000; Manufacturing of electric winches, including marine use (excluding winches for tractor mounting and parts)"
Census_ASM_PxI,2015575006,BEA_2017_Code,333920,,"NAICS_2012_Code; weight 1.000; Manufacturing of other winches, including automobile hoists used on tow trucks (excluding winches for mounting on wheel or crawler tractors)"
Census_ASM_PxI,2015600000,BEA_2017_Code,333920,,"NAICS_2012_Code; weight 1.000; Manufacturing of work trucks, operator riding, self-propelled, electric motor powered"
Census_ASM_PxI,2015625000,BEA_2017_Code,333920,,"NAICS_2012_Code; weight 1.000; Manufacturing of work trucks, fork lifts, and tractors fitted or not fitted with lifting and handling equipment, self-propelled, electric, gasoline, and other power system"
Census_ASM_PxI,2015650000,BEA_2017_Code,333920,,"NAICS_2012_Code; weight 1.000; Manufacturing of bulk powered material moving equipment, dock boards, pallet and skid movers, and hand carts and vehicles"
Census_ASM_PxI,2015650003,BEA_2017_Code,333920,,"NAICS_2012_Code; weight 1.000; Manufacturing of bulk powered material moving equipment, dock boards, and pallet and skid movers"
Census_ASM_PxI,2015650006,BEA_2017_Code,333920,,NAICS_2012_Code; weight 1.000; Manufacturing of other hand carts and vehicles
Census_ASM_PxI,2015675000,BEA_2017_Code,333920,,NAICS_2012_Code; weight 1.000; Manufacturing of other work trucks with lifting and handling equipment
Census_ASM_PxI,2015700000,BEA_2017_Code,333611,,"NAICS_2012_Code; weight 1.000; Manufacturing of turbine generator sets, excluding prime mover generator sets"
Census_ASM_PxI,2015725000,BEA_2017_Code,333611,,NAICS_2012_Code; weight 1.000; Manufacturing of steam turbines and other vapor turbines
Census_ASM_PxI,2015750000,BEA_2017_Code,333611,,"NAICS_2012_Code; weight 1.000; Manufacturing of other turbines and turbine generators, including hydraulic turbines, wind turbines, and turbine generators"
Census_ASM_PxI,2015775000,BEA_2017_Code,333611,,"NAICS_2012_Code; weight 1.000; Manufacturing of gas turbines, excluding aircraft (all sizes)"
Census_ASM_PxI,2015800000,BEA_2017_Code,335312,,"NAICS_2012_Code; weight 1.000; Manufacturing of prime mover generator sets, excluding steam and hydraulic turbine"
Census_ASM_PxI,2015825000,BEA_2017_Code,335312,,NAICS_2012_Code; weight 1.000; Manufacturing of fractional motor generator sets and other rotating equipment (including hermetics)
Census_ASM_PxI,2015850000,BEA_2017_Code,335312,,NAICS_2012_Code; weight 1.000; Manufacturing of integral motor generator sets and other rotating equipment (including hermetics)
Census_ASM_PxI,2015875000,BEA_2017_Code,335311,,"NAICS_2012_Code; weight 1.000; Manufacturing of power and distribution transformers, excluding parts"
Census_ASM_PxI,2015900000,BEA_2017_Code,335311,,"NAICS_2012_Code; weight 1.000; Manufacturing of transmission and distribution voltage regulators, boosters, and other special-purpose transformers"
Census_ASM_PxI,2015925000,BEA_2017_Code,335313,,"NAICS_2012_Code; weight 1.000; Manufacturing of power circuit breakers, all voltages"
Census_ASM_PxI,2015950000,BEA_2017_Code,335313,,"NAICS_2012_Code; weight 1.000; Manufacturing of switchgear, excluding ducts and relays"
Census_ASM_PxI,2015950003,BEA_2017_Code,335313,,"NAICS_2012_Code; weight 1.000; Manufacturing of automatic and manual control panels (generators, transformers, feed-controls, etc.)"
Census_ASM_PxI,2015950006,BEA_2017_Code,335313,,"NAICS_2012_Code; weight 1.000; Manufacturing of metal-clad switchgear (using power circuit breakers, oil and oilless), all voltages above 1,000 volts, up to and including 38kv, excluding load interrupter switchgear"
Census_ASM_PxI,2015950009,BEA_2017_Code,335313,,"NAICS_2012_Code; weight 1.000; Manufacturing of metal-enclosed load interrupter switchgear assemblies, all voltages"
Census_ASM_PxI,2015950012,BEA_2017_Code,335313,,"NAICS_2012_Code; weight 1.000; Manufacturing of metal-enclosed low voltage power circuit breaker switchgear assemblies 1,000 volts and below, excluding load interrupter switchgear"
Census_ASM_PxI,2015950015,BEA_2017_Code,335313,,"NAICS_2012_Code; weight 1.000; Manufacturing of metal-enclosed bus bars, above 1,000 volts, including isolated, segregated, nonsegregated and cable bus bars"
Census_ASM_PxI,2015950018,BEA_2017_Code,335313,,"NAICS_2012_Code; weight 1.000; Manufacturing of power switching equipment, indoor and outdoor, excluding structures"
Census_ASM_PxI,2015950021,BEA_2017_Code,335313,,"NAICS_2012_Code; weight 1.000; Manufacturing of power and ground connectors, overhead transmission and distribution, all types"
Census_ASM_PxI,2015950024,BEA_2017_Code,335313,,"NAICS_2012_Code; weight 1.000; Manufacturing of power fuses, fuse links, and distribution cutouts"
Census_ASM_PxI,2015950027,BEA_2017_Code,335313,,"NAICS_2012_Code; weight 1.000; Manufacturing of other switchgear devices, including regulators and miscellaneous switchboard devices"
Census_ASM_PxI,2015975000,BEA_2017_Code,335999,,NAICS_2012_Code; weight 1.000; Manufacturing of capacitors for industrial use (excluding for electronic circuitry)
Census_ASM_PxI,2016000000,BEA_2017_Code,335999,,NAICS_2012_Code; weight 1.000; Manufacturing of semiconductor power conversion apparatus and rectifying apparatus (excluding for electronic circuitry)
Census_ASM_PxI,2016000003,BEA_2017_Code,335999,,NAICS_2012_Code; weight 1.000; Manufacturing of semiconductor high-voltage power supplies in excess of 2 kv
Census_ASM_PxI,2016000006,BEA_2017_Code,335999,,NAICS_2012_Code; weight 1.000; Manufacturing of all other AC to DC semiconductor power conversion and rectifying apparatus (excluding for electronic circuitry)
Census_ASM_PxI,2016025000,BEA_2017_Code,335999,,"NAICS_2012_Code; weight 1.000; Manufacturing of other electrical equipment for industrial use, including industrial-use surge suppressors (excluding for electronic circuitry)"
Census_ASM_PxI,2016050000,BEA_2017_Code,332999,,NAICS_2007_Code; weight 1.000; Manufacturing of foundry patterns
Census_ASM_PxI,2016075000,BEA_2017_Code,332999,,NAICS_2007_Code; weight 1.000; Manufacturing of all other industrial patterns (excluding shoe patterns)
Census_ASM_PxI,2016100000,BEA_2017_Code,333511,,"NAICS_2012_Code; weight 1.000; Manufacturing of industrial molds made of metal, for low-pressure and high-pressure die-casting of metal or metal carbides (excluding ingot molds)"
Census_ASM_PxI,2016125000,BEA_2017_Code,333511,,"NAICS_2012_Code; weight 1.000; Manufacturing of industrial molds made of metal and other materials, excluding industrial injection or compression molds made of metal for plastics"
Census_ASM_PxI,2016125003,BEA_2017_Code,333511,,NAICS_2012_Code; weight 1.000; Manufacturing of industrial permanent molds made of metal for gravity casting (excluding ingot molds)
Census_ASM_PxI,2016125006,BEA_2017_Code,333511,,NAICS_2012_Code; weight 1.000; Manufacturing of other industrial molds made of metal for metal or metal carbides (excluding ingot molds)
Census_ASM_PxI,2016125009,BEA_2017_Code,333511,,NAICS_2012_Code; weight 1.000; Manufacturing of industrial molds made of metal for wax
Census_ASM_PxI,2016125012,BEA_2017_Code,333511,,NAICS_2012_Code; weight 1.000; Manufacturing of industrial molds made of metal for mineral materials
Census_ASM_PxI,2016125015,BEA_2017_Code,333511,,NAICS_2012_Code; weight 1.000; Manufacturing of industrial molds made of metal for glass
Census_ASM_PxI,2016125018,BEA_2017_Code,333511,,NAICS_2012_Code; weight 1.000; Manufacturing of industrial injection and compression-type molds made of metal for rubber
Census_ASM_PxI,2016125021,BEA_2017_Code,333511,,NAICS_2012_Code; weight 1.000; Manufacturing of other industrial molds made of metal for rubber
Census_ASM_PxI,2016125024,BEA_2017_Code,333511,,NAICS_2012_Code; weight 1.000; Manufacturing of industrial molds made of metal for other materials
Census_ASM_PxI,2016125027,BEA_2017_Code,333511,,NAICS_2012_Code; weight 1.000; Manufacturing of industrial mold bases made of metal
Census_ASM_PxI,2016125033,BEA_2017_Code,333511,,"NAICS_2012_Code; weight 1.000; Manufacturing of industrial molds made of materials other than metal, for metal, metal carbides, glass, mineral materials, rubber, and plastics"
Census_ASM_PxI,2016125036,BEA_2017_Code,333511,,NAICS_2012_Code; weight 1.000; Manufacturing of all other miscellaneous industrial molds made of materials other than metal
Census_ASM_PxI,2016125039,BEA_2017_Code,333511,,NAICS_2012_Code; weight 1.000; Manufacturing of industrial mold boxes and flasks for use with patterns and sand molds in foundries
Census_ASM_PxI,2016150000,BEA_2017_Code,333511,,"NAICS_2012_Code; weight 1.000; Manufacturing of industrial injection-type, compression-type, and other industrial molds (including matched metal, transfer, plunger, and rotational molds) made of metal for plastics"
Census_ASM_PxI,2016175000,BEA_2017_Code,333514,,NAICS_2012_Code; weight 1.000; Manufacturing of jigs and fixtures (including parts)
Census_ASM_PxI,2016200000,BEA_2017_Code,333514,,NAICS_2012_Code; weight 1.000; Manufacturing of metalworking die and die sets
Census_ASM_PxI,2016225000,BEA_2017_Code,333514,,"NAICS_2012_Code; weight 1.000; Manufacturing of punches, die parts, and other special tooling"
Census_ASM_PxI,2016250000,BEA_2017_Code,332420,,"NAICS_2012_Code; weight 1.000; Manufacturing of seamless and welded, ferrous and nonferrous gas cylinders"
Census_ASM_PxI,2016275000,BEA_2017_Code,332420,,"NAICS_2012_Code; weight 1.000; Manufacturing of pressure tanks, including liquefied petroleum gas and air receivers, ferrous and nonferrous metal (standard line pressure)"
Census_ASM_PxI,2016275003,BEA_2017_Code,332420,,"NAICS_2012_Code; weight 1.000; Manufacturing of liquefied petroleum gas tanks (all types), ferrous and nonferrous metal, complete at factory (standard line pressure)"
Census_ASM_PxI,2016275006,BEA_2017_Code,332420,,"NAICS_2012_Code; weight 1.000; Manufacturing of air receivers (tanks), ferrous and nonferrous metal, complete at factory (standard line pressure)"
Census_ASM_PxI,2016275009,BEA_2017_Code,332420,,"NAICS_2012_Code; weight 1.000; Manufacturing of other pressure tanks (including anhydrous ammonia tanks), ferrous and nonferrous metal, complete at factory (standard line pressure)"
Census_ASM_PxI,2016300000,BEA_2017_Code,332420,,NAICS_2012_Code; weight 1.000; Manufacturing of ferrous and nonferrous metal storage tanks (standard line nonpressure)
Census_ASM_PxI,2016325000,BEA_2017_Code,332420,,"NAICS_2012_Code; weight 1.000; Manufacturing of ferrous metal pressure tanks and vessels (more than 24 inch outside diameter and not less than 5 cu ft capacity), custom fabricated at the factory "
Census_ASM_PxI,2016325003,BEA_2017_Code,332420,,"NAICS_2012_Code; weight 1.000; Manufacturing of ferrous metal pressure tanks and vessels (more than 24 inch outside diameter and not less than 5 cu ft capacity), custom fabricated at the factory, for refineries, chemical plants, and paper mills"
Census_ASM_PxI,2016325006,BEA_2017_Code,332420,,"NAICS_2012_Code; weight 1.000; Manufacturing of ferrous metal pressure tanks and vessels (more than 24 inch outside diameter and not less than 5 cu ft capacity), custom fabricated at the factory, for other processing industries"
Census_ASM_PxI,2016350000,BEA_2017_Code,332420,,"NAICS_2012_Code; weight 1.000; Manufacturing of all other metal tanks and vessels, custom fabricated at the factory"
Census_ASM_PxI,2016350003,BEA_2017_Code,332420,,"NAICS_2012_Code; weight 1.000; Manufacturing of nonferrous metal process pressure vessels, tanks, and kettles for refineries, chemical plants, paper mills (more than 24 in. outside diameter and not less than 5 cu ft cap.), custom fabricated at the factory"
Census_ASM_PxI,2016350006,BEA_2017_Code,332420,,"NAICS_2012_Code; weight 1.000; Manufacturing of liquefied petroleum gas tanks, ferrous and nonferrous, custom fabricated at the factory"
Census_ASM_PxI,2016350009,BEA_2017_Code,332420,,"NAICS_2012_Code; weight 1.000; Manufacturing of all other ferrous metal tanks and vessels, custom fabricated at the factory"
Census_ASM_PxI,2016350012,BEA_2017_Code,332420,,"NAICS_2012_Code; weight 1.000; Manufacturing of all other nonferrous metal tanks and vessels, custom fabricated at the factory"
Census_ASM_PxI,2016375000,BEA_2017_Code,332410,,NAICS_2012_Code; weight 1.000; Manufacturing of fabricated heat exchangers and steam condensers closed types (excluding nuclear applications) including bar and fin tube
Census_ASM_PxI,2016400000,BEA_2017_Code,332410,,"NAICS_2012_Code; weight 1.000; Manufacturing of water tube steel, fire tube steam and vertical, and other power boilers (stationary and marine) (excluding nuclear applications)"
Census_ASM_PxI,2016425000,BEA_2017_Code,332410,,"NAICS_2012_Code; weight 1.000; Manufacturing of nuclear reactor steam supply systems, heat exchangers and condensers, pressurizers, components, and auxiliary equipment"
Census_ASM_PxI,2016450000,BEA_2017_Code,333914,,NAICS_2012_Code; weight 1.000; Manufacturing of domestic sump pumps (1 hp or less) (including the value of the driver if shipped as a complete unit)
Census_ASM_PxI,2016475000,BEA_2017_Code,333914,,"NAICS_2012_Code; weight 1.000; Manufacturing of industrial pumps, excluding hydraulic fluid power pumps, automotive circulating pumps, and measuring and dispensing pumps"
Census_ASM_PxI,2016475003,BEA_2017_Code,333914,,NAICS_2012_Code; weight 1.000; Manufacturing of centrifugal pumps
Census_ASM_PxI,2016475006,BEA_2017_Code,333914,,NAICS_2012_Code; weight 1.000; Manufacturing of vertical turbine pumps
Census_ASM_PxI,2016475009,BEA_2017_Code,333914,,NAICS_2012_Code; weight 1.000; Manufacturing of reciprocating pumps
Census_ASM_PxI,2016475012,BEA_2017_Code,333914,,NAICS_2012_Code; weight 1.000; Manufacturing of diaphragm pumps
Census_ASM_PxI,2016475015,BEA_2017_Code,333914,,NAICS_2012_Code; weight 1.000; Manufacturing of rotary pumps
Census_ASM_PxI,2016475018,BEA_2017_Code,333914,,"NAICS_2012_Code; weight 1.000; Manufacturing of other industrial pumps, including value of drivers (excluding hydraulic fluid power pumps, automotive circulating pumps, and measuring and dispensing pumps)"
Census_ASM_PxI,2016500000,BEA_2017_Code,333914,,"NAICS_2012_Code; weight 1.000; Manufacturing of other pumps, excluding packaged pumps, hand pumps, automotive circulating pumps, locomotive pumps, hydraulic fluid power pumps, measuring and dispensing pumps, and industrial spraying equipment"
Census_ASM_PxI,2016525000,BEA_2017_Code,333914,,NAICS_2012_Code; weight 1.000; Manufacturing of locomotive fuel lubricating or cooling medium pumps
Census_ASM_PxI,2016550000,BEA_2017_Code,333912,,"NAICS_2012_Code; weight 1.000; Manufacturing of air and gas compressors (excluding compressors for ice making, refrigeration, and air-conditioning equipment), including air motors and packaged compressors"
Census_ASM_PxI,2016550003,BEA_2017_Code,333912,,"NAICS_2012_Code; weight 1.000; Manufacturing of air compressors, including value of drivers"
Census_ASM_PxI,2016550006,BEA_2017_Code,333912,,"NAICS_2012_Code; weight 1.000; Manufacturing of gas compressors, including value of drivers"
Census_ASM_PxI,2016550009,BEA_2017_Code,333912,,NAICS_2012_Code; weight 1.000; Manufacturing of mounted air compressors for trucks
Census_ASM_PxI,2016550012,BEA_2017_Code,333912,,"NAICS_2012_Code; weight 1.000; Manufacturing of other air and gas compressors, including value of drivers (excluding compressors for ice making, refrigeration, and air-conditioning equipment)"
Census_ASM_PxI,2016575000,BEA_2017_Code,333912,,"NAICS_2012_Code; weight 1.000; Manufacturing of vacuum pumps (compressors) (including value of the driver if shipped as a complete unit), excluding laboratory"
Census_ASM_PxI,2016600000,BEA_2017_Code,333912,,"NAICS_2012_Code; weight 1.000; Manufacturing of industrial spraying equipment, excluding parts and attachments"
Census_ASM_PxI,2016625000,BEA_2017_Code,333914,,"NAICS_2012_Code; weight 1.000; Manufacturing of domestic water systems (pumps for farm and home use), excluding irrigation pumps"
Census_ASM_PxI,2016650000,BEA_2017_Code,33399A,,NAICS_2012_Code; weight 1.000; Manufacturing of industrial robots
Census_ASM_PxI,2016675000,BEA_2017_Code,33399A,,NAICS_2012_Code; weight 1.000; Manufacturing of gas separating equipment
Census_ASM_PxI,2016700000,BEA_2017_Code,33399A,,"NAICS_2012_Code; weight 1.000; Manufacturing of centrifugals (including laboratory centrifuges) and separators (excluding cream, grain, and berry)"
Census_ASM_PxI,2016725000,BEA_2017_Code,33399A,,"NAICS_2012_Code; weight 1.000; Manufacturing of all other separatory products, for general industry use"
Census_ASM_PxI,2016725003,BEA_2017_Code,33399A,,NAICS_2012_Code; weight 1.000; Manufacturing of steam and vapor separators
Census_ASM_PxI,2016725006,BEA_2017_Code,33399A,,NAICS_2012_Code; weight 1.000; Manufacturing of sifting and screening machines
Census_ASM_PxI,2016725009,BEA_2017_Code,33399A,,"NAICS_2012_Code; weight 1.000; Manufacturing of all other miscellaneous separatory products for general industrial use, including products used for separating solids, liquids, and gases (complete units)"
Census_ASM_PxI,2016750000,BEA_2017_Code,33399A,,NAICS_2012_Code; weight 1.000; Manufacturing of gas generating equipment
Census_ASM_PxI,2016775000,BEA_2017_Code,33399A,,"NAICS_2012_Code; weight 1.000; Manufacturing of mixers for general industrial processes, solids or liquids"
Census_ASM_PxI,2016800000,BEA_2017_Code,33399A,,NAICS_2012_Code; weight 1.000; Manufacturing of compressed air and gas dryers and centralized automatic lubricating systems for pneumatic fluid power systems
Census_ASM_PxI,2016800003,BEA_2017_Code,33399A,,NAICS_2012_Code; weight 1.000; Manufacturing of compressed air and gas dryers
Census_ASM_PxI,2016800006,BEA_2017_Code,33399A,,NAICS_2012_Code; weight 1.000; Manufacturing of lubricators for pneumatic systems
Census_ASM_PxI,2016825000,BEA_2017_Code,33399A,,NAICS_2012_Code; weight 1.000; Manufacturing of vehicle scales
Census_ASM_PxI,2016825003,BEA_2017_Code,33399A,,NAICS_2012_Code; weight 1.000; Manufacturing of motor truck scales
Census_ASM_PxI,2016825006,BEA_2017_Code,33399A,,NAICS_2012_Code; weight 1.000; Manufacturing of railroad track scales
Census_ASM_PxI,2016850000,BEA_2017_Code,33399A,,NAICS_2012_Code; weight 1.000; Manufacturing of industrial scales
Census_ASM_PxI,2016850003,BEA_2017_Code,33399A,,NAICS_2012_Code; weight 1.000; Manufacturing of industrial bench and portable scales
Census_ASM_PxI,2016850006,BEA_2017_Code,33399A,,"NAICS_2012_Code; weight 1.000; Manufacturing of industrial floor scales, dormant, pitless"
Census_ASM_PxI,2016850009,BEA_2017_Code,33399A,,NAICS_2012_Code; weight 1.000; Manufacturing of automatic checkweigher and bulkweigher scales
Census_ASM_PxI,2016850012,BEA_2017_Code,33399A,,NAICS_2012_Code; weight 1.000; Manufacturing of industrial over-under (predetermined weight) and counting scales
Census_ASM_PxI,2016875000,BEA_2017_Code,33399A,,"NAICS_2012_Code; weight 1.000; Manufacturing of miscellaneous industrial scales (crane, suspension, tank, hopper, force measuring devices, laboratory scales and balances, and bulk conveyor)"
Census_ASM_PxI,2016900000,BEA_2017_Code,33399A,,"NAICS_2012_Code; weight 1.000; Manufacturing of retail, commercial, household, mailing scales and balances"
Census_ASM_PxI,2016900003,BEA_2017_Code,33399A,,"NAICS_2012_Code; weight 1.000; Manufacturing of household, retail, and commercial scales, all types"
Census_ASM_PxI,2016900006,BEA_2017_Code,33399A,,NAICS_2012_Code; weight 1.000; Manufacturing of mailing and parcel post scales (including handheld scales)
Census_ASM_PxI,2016900009,BEA_2017_Code,33399A,,"NAICS_2012_Code; weight 1.000; Manufacturing of balances with or without weights (of all sensitivities), excluding laboratory"
Census_ASM_PxI,2016925000,BEA_2017_Code,33399A,,"NAICS_2012_Code; weight 1.000; Manufacturing of all other machinery, for general industry use"
Census_ASM_PxI,2016925003,BEA_2017_Code,33399A,,"NAICS_2012_Code; weight 1.000; Manufacturing of lubricating systems, industrial, centralized and automatic, for other than pneumatic systems (complete units)"
Census_ASM_PxI,2016925006,BEA_2017_Code,33399A,,NAICS_2012_Code; weight 1.000; Manufacturing of metal baling presses
Census_ASM_PxI,2016925009,BEA_2017_Code,33399A,,NAICS_2012_Code; weight 1.000; Manufacturing of hydraulic jacks
Census_ASM_PxI,2016925012,BEA_2017_Code,33399A,,"NAICS_2012_Code; weight 1.000; Manufacturing of metal bellows, industrial-type"
Census_ASM_PxI,2016925015,BEA_2017_Code,33399A,,NAICS_2012_Code; weight 1.000; Manufacturing of all other miscellaneous machinery for general industrial use (complete units)
Census_ASM_PxI,2016950000,BEA_2017_Code,333413,,"NAICS_2007_Code; weight 1.000; Manufacturing of other centrifugal fans and blowers, excluding parts"
Census_ASM_PxI,2016950003,BEA_2017_Code,333413,,"NAICS_2007_Code; weight 1.000; Manufacturing of industrial centrifugal fans, excluding blowers, turboblowers, and multistage blowers"
Census_ASM_PxI,2016950006,BEA_2017_Code,333413,,"NAICS_2007_Code; weight 1.000; Manufacturing of positive displacement centrifugal blowers, excluding turboblowers"
Census_ASM_PxI,2016950009,BEA_2017_Code,333413,,NAICS_2007_Code; weight 1.000; Manufacturing of multistage centrifugal blowers
Census_ASM_PxI,2016950012,BEA_2017_Code,333413,,"NAICS_2007_Code; weight 1.000; Manufacturing of industrial and commercial fans and blowers, and attic fans"
Census_ASM_PxI,2016975000,BEA_2017_Code,333413,,"NAICS_2007_Code; weight 1.000; Manufacturing of axial fans, excluding parts"
Census_ASM_PxI,2017000000,BEA_2017_Code,333413,,"NAICS_2007_Code; weight 1.000; Manufacturing of industrial propeller fans, excluding parts"
Census_ASM_PxI,2017025000,BEA_2017_Code,333413,,"NAICS_2007_Code; weight 1.000; Manufacturing of dust collection and other air purification equipment for industrial gas cleaning systems (for cleaning outgoing air), excluding parts"
Census_ASM_PxI,2017050000,BEA_2017_Code,333413,,"NAICS_2007_Code; weight 1.000; Manufacturing of other dust collection and air purification equipment, excluding parts"
Census_ASM_PxI,2017075000,BEA_2017_Code,33291A,,"NAICS_2012_Code; weight 1.000; Manufacturing of nuclear valves (N-stamp only), excluding parts"
Census_ASM_PxI,2017100000,BEA_2017_Code,33291A,,NAICS_2012_Code; weight 1.000; Manufacturing of parts for nuclear valves (N-stamp only)
Census_ASM_PxI,2017125000,BEA_2017_Code,332310,,"NAICS_2012_Code; weight 1.000; Manufacturing of fabricated steel plate containers (trash and other), all sizes"
Census_ASM_PxI,2017150000,BEA_2017_Code,332310,,"NAICS_2012_Code; weight 1.000; Manufacturing of fabricated steel plate sound control equipment, all types, including jet engine test facilities and gas turbine sound systems (enclosed)"
Census_ASM_PxI,2017175000,BEA_2017_Code,332310,,NAICS_2012_Code; weight 1.000; Manufacturing of fabricated steel plate shielding for use in nuclear reactor buildings
Census_ASM_PxI,2017200000,BEA_2017_Code,335999,,"NAICS_2012_Code; weight 1.000; Manufacturing of ultrasonic cleaning equipment and components, excluding medical and dental"
Census_ASM_PxI,2017225000,BEA_2017_Code,335999,,"NAICS_2012_Code; weight 1.000; Manufacturing of all other miscellaneous electronic systems and equipment (including automatic garage door openers, and magnetic, pulse, and maser amplifiers)"
Census_ASM_PxI,2017250000,BEA_2017_Code,333994,,"NAICS_2012_Code; weight 1.000; Manufacturing of fuel-fired industrial process furnaces, ovens, and kilns, excluding parts and attachments"
Census_ASM_PxI,2017275000,BEA_2017_Code,33329A,,"NAICS_2007_Code; weight 1.000; Manufacturing of fuel fired kilns for cement, wood, and chemical processing"
Census_ASM_PxI,2017300000,BEA_2017_Code,333994,,"NAICS_2012_Code; weight 1.000; Manufacturing of high-frequency induction and dielectric heating equipment, including furnaces, ovens, and kilns, excluding parts and attachments"
Census_ASM_PxI,2017325000,BEA_2017_Code,333994,,"NAICS_2012_Code; weight 1.000; Manufacturing of electric resistance-heated furnaces, ovens, and kilns, excluding parts and attachments"
Census_ASM_PxI,2017350000,BEA_2017_Code,333994,,"NAICS_2012_Code; weight 1.000; Manufacturing of electric (excluding high-frequency induction and dielectric and resistance-heated) metal processing and heat treating furnaces, excluding parts and attachments"
Census_ASM_PxI,2017375000,BEA_2017_Code,333994,,"NAICS_2012_Code; weight 1.000; Manufacturing of other electric industrial furnaces, ovens, and kilns (including laboratory furnaces and ovens) (complete units)"
Census_ASM_PxI,2017400000,BEA_2017_Code,333994,,"NAICS_2012_Code; weight 1.000; Manufacturing of other electrical heating equipment for industrial use, excluding parts and attachments for soldering irons"
Census_ASM_PxI,2017425000,BEA_2017_Code,334514,,NAICS_2012_Code; weight 1.000; Manufacturing of integrating and totalizing meters for gas and liquids
Census_ASM_PxI,2017425003,BEA_2017_Code,334514,,"NAICS_2012_Code; weight 1.000; Manufacturing of integrating and totalizing gas meters, consumption registering"
Census_ASM_PxI,2017425006,BEA_2017_Code,334514,,"NAICS_2012_Code; weight 1.000; Manufacturing of integrating and totalizing liquid meters, positive displacement with registers and counters"
Census_ASM_PxI,2017450000,BEA_2017_Code,334514,,"NAICS_2012_Code; weight 1.000; Manufacturing of counting devices, excluding motor vehicle instruments"
Census_ASM_PxI,2017450003,BEA_2017_Code,334514,,"NAICS_2012_Code; weight 1.000; Manufacturing of mechanical, electrical, and electronic input counting devices"
Census_ASM_PxI,2017450006,BEA_2017_Code,334514,,"NAICS_2012_Code; weight 1.000; Manufacturing of all other counting devices (toll meters, fare collection equipment systems, parking lot systems, taximeters, parking meters, etc.)"
Census_ASM_PxI,2017475000,BEA_2017_Code,334511,,"NAICS_2012_Code; weight 1.000; Manufacturing of aeronautical, nautical, and navigational instruments, not sending or receiving radio signals (excluding engine instruments)"
Census_ASM_PxI,2017475003,BEA_2017_Code,334511,,"NAICS_2012_Code; weight 1.000; Manufacturing of compasses, altimeters, and airspeed indicators"
Census_ASM_PxI,2017475006,BEA_2017_Code,334511,,"NAICS_2012_Code; weight 1.000; Manufacturing of acceleration indicators, rate-of-climb and angle-of-attack indicators, and artificial horizon flight instruments"
Census_ASM_PxI,2017475009,BEA_2017_Code,334511,,NAICS_2012_Code; weight 1.000; Manufacturing of other aerospace and navigational instruments
Census_ASM_PxI,2017475012,BEA_2017_Code,334511,,NAICS_2012_Code; weight 1.000; Manufacturing of gyroscopes
Census_ASM_PxI,2017475015,BEA_2017_Code,334511,,NAICS_2012_Code; weight 1.000; Manufacturing of airframe equipment instruments
Census_ASM_PxI,2017475018,BEA_2017_Code,334511,,NAICS_2012_Code; weight 1.000; Manufacturing of other aerospace flight instruments
Census_ASM_PxI,2017475021,BEA_2017_Code,334511,,NAICS_2012_Code; weight 1.000; Manufacturing of nautical instruments
Census_ASM_PxI,2017500000,BEA_2017_Code,334511,,"NAICS_2012_Code; weight 1.000; Manufacturing of search, detection, navigation, and guidance systems and equipment"
Census_ASM_PxI,2017500003,BEA_2017_Code,334511,,NAICS_2012_Code; weight 1.000; Manufacturing of light reconnaissance and surveillance electronic systems and equipment
Census_ASM_PxI,2017500006,BEA_2017_Code,334511,,NAICS_2012_Code; weight 1.000; Manufacturing of identification friend or foe (IFF) equipment
Census_ASM_PxI,2017500009,BEA_2017_Code,334511,,"NAICS_2012_Code; weight 1.000; Manufacturing of search, detection, and acquisition radar systems and equipment, airborne and missile/space"
Census_ASM_PxI,2017500012,BEA_2017_Code,334511,,"NAICS_2012_Code; weight 1.000; Manufacturing of other search, detection, and acquisition radar systems and equipment"
Census_ASM_PxI,2017500015,BEA_2017_Code,334511,,"NAICS_2012_Code; weight 1.000; Manufacturing of tracking radar systems and equipment (fire control, bombing, bombing-navigational radar, aircraft and missile tracking radar, etc.)"
Census_ASM_PxI,2017500018,BEA_2017_Code,334511,,"NAICS_2012_Code; weight 1.000; Manufacturing of instrumentation radar systems and equipment (altimeters, highway speed control radar, missile and space tracking radar, etc.)"
Census_ASM_PxI,2017500021,BEA_2017_Code,334511,,"NAICS_2012_Code; weight 1.000; Manufacturing of sonar search, detection, tracking, and communication systems and equipment guidance, including ASM (sonar telephone, depth finding, hydrophones mapping, sonobuoys, etc.)"
Census_ASM_PxI,2017500024,BEA_2017_Code,334511,,"NAICS_2012_Code; weight 1.000; Manufacturing of electronic checkout and monitoring equipment for radar, sonar search, detection, and communication systems and equipment"
Census_ASM_PxI,2017500027,BEA_2017_Code,334511,,NAICS_2012_Code; weight 1.000; Manufacturing of specialized command and control equipment
Census_ASM_PxI,2017500031,BEA_2017_Code,334511,,"NAICS_2012_Code; weight 1.000; Manufacturing of other search, detection, identification, and tracking systems and equipment"
Census_ASM_PxI,2017500033,BEA_2017_Code,334511,,"NAICS_2012_Code; weight 1.000; Manufacturing of electronic warfare countermeasures equipment (jamming, communications, and radar)"
Census_ASM_PxI,2017500036,BEA_2017_Code,334511,,NAICS_2012_Code; weight 1.000; Manufacturing of other electronic warfare countermeasures equipment
Census_ASM_PxI,2017500039,BEA_2017_Code,334511,,NAICS_2012_Code; weight 1.000; Manufacturing of specialized electronic and communications intelligence equipment
Census_ASM_PxI,2017500042,BEA_2017_Code,334511,,NAICS_2012_Code; weight 1.000; Manufacturing of missile-borne and space vehicle guidance systems
Census_ASM_PxI,2017500045,BEA_2017_Code,334511,,NAICS_2012_Code; weight 1.000; Manufacturing of nonmissile-borne and space vehicle guidance systems
Census_ASM_PxI,2017500048,BEA_2017_Code,334511,,"NAICS_2012_Code; weight 1.000; Manufacturing of electronic checkout, launching, and other missile and space support systems"
Census_ASM_PxI,2017500051,BEA_2017_Code,334511,,"NAICS_2012_Code; weight 1.000; Manufacturing of airborne navigational systems, radio navigation receivers and displays"
Census_ASM_PxI,2017500054,BEA_2017_Code,334511,,"NAICS_2012_Code; weight 1.000; Manufacturing of airborne navigational systems, airborne integrated data systems/flight recorders"
Census_ASM_PxI,2017500057,BEA_2017_Code,334511,,"NAICS_2012_Code; weight 1.000; Manufacturing of airborne navigational systems, inertial navigation systems"
Census_ASM_PxI,2017500061,BEA_2017_Code,334511,,NAICS_2012_Code; weight 1.000; Manufacturing of other airborne navigational systems
Census_ASM_PxI,2017500063,BEA_2017_Code,334511,,NAICS_2012_Code; weight 1.000; Manufacturing of surface (ship and ground) navigational systems
Census_ASM_PxI,2017500066,BEA_2017_Code,334511,,"NAICS_2012_Code; weight 1.000; Manufacturing of electronic checkout, monitoring, evaluation, and other electronic equipment for navigational systems and equipment"
Census_ASM_PxI,2017500069,BEA_2017_Code,334511,,"NAICS_2012_Code; weight 1.000; Manufacturing of all other search and detection, navigation, and guidance systems and equipment"
Census_ASM_PxI,2017525000,BEA_2017_Code,33451A,,NAICS_2012_Code; weight 1.000; Manufacturing of physical properties testing and inspection equipment and kinematic testing and measuring equipment
Census_ASM_PxI,2017525003,BEA_2017_Code,33451A,,"NAICS_2012_Code; weight 1.000; Manufacturing of physical properties testing equipment for metals (including hardness, tensile, stress, strain, abrasion, strength, torsion, wear, and similar testing equipment)"
Census_ASM_PxI,2017525006,BEA_2017_Code,33451A,,NAICS_2012_Code; weight 1.000; Manufacturing of other physical properties testing equipment
Census_ASM_PxI,2017525009,BEA_2017_Code,33451A,,"NAICS_2012_Code; weight 1.000; Manufacturing of physical properties inspection equipment for metals (including flaw detection, thickness measuring, and similar inspection equipment)"
Census_ASM_PxI,2017525012,BEA_2017_Code,33451A,,NAICS_2012_Code; weight 1.000; Manufacturing of physical properties inspection equipment for measuring and checking the flow of fluids
Census_ASM_PxI,2017525015,BEA_2017_Code,33451A,,NAICS_2012_Code; weight 1.000; Manufacturing of other physical properties inspection equipment
Census_ASM_PxI,2017525018,BEA_2017_Code,33451A,,"NAICS_2012_Code; weight 1.000; Manufacturing of kinematic testing and measuring equipment, including vibration, acceleration, and other motion testing equipment"
Census_ASM_PxI,2017525021,BEA_2017_Code,33451A,,"NAICS_2012_Code; weight 1.000; Manufacturing of transducers, pressure"
Census_ASM_PxI,2017550000,BEA_2017_Code,33451A,,NAICS_2012_Code; weight 1.000; Manufacturing of nuclear radiation detection and monitoring instruments
Census_ASM_PxI,2017550003,BEA_2017_Code,33451A,,"NAICS_2012_Code; weight 1.000; Manufacturing of nuclear monitoring instruments (including environment, personal dosimetry, and medical monitors)"
Census_ASM_PxI,2017550006,BEA_2017_Code,33451A,,NAICS_2012_Code; weight 1.000; Manufacturing of nuclear instrument modules
Census_ASM_PxI,2017550009,BEA_2017_Code,33451A,,"NAICS_2012_Code; weight 1.000; Manufacturing of radiation detecting elements, nuclear power supplies, and measuring and control devices that use beta, gamma, or neutron gauge technology"
Census_ASM_PxI,2017550012,BEA_2017_Code,33451A,,NAICS_2012_Code; weight 1.000; Manufacturing of other nuclear radiation detection and monitoring instruments
Census_ASM_PxI,2017575000,BEA_2017_Code,33451A,,"NAICS_2012_Code; weight 1.000; Manufacturing of commercial, geophysical, meteorological, and general-purpose instruments and equipment, excluding medical thermometers"
Census_ASM_PxI,2017575003,BEA_2017_Code,33451A,,NAICS_2012_Code; weight 1.000; Manufacturing of thermometers (all kinds)
Census_ASM_PxI,2017575006,BEA_2017_Code,33451A,,NAICS_2012_Code; weight 1.000; Manufacturing of meteorological electronics equipment and instruments
Census_ASM_PxI,2017575009,BEA_2017_Code,33451A,,NAICS_2012_Code; weight 1.000; Manufacturing of seismic instruments
Census_ASM_PxI,2017575012,BEA_2017_Code,33451A,,"NAICS_2012_Code; weight 1.000; Manufacturing of all other commercial, geophysical, meteorological, and general-purpose instruments and equipment (including compasses, altimeters, humidity indicating and recording instruments, etc.)"
Census_ASM_PxI,2017600000,BEA_2017_Code,33451A,,NAICS_2012_Code; weight 1.000; Manufacturing of survey and drafting instruments
Census_ASM_PxI,2017625000,BEA_2017_Code,334513,,NAICS_2012_Code; weight 1.000; Manufacturing of process control instruments
Census_ASM_PxI,2017625003,BEA_2017_Code,334513,,"NAICS_2012_Code; weight 1.000; Manufacturing of unified electronic systems, controllers"
Census_ASM_PxI,2017625006,BEA_2017_Code,334513,,NAICS_2012_Code; weight 1.000; Manufacturing of other unified electronic systems
Census_ASM_PxI,2017625009,BEA_2017_Code,334513,,"NAICS_2012_Code; weight 1.000; Manufacturing of unified electronic systems, auxiliary stations and analog computer devices"
Census_ASM_PxI,2017625012,BEA_2017_Code,334513,,NAICS_2012_Code; weight 1.000; Manufacturing of nonunified electronic systems
Census_ASM_PxI,2017625015,BEA_2017_Code,334513,,NAICS_2012_Code; weight 1.000; Manufacturing of industrial multifunction process computers
Census_ASM_PxI,2017625018,BEA_2017_Code,334513,,NAICS_2012_Code; weight 1.000; Manufacturing of pneumatic systems and annunciators
Census_ASM_PxI,2017625021,BEA_2017_Code,334513,,NAICS_2012_Code; weight 1.000; Manufacturing of continuous process instruments
Census_ASM_PxI,2017625024,BEA_2017_Code,334513,,NAICS_2012_Code; weight 1.000; Manufacturing of instruments for all other process variables
Census_ASM_PxI,2017625027,BEA_2017_Code,334513,,NAICS_2012_Code; weight 1.000; Manufacturing of other industrial-type instruments
Census_ASM_PxI,2017625031,BEA_2017_Code,334513,,NAICS_2012_Code; weight 1.000; Manufacturing of electrical and electronic temperature measuring instruments
Census_ASM_PxI,2017625033,BEA_2017_Code,334513,,NAICS_2012_Code; weight 1.000; Manufacturing of other temperature measuring instruments
Census_ASM_PxI,2017625036,BEA_2017_Code,334513,,"NAICS_2012_Code; weight 1.000; Manufacturing of primary temperature sensors, excluding aircraft types, thermocouples"
Census_ASM_PxI,2017625039,BEA_2017_Code,334513,,"NAICS_2012_Code; weight 1.000; Manufacturing of other primary temperature sensors, excluding aircraft types"
Census_ASM_PxI,2017625042,BEA_2017_Code,334513,,NAICS_2012_Code; weight 1.000; Manufacturing of pressure and draft measuring instruments
Census_ASM_PxI,2017625045,BEA_2017_Code,334513,,"NAICS_2012_Code; weight 1.000; Manufacturing of flow and liquid level measuring instruments, differential pressure types"
Census_ASM_PxI,2017625048,BEA_2017_Code,334513,,NAICS_2012_Code; weight 1.000; Manufacturing of humidity instruments
Census_ASM_PxI,2017650000,BEA_2017_Code,334515,,NAICS_2012_Code; weight 1.000; Manufacturing of electrical integrating instruments
Census_ASM_PxI,2017650003,BEA_2017_Code,334515,,NAICS_2012_Code; weight 1.000; Manufacturing of A.C. watt meters
Census_ASM_PxI,2017650006,BEA_2017_Code,334515,,NAICS_2012_Code; weight 1.000; Manufacturing of demand meters
Census_ASM_PxI,2017650009,BEA_2017_Code,334515,,NAICS_2012_Code; weight 1.000; Manufacturing of other electrical integrating meters
Census_ASM_PxI,2017675000,BEA_2017_Code,334515,,"NAICS_2012_Code; weight 1.000; Manufacturing of test equipment for testing electrical, radio, and communication circuits, and motors (excluding portable instrument transformers)"
Census_ASM_PxI,2017675003,BEA_2017_Code,334515,,"NAICS_2012_Code; weight 1.000; Manufacturing of voltage, current, and resistance measuring equipment"
Census_ASM_PxI,2017675006,BEA_2017_Code,334515,,NAICS_2012_Code; weight 1.000; Manufacturing of multimeters
Census_ASM_PxI,2017675009,BEA_2017_Code,334515,,NAICS_2012_Code; weight 1.000; Manufacturing of power and energy measuring equipment
Census_ASM_PxI,2017675012,BEA_2017_Code,334515,,NAICS_2012_Code; weight 1.000; Manufacturing of waveform measuring and/or analyzing equipment
Census_ASM_PxI,2017675015,BEA_2017_Code,334515,,NAICS_2012_Code; weight 1.000; Manufacturing of signal generating equipment
Census_ASM_PxI,2017675018,BEA_2017_Code,334515,,NAICS_2012_Code; weight 1.000; Manufacturing of field strength and intensity measuring equipment
Census_ASM_PxI,2017675021,BEA_2017_Code,334515,,NAICS_2012_Code; weight 1.000; Manufacturing of combination and/or group test sets
Census_ASM_PxI,2017675024,BEA_2017_Code,334515,,"NAICS_2012_Code; weight 1.000; Manufacturing of semiconductor component test equipment, memory"
Census_ASM_PxI,2017675027,BEA_2017_Code,334515,,"NAICS_2012_Code; weight 1.000; Manufacturing of semiconductor component test equipment, microprocessor"
Census_ASM_PxI,2017675031,BEA_2017_Code,334515,,NAICS_2012_Code; weight 1.000; Manufacturing of other semiconductor component test equipment
Census_ASM_PxI,2017675033,BEA_2017_Code,334515,,NAICS_2012_Code; weight 1.000; Manufacturing of loaded circuit board test equipment
Census_ASM_PxI,2017675036,BEA_2017_Code,334515,,NAICS_2012_Code; weight 1.000; Manufacturing of other component part test sets and equipment
Census_ASM_PxI,2017675039,BEA_2017_Code,334515,,NAICS_2012_Code; weight 1.000; Manufacturing of equipment and subassembly test equipment
Census_ASM_PxI,2017675042,BEA_2017_Code,334515,,NAICS_2012_Code; weight 1.000; Manufacturing of standards and calibration equipment
Census_ASM_PxI,2017675045,BEA_2017_Code,334515,,"NAICS_2012_Code; weight 1.000; Manufacturing of communications test equipment, network analyzers"
Census_ASM_PxI,2017675048,BEA_2017_Code,334515,,"NAICS_2012_Code; weight 1.000; Manufacturing of communications test equipment, fiber optics"
Census_ASM_PxI,2017675051,BEA_2017_Code,334515,,"NAICS_2012_Code; weight 1.000; Manufacturing of communications test equipment, microwave"
Census_ASM_PxI,2017675054,BEA_2017_Code,334515,,NAICS_2012_Code; weight 1.000; Manufacturing of other communications test equipment
Census_ASM_PxI,2017675057,BEA_2017_Code,334515,,NAICS_2012_Code; weight 1.000; Manufacturing of other test equipment
Census_ASM_PxI,2017700000,BEA_2017_Code,334515,,NAICS_2012_Code; weight 1.000; Manufacturing of other instruments to measure electricity
Census_ASM_PxI,2017700003,BEA_2017_Code,334515,,"NAICS_2012_Code; weight 1.000; Manufacturing of electrical indicating instruments, panel-type"
Census_ASM_PxI,2017700006,BEA_2017_Code,334515,,"NAICS_2012_Code; weight 1.000; Manufacturing of electrical indicating instruments, portable"
Census_ASM_PxI,2017700009,BEA_2017_Code,334515,,NAICS_2012_Code; weight 1.000; Manufacturing of electrical recording instruments
Census_ASM_PxI,2017700012,BEA_2017_Code,334515,,NAICS_2012_Code; weight 1.000; Manufacturing of other instruments to measure electricity
Census_ASM_PxI,2017725000,BEA_2017_Code,334516,,"NAICS_2012_Code; weight 1.000; Manufacturing of analytical and scientific instruments, excluding optical"
Census_ASM_PxI,2017725003,BEA_2017_Code,334516,,NAICS_2012_Code; weight 1.000; Manufacturing of electrochemical instruments
Census_ASM_PxI,2017725006,BEA_2017_Code,334516,,NAICS_2012_Code; weight 1.000; Manufacturing of chromatographic instruments
Census_ASM_PxI,2017725009,BEA_2017_Code,334516,,NAICS_2012_Code; weight 1.000; Manufacturing of spectrophotometric instruments
Census_ASM_PxI,2017725012,BEA_2017_Code,334516,,NAICS_2012_Code; weight 1.000; Manufacturing of thermal analysis instruments
Census_ASM_PxI,2017725015,BEA_2017_Code,334516,,NAICS_2012_Code; weight 1.000; Manufacturing of mass spectroscopy instruments
Census_ASM_PxI,2017725018,BEA_2017_Code,334516,,"NAICS_2012_Code; weight 1.000; Manufacturing of chemistry laboratory instrumentation, used to measure and identify substances (e.g., metabolites, enzymes, and drugs)"
Census_ASM_PxI,2017725021,BEA_2017_Code,334516,,"NAICS_2012_Code; weight 1.000; Manufacturing of hematology laboratory instrumentation, used to measure and identify substances or cells contained in blood which influence its development and clotting (e.g., blood cell counting coagulation factors)"
Census_ASM_PxI,2017725024,BEA_2017_Code,334516,,"NAICS_2012_Code; weight 1.000; Manufacturing of blood bank and immunology laboratory instrumentation, used to process blood and specimens for testing, or measure and identify, using immunoassay, substances in clinical specimens"
Census_ASM_PxI,2017725027,BEA_2017_Code,334516,,NAICS_2012_Code; weight 1.000; Manufacturing of other clinical laboratory instrumentation (including microbiology instrumentation)
Census_ASM_PxI,2017725031,BEA_2017_Code,334516,,"NAICS_2012_Code; weight 1.000; Manufacturing of organic elemental analysis instruments (carbon, hydrogen, nitrogen, oxygen, sulphur)"
Census_ASM_PxI,2017725033,BEA_2017_Code,334516,,NAICS_2012_Code; weight 1.000; Manufacturing of gas detectors
Census_ASM_PxI,2017725036,BEA_2017_Code,334516,,NAICS_2012_Code; weight 1.000; Manufacturing of other analytical and scientific instruments
Census_ASM_PxI,2017750000,BEA_2017_Code,333415,,NAICS_2012_Code; weight 1.000; Manufacturing of commercial refrigerators and related equipment
Census_ASM_PxI,2017750003,BEA_2017_Code,333415,,"NAICS_2012_Code; weight 1.000; Manufacturing of commercial refrigerated sectional coolers and cooling rooms, prefabricated (factory-produced)-type, including self-contained and remote units"
Census_ASM_PxI,2017750006,BEA_2017_Code,333415,,"NAICS_2012_Code; weight 1.000; Manufacturing of commercial reach-in refrigerators and reach-in vertical display cabinets for normal temperature applications (not intended for frozen foods, etc.), including self-contained and remote units"
Census_ASM_PxI,2017750009,BEA_2017_Code,333415,,"NAICS_2012_Code; weight 1.000; Manufacturing of commercial reach-in refrigerators and reach-in-type vertical display cabinets for low temperature applications, including self-contained and remote units"
Census_ASM_PxI,2017750012,BEA_2017_Code,333415,,"NAICS_2012_Code; weight 1.000; Manufacturing of commercial closed refrigerated display cases for normal temperature applications, including self-contained and remote units"
Census_ASM_PxI,2017750015,BEA_2017_Code,333415,,"NAICS_2012_Code; weight 1.000; Manufacturing of commercial open, one level, self-service refrigerated display cases for normal temperature applications, including self-contained and remote units"
Census_ASM_PxI,2017750018,BEA_2017_Code,333415,,"NAICS_2012_Code; weight 1.000; Manufacturing of commercial open, multilevel, self-service refrigerated display cases for normal temperature applications, including self-contained and remote units"
Census_ASM_PxI,2017750021,BEA_2017_Code,333415,,"NAICS_2012_Code; weight 1.000; Manufacturing of commercial open, self-service refrigerated frozen food display cases, including self-contained and remote units"
Census_ASM_PxI,2017750024,BEA_2017_Code,333415,,"NAICS_2012_Code; weight 1.000; Manufacturing of commercial closed, refrigerated frozen food cabinets, other than reach-in-type, including self-contained and remote units"
Census_ASM_PxI,2017750027,BEA_2017_Code,333415,,"NAICS_2012_Code; weight 1.000; Manufacturing of other commercial refrigerated display cases for low-temperature applications, including self-contained and remote units"
Census_ASM_PxI,2017750031,BEA_2017_Code,333415,,"NAICS_2012_Code; weight 1.000; Manufacturing of commercial mechanical refrigerated bulk beverage dispensers, including malt dispensers and precooler cabinets, excluding coin-operated"
Census_ASM_PxI,2017750033,BEA_2017_Code,333415,,NAICS_2012_Code; weight 1.000; Manufacturing of commercial laboratory freezers
Census_ASM_PxI,2017750036,BEA_2017_Code,333415,,NAICS_2012_Code; weight 1.000; Manufacturing of other commercial refrigerators and related equipment
Census_ASM_PxI,2017775000,BEA_2017_Code,333415,,NAICS_2012_Code; weight 1.000; Manufacturing of all other miscellaneous refrigeration equipment
Census_ASM_PxI,2017775003,BEA_2017_Code,333415,,"NAICS_2012_Code; weight 1.000; Manufacturing of soda fountain refrigeration equipment (cooler box, fountainette, and similar equipment)"
Census_ASM_PxI,2017775006,BEA_2017_Code,333415,,NAICS_2012_Code; weight 1.000; Manufacturing of beer dispensing refrigeration equipment
Census_ASM_PxI,2017775009,BEA_2017_Code,333415,,NAICS_2012_Code; weight 1.000; Manufacturing of all other miscellaneous refrigeration equipment
Census_ASM_PxI,2017800000,BEA_2017_Code,333415,,"NAICS_2012_Code; weight 1.000; Manufacturing of heat transfer equipment (excluding electrically operated dehumidifiers), mechanically refrigerated, self-contained, excluding motor vehicle mechanical air-conditioning systems"
Census_ASM_PxI,2017800003,BEA_2017_Code,333415,,NAICS_2012_Code; weight 1.000; Manufacturing of heat transfer packaged terminal air conditioners and heat pumps
Census_ASM_PxI,2017800006,BEA_2017_Code,333415,,"NAICS_2012_Code; weight 1.000; Manufacturing of heat transfer evaporative condensers, 100 tons and under"
Census_ASM_PxI,2017800009,BEA_2017_Code,333415,,"NAICS_2012_Code; weight 1.000; Manufacturing of heat transfer evaporative condensers, over 100 tons"
Census_ASM_PxI,2017800012,BEA_2017_Code,333415,,"NAICS_2012_Code; weight 1.000; Manufacturing of heat transfer room fan-coil air-conditioning units, vertical stack"
Census_ASM_PxI,2017800015,BEA_2017_Code,333415,,"NAICS_2012_Code; weight 1.000; Manufacturing of heat transfer room fan-coil air-conditioning units, vertical"
Census_ASM_PxI,2017800018,BEA_2017_Code,333415,,"NAICS_2012_Code; weight 1.000; Manufacturing of heat transfer room fan-coil air-conditioning units, horizontal"
Census_ASM_PxI,2017800021,BEA_2017_Code,333415,,"NAICS_2012_Code; weight 1.000; Manufacturing of heat transfer central station air-handling units (motor-driven fan-type), draw through"
Census_ASM_PxI,2017800024,BEA_2017_Code,333415,,"NAICS_2012_Code; weight 1.000; Manufacturing of heat transfer central station air-handling units (motor-driven fan-type), blow through"
Census_ASM_PxI,2017800027,BEA_2017_Code,333415,,"NAICS_2012_Code; weight 1.000; Manufacturing of heat transfer central station air-handling units (motor-driven fan-type), heating and ventilating"
Census_ASM_PxI,2017800031,BEA_2017_Code,333415,,"NAICS_2012_Code; weight 1.000; Manufacturing of heat transfer coolers (refrigeration), ceiling, wall-mounted, and  floor-mounted unit coolers, 18,000 Btuh and below"
Census_ASM_PxI,2017800033,BEA_2017_Code,333415,,"NAICS_2012_Code; weight 1.000; Manufacturing of heat transfer coolers (refrigeration), ceiling, wall-mounted, and  floor-mounted unit coolers, over 18,000 Btuh"
Census_ASM_PxI,2017800036,BEA_2017_Code,333415,,"NAICS_2012_Code; weight 1.000; Manufacturing of heat transfer coolers (refrigeration), air-cooled refrigerant condensers (remote-type), under 30 tons"
Census_ASM_PxI,2017800039,BEA_2017_Code,333415,,"NAICS_2012_Code; weight 1.000; Manufacturing of heat transfer coolers (refrigeration), air-cooled refrigerant condensers (remote-type), 30 to 50 tons"
Census_ASM_PxI,2017800042,BEA_2017_Code,333415,,"NAICS_2012_Code; weight 1.000; Manufacturing of heat transfer coolers (refrigeration), air-cooled refrigerant condensers (remote-type), over 50 tons"
Census_ASM_PxI,2017800045,BEA_2017_Code,333415,,"NAICS_2012_Code; weight 1.000; Manufacturing of miscellaneous heat transfer equipment, shell-and-tube, shell-and-coil, shell-and-u-tube, tube-in-tube, condensers"
Census_ASM_PxI,2017800048,BEA_2017_Code,333415,,"NAICS_2012_Code; weight 1.000; Manufacturing of miscellaneous heat transfer equipment, shell-and-tube, shell-and-coil, shell-and-u-tube, tube-in-tube, liquid coolers"
Census_ASM_PxI,2017800051,BEA_2017_Code,333415,,"NAICS_2012_Code; weight 1.000; Manufacturing of miscellaneous heat transfer equipment, liquid-suction heat exchangers and refrigerant liquid receivers"
Census_ASM_PxI,2017800054,BEA_2017_Code,333415,,"NAICS_2012_Code; weight 1.000; Manufacturing of miscellaneous heat transfer equipment, central system finned coils (air-conditioning and refrigeration-type), standard steam and steam distributing tube"
Census_ASM_PxI,2017800057,BEA_2017_Code,333415,,"NAICS_2012_Code; weight 1.000; Manufacturing of miscellaneous heat transfer equipment, central system finned coils (air-conditioning and refrigeration-type), standard water cooling and/or heating and cleanable tube"
Census_ASM_PxI,2017800061,BEA_2017_Code,333415,,"NAICS_2012_Code; weight 1.000; Manufacturing of miscellaneous heat transfer equipment, central system finned coils (air-conditioning and refrigeration-type), volatile refrigerant cooling"
Census_ASM_PxI,2017800063,BEA_2017_Code,333415,,"NAICS_2012_Code; weight 1.000; Manufacturing of miscellaneous heat transfer equipment, coil sales by original equipment manufacturers intended for resale or assembly into equipment by other manufacturers (all types), copper and aluminum"
Census_ASM_PxI,2017800066,BEA_2017_Code,333415,,"NAICS_2012_Code; weight 1.000; Manufacturing of miscellaneous heat transfer equipment, coil sales by original equipment manufacturers intended for resale or assembly into equipment by other manufacturers (all types), aluminum (only)"
Census_ASM_PxI,2017800069,BEA_2017_Code,333415,,"NAICS_2012_Code; weight 1.000; Manufacturing of miscellaneous heat transfer equipment, coil sales by original equipment manufacturers intended for resale or assembly into equipment by other manufacturers (all types), other (including steel and copper)"
Census_ASM_PxI,2017800072,BEA_2017_Code,333415,,"NAICS_2012_Code; weight 1.000; Manufacturing of heat transfer centrifugal liquid chilling packages, hermetic and open types"
Census_ASM_PxI,2017800075,BEA_2017_Code,333415,,"NAICS_2012_Code; weight 1.000; Manufacturing of heat transfer ice-making machines, self-contained ice cube makers, automatic, under 200 lb"
Census_ASM_PxI,2017800078,BEA_2017_Code,333415,,"NAICS_2012_Code; weight 1.000; Manufacturing of heat transfer ice-making machines, self-contained ice cube makers, automatic, 200 lb and over"
Census_ASM_PxI,2017800081,BEA_2017_Code,333415,,"NAICS_2012_Code; weight 1.000; Manufacturing of heat transfer ice-making machines, self-contained flake or chip machines, 300 lb and under"
Census_ASM_PxI,2017800084,BEA_2017_Code,333415,,"NAICS_2012_Code; weight 1.000; Manufacturing of heat transfer ice-making machines, self-contained flake or chip machines, over 300 lb"
Census_ASM_PxI,2017800087,BEA_2017_Code,333415,,"NAICS_2012_Code; weight 1.000; Manufacturing of heat transfer ice-making machines, not self-contained"
Census_ASM_PxI,2017800091,BEA_2017_Code,333415,,"NAICS_2012_Code; weight 1.000; Manufacturing of heat transfer ice-making machines, combination ice makers and ice/drink dispensers"
Census_ASM_PxI,2017800093,BEA_2017_Code,333415,,"NAICS_2012_Code; weight 1.000; Manufacturing of heat transfer reciprocating air and reciprocating water-cooled, air-cooled screw, air-cooled scroll, and water-cooled scroll machines, 20 hp and under"
Census_ASM_PxI,2017800096,BEA_2017_Code,333415,,"NAICS_2012_Code; weight 1.000; Manufacturing of heat transfer reciprocating air and reciprocating water-cooled, air-cooled screw, air-cooled scroll, and water-cooled scroll machines, 21 to 49 hp"
Census_ASM_PxI,2017800099,BEA_2017_Code,333415,,"NAICS_2012_Code; weight 1.000; Manufacturing of heat transfer reciprocating air and reciprocating water-cooled, air-cooled screw, air-cooled scroll, and water-cooled scroll machines, 50 to 75 hp"
Census_ASM_PxI,2017800102,BEA_2017_Code,333415,,"NAICS_2012_Code; weight 1.000; Manufacturing of heat transfer reciprocating air and reciprocating water-cooled, air-cooled screw, air-cooled scroll, and water-cooled scroll machines, over 75 hp"
Census_ASM_PxI,2017800105,BEA_2017_Code,333415,,NAICS_2012_Code; weight 1.000; Manufacturing of heat transfer factory-fabricated water cooling towers
Census_ASM_PxI,2017800108,BEA_2017_Code,333415,,"NAICS_2012_Code; weight 1.000; Manufacturing of other heat transfer equipment, including room air-induction units, mechanical refrigeration systems used on all types of vehicles, and absorption refrigeration and dehydration systems"
Census_ASM_PxI,2017825000,BEA_2017_Code,339112,,NAICS_2012_Code; weight 1.000; Manufacturing of surgical and orthopedic instruments
Census_ASM_PxI,2017850000,BEA_2017_Code,339112,,"NAICS_2012_Code; weight 1.000; Manufacturing of surgical and medical diagnostic apparatus, excluding electromedical"
Census_ASM_PxI,2017875000,BEA_2017_Code,339112,,"NAICS_2012_Code; weight 1.000; Manufacturing of surgical and medical blood transfusion and IV equipment, including blood donor kits"
Census_ASM_PxI,2017900000,BEA_2017_Code,339112,,"NAICS_2012_Code; weight 0.500; Manufacturing of surgical and medical apparatus and instruments, other types, excluding parts"
Census_ASM_PxI,2017900000,BEA_2017_Code,339113,,"NAICS_2012_Code; weight 0.500; Manufacturing of surgical and medical apparatus and instruments, other types, excluding parts"
Census_ASM_PxI,2017900003,BEA_2017_Code,339112,,"NAICS_2012_Code; weight 1.000; Manufacturing of surgical and medical apparatus and instruments, mechanical therapy and anesthetic"
Census_ASM_PxI,2017900006,BEA_2017_Code,339112,,"NAICS_2012_Code; weight 1.000; Manufacturing of surgical and medical apparatus and instruments, all other types, excluding parts"
Census_ASM_PxI,2017900009,BEA_2017_Code,339113,,"NAICS_2012_Code; weight 1.000; Manufacturing of breathing devices (including incubators, inhalators, respirators, and resuscitators), excluding anesthetic apparatus"
Census_ASM_PxI,2017925000,BEA_2017_Code,339113,,NAICS_2012_Code; weight 1.000; Manufacturing of medical furniture (excluding dental)
Census_ASM_PxI,2017925003,BEA_2017_Code,339113,,NAICS_2012_Code; weight 1.000; Manufacturing of hospital beds
Census_ASM_PxI,2017925006,BEA_2017_Code,339113,,"NAICS_2012_Code; weight 1.000; Manufacturing of hospital furniture, operating room (including cabinets, cases, and tables)"
Census_ASM_PxI,2017925009,BEA_2017_Code,339113,,"NAICS_2012_Code; weight 1.000; Manufacturing of other specialized hospital furniture, excluding beds and operating and patient room furniture"
Census_ASM_PxI,2017925012,BEA_2017_Code,339113,,"NAICS_2012_Code; weight 1.000; Manufacturing of other patient transport devices, including stretchers and tables"
Census_ASM_PxI,2017950000,BEA_2017_Code,339114,,"NAICS_2012_Code; weight 1.000; Manufacturing of dental equipment, professional (including dental chairs, dental units, hand pieces, hand instruments, and other equipment), excluding X-ray equipment"
Census_ASM_PxI,2017975000,BEA_2017_Code,339114,,"NAICS_2012_Code; weight 1.000; Manufacturing of dental equipment, laboratory (including benches, blow pipes, casting machines, furnaces, lathes, polishing units, and presses)"
Census_ASM_PxI,2018000000,BEA_2017_Code,334510,,"NAICS_2012_Code; weight 1.000; Manufacturing of electromedical equipment (including diagnostic, therapeutic, and patient monitoring equipment), excluding ionizing radiation equipment"
Census_ASM_PxI,2018000003,BEA_2017_Code,334510,,NAICS_2012_Code; weight 1.000; Manufacturing of magnetic resonance imaging equipment (MRI)
Census_ASM_PxI,2018000006,BEA_2017_Code,334510,,NAICS_2012_Code; weight 1.000; Manufacturing of ultrasound scanning devices
Census_ASM_PxI,2018000009,BEA_2017_Code,334510,,NAICS_2012_Code; weight 1.000; Manufacturing of electrocardiograph (EKG) equipment
Census_ASM_PxI,2018000012,BEA_2017_Code,334510,,NAICS_2012_Code; weight 1.000; Manufacturing of all other medical diagnostic equipment
Census_ASM_PxI,2018000015,BEA_2017_Code,334510,,"NAICS_2012_Code; weight 1.000; Manufacturing of intensive care/coronary care units, including component modules such as temperature, blood pressure, and pulse"
Census_ASM_PxI,2018000018,BEA_2017_Code,334510,,NAICS_2012_Code; weight 1.000; Manufacturing of prenatal and respiratory monitoring equipment
Census_ASM_PxI,2018000021,BEA_2017_Code,334510,,NAICS_2012_Code; weight 1.000; Manufacturing of all other patient monitoring equipment
Census_ASM_PxI,2018000024,BEA_2017_Code,334510,,NAICS_2012_Code; weight 1.000; Manufacturing of defibrillators
Census_ASM_PxI,2018000027,BEA_2017_Code,334510,,"NAICS_2012_Code; weight 1.000; Manufacturing of dialyzers, including machines and equipment"
Census_ASM_PxI,2018000031,BEA_2017_Code,334510,,NAICS_2012_Code; weight 1.000; Manufacturing of medical laser equipment
Census_ASM_PxI,2018000033,BEA_2017_Code,334510,,"NAICS_2012_Code; weight 1.000; Manufacturing of all other medical therapy equipment, including ultrasound therapy equipment"
Census_ASM_PxI,2018000036,BEA_2017_Code,334510,,NAICS_2012_Code; weight 1.000; Manufacturing of electrosurgical equipment
Census_ASM_PxI,2018000039,BEA_2017_Code,334510,,NAICS_2012_Code; weight 1.000; Manufacturing of all other surgical support systems
Census_ASM_PxI,2018000042,BEA_2017_Code,334510,,NAICS_2012_Code; weight 1.000; Manufacturing of all other electromedical and electrotherapeutic apparatus
Census_ASM_PxI,2018025000,BEA_2017_Code,334517,,"NAICS_2012_Code; weight 1.000; Manufacturing of irradiation (ionizing radiation) equipment, including X-ray, beta ray, gamma ray, and nuclear"
Census_ASM_PxI,2018025003,BEA_2017_Code,334517,,"NAICS_2012_Code; weight 1.000; Manufacturing of digital radiography equipment, used for diagnostic purposes"
Census_ASM_PxI,2018025006,BEA_2017_Code,334517,,"NAICS_2012_Code; weight 1.000; Manufacturing of computerized axial tomography (CT or CAT scan), used for diagnostic purposes"
Census_ASM_PxI,2018025009,BEA_2017_Code,334517,,"NAICS_2012_Code; weight 1.000; Manufacturing of all other medical diagnostic X-ray equipment, including dental and conventional"
Census_ASM_PxI,2018025012,BEA_2017_Code,334517,,NAICS_2012_Code; weight 1.000; Manufacturing of nuclear medicine equipment
Census_ASM_PxI,2018025015,BEA_2017_Code,334517,,NAICS_2012_Code; weight 1.000; Manufacturing of industrial and scientific X-ray equipment
Census_ASM_PxI,2018025018,BEA_2017_Code,334517,,NAICS_2012_Code; weight 1.000; Manufacturing of X-ray tubes
Census_ASM_PxI,2018025021,BEA_2017_Code,334517,,NAICS_2012_Code; weight 1.000; Manufacturing of other irradiation equipment
Census_ASM_PxI,2018050000,BEA_2017_Code,333318,,NAICS_2007_Code; weight 1.000; Manufacturing of automotive maintenance equipment
Census_ASM_PxI,2018050003,BEA_2017_Code,333318,,"NAICS_2007_Code; weight 1.000; Manufacturing of automotive maintenance equipment (including frame, body and wheel alignment equipment, wheel balancing equipment, and brake service equipment) (excluding handtools)"
Census_ASM_PxI,2018050006,BEA_2017_Code,333318,,"NAICS_2007_Code; weight 1.000; Manufacturing of commercial car, truck, and bus washing machinery and equipment"
Census_ASM_PxI,2018075000,BEA_2017_Code,337127,,"NAICS_2012_Code; weight 1.000; Manufacturing of school furniture (excluding library), excluding stone and concrete"
Census_ASM_PxI,2018100000,BEA_2017_Code,337127,,"NAICS_2012_Code; weight 1.000; Manufacturing of public building and related furniture (excluding bar, bowling center, cafeteria, restaurant, and school)"
Census_ASM_PxI,2018100003,BEA_2017_Code,337127,,"NAICS_2012_Code; weight 1.000; Manufacturing of library furniture, including chairs, charging desks, reading tables, and study carrels"
Census_ASM_PxI,2018100006,BEA_2017_Code,337127,,NAICS_2012_Code; weight 1.000; Manufacturing of church pews
Census_ASM_PxI,2018100009,BEA_2017_Code,337127,,"NAICS_2012_Code; weight 1.000; Manufacturing of public building tables (excluding bar, bowling center, cafeteria, library, restaurant, and school), folding, including banquet"
Census_ASM_PxI,2018100012,BEA_2017_Code,337127,,"NAICS_2012_Code; weight 1.000; Manufacturing of public building and related furniture, other types, excluding bar, bowling center, cafeteria, restaurant, and school"
Census_ASM_PxI,2018100015,BEA_2017_Code,337127,,NAICS_2012_Code; weight 1.000; Manufacturing of hospital patient room and general purpose furniture (excluding beds and chairs)
Census_ASM_PxI,2018100018,BEA_2017_Code,337127,,"NAICS_2012_Code; weight 1.000; Manufacturing of other public building chairs and seats, excluding bar, bowling center, cafeteria, library, restaurant, and school"
Census_ASM_PxI,2018100021,BEA_2017_Code,337127,,"NAICS_2012_Code; weight 1.000; Manufacturing of stadium and bleacher seating, including grandstands"
Census_ASM_PxI,2018125000,BEA_2017_Code,337127,,"NAICS_2012_Code; weight 1.000; Manufacturing of public bar, bowling center, cafeteria, and restaurant furniture"
Census_ASM_PxI,2018150000,BEA_2017_Code,337127,,"NAICS_2012_Code; weight 1.000; Manufacturing of institutional furniture, other types"
Census_ASM_PxI,2018150003,BEA_2017_Code,337127,,"NAICS_2012_Code; weight 1.000; Manufacturing of institutional furniture, all other types, including ship furniture, amusement game cabinets, and industrial stools and work benches"
Census_ASM_PxI,2018150006,BEA_2017_Code,337127,,"NAICS_2012_Code; weight 1.000; Manufacturing of laboratory furniture (excluding hospital beds, operating room furniture, and patient room furniture)"
Census_ASM_PxI,2018175000,BEA_2017_Code,337215,,"NAICS_2012_Code; weight 1.000; Manufacturing of shelving and lockers, wood, excluding custom"
Census_ASM_PxI,2018200000,BEA_2017_Code,337215,,"NAICS_2012_Code; weight 1.000; Manufacturing of fixtures (bank, office, and store), wood, excluding custom"
Census_ASM_PxI,2018225000,BEA_2017_Code,337215,,"NAICS_2012_Code; weight 1.000; Manufacturing of partitions, other types (excluding accordion and folding door), prefabricated, assembled and knock-down, excluding wood"
Census_ASM_PxI,2018250000,BEA_2017_Code,337215,,"NAICS_2012_Code; weight 1.000; Manufacturing of shelving, commercial, excluding wood"
Census_ASM_PxI,2018275000,BEA_2017_Code,337215,,"NAICS_2012_Code; weight 1.000; Manufacturing of bookstacks, lockers, and other shelving, excluding wood"
Census_ASM_PxI,2018300000,BEA_2017_Code,337215,,"NAICS_2012_Code; weight 1.000; Manufacturing of storage racks and accessories, excluding wood"
Census_ASM_PxI,2018325000,BEA_2017_Code,337215,,"NAICS_2012_Code; weight 1.000; Manufacturing of fixtures (bank, office, and store), excluding wood"
Census_ASM_PxI,2018350000,BEA_2017_Code,339950,,"NAICS_2012_Code; weight 1.000; Manufacturing of electric signs and displays, including counter, floor, and point-of-purchase displays, scoreboards, and custom trade show exhibits"
Census_ASM_PxI,2018375000,BEA_2017_Code,339950,,NAICS_2012_Code; weight 1.000; Manufacturing of nonelectric signs and displays
Census_ASM_PxI,2018375003,BEA_2017_Code,339950,,"NAICS_2012_Code; weight 1.000; Manufacturing of nonelectric signs and displays, primarily metal, including counter, floor, and point-of-purchase displays and custom trade show exhibits"
Census_ASM_PxI,2018375006,BEA_2017_Code,339950,,"NAICS_2012_Code; weight 1.000; Manufacturing of nonelectric signs and displays, primarily non-metal, including counter, floor, and point-of-purchase displays and custom trade show exhibits"
Census_ASM_PxI,2018400000,BEA_2017_Code,333318,,"NAICS_2007_Code; weight 1.000; Manufacturing of automatic merchandising machines, coin-operated (vending) (excluding money changing machines and coin-operated mechanisms)"
Census_ASM_PxI,2018425000,BEA_2017_Code,333318,,"NAICS_2007_Code; weight 1.000; Manufacturing of automatic merchandising machines, coin-operated mechanisms, excluding time switches"
Census_ASM_PxI,2018450000,BEA_2017_Code,333318,,"NAICS_2007_Code; weight 1.000; Manufacturing of currency handling machines, including money changing and dispensing machines"
Census_ASM_PxI,2018475000,BEA_2017_Code,333318,,"NAICS_2007_Code; weight 1.000; Manufacturing of commercial laundry washers and washer-extractor combinations (excluding parts, attachments, and accessories)"
Census_ASM_PxI,2018500000,BEA_2017_Code,333318,,"NAICS_2007_Code; weight 1.000; Manufacturing of commercial laundry drying tumblers (including centrifugal and compaction extractor) (excluding parts, attachments, and accessories)"
Census_ASM_PxI,2018525000,BEA_2017_Code,333318,,"NAICS_2007_Code; weight 1.000; Manufacturing of other commercial laundry equipment (excluding parts, attachments, and accessories)"
Census_ASM_PxI,2018550000,BEA_2017_Code,333318,,"NAICS_2007_Code; weight 1.000; Manufacturing of commercial drycleaning machines and presses (including garment manufacturers' needle trades presses, reclaiming units, etc.) (excluding parts, attachments, and accessories)"
Census_ASM_PxI,2018575000,BEA_2017_Code,333314,,"NAICS_2012_Code; weight 1.000; Manufacturing of sighting, tracking, and fire-control equipment, optical-type"
Census_ASM_PxI,2018575003,BEA_2017_Code,333314,,"NAICS_2012_Code; weight 1.000; Manufacturing of sighting, tracking, and fire-control equipment"
Census_ASM_PxI,2018575009,BEA_2017_Code,333314,,NAICS_2012_Code; weight 1.000; Manufacturing of sighting and tracking laser systems
Census_ASM_PxI,2018575012,BEA_2017_Code,333314,,NAICS_2012_Code; weight 1.000; Manufacturing of night vision goggles and equipment
Census_ASM_PxI,2018600000,BEA_2017_Code,333314,,NAICS_2012_Code; weight 1.000; Manufacturing of all other miscellaneous optical instruments and lenses (including binoculars and astronomical instruments)
Census_ASM_PxI,2018600003,BEA_2017_Code,333314,,NAICS_2012_Code; weight 1.000; Manufacturing of binoculars and astronomical instruments
Census_ASM_PxI,2018600006,BEA_2017_Code,333314,,NAICS_2012_Code; weight 1.000; Manufacturing of optical test and inspection equipment
Census_ASM_PxI,2018600009,BEA_2017_Code,333314,,"NAICS_2012_Code; weight 1.000; Manufacturing of optical instruments used for inspecting semiconductors, wafers, and photo masks"
Census_ASM_PxI,2018600012,BEA_2017_Code,333314,,NAICS_2012_Code; weight 1.000; Manufacturing of miscellaneous filters for optical instruments and lenses
Census_ASM_PxI,2018600015,BEA_2017_Code,333314,,NAICS_2012_Code; weight 1.000; Manufacturing of miscellaneous unmounted lenses for optical instruments and lenses
Census_ASM_PxI,2018600018,BEA_2017_Code,333314,,NAICS_2012_Code; weight 1.000; Manufacturing of miscellaneous mounted lenses for optical instruments and lenses
Census_ASM_PxI,2018600024,BEA_2017_Code,333314,,NAICS_2012_Code; weight 1.000; Manufacturing of other optical instruments
Census_ASM_PxI,2018625000,BEA_2017_Code,333316,,"NAICS_2007_Code; weight 1.000; Manufacturing of projectors, excluding rear screen viewers"
Census_ASM_PxI,2018650000,BEA_2017_Code,333316,,NAICS_2007_Code; weight 1.000; Manufacturing of still picture commercial-type processing equipment for film
Census_ASM_PxI,2018675000,BEA_2017_Code,333316,,"NAICS_2007_Code; weight 1.000; Manufacturing of all other still picture commercial-type processing equipment (developing machines, motor-operated print washers and driers, etc.)"
Census_ASM_PxI,2018700000,BEA_2017_Code,333316,,"NAICS_2007_Code; weight 1.000; Manufacturing of motion picture equipment (all sizes 8 mm and greater), excluding projection screens and processing equipment"
Census_ASM_PxI,2018725000,BEA_2017_Code,333316,,NAICS_2007_Code; weight 1.000; Manufacturing of projection screens (for motion picture and/or still projection)
Census_ASM_PxI,2018750000,BEA_2017_Code,333316,,"NAICS_2007_Code; weight 1.000; Manufacturing of motion picture processing equipment, all types, excluding motion picture still-type equipment and interchangeable types"
Census_ASM_PxI,2018775000,BEA_2017_Code,333316,,NAICS_2007_Code; weight 1.000; Manufacturing of all other photographic and photocopying equipment manufacturing
Census_ASM_PxI,2018776000,BEA_2017_Code,334300,,NAICS_2012_Code; weight 1.000; Manufacturing of commercial sound equipment
Census_ASM_PxI,2018776003,BEA_2017_Code,334300,,NAICS_2012_Code; weight 1.000; Manufacturing of multiple loudspeakers mounted in an enclosure (excluding for automobiles)
Census_ASM_PxI,2018776006,BEA_2017_Code,334300,,NAICS_2012_Code; weight 1.000; Manufacturing of microphones (excluding for automobiles)
Census_ASM_PxI,2018776009,BEA_2017_Code,334300,,"NAICS_2012_Code; weight 1.000; Manufacturing of public address systems, including musical instrument amplifiers (excluding for automobiles)"
Census_ASM_PxI,2018800000,BEA_2017_Code,333914,,"NAICS_2012_Code; weight 1.000; Manufacturing of single unit gasoline dispensing pumps, computing-type (filling-station-type), excluding parts and attachments"
Census_ASM_PxI,2018825000,BEA_2017_Code,333914,,"NAICS_2012_Code; weight 1.000; Manufacturing of multiple unit gasoline dispensing pumps, computing-type (filling-station-type), excluding parts and attachments"
Census_ASM_PxI,2018850000,BEA_2017_Code,333914,,"NAICS_2012_Code; weight 1.000; Manufacturing of lubricating oil pumps, barrel pumps, grease guns, and all other miscellaneous measuring and dispensing pumps for service station use, complete units"
Census_ASM_PxI,2018875000,BEA_2017_Code,333318,,NAICS_2007_Code; weight 1.000; Manufacturing of commercial and industrial floor and carpet cleaning machines (including waxing and polishing machines) (excluding vacuum cleaners)
Census_ASM_PxI,2018875003,BEA_2017_Code,333318,,NAICS_2007_Code; weight 1.000; Manufacturing of commercial and industrial floor sanding and scrubbing machines
Census_ASM_PxI,2018875006,BEA_2017_Code,333318,,"NAICS_2007_Code; weight 1.000; Manufacturing of commercial and industrial carpet cleaning equipment, including sweepers (excluding vacuum cleaners)"
Census_ASM_PxI,2018875009,BEA_2017_Code,333318,,"NAICS_2007_Code; weight 1.000; Manufacturing of other commercial and industrial floor and carpet cleaning machines, including waxing and polishing machines (excluding vacuum cleaners)"
Census_ASM_PxI,2018900000,BEA_2017_Code,33299A,,"NAICS_2012_Code; weight 1.000; Manufacturing of machine guns (30 mm or less, 1.18 in. or less)"
Census_ASM_PxI,2018925000,BEA_2017_Code,33299A,,NAICS_2012_Code; weight 1.000; Manufacturing of centerfire semiautomatic rifles
Census_ASM_PxI,2018950000,BEA_2017_Code,33299A,,"NAICS_2007_Code; weight 1.000; Manufacturing of guns, howitzers, mortars, turrets, parts, and all other miscellaneous ordnance, accessories and related equipment (more than 30 mm (1.18 in.)), including parts"
Census_ASM_PxI,2018975000,BEA_2017_Code,333318,,NAICS_2007_Code; weight 1.000; Manufacturing of commercial and industrial portable vacuum cleaners
Census_ASM_PxI,2019000000,BEA_2017_Code,333318,,"NAICS_2007_Code; weight 1.000; Manufacturing of electronic teaching machines, teaching aids, trainers, and simulators (including kits)"
Census_ASM_PxI,2019025000,BEA_2017_Code,339990,,"NAICS_2012_Code; weight 1.000; Manufacturing of coin-operated amusement machines (electric and nonelectric), excluding jukeboxes "
Census_ASM_PxI,2019050000,BEA_2017_Code,339920,,NAICS_2012_Code; weight 1.000; Manufacturing of playground equipment for other uses (including heavy-duty commercial and institutional)
Census_ASM_PxI,2019075000,BEA_2017_Code,339920,,NAICS_2012_Code; weight 1.000; Manufacturing of gymnasium and exercise equipment
Census_ASM_PxI,2019075003,BEA_2017_Code,339920,,"NAICS_2012_Code; weight 1.000; Manufacturing of gymnasium and gymnastic apparatus and equipment (including horizontal and parallel bars, balance beams, trampolines, and mats)"
Census_ASM_PxI,2019075006,BEA_2017_Code,339920,,NAICS_2012_Code; weight 1.000; Manufacturing of home gyms and training units
Census_ASM_PxI,2019075009,BEA_2017_Code,339920,,NAICS_2012_Code; weight 1.000; Manufacturing of treadmills
Census_ASM_PxI,2019075012,BEA_2017_Code,339920,,"NAICS_2012_Code; weight 1.000; Manufacturing of other exercise, health, and physical fitness equipment"
Census_ASM_PxI,2019100000,BEA_2017_Code,339920,,NAICS_2012_Code; weight 1.000; Manufacturing of other bowling equipment (excluding apparel and shoes)
Census_ASM_PxI,2019125000,BEA_2017_Code,333318,,NAICS_2007_Code; weight 1.000; Manufacturing of sewage treatment equipment
Census_ASM_PxI,2019125003,BEA_2017_Code,333318,,"NAICS_2007_Code; weight 1.000; Manufacturing of sewage treatment equipment, distilling or rectifying"
Census_ASM_PxI,2019125006,BEA_2017_Code,333318,,"NAICS_2007_Code; weight 1.000; Manufacturing of sewage treatment equipment, filtering or purifying"
Census_ASM_PxI,2019125009,BEA_2017_Code,333318,,"NAICS_2007_Code; weight 1.000; Manufacturing of sewage treatment equipment, centrifuges"
Census_ASM_PxI,2019125012,BEA_2017_Code,333318,,NAICS_2007_Code; weight 1.000; Manufacturing of other sewage treatment equipment
Census_ASM_PxI,2019150000,BEA_2017_Code,326290,,"NAICS_2012_Code; weight 1.000; Manufacturing of graphics arts and printers' roll coverings, rubber, and printers' rubber blankets"
Census_ASM_PxI,2019160000,BEA_2017_Code,332999,,"NAICS_2012_Code; weight 1.000; Manufacturing of fabricated metal safes, vaults, and deposit boxes, and all other fabricated metal bank and security vaults and equipment"
Census_ASM_PxI,2019175000,BEA_2017_Code,333318,,NAICS_2007_Code; weight 1.000; Manufacturing of other service industry equipment
Census_ASM_PxI,2019175003,BEA_2017_Code,333318,,"NAICS_2007_Code; weight 1.000; Manufacturing of carnival and amusement park equipment (Ferris wheels, merry-go-rounds, etc.) (excluding electric equipment, and coin-operated amusement machines)"
Census_ASM_PxI,2019175006,BEA_2017_Code,333318,,NAICS_2007_Code; weight 1.000; Manufacturing of conveyor-type commercial dishwashing machines
Census_ASM_PxI,2019175009,BEA_2017_Code,333318,,NAICS_2007_Code; weight 1.000; Manufacturing of all other commercial dishwashing machines
Census_ASM_PxI,2019175012,BEA_2017_Code,333318,,NAICS_2007_Code; weight 1.000; Manufacturing of service industry trash and garbage compactors
Census_ASM_PxI,2019175015,BEA_2017_Code,333318,,NAICS_2007_Code; weight 1.000; Manufacturing of sewer pipe and drain cleaning equipment
Census_ASM_PxI,2019175018,BEA_2017_Code,333318,,"NAICS_2007_Code; weight 1.000; Manufacturing of high-pressure (more than 1,000 psi) cleaning and blasting machinery and equipment (excluding foundry)"
Census_ASM_PxI,2019175021,BEA_2017_Code,333318,,NAICS_2007_Code; weight 1.000; Manufacturing of barber and beauty shop furniture and equipment (excluding barber and beauty chairs)
Census_ASM_PxI,2019175024,BEA_2017_Code,333318,,NAICS_2007_Code; weight 1.000; Manufacturing of electric hand-drying apparatus
Census_ASM_PxI,2019175027,BEA_2017_Code,333318,,"NAICS_2007_Code; weight 1.000; Manufacturing of other service industry equipment, not elsewhere classified"
Census_ASM_PxI,2019200000,BEA_2017_Code,336411,,NAICS_2012_Code; weight 1.000; Developing and making prototypes of complete aircraft
Census_ASM_PxI,2019200003,BEA_2017_Code,336411,,NAICS_2012_Code; weight 1.000; Developing and making prototypes of complete aircraft for military customers
Census_ASM_PxI,2019200006,BEA_2017_Code,336411,,NAICS_2012_Code; weight 1.000; Developing and making prototypes of complete aircraft for civilian customers
Census_ASM_PxI,2019225000,BEA_2017_Code,336412,,NAICS_2012_Code; weight 1.000; Developing and making prototypes of aircraft engines
Census_ASM_PxI,2019225003,BEA_2017_Code,336412,,NAICS_2012_Code; weight 1.000; Developing and making prototypes of military aircraft engines (including other aircraft engines built to military specifications)
Census_ASM_PxI,2019225006,BEA_2017_Code,336412,,NAICS_2012_Code; weight 1.000; Developing and making prototypes of civilian aircraft engines
Census_ASM_PxI,2019250000,BEA_2017_Code,336413,,NAICS_2012_Code; weight 1.000; Developing and making prototypes of aircraft parts (excluding engines)
Census_ASM_PxI,2019275000,BEA_2017_Code,336414,,NAICS_2012_Code; weight 1.000; Developing and making prototypes of complete guided missiles
Census_ASM_PxI,2019300000,BEA_2017_Code,336414,,NAICS_2012_Code; weight 1.000; Developing and making prototypes of complete space vehicles
Census_ASM_PxI,2019325000,BEA_2017_Code,33641A,,"NAICS_2012_Code; weight 1.000; Developing and making prototypes of complete missiles, space vehicle engines, and propulsion units"
Census_ASM_PxI,2019325003,BEA_2017_Code,33641A,,"NAICS_2012_Code; weight 1.000; Developing and making prototypes of complete missiles, space vehicle engines, and propulsion units for U.S. Government military customers"
Census_ASM_PxI,2019325006,BEA_2017_Code,33641A,,"NAICS_2012_Code; weight 1.000; Developing and making prototypes of complete missiles, space vehicle engines, and propulsion units for U.S. Government nonmilitary customers"
Census_ASM_PxI,2019325009,BEA_2017_Code,33641A,,"NAICS_2012_Code; weight 1.000; Developing and making prototypes of complete missiles, space vehicle engines, and propulsion units for other customers"
Census_ASM_PxI,2019350000,BEA_2017_Code,33641A,,NAICS_2012_Code; weight 1.000; Developing and making prototypes of missile and space vehicle parts and components
Census_ASM_PxI,2019350003,BEA_2017_Code,33641A,,NAICS_2012_Code; weight 1.000; Developing and making prototypes of  missile and space vehicle airframes and space capsules for U.S. Government military customers
Census_ASM_PxI,2019350006,BEA_2017_Code,33641A,,NAICS_2012_Code; weight 1.000; Developing and making prototypes of missile and space vehicle parts and components for U.S. Government military customers
Census_ASM_PxI,2019350009,BEA_2017_Code,33641A,,NAICS_2012_Code; weight 1.000; Developing and making prototypes of missile and space vehicle parts and components for U.S. Government nonmilitary customers
Census_ASM_PxI,2019350012,BEA_2017_Code,33641A,,NAICS_2012_Code; weight 1.000; Developing and making prototypes of missile and space vehicle parts and components for other customers
Census_ASM_PxI,2019365000,BEA_2017_Code,333514,,NAICS_2012_Code; weight 1.000; Developing and making prototypes of other goods
Census_ASM_PxI,2019375000,BEA_2017_Code,324110,,"NAICS_2012_Code; weight 1.000; Manufacturing of gasoline, including finished base stocks and blending agents"
Census_ASM_PxI,2019375003,BEA_2017_Code,324110,,"NAICS_2012_Code; weight 1.000; Manufacturing of aviation gasoline (excluding jet fuel), including finished base stocks and blending agents"
Census_ASM_PxI,2019375006,BEA_2017_Code,324110,,"NAICS_2012_Code; weight 1.000; Manufacturing of motor gasoline, regular grade, including finished base stocks and blending agents"
Census_ASM_PxI,2019375009,BEA_2017_Code,324110,,"NAICS_2012_Code; weight 1.000; Manufacturing of motor gasoline, mid-premium grade, including finished base stocks and blending agents"
Census_ASM_PxI,2019375012,BEA_2017_Code,324110,,"NAICS_2012_Code; weight 1.000; Manufacturing of motor gasoline, premium grade, including finished base stocks and blending agents"
Census_ASM_PxI,2019400000,BEA_2017_Code,324110,,"NAICS_2012_Code; weight 1.000; Manufacturing of jet fuel, all types"
Census_ASM_PxI,2019425000,BEA_2017_Code,324110,,"NAICS_2012_Code; weight 1.000; Manufacturing of kerosene, excluding jet fuel"
Census_ASM_PxI,2019450000,BEA_2017_Code,324110,,NAICS_2012_Code; weight 1.000; Manufacturing of light fuel oils
Census_ASM_PxI,2019450003,BEA_2017_Code,324110,,"NAICS_2012_Code; weight 1.000; Manufacturing of distillate light fuel oil, including grades No. 1, 2, light diesel-type, light gas-enrichment oils, etc."
Census_ASM_PxI,2019450006,BEA_2017_Code,324110,,NAICS_2012_Code; weight 1.000; Manufacturing of No. 4-type light fuel oil
Census_ASM_PxI,2019475000,BEA_2017_Code,324110,,"NAICS_2012_Code; weight 1.000; Manufacturing of heavy fuel oils, including grades No. 5, 6, heavy diesel-type, heavy gas-enrichment oils, etc."
Census_ASM_PxI,2019500000,BEA_2017_Code,324110,,NAICS_2012_Code; weight 0.200; Manufacturing of fuel ethanol (fuel-grade alcohol) and other biodiesel fuels
Census_ASM_PxI,2019500000,BEA_2017_Code,324190,,NAICS_2012_Code; weight 0.200; Manufacturing of fuel ethanol (fuel-grade alcohol) and other biodiesel fuels
Census_ASM_PxI,2019500000,BEA_2017_Code,325190,,NAICS_2012_Code; weight 0.600; Manufacturing of fuel ethanol (fuel-grade alcohol) and other biodiesel fuels
Census_ASM_PxI,2019500003,BEA_2017_Code,325190,,NAICS_2012_Code; weight 1.000; Manufacturing of fuel ethanol (fuel-grade alcohol)
Census_ASM_PxI,2019500006,BEA_2017_Code,324110,,NAICS_2012_Code; weight 0.500; Manufacturing of biodiesel fuels made from blending petroleum with vegetable-based biodiesel
Census_ASM_PxI,2019500006,BEA_2017_Code,324190,,NAICS_2012_Code; weight 0.500; Manufacturing of biodiesel fuels made from blending petroleum with vegetable-based biodiesel
Census_ASM_PxI,2019500009,BEA_2017_Code,325190,,"NAICS_2012_Code; weight 1.000; Manufacturing of biodiesel fuels, except petroleum blends"
Census_ASM_PxI,2019525000,BEA_2017_Code,322110,,"NAICS_2012_Code; weight 1.000; Manufacturing of other pulp mill cooking liquor byproducts (skimmings, binders, fuel, etc.)"
Census_ASM_PxI,2019550000,BEA_2017_Code,324190,,NAICS_2012_Code; weight 1.000; Manufacturing of all other petroleum and coal products (including packaged fuel and fuel briquettes)
Census_ASM_PxI,2019575000,BEA_2017_Code,325190,,"NAICS_2007_Code; weight 1.000; Manufacturing of hardwood charcoal and charcoal briquets, including blends with lignite or other materials"
Census_ASM_PxI,2019600000,BEA_2017_Code,3219A0,,"NAICS_2012_Code; weight 1.000; Manufacturing of firewood and fuel wood containing an added binder, including compressed logs"
Census_ASM_PxI,2019650000,BEA_2017_Code,31161A,,NAICS_2012_Code; weight 1.000; Animals slaughtered for pet food
Census_ASM_PxI,2019675000,BEA_2017_Code,31161A,,NAICS_2012_Code; weight 1.000; Manufacturing of meat and bone meal
Census_ASM_PxI,2019700000,BEA_2017_Code,31161A,,"NAICS_2012_Code; weight 1.000; Manufacturing of animal and marine feed and fertilizer byproducts, excluding meat and bone meal"
Census_ASM_PxI,2019700003,BEA_2017_Code,31161A,,NAICS_2012_Code; weight 1.000; Manufacturing of dry rendered tankage
Census_ASM_PxI,2019700006,BEA_2017_Code,31161A,,"NAICS_2012_Code; weight 1.000; Manufacturing of other feed and fertilizer byproducts, including poultry fats and byproducts, feather meal, blood meal, and raw products for pet food"
Census_ASM_PxI,2019700009,BEA_2017_Code,31161A,,NAICS_2012_Code; weight 1.000; Manufacturing of vegetable oil foots
Census_ASM_PxI,2019700012,BEA_2017_Code,31161A,,"NAICS_2012_Code; weight 1.000; Manufacturing of animal oil mill products, including all other animal oils, fatty acids, animal oil foots, and acidulated soap stock"
Census_ASM_PxI,2019725000,BEA_2017_Code,31161A,,"NAICS_2012_Code; weight 1.000; Manufacturing of inedible tallow and other greases, excluding wool grease"
Census_ASM_PxI,2019725003,BEA_2017_Code,31161A,,"NAICS_2012_Code; weight 1.000; Manufacturing of other animal and marine grease, excluding wool grease"
Census_ASM_PxI,2019725006,BEA_2017_Code,31161A,,"NAICS_2012_Code; weight 1.000; Manufacturing of inedible tallow, including inedible animal stearin"
Census_ASM_PxI,2019750000,BEA_2017_Code,311210,,NAICS_2012_Code; weight 0.500; Manufacturing of grains and flour milled products for animal and marine feed and fertilizer manufacturing
Census_ASM_PxI,2019750000,BEA_2017_Code,311224,,NAICS_2007_Code; weight 0.333; Manufacturing of grains and flour milled products for animal and marine feed and fertilizer manufacturing
Census_ASM_PxI,2019750000,BEA_2017_Code,312120,,NAICS_2012_Code; weight 0.167; Manufacturing of grains and flour milled products for animal and marine feed and fertilizer manufacturing
Census_ASM_PxI,2019750003,BEA_2017_Code,312120,,"NAICS_2012_Code; weight 1.000; Manufacturing of brewers' spent grains, wet and dry"
Census_ASM_PxI,2019750006,BEA_2017_Code,311210,,NAICS_2012_Code; weight 1.000; Manufacturing of wheat mill feed
Census_ASM_PxI,2019750009,BEA_2017_Code,311210,,"NAICS_2012_Code; weight 1.000; Manufacturing of all corn mill products, not for human consumption"
Census_ASM_PxI,2019750012,BEA_2017_Code,311210,,"NAICS_2012_Code; weight 1.000; Manufacturing of other mill feed (oats, rye, buckwheat, etc.)"
Census_ASM_PxI,2019750015,BEA_2017_Code,311224,,NAICS_2007_Code; weight 1.000; Manufacturing of soybean millfeed (hullmeal)
Census_ASM_PxI,2019750018,BEA_2017_Code,311224,,NAICS_2007_Code; weight 1.000; Manufacturing of cottonseed hulls
Census_ASM_PxI,2019775000,BEA_2017_Code,312140,,NAICS_2012_Code; weight 1.000; Manufacturing of distillers' dried grains (dark and light) and dried solubles
Census_ASM_PxI,2019850000,BEA_2017_Code,31161A,,NAICS_2012_Code; weight 1.000; Manufacturing of edible tallow and stearin
Census_ASM_PxI,2019875000,BEA_2017_Code,311700,,"NAICS_2007_Code; weight 1.000; Manufacturing of marine animal oil, scrap, and meal, and marine oil foots"
Census_ASM_PxI,2019900000,BEA_2017_Code,31161A,,"NAICS_2012_Code; weight 1.000; Manufacturing of other miscellaneous byproducts of slaughtering plants, including pulled wool and glue stock (excluding sausage casings)"
Census_ASM_PxI,2019925000,BEA_2017_Code,312200,,"NAICS_2007_Code; weight 1.000; Manufacturing of tobacco, unstemmed leaf, redried before packing"
Census_ASM_PxI,2019950000,BEA_2017_Code,312200,,"NAICS_2007_Code; weight 1.000; Manufacturing of tobacco, stemmed, aged and not aged leaf"
Census_ASM_PxI,2019950003,BEA_2017_Code,312200,,"NAICS_2007_Code; weight 1.000; Manufacturing of tobacco, stemmed, aged and not aged leaf, packed for sale as such"
Census_ASM_PxI,2019950006,BEA_2017_Code,312200,,"NAICS_2007_Code; weight 1.000; Manufacturing of tobacco, stemmed, including aged and not aged leaf, packed for use in own manufacturing (interplant transfers)"
Census_ASM_PxI,2019975000,BEA_2017_Code,312200,,"NAICS_2007_Code; weight 1.000; Manufacturing of reconstituted tobacco, processed sheet and homogenized"
Census_ASM_PxI,2020000000,BEA_2017_Code,313100,,"NAICS_2007_Code; weight 1.000; Manufacturing of yarns, spun, carded, cotton, gray"
Census_ASM_PxI,2020025000,BEA_2017_Code,313100,,"NAICS_2007_Code; weight 0.500; Manufacturing of yarns, spun, carded, cotton, finished"
Census_ASM_PxI,2020025000,BEA_2017_Code,313300,,"NAICS_2007_Code; weight 0.500; Manufacturing of yarns, spun, carded, cotton, finished"
Census_ASM_PxI,2020050000,BEA_2017_Code,313100,,"NAICS_2007_Code; weight 1.000; Manufacturing of yarns, spun, combed, cotton"
Census_ASM_PxI,2020050003,BEA_2017_Code,313100,,"NAICS_2007_Code; weight 1.000; Manufacturing of yarns, spun, combed, cotton, gray"
Census_ASM_PxI,2020050006,BEA_2017_Code,313100,,"NAICS_2007_Code; weight 1.000; Manufacturing of yarns, spun, combed, cotton, finished"
Census_ASM_PxI,2020075000,BEA_2017_Code,313100,,"NAICS_2007_Code; weight 1.000; Manufacturing of yarns, spun, rayon, acetate, and lyocell"
Census_ASM_PxI,2020075003,BEA_2017_Code,313100,,"NAICS_2007_Code; weight 1.000; Manufacturing of yarns, spun, rayon, acetate, and lyocell, gray"
Census_ASM_PxI,2020075006,BEA_2017_Code,313100,,"NAICS_2007_Code; weight 1.000; Manufacturing of yarns, spun, rayon, acetate, and lyocell, finished"
Census_ASM_PxI,2020100000,BEA_2017_Code,313100,,"NAICS_2007_Code; weight 1.000; Manufacturing of yarns, spun, polyester, gray"
Census_ASM_PxI,2020125000,BEA_2017_Code,313100,,"NAICS_2007_Code; weight 1.000; Manufacturing of yarns, spun, other noncellulosic fiber and other natural fibers, gray"
Census_ASM_PxI,2020150000,BEA_2017_Code,313100,,"NAICS_2007_Code; weight 0.500; Manufacturing of yarns, spun, excluding gray, other noncellulosic fiber and other natural fibers, finished"
Census_ASM_PxI,2020150000,BEA_2017_Code,313300,,"NAICS_2007_Code; weight 0.500; Manufacturing of yarns, spun, excluding gray, other noncellulosic fiber and other natural fibers, finished"
Census_ASM_PxI,2020175000,BEA_2017_Code,313100,,"NAICS_2007_Code; weight 1.000; Manufacturing of yarns, wool, including new, reused, and reprocessed"
Census_ASM_PxI,2020200000,BEA_2017_Code,313100,,"NAICS_2007_Code; weight 1.000; Manufacturing of tops and noils, including top or sliver converted from tow without combing; scoured wool; and other scouring and combing mill products (nubs and slubs, etc.)"
Census_ASM_PxI,2020225000,BEA_2017_Code,313100,,"NAICS_2007_Code; weight 1.000; Manufacturing of yarns, novelty and plied, excluding wool"
Census_ASM_PxI,2020250000,BEA_2017_Code,313100,,"NAICS_2007_Code; weight 1.000; Manufacturing of yarns, thrown, filament, excluding textured"
Census_ASM_PxI,2020275000,BEA_2017_Code,313100,,"NAICS_2007_Code; weight 1.000; Manufacturing of yarns, textured, crimped, and bulked, filament, including stretch"
Census_ASM_PxI,2020325000,BEA_2017_Code,313100,,NAICS_2007_Code; weight 1.000; Manufacturing of thread
Census_ASM_PxI,2020325003,BEA_2017_Code,313100,,"NAICS_2007_Code; weight 1.000; Manufacturing of thread, finished, excluding cordage products (bag thread, string, twine, rope, etc.)"
Census_ASM_PxI,2020325006,BEA_2017_Code,313100,,"NAICS_2007_Code; weight 1.000; Manufacturing of thread, unfinished"
Census_ASM_PxI,2020350000,BEA_2017_Code,3252A0,,NAICS_2007_Code; weight 1.000; Manufacturing of nylon and other polyamide manufactured fibers
Census_ASM_PxI,2020350003,BEA_2017_Code,3252A0,,"NAICS_2007_Code; weight 1.000; Manufacturing of industrial nylon and other polyamide fiber, carpet yarns, staple, tow, and waste, including strip"
Census_ASM_PxI,2020350006,BEA_2017_Code,3252A0,,"NAICS_2007_Code; weight 1.000; Manufacturing of nylon and other polyamide fiber monofilament and fewofilament textile yarns, including strip"
Census_ASM_PxI,2020375000,BEA_2017_Code,3252A0,,"NAICS_2007_Code; weight 1.000; Manufacturing of rayon, acetate, and lyocell manufactured fibers"
Census_ASM_PxI,2020375003,BEA_2017_Code,3252A0,,"NAICS_2007_Code; weight 1.000; Manufacturing of rayon, acetate, and lyocell textured yarn, including strip"
Census_ASM_PxI,2020375006,BEA_2017_Code,3252A0,,"NAICS_2007_Code; weight 1.000; Manufacturing of rayon, acetate, and lyocell yarn (including strip), monofilament and group (multi) filament"
Census_ASM_PxI,2020375009,BEA_2017_Code,3252A0,,"NAICS_2007_Code; weight 1.000; Manufacturing of rayon, acetate, and lyocell staple, tow, and salable waste"
Census_ASM_PxI,2020400000,BEA_2017_Code,3252A0,,NAICS_2007_Code; weight 1.000; Manufacturing of polyolefin manufactured fibers
Census_ASM_PxI,2020400003,BEA_2017_Code,3252A0,,"NAICS_2007_Code; weight 1.000; Manufacturing of polyolefin monofilament yarn, including strip"
Census_ASM_PxI,2020400006,BEA_2017_Code,3252A0,,"NAICS_2007_Code; weight 1.000; Manufacturing of polyolefin group (multi) filament and film, including strip, staple, tow, and waste"
Census_ASM_PxI,2020425000,BEA_2017_Code,3252A0,,"NAICS_2007_Code; weight 1.000; Manufacturing of industrial polyester yarn, including strip"
Census_ASM_PxI,2020450000,BEA_2017_Code,3252A0,,"NAICS_2007_Code; weight 1.000; Manufacturing of polyester textile yarn, including strip"
Census_ASM_PxI,2020475000,BEA_2017_Code,3252A0,,NAICS_2007_Code; weight 1.000; Manufacturing of polyester fiberfill staple and tow and polyester fiber salable waste
Census_ASM_PxI,2020500000,BEA_2017_Code,3252A0,,"NAICS_2007_Code; weight 1.000; Manufacturing of polyester carpet yarn, including strip"
Census_ASM_PxI,2020525000,BEA_2017_Code,3252A0,,"NAICS_2007_Code; weight 1.000; Manufacturing of other manufactured noncellulosic fibers (excluding glass, carbon, and graphite)"
Census_ASM_PxI,2020525003,BEA_2017_Code,3252A0,,"NAICS_2007_Code; weight 1.000; Manufacturing of other manufactured noncellulosic fibers, yarn (including strip), monofilament and group (multi) filament"
Census_ASM_PxI,2020525006,BEA_2017_Code,3252A0,,"NAICS_2007_Code; weight 1.000; Manufacturing of other manufactured noncellulosic fibers staple, tow, and salable waste (excluding glass, carbon, and graphite)"
Census_ASM_PxI,2020550000,BEA_2017_Code,3252A0,,NAICS_2007_Code; weight 1.000; Manufacturing of producer-textured manufactured noncellulosic fibers
Census_ASM_PxI,2020575000,BEA_2017_Code,327200,,"NAICS_2012_Code; weight 1.000; Manufacturing of other glass fiber, textile-type (including yarn, strand, staple yarn, sliver, roving, chopped strand, and milled glass fiber)"
Census_ASM_PxI,2020600000,BEA_2017_Code,314900,,"NAICS_2012_Code; weight 1.000; Manufacturing of recovered fibers, processed mill waste, and related products"
Census_ASM_PxI,2020625000,BEA_2017_Code,313200,,"NAICS_2012_Code; weight 1.000; Manufacturing of broadwoven fabrics, cotton, plain weave (excluding pile), gray goods"
Census_ASM_PxI,2020635000,BEA_2017_Code,313200,,"NAICS_2012_Code; weight 1.000; Manufacturing of broadwoven fabrics, cotton, pile, gray goods"
Census_ASM_PxI,2020650000,BEA_2017_Code,313200,,"NAICS_2012_Code; weight 1.000; Manufacturing of broadwoven fabrics, cotton, twill weave (excluding pile), gray goods"
Census_ASM_PxI,2020675000,BEA_2017_Code,313200,,"NAICS_2012_Code; weight 1.000; Manufacturing of broadwoven fabrics, cotton, all other weaves (excluding plain, pile, and twill), gray goods"
Census_ASM_PxI,2020725000,BEA_2017_Code,313200,,"NAICS_2012_Code; weight 1.000; Manufacturing of broadwoven fabrics, manmade fiber, 85 percent or more filament yarns (chiefly rayon, acetate, and lyocell), gray goods"
Census_ASM_PxI,2020750000,BEA_2017_Code,313200,,"NAICS_2012_Code; weight 1.000; Manufacturing of broadwoven fabrics, manmade fiber, 85 percent or more filament yarns (excluding rayon, acetate, and lyocell), gray goods"
Census_ASM_PxI,2020775000,BEA_2017_Code,313200,,"NAICS_2012_Code; weight 1.000; Manufacturing of broadwoven fabrics, manmade fiber, plain weave (excluding pile), 85 percent or more spun yarns (excluding wool blends), gray goods"
Census_ASM_PxI,2020800000,BEA_2017_Code,313200,,"NAICS_2012_Code; weight 1.000; Manufacturing of broadwoven fabrics, manmade fiber, twill weave (excluding pile), 85 percent or more spun yarns (excluding wool blends), gray goods"
Census_ASM_PxI,2020825000,BEA_2017_Code,313200,,"NAICS_2012_Code; weight 1.000; Manufacturing of broadwoven fabrics, manmade fiber, all other weaves (excluding plain, twill, and pile), 85 percent or more spun yarn (excluding wool blends), gray goods"
Census_ASM_PxI,2020850000,BEA_2017_Code,313200,,"NAICS_2012_Code; weight 1.000; Manufacturing of broadwoven fabrics, natural fibers, including silk (excluding cotton) and other manmade fibers, combinations of spun and filament yarns, each less than 85 percent of total fiber content (excluding wool blends and pile), gray goods"
Census_ASM_PxI,2020875000,BEA_2017_Code,313200,,"NAICS_2012_Code; weight 1.000; Manufacturing of broadwoven fabrics, natural fibers, including silk (excluding cotton) and other manmade fibers, all other weaves (including pile), gray goods"
Census_ASM_PxI,2020875003,BEA_2017_Code,313200,,"NAICS_2012_Code; weight 1.000; Manufacturing of broadwoven fabrics, natural fibers, including silk (excluding cotton) and other manmade fibers, pile fabrics, gray goods"
Census_ASM_PxI,2020875006,BEA_2017_Code,313200,,"NAICS_2012_Code; weight 1.000; Manufacturing of broadwoven fabrics, natural fibers, including silk (excluding cotton) and other manmade fibers, all other weaves (excluding pile), gray goods"
Census_ASM_PxI,2020900000,BEA_2017_Code,313200,,"NAICS_2012_Code; weight 1.000; Manufacturing of broadwoven fabrics, wool, gray goods"
Census_ASM_PxI,2020950000,BEA_2017_Code,313200,,"NAICS_2012_Code; weight 0.500; Manufacturing of finished broadwoven fabrics, cotton, plain weave (excluding pile)"
Census_ASM_PxI,2020950000,BEA_2017_Code,313300,,"NAICS_2007_Code; weight 0.500; Manufacturing of finished broadwoven fabrics, cotton, plain weave (excluding pile)"
Census_ASM_PxI,2020975000,BEA_2017_Code,313200,,"NAICS_2012_Code; weight 0.500; Manufacturing of finished broadwoven fabrics, cotton, pile (including velvets, plushes, corduroy, terry toweling, and terry cloth)"
Census_ASM_PxI,2020975000,BEA_2017_Code,313300,,"NAICS_2007_Code; weight 0.500; Manufacturing of finished broadwoven fabrics, cotton, pile (including velvets, plushes, corduroy, terry toweling, and terry cloth)"
Census_ASM_PxI,2020980000,BEA_2017_Code,313200,,"NAICS_2012_Code; weight 0.500; Manufacturing of finished broadwoven fabrics, cotton, twill weave (excluding pile)"
Census_ASM_PxI,2020980000,BEA_2017_Code,313300,,"NAICS_2007_Code; weight 0.500; Manufacturing of finished broadwoven fabrics, cotton, twill weave (excluding pile)"
Census_ASM_PxI,2020985000,BEA_2017_Code,313200,,"NAICS_2012_Code; weight 0.500; Manufacturing of finished broadwoven fabrics, cotton, all other weaves (excluding plain, pile, and twill), including sateens, oxfords, table damask, jacquard, and dobby shirting"
Census_ASM_PxI,2020985000,BEA_2017_Code,313300,,"NAICS_2007_Code; weight 0.500; Manufacturing of finished broadwoven fabrics, cotton, all other weaves (excluding plain, pile, and twill), including sateens, oxfords, table damask, jacquard, and dobby shirting"
Census_ASM_PxI,2021000000,BEA_2017_Code,313200,,"NAICS_2012_Code; weight 0.500; Manufacturing of finished broadwoven fabrics, manmade or natural fibers, including silk (excluding cotton and wool), print cloth (plain weave, excluding pile), 85 percent or more spun yarn"
Census_ASM_PxI,2021000000,BEA_2017_Code,313300,,"NAICS_2007_Code; weight 0.500; Manufacturing of finished broadwoven fabrics, manmade or natural fibers, including silk (excluding cotton and wool), print cloth (plain weave, excluding pile), 85 percent or more spun yarn"
Census_ASM_PxI,2021025000,BEA_2017_Code,313200,,"NAICS_2012_Code; weight 0.500; Manufacturing of finished broadwoven fabrics, manmade or natural fibers, including silk (excluding cotton and wool), all other types of plain weave (excluding print cloth and pile), 85 percent or more spun yarn"
Census_ASM_PxI,2021025000,BEA_2017_Code,313300,,"NAICS_2007_Code; weight 0.500; Manufacturing of finished broadwoven fabrics, manmade or natural fibers, including silk (excluding cotton and wool), all other types of plain weave (excluding print cloth and pile), 85 percent or more spun yarn"
Census_ASM_PxI,2021030000,BEA_2017_Code,313200,,"NAICS_2012_Code; weight 0.500; Manufacturing of finished broadwoven fabrics, manmade or natural fibers, including silk (excluding cotton and wool), pile (including velvets, plushes, and corduroys), 85 percent or more spun yarn"
Census_ASM_PxI,2021030000,BEA_2017_Code,313300,,"NAICS_2007_Code; weight 0.500; Manufacturing of finished broadwoven fabrics, manmade or natural fibers, including silk (excluding cotton and wool), pile (including velvets, plushes, and corduroys), 85 percent or more spun yarn"
Census_ASM_PxI,2021050000,BEA_2017_Code,313200,,"NAICS_2012_Code; weight 0.500; Manufacturing of finished broadwoven fabrics, manmade or natural fibers, including silk (excluding cotton and wool), twill weave (excluding pile), 85 percent or more spun yarn"
Census_ASM_PxI,2021050000,BEA_2017_Code,313300,,"NAICS_2007_Code; weight 0.500; Manufacturing of finished broadwoven fabrics, manmade or natural fibers, including silk (excluding cotton and wool), twill weave (excluding pile), 85 percent or more spun yarn"
Census_ASM_PxI,2021075000,BEA_2017_Code,313200,,"NAICS_2012_Code; weight 0.500; Manufacturing of finished broadwoven fabrics, manmade or natural fibers, including silk (excluding cotton and wool), other weaves (excluding plain, pile, and twill), 85 percent or more spun yarn"
Census_ASM_PxI,2021075000,BEA_2017_Code,313300,,"NAICS_2007_Code; weight 0.500; Manufacturing of finished broadwoven fabrics, manmade or natural fibers, including silk (excluding cotton and wool), other weaves (excluding plain, pile, and twill), 85 percent or more spun yarn"
Census_ASM_PxI,2021125000,BEA_2017_Code,313200,,"NAICS_2012_Code; weight 0.500; Manufacturing of finished broadwoven fabrics, chiefly polyester, 85 percent or more filament yarn"
Census_ASM_PxI,2021125000,BEA_2017_Code,313300,,"NAICS_2007_Code; weight 0.500; Manufacturing of finished broadwoven fabrics, chiefly polyester, 85 percent or more filament yarn"
Census_ASM_PxI,2021150000,BEA_2017_Code,313200,,"NAICS_2012_Code; weight 0.500; Manufacturing of finished broadwoven fabrics, manmade and natural fibers, including silk (excluding cotton and wool), all other types"
Census_ASM_PxI,2021150000,BEA_2017_Code,313300,,"NAICS_2007_Code; weight 0.500; Manufacturing of finished broadwoven fabrics, manmade and natural fibers, including silk (excluding cotton and wool), all other types"
Census_ASM_PxI,2021150003,BEA_2017_Code,313200,,"NAICS_2012_Code; weight 0.500; Manufacturing of finished broadwoven fabrics, manmade fibers (excluding polyester) and natural fibers, including silk (excluding cotton and wool), 85 percent or more filament yarn"
Census_ASM_PxI,2021150003,BEA_2017_Code,313300,,"NAICS_2007_Code; weight 0.500; Manufacturing of finished broadwoven fabrics, manmade fibers (excluding polyester) and natural fibers, including silk (excluding cotton and wool), 85 percent or more filament yarn"
Census_ASM_PxI,2021150006,BEA_2017_Code,313200,,"NAICS_2012_Code; weight 0.500; Manufacturing of finished broadwoven fabrics, manmade and natural fibers, including silk (excluding cotton and wool), all other fabrics (including combinations of spun and filament yarns, blends with wool, silk, and blends with silk)"
Census_ASM_PxI,2021150006,BEA_2017_Code,313300,,"NAICS_2007_Code; weight 0.500; Manufacturing of finished broadwoven fabrics, manmade and natural fibers, including silk (excluding cotton and wool), all other fabrics (including combinations of spun and filament yarns, blends with wool, silk, and blends with silk)"
Census_ASM_PxI,2021175000,BEA_2017_Code,313200,,"NAICS_2012_Code; weight 0.500; Manufacturing of finished broadwoven fabrics, wool fabrics and felts"
Census_ASM_PxI,2021175000,BEA_2017_Code,313300,,"NAICS_2007_Code; weight 0.500; Manufacturing of finished broadwoven fabrics, wool fabrics and felts"
Census_ASM_PxI,2021225000,BEA_2017_Code,327200,,"NAICS_2012_Code; weight 1.000; Manufacturing of glass fiber mat, textile-type"
Census_ASM_PxI,2021250000,BEA_2017_Code,313200,,"NAICS_2007_Code; weight 1.000; Manufacturing of narrow fabrics (12 inches or less in width), woven, elastic"
Census_ASM_PxI,2021275000,BEA_2017_Code,313200,,"NAICS_2007_Code; weight 1.000; Manufacturing of narrow fabrics (12 inches or less in width), woven, nonelastic (labels, ribbons, and tape)"
Census_ASM_PxI,2021275003,BEA_2017_Code,313200,,"NAICS_2007_Code; weight 1.000; Manufacturing of narrow fabrics (12 inches or less in width), woven, nonelastic, labels"
Census_ASM_PxI,2021275006,BEA_2017_Code,313200,,"NAICS_2007_Code; weight 1.000; Manufacturing of narrow fabrics (12 inches or less in width), woven, tape and woven edge ribbons"
Census_ASM_PxI,2021300000,BEA_2017_Code,313200,,"NAICS_2007_Code; weight 0.500; Manufacturing of all other narrow fabrics (12 inches or less in width), woven, nonelastic, including webbing (excluding labels, woven edge ribbons, and tape)"
Census_ASM_PxI,2021300000,BEA_2017_Code,313300,,"NAICS_2007_Code; weight 0.500; Manufacturing of all other narrow fabrics (12 inches or less in width), woven, nonelastic, including webbing (excluding labels, woven edge ribbons, and tape)"
Census_ASM_PxI,2021325000,BEA_2017_Code,313200,,"NAICS_2007_Code; weight 0.500; Manufacturing of narrow fabrics (12 inches or less in width), braided"
Census_ASM_PxI,2021325000,BEA_2017_Code,313300,,"NAICS_2007_Code; weight 0.500; Manufacturing of narrow fabrics (12 inches or less in width), braided"
Census_ASM_PxI,2021350000,BEA_2017_Code,313200,,NAICS_2007_Code; weight 1.000; Manufacturing of covered rubber thread
Census_ASM_PxI,2021400000,BEA_2017_Code,313200,,"NAICS_2012_Code; weight 1.000; Manufacturing of nonwoven fabrics (excluding housewraps; paper; woven, knitted, or tufted fabrics; and pressed, punched, or woven felts)"
Census_ASM_PxI,2021400003,BEA_2017_Code,313200,,"NAICS_2012_Code; weight 1.000; Manufacturing of nonwoven fabrics, wet laid (excluding housewraps; paper; woven, knitted, or tufted fabrics; and pressed, punched, or woven felts)"
Census_ASM_PxI,2021400006,BEA_2017_Code,313200,,"NAICS_2012_Code; weight 1.000; Manufacturing of nonwoven fabrics, excluding wet laid; housewraps; paper; woven, knitted, or tufted fabrics; and pressed, punched, or woven felts"
Census_ASM_PxI,2021425000,BEA_2017_Code,313200,,"NAICS_2007_Code; weight 1.000; Manufacturing of weft (circular) knit fabrics, greige goods (excluding hosiery), narrow (12 inches wide or less)"
Census_ASM_PxI,2021450000,BEA_2017_Code,313200,,"NAICS_2007_Code; weight 1.000; Manufacturing of weft (circular) knit fabrics, greige goods (excluding hosiery), broad (more than 12 inches wide)"
Census_ASM_PxI,2021475000,BEA_2017_Code,313200,,"NAICS_2007_Code; weight 1.000; Manufacturing of weft (circular) knit fabrics, finished (excluding hosiery)"
Census_ASM_PxI,2021525000,BEA_2017_Code,313300,,NAICS_2007_Code; weight 1.000; Purchasing and finishing narrow (12 inches wide or less) knit fabrics
Census_ASM_PxI,2021550000,BEA_2017_Code,313300,,NAICS_2007_Code; weight 1.000; Purchasing and finishing broad (more than 12 inches wide) knit fabrics
Census_ASM_PxI,2021575000,BEA_2017_Code,313200,,"NAICS_2007_Code; weight 1.000; Manufacturing of warp knit fabrics, greige goods"
Census_ASM_PxI,2021575003,BEA_2017_Code,313200,,"NAICS_2007_Code; weight 1.000; Manufacturing of warp knit fabrics, greige goods, narrow (12 inches wide or less)"
Census_ASM_PxI,2021575006,BEA_2017_Code,313200,,"NAICS_2007_Code; weight 1.000; Manufacturing of warp knit fabrics, greige goods, broad (more than 12 inches wide)"
Census_ASM_PxI,2021600000,BEA_2017_Code,313200,,"NAICS_2007_Code; weight 1.000; Manufacturing of warp knit fabrics, finished"
Census_ASM_PxI,2021625000,BEA_2017_Code,313200,,"NAICS_2007_Code; weight 1.000; Manufacturing of lace and net goods, all leavers and Nottingham lace machine products, including bobbinets and barmen laces (excluding raschel lace machine products and burned-out laces)    "
Census_ASM_PxI,2021650000,BEA_2017_Code,314900,,NAICS_2012_Code; weight 1.000; Manufacturing of embroideries (excluding Schiffli machine products)
Census_ASM_PxI,2021675000,BEA_2017_Code,313200,,NAICS_2007_Code; weight 1.000; Manufacturing of Schiffli machine embroideries
Census_ASM_PxI,2021700000,BEA_2017_Code,339990,,"NAICS_2012_Code; weight 1.000; Manufacturing of buttons and button parts, including button backs, blanks, and molds (excluding buttons and button parts made of precious metals and precious and semiprecious stones)"
Census_ASM_PxI,2021725000,BEA_2017_Code,339990,,"NAICS_2012_Code; weight 1.000; Manufacturing of zippers and slide fasteners, excluding zippers and slide fasteners made of precious metals and precious and semiprecious stones"
Census_ASM_PxI,2021750000,BEA_2017_Code,339990,,"NAICS_2012_Code; weight 1.000; Manufacturing of buckles, fasteners (excluding slide fasteners), needles, and pins, excluding those made of precious metals and precious and semiprecious stones"
Census_ASM_PxI,2021750003,BEA_2017_Code,339990,,"NAICS_2012_Code; weight 1.000; Manufacturing of buckles (including buckles covered with fabrics and other materials), excluding buckles made of precious metals and precious and semiprecious stones"
Census_ASM_PxI,2021750006,BEA_2017_Code,339990,,"NAICS_2012_Code; weight 1.000; Manufacturing of fasteners (excluding slide fasteners), including snap and tape, hook and eyes, rivet and burrs, and trimmings (excluding fasteners made of precious metals and precious and semiprecious stones)"
Census_ASM_PxI,2021750009,BEA_2017_Code,339990,,"NAICS_2012_Code; weight 1.000; Manufacturing of needles (excluding hypodermic, phonographic, stylus, and suture) and pins (excluding jewelry), excluding needles and pins made of precious metals and precious and semiprecious stones"
Census_ASM_PxI,2021775000,BEA_2017_Code,325610,,NAICS_2012_Code; weight 1.000; Manufacturing of surfactants (bulk surface active agents)
Census_ASM_PxI,2021800000,BEA_2017_Code,325610,,NAICS_2012_Code; weight 1.000; Manufacturing of finishing agents and assistants
Census_ASM_PxI,2021800003,BEA_2017_Code,325610,,NAICS_2012_Code; weight 1.000; Manufacturing of leather assistants and finishes
Census_ASM_PxI,2021800006,BEA_2017_Code,325610,,NAICS_2012_Code; weight 1.000; Manufacturing of textile assistants
Census_ASM_PxI,2021800009,BEA_2017_Code,325610,,NAICS_2012_Code; weight 1.000; Manufacturing of textile finishes
Census_ASM_PxI,2021825000,BEA_2017_Code,325610,,"NAICS_2012_Code; weight 1.000; Manufacturing of leather dressings and finishes, excluding shoe polish"
Census_ASM_PxI,2021850000,BEA_2017_Code,315000,,"NAICS_2007_Code; weight 1.000; Manufacturing of sheer hosiery, excluding socks, women's, misses', and girls', shipped in the greige"
Census_ASM_PxI,2021875000,BEA_2017_Code,315000,,"NAICS_2007_Code; weight 1.000; Manufacturing of hosiery (excluding sheer), seamless, shipped in the greige"
Census_ASM_PxI,2021925000,BEA_2017_Code,31161A,,"NAICS_2012_Code; weight 0.500; Manufacturing of furs and pelts, dressed and dyed or bleached"
Census_ASM_PxI,2021925000,BEA_2017_Code,316000,,"NAICS_2012_Code; weight 0.500; Manufacturing of furs and pelts, dressed and dyed or bleached"
Census_ASM_PxI,2021950000,BEA_2017_Code,315000,,NAICS_2007_Code; weight 1.000; Manufacturing of leather belts for apparel manufacturing
Census_ASM_PxI,2021950003,BEA_2017_Code,315000,,"NAICS_2007_Code; weight 1.000; Manufacturing of leather belts, made for sale to apparel companies, women's and girls'"
Census_ASM_PxI,2021950006,BEA_2017_Code,315000,,"NAICS_2007_Code; weight 1.000; Manufacturing of leather belts, made for sale to apparel companies, men's and boys'"
Census_ASM_PxI,2021975000,BEA_2017_Code,316000,,NAICS_2007_Code; weight 1.000; Manufacturing of boot and shoe cut stock and findings
Census_ASM_PxI,2022000000,BEA_2017_Code,313300,,"NAICS_2012_Code; weight 1.000; Manufacturing of rubber coated fabrics, garment and footwear"
Census_ASM_PxI,2022025000,BEA_2017_Code,314900,,"NAICS_2012_Code; weight 1.000; Manufacturing of bias binding, apparel and notion trade, excluding fused and sealed edge"
Census_ASM_PxI,2022050000,BEA_2017_Code,315000,,"NAICS_2007_Code; weight 1.000; Manufacturing of apparel accessories, all other types (apparel findings, trimmings, etc.), fabricated"
Census_ASM_PxI,2022075000,BEA_2017_Code,315000,,NAICS_2007_Code; weight 1.000; Manufacturing of hat bodies and fabric caps
Census_ASM_PxI,2022100000,BEA_2017_Code,313200,,NAICS_2012_Code; weight 1.000; Manufacturing of fabricated nonwoven products
Census_ASM_PxI,2022100003,BEA_2017_Code,313200,,"NAICS_2012_Code; weight 1.000; Manufacturing of ribbons, laminated and nonlaminated gift tyings (decorative string, bows, rosettes, etc.), made from nonwoven fabrics"
Census_ASM_PxI,2022100006,BEA_2017_Code,313200,,"NAICS_2012_Code; weight 1.000; Manufacturing of all other fabricated nonwoven products, excluding diapers and orthopedic, prosthetic, and surgical supplies"
Census_ASM_PxI,2022150000,BEA_2017_Code,3259A0,,NAICS_2012_Code; weight 1.000; Manufacturing of sizes (textile and other)
Census_ASM_PxI,2022175000,BEA_2017_Code,311224,,NAICS_2007_Code; weight 1.000; Manufacturing of cotton linters
Census_ASM_PxI,2022200000,BEA_2017_Code,314900,,"NAICS_2012_Code; weight 1.000; Manufacturing of trimmings, nonapparel, including furniture, excluding automotive"
Census_ASM_PxI,2022225000,BEA_2017_Code,321100,,NAICS_2012_Code; weight 0.500; Manufacturing of hardwood rough lumber
Census_ASM_PxI,2022225000,BEA_2017_Code,321910,,NAICS_2012_Code; weight 0.500; Manufacturing of hardwood rough lumber
Census_ASM_PxI,2022225003,BEA_2017_Code,321100,,"NAICS_2012_Code; weight 0.500; Manufacturing of beech rough lumber, not edge worked"
Census_ASM_PxI,2022225003,BEA_2017_Code,321910,,"NAICS_2012_Code; weight 0.500; Manufacturing of beech rough lumber, not edge worked"
Census_ASM_PxI,2022225006,BEA_2017_Code,321100,,"NAICS_2012_Code; weight 0.500; Manufacturing of oak rough lumber, not edge worked"
Census_ASM_PxI,2022225006,BEA_2017_Code,321910,,"NAICS_2012_Code; weight 0.500; Manufacturing of oak rough lumber, not edge worked"
Census_ASM_PxI,2022225009,BEA_2017_Code,321100,,"NAICS_2012_Code; weight 0.500; Manufacturing of other hardwood rough lumber, not edge worked"
Census_ASM_PxI,2022225009,BEA_2017_Code,321910,,"NAICS_2012_Code; weight 0.500; Manufacturing of other hardwood rough lumber, not edge worked"
Census_ASM_PxI,2022250000,BEA_2017_Code,321910,,"NAICS_2012_Code; weight 1.000; Manufacturing of hardwood industrial cut stock, rough or surfaced, cut to size and semi and fully machined, ready for assembly"
Census_ASM_PxI,2022275000,BEA_2017_Code,321910,,NAICS_2012_Code; weight 1.000; Manufacturing of softwood industrial cut stock
Census_ASM_PxI,2022300000,BEA_2017_Code,321100,,NAICS_2012_Code; weight 0.500; Manufacturing of softwood rough lumber
Census_ASM_PxI,2022300000,BEA_2017_Code,321910,,NAICS_2012_Code; weight 0.500; Manufacturing of softwood rough lumber
Census_ASM_PxI,2022300003,BEA_2017_Code,321100,,"NAICS_2012_Code; weight 0.500; Manufacturing of softwood rough lumber, less than 2 inches in nominal thickness, not edge worked"
Census_ASM_PxI,2022300003,BEA_2017_Code,321910,,"NAICS_2012_Code; weight 0.500; Manufacturing of softwood rough lumber, less than 2 inches in nominal thickness, not edge worked"
Census_ASM_PxI,2022300006,BEA_2017_Code,321100,,"NAICS_2012_Code; weight 0.500; Manufacturing of softwood rough 2-inch lumber, 2 inches in nominal thickness only, not edge worked,"
Census_ASM_PxI,2022300006,BEA_2017_Code,321910,,"NAICS_2012_Code; weight 0.500; Manufacturing of softwood rough 2-inch lumber, 2 inches in nominal thickness only, not edge worked,"
Census_ASM_PxI,2022300009,BEA_2017_Code,321100,,"NAICS_2012_Code; weight 0.500; Manufacturing of softwood rough lumber and timbers, more than 2 inches in nominal thickness, not edge worked"
Census_ASM_PxI,2022300009,BEA_2017_Code,321910,,"NAICS_2012_Code; weight 0.500; Manufacturing of softwood rough lumber and timbers, more than 2 inches in nominal thickness, not edge worked"
Census_ASM_PxI,2022325000,BEA_2017_Code,321100,,"NAICS_2012_Code; weight 1.000; Manufacturing of wood chips, excluding field chips"
Census_ASM_PxI,2022350000,BEA_2017_Code,3219A0,,NAICS_2012_Code; weight 1.000; Manufacturing of kiln-dried lumber
Census_ASM_PxI,2022375000,BEA_2017_Code,321200,,"NAICS_2012_Code; weight 1.000; Manufacturing of softwood veneer, including veneer backed with paper, cloth, or other flexible material"
Census_ASM_PxI,2022400000,BEA_2017_Code,321910,,NAICS_2012_Code; weight 1.000; Manufacturing of wood lath
Census_ASM_PxI,2022425000,BEA_2017_Code,321100,,"NAICS_2012_Code; weight 0.500; Manufacturing of hardwood dressed lumber, not edge worked"
Census_ASM_PxI,2022425000,BEA_2017_Code,321910,,"NAICS_2012_Code; weight 0.500; Manufacturing of hardwood dressed lumber, not edge worked"
Census_ASM_PxI,2022450000,BEA_2017_Code,321910,,"NAICS_2012_Code; weight 1.000; Manufacturing of hardwood lumber, edge worked (tongued, grooved, rabbeted, etc.), except flooring"
Census_ASM_PxI,2022475000,BEA_2017_Code,321200,,"NAICS_2012_Code; weight 1.000; Manufacturing of hardwood veneer, including veneer backed with paper, cloth, or other flexible material"
Census_ASM_PxI,2022500000,BEA_2017_Code,321200,,NAICS_2012_Code; weight 1.000; Manufacturing of prefinished hardwood plywood
Census_ASM_PxI,2022525000,BEA_2017_Code,321200,,"NAICS_2012_Code; weight 1.000; Manufacturing of hardwood veneered panels, including two-ply veneers"
Census_ASM_PxI,2022550000,BEA_2017_Code,321200,,NAICS_2012_Code; weight 1.000; Manufacturing of particleboard and medium density fiberboard (MDF)
Census_ASM_PxI,2022625000,BEA_2017_Code,321200,,NAICS_2012_Code; weight 1.000; Manufacturing of hardboard products
Census_ASM_PxI,2022675000,BEA_2017_Code,321910,,NAICS_2012_Code; weight 1.000; Manufacturing of hardwood furniture cut stock and dimension
Census_ASM_PxI,2022700000,BEA_2017_Code,321910,,NAICS_2012_Code; weight 1.000; Manufacturing of softwood furniture cut stock and furniture and industrial dimension
Census_ASM_PxI,2022700003,BEA_2017_Code,321910,,NAICS_2012_Code; weight 1.000; Manufacturing of softwood furniture cut stock
Census_ASM_PxI,2022700006,BEA_2017_Code,321910,,NAICS_2012_Code; weight 1.000; Manufacturing of softwood semimachined and fully machined furniture and industrial dimension
Census_ASM_PxI,2022725000,BEA_2017_Code,337215,,"NAICS_2012_Code; weight 1.000; Manufacturing of furniture frames, wood"
Census_ASM_PxI,2022750000,BEA_2017_Code,337215,,"NAICS_2012_Code; weight 1.000; Manufacturing of furniture dimensions, fully machined ready for assembly, hardwood and softwood"
Census_ASM_PxI,2022775000,BEA_2017_Code,314900,,"NAICS_2012_Code; weight 1.000; Manufacturing of paddings and upholstery filling, batting, and wadding (excluding foam rubber and plastics)"
Census_ASM_PxI,2022775003,BEA_2017_Code,314900,,"NAICS_2012_Code; weight 1.000; Manufacturing of paddings, upholstery fillings, batting, and wadding, excluding automotive (excluding foam rubber and plastics)"
Census_ASM_PxI,2022775006,BEA_2017_Code,314900,,"NAICS_2012_Code; weight 1.000; Manufacturing of pads, automotive, excluding foam rubber and plastics"
Census_ASM_PxI,2022800000,BEA_2017_Code,326140,,NAICS_2012_Code; weight 1.000; Manufacturing of furniture and furnishings polystyrene foam products
Census_ASM_PxI,2022825000,BEA_2017_Code,326150,,"NAICS_2012_Code; weight 1.000; Manufacturing of polyurethane foam formed and slab stock for pillows, seating, and cushioning"
Census_ASM_PxI,2022850000,BEA_2017_Code,326150,,NAICS_2012_Code; weight 1.000; Manufacturing of other polyurethane foam furniture and furnishing products
Census_ASM_PxI,2022850003,BEA_2017_Code,326150,,NAICS_2012_Code; weight 1.000; Manufacturing of polyurethane foam mattress cores (uncovered only)
Census_ASM_PxI,2022850006,BEA_2017_Code,326150,,NAICS_2012_Code; weight 1.000; Manufacturing of polyurethane foam topper pads and quilting rolls
Census_ASM_PxI,2022850009,BEA_2017_Code,326150,,NAICS_2012_Code; weight 1.000; Manufacturing of other furniture and furnishings polyurethane foam products
Census_ASM_PxI,2022875000,BEA_2017_Code,326290,,NAICS_2012_Code; weight 1.000; Manufacturing of latex foam for upholstery (sheet and slab stock)
Census_ASM_PxI,2022900000,BEA_2017_Code,326140,,NAICS_2012_Code; weight 1.000; Manufacturing of electrical and electronic polystyrene foam products
Census_ASM_PxI,2022925000,BEA_2017_Code,326150,,NAICS_2012_Code; weight 1.000; Manufacturing of electrical and electronic polyurethane foam products
Census_ASM_PxI,2022950000,BEA_2017_Code,326290,,NAICS_2012_Code; weight 1.000; Manufacturing of latex foam products and chemically blown (open and closed cell) rubber sponges
Census_ASM_PxI,2022950003,BEA_2017_Code,326290,,NAICS_2012_Code; weight 1.000; Manufacturing of chemically blown open and closed cell rubber sponge for other uses
Census_ASM_PxI,2022950006,BEA_2017_Code,326290,,"NAICS_2012_Code; weight 1.000; Manufacturing of chemically blown closed cell rubber sponge for appliances, air-conditioning, and refrigeration"
Census_ASM_PxI,2022975000,BEA_2017_Code,332600,,"NAICS_2007_Code; weight 1.000; Manufacturing of wire spring units for box springs, innerspring mattresses, dual-purpose sleep furniture, and other upholstered furniture"
Census_ASM_PxI,2023000000,BEA_2017_Code,326190,,NAICS_2012_Code; weight 1.000; Manufacturing of plastics furniture components and furnishings (excluding foam and reinforced plastics)
Census_ASM_PxI,2023000003,BEA_2017_Code,326190,,"NAICS_2012_Code; weight 1.000; Manufacturing of plastics furniture components, accessories, and parts (excluding foam and reinforced plastics)"
Census_ASM_PxI,2023000006,BEA_2017_Code,326190,,"NAICS_2012_Code; weight 1.000; Manufacturing of other plastics furniture components and furnishings (including fixtures, mirror and picture frames, etc.) (excluding foam and reinforced plastics)"
Census_ASM_PxI,2023025000,BEA_2017_Code,332500,,"NAICS_2012_Code; weight 1.000; Manufacturing of furniture hardware, including drawer pulls and handles, rotating and tilting furniture fixtures and bases, furniture and drawer slides, furniture casters, and other floor protective devices (excluding cabinet hardware)"
Census_ASM_PxI,2023050000,BEA_2017_Code,326130,,"NAICS_2012_Code; weight 1.000; Manufacturing of laminated plastics plates, sheets (excluding packaging), and shapes"
Census_ASM_PxI,2023075000,BEA_2017_Code,332119,,NAICS_2007_Code; weight 1.000; Manufacturing of furniture metal job stampings
Census_ASM_PxI,2023100000,BEA_2017_Code,337215,,"NAICS_2012_Code; weight 1.000; Manufacturing of furniture parts, plastic and metal, including frames and sleeper mechanisms and other types (excluding metal furniture hardware)"
Census_ASM_PxI,2023125000,BEA_2017_Code,322110,,"NAICS_2012_Code; weight 1.000; Manufacturing of special alpha and dissolving woodpulp (sulfite and sulfate for chemical conversion, papermaking, and other uses), sulfate woodpulp (including soda), sulfite woodpulp, and other woodpulp"
Census_ASM_PxI,2023150000,BEA_2017_Code,322110,,"NAICS_2012_Code; weight 1.000; Manufacturing of pulp, other than wood, including pulp made from cotton linters, straw, rag, flax, deinked paper, bagasse, etc."
Census_ASM_PxI,2023175000,BEA_2017_Code,322130,,NAICS_2012_Code; weight 1.000; Manufacturing of unbleached kraft linerboard
Census_ASM_PxI,2023200000,BEA_2017_Code,322130,,"NAICS_2012_Code; weight 1.000; Manufacturing of other unbleached kraft packaging and industrial converting paperboard, including tube, can, and drum paperboard, corrugating medium, folding carton-type board, etc."
Census_ASM_PxI,2023225000,BEA_2017_Code,322130,,NAICS_2012_Code; weight 1.000; Manufacturing of bleached folding carton-type paperboard
Census_ASM_PxI,2023250000,BEA_2017_Code,322130,,NAICS_2012_Code; weight 1.000; Manufacturing of bleached milk carton board
Census_ASM_PxI,2023275000,BEA_2017_Code,322130,,"NAICS_2012_Code; weight 1.000; Manufacturing of other solid bleached paperboard, including linerboard, heavyweight cup and round nested food container board, plate, dish, and tray stock, and paperboard for moist, liquid, and oily foods"
Census_ASM_PxI,2023275003,BEA_2017_Code,322130,,NAICS_2012_Code; weight 1.000; Manufacturing of bleached linerboard
Census_ASM_PxI,2023275006,BEA_2017_Code,322130,,NAICS_2012_Code; weight 1.000; Manufacturing of bleached heavyweight cup and round nested food container paperboard
Census_ASM_PxI,2023275009,BEA_2017_Code,322130,,"NAICS_2012_Code; weight 1.000; Manufacturing of bleached plate, dish, and tray paperboard stock"
Census_ASM_PxI,2023275012,BEA_2017_Code,322130,,"NAICS_2012_Code; weight 1.000; Manufacturing of other solid bleached paperboard, including paperboard for moist, liquid, and oily foods"
Census_ASM_PxI,2023300000,BEA_2017_Code,322130,,"NAICS_2012_Code; weight 1.000; Manufacturing of semichemical paperboard, including corrugating medium (75 percent or more virgin woodpulp)"
Census_ASM_PxI,2023325000,BEA_2017_Code,322130,,NAICS_2012_Code; weight 1.000; Manufacturing of recycled corrugating medium
Census_ASM_PxI,2023350000,BEA_2017_Code,322130,,NAICS_2012_Code; weight 1.000; Manufacturing of recycled linerboard and container chip and filler board
Census_ASM_PxI,2023350003,BEA_2017_Code,322130,,NAICS_2012_Code; weight 1.000; Manufacturing of recycled linerboard
Census_ASM_PxI,2023350006,BEA_2017_Code,322130,,NAICS_2012_Code; weight 1.000; Manufacturing of recycled container chip and filler board
Census_ASM_PxI,2023375000,BEA_2017_Code,322130,,NAICS_2012_Code; weight 1.000; Manufacturing of recycled clay-coated folding carton board
Census_ASM_PxI,2023400000,BEA_2017_Code,322130,,"NAICS_2012_Code; weight 1.000; Manufacturing of recycled unlined folding carton chipboard, and lined, including kraft and white"
Census_ASM_PxI,2023400003,BEA_2017_Code,322130,,NAICS_2012_Code; weight 1.000; Manufacturing of recycled unlined folding carton chipboard
Census_ASM_PxI,2023400006,BEA_2017_Code,322130,,"NAICS_2012_Code; weight 1.000; Manufacturing of recycled lined folding carton board, including kraft and white"
Census_ASM_PxI,2023425000,BEA_2017_Code,322130,,"NAICS_2012_Code; weight 1.000; Manufacturing of other recycled paperboard, including setup, tube, can, and drum stock, gypsum linerboard, panelboard and wallboard stock, and other special combination packaging and converting paperboard"
Census_ASM_PxI,2023425003,BEA_2017_Code,322130,,NAICS_2012_Code; weight 1.000; Manufacturing of recycled setup board
Census_ASM_PxI,2023425006,BEA_2017_Code,322130,,"NAICS_2012_Code; weight 1.000; Manufacturing of recycled tube, can, and drum paperboard stock"
Census_ASM_PxI,2023425009,BEA_2017_Code,322130,,NAICS_2012_Code; weight 1.000; Manufacturing of recycled gypsum linerboard
Census_ASM_PxI,2023425012,BEA_2017_Code,322130,,"NAICS_2012_Code; weight 1.000; Manufacturing of other recycled paperboard, including panelboard and wallboard stock and other special combination packaging and industrial converting paperboard"
Census_ASM_PxI,2023450000,BEA_2017_Code,322130,,"NAICS_2012_Code; weight 1.000; Manufacturing of wet machine board, including binders' board and shoe board"
Census_ASM_PxI,2023475000,BEA_2017_Code,322120,,"NAICS_2012_Code; weight 1.000; Manufacturing of bleached bristols and clay-coated, uncoated freesheet, cotton fiber, special industrial, packaging, and industrial converting papers"
Census_ASM_PxI,2023500000,BEA_2017_Code,322220,,"NAICS_2007_Code; weight 1.000; Manufacturing of other coated and processed papers, excluding for packaging uses"
Census_ASM_PxI,2023500003,BEA_2017_Code,322220,,"NAICS_2007_Code; weight 1.000; Manufacturing of all other coated and processed papers, excluding for packaging uses"
Census_ASM_PxI,2023500006,BEA_2017_Code,322220,,"NAICS_2007_Code; weight 1.000; Manufacturing of coated and processed papers (excluding for packaging uses), including carbonless, oiled, soap-impregnated, treated, etc., but excluding sensitized paper"
Census_ASM_PxI,2023525000,BEA_2017_Code,322120,,NAICS_2012_Code; weight 1.000; Manufacturing of construction paper
Census_ASM_PxI,2023575000,BEA_2017_Code,322120,,NAICS_2012_Code; weight 1.000; Manufacturing of newsprint
Census_ASM_PxI,2023600000,BEA_2017_Code,322120,,NAICS_2012_Code; weight 1.000; Manufacturing of uncoated ground-wood paper (containing more than 10 percent mechanical fiber)
Census_ASM_PxI,2023625000,BEA_2017_Code,322220,,"NAICS_2007_Code; weight 1.000; Manufacturing of printing paper, coated one and two sides"
Census_ASM_PxI,2023650000,BEA_2017_Code,322230,,"NAICS_2007_Code; weight 1.000; Manufacturing of wedding and social announcements, paper, cards, and envelopes"
Census_ASM_PxI,2023675000,BEA_2017_Code,33329A,,"NAICS_2007_Code; weight 1.000; Manufacturing of engravers' materials, including printing type, blocks, plates, cylinders, and other printing components"
Census_ASM_PxI,2023700000,BEA_2017_Code,325910,,NAICS_2012_Code; weight 1.000; Manufacturing of letterpress printing inks
Census_ASM_PxI,2023700003,BEA_2017_Code,325910,,NAICS_2012_Code; weight 1.000; Manufacturing of news inks
Census_ASM_PxI,2023700006,BEA_2017_Code,325910,,NAICS_2012_Code; weight 1.000; Manufacturing of packaging inks
Census_ASM_PxI,2023700009,BEA_2017_Code,325910,,"NAICS_2012_Code; weight 1.000; Manufacturing of other letterpress printing inks, including publication inks"
Census_ASM_PxI,2023725000,BEA_2017_Code,325910,,NAICS_2012_Code; weight 1.000; Manufacturing of news and nonheat web offset printing inks
Census_ASM_PxI,2023750000,BEA_2017_Code,325910,,NAICS_2012_Code; weight 1.000; Manufacturing of publication and commercial web inks
Census_ASM_PxI,2023775000,BEA_2017_Code,325910,,NAICS_2012_Code; weight 1.000; Manufacturing of sheet-fed general inks
Census_ASM_PxI,2023800000,BEA_2017_Code,325910,,NAICS_2012_Code; weight 1.000; Manufacturing of sheet-fed packaging inks
Census_ASM_PxI,2023800003,BEA_2017_Code,325910,,NAICS_2012_Code; weight 1.000; Manufacturing of sheet-fed packaging inks
Census_ASM_PxI,2023800006,BEA_2017_Code,325910,,NAICS_2012_Code; weight 1.000; Manufacturing of other lithographic and offset inks
Census_ASM_PxI,2023825000,BEA_2017_Code,325910,,NAICS_2012_Code; weight 1.000; Manufacturing of gravure publication printing inks
Census_ASM_PxI,2023825003,BEA_2017_Code,325910,,"NAICS_2012_Code; weight 1.000; Manufacturing of gravure publication printing inks, solvent types"
Census_ASM_PxI,2023825006,BEA_2017_Code,325910,,"NAICS_2012_Code; weight 1.000; Manufacturing of gravure publication printing inks, water types"
Census_ASM_PxI,2023850000,BEA_2017_Code,325910,,"NAICS_2012_Code; weight 1.000; Manufacturing of other gravure printing inks, excluding publication printing types"
Census_ASM_PxI,2023850003,BEA_2017_Code,325910,,"NAICS_2012_Code; weight 1.000; Manufacturing of gravure packaging printing inks, solvent types"
Census_ASM_PxI,2023850006,BEA_2017_Code,325910,,"NAICS_2012_Code; weight 1.000; Manufacturing of gravure packaging printing inks, water types"
Census_ASM_PxI,2023850009,BEA_2017_Code,325910,,NAICS_2012_Code; weight 1.000; Manufacturing of other gravure printing inks
Census_ASM_PxI,2023875000,BEA_2017_Code,325910,,NAICS_2012_Code; weight 1.000; Manufacturing of flexographic printing inks
Census_ASM_PxI,2023875003,BEA_2017_Code,325910,,"NAICS_2012_Code; weight 1.000; Manufacturing of flexographic packaging printing inks, solvent types"
Census_ASM_PxI,2023875006,BEA_2017_Code,325910,,"NAICS_2012_Code; weight 1.000; Manufacturing of flexographic packaging printing inks, water types"
Census_ASM_PxI,2023875009,BEA_2017_Code,325910,,NAICS_2012_Code; weight 1.000; Manufacturing of flexographic news and commercial printing inks
Census_ASM_PxI,2023875012,BEA_2017_Code,325910,,NAICS_2012_Code; weight 1.000; Manufacturing of other flexographic printing inks
Census_ASM_PxI,2023900000,BEA_2017_Code,325910,,NAICS_2012_Code; weight 1.000; Manufacturing of nonimpact/digital inks
Census_ASM_PxI,2023900003,BEA_2017_Code,325910,,NAICS_2012_Code; weight 1.000; Manufacturing of inkjet inks
Census_ASM_PxI,2023900006,BEA_2017_Code,325910,,NAICS_2012_Code; weight 1.000; Manufacturing of electrophotographic printing inks
Census_ASM_PxI,2023900009,BEA_2017_Code,325910,,NAICS_2012_Code; weight 1.000; Manufacturing of other nonimpact/digital inks
Census_ASM_PxI,2023925000,BEA_2017_Code,325910,,NAICS_2012_Code; weight 1.000; Manufacturing of all other printing inks
Census_ASM_PxI,2023925003,BEA_2017_Code,325910,,NAICS_2012_Code; weight 1.000; Manufacturing of textile printing inks
Census_ASM_PxI,2023925006,BEA_2017_Code,325910,,NAICS_2012_Code; weight 1.000; Manufacturing of screen printing inks
Census_ASM_PxI,2023925009,BEA_2017_Code,325910,,"NAICS_2012_Code; weight 1.000; Manufacturing of other printing inks, including stencil inks"
Census_ASM_PxI,2023975000,BEA_2017_Code,324110,,NAICS_2012_Code; weight 0.500; Manufacturing of calcined petroleum coke
Census_ASM_PxI,2023975000,BEA_2017_Code,324190,,NAICS_2012_Code; weight 0.500; Manufacturing of calcined petroleum coke
Census_ASM_PxI,2024000000,BEA_2017_Code,324110,,NAICS_2012_Code; weight 1.000; Manufacturing of petroleum coke
Census_ASM_PxI,2024025000,BEA_2017_Code,324110,,NAICS_2012_Code; weight 1.000; Manufacturing of unfinished oils and lubricating oil base stock
Census_ASM_PxI,2024050000,BEA_2017_Code,324110,,NAICS_2012_Code; weight 1.000; Manufacturing of asphalt
Census_ASM_PxI,2024075000,BEA_2017_Code,324110,,"NAICS_2012_Code; weight 0.500; Manufacturing of aromatics (benzene, toluene, xylene, etc.)"
Census_ASM_PxI,2024075000,BEA_2017_Code,325110,,"NAICS_2012_Code; weight 0.500; Manufacturing of aromatics (benzene, toluene, xylene, etc.)"
Census_ASM_PxI,2024075003,BEA_2017_Code,324110,,"NAICS_2012_Code; weight 0.500; Manufacturing of aromatics (benzene, toluene, xylene, etc.), for use as a chemical raw material"
Census_ASM_PxI,2024075003,BEA_2017_Code,325110,,"NAICS_2012_Code; weight 0.500; Manufacturing of aromatics (benzene, toluene, xylene, etc.), for use as a chemical raw material"
Census_ASM_PxI,2024075006,BEA_2017_Code,324110,,"NAICS_2012_Code; weight 0.500; Manufacturing of aromatics (benzene, toluene, xylene, etc.), for other uses"
Census_ASM_PxI,2024075006,BEA_2017_Code,325110,,"NAICS_2012_Code; weight 0.500; Manufacturing of aromatics (benzene, toluene, xylene, etc.), for other uses"
Census_ASM_PxI,2024100000,BEA_2017_Code,324110,,NAICS_2012_Code; weight 0.500; Manufacturing of liquefied refinery gases (aliphatics)
Census_ASM_PxI,2024100000,BEA_2017_Code,325110,,NAICS_2012_Code; weight 0.500; Manufacturing of liquefied refinery gases (aliphatics)
Census_ASM_PxI,2024100003,BEA_2017_Code,324110,,"NAICS_2012_Code; weight 0.500; Manufacturing of liquefied refinery gases (aliphatics), for use as a chemical raw material"
Census_ASM_PxI,2024100003,BEA_2017_Code,325110,,"NAICS_2012_Code; weight 0.500; Manufacturing of liquefied refinery gases (aliphatics), for use as a chemical raw material"
Census_ASM_PxI,2024100006,BEA_2017_Code,324110,,"NAICS_2012_Code; weight 0.500; Manufacturing of liquefied refinery gases (aliphatics), for other uses"
Census_ASM_PxI,2024100006,BEA_2017_Code,325110,,"NAICS_2012_Code; weight 0.500; Manufacturing of liquefied refinery gases (aliphatics), for other uses"
Census_ASM_PxI,2024125000,BEA_2017_Code,324110,,NAICS_2012_Code; weight 1.000; Manufacturing of still gas (refinery gas)
Census_ASM_PxI,2024135000,BEA_2017_Code,325120,,NAICS_2012_Code; weight 1.000; Manufacturing of oxygen
Census_ASM_PxI,2024150000,BEA_2017_Code,325120,,NAICS_2012_Code; weight 1.000; Manufacturing of carbon dioxide
Census_ASM_PxI,2024175000,BEA_2017_Code,325120,,NAICS_2012_Code; weight 1.000; Manufacturing of nitrogen
Census_ASM_PxI,2024200000,BEA_2017_Code,325120,,NAICS_2012_Code; weight 1.000; Manufacturing of argon and hydrogen
Census_ASM_PxI,2024225000,BEA_2017_Code,325120,,NAICS_2012_Code; weight 1.000; Manufacturing of fluorocarbon gases
Census_ASM_PxI,2024240000,BEA_2017_Code,325120,,NAICS_2012_Code; weight 1.000; Manufacturing of acetylene
Census_ASM_PxI,2024250000,BEA_2017_Code,325120,,"NAICS_2012_Code; weight 1.000; Manufacturing of other industrial gases (including helium, nitrous oxide, elemental, and other compressed gases)"
Census_ASM_PxI,2024275000,BEA_2017_Code,325130,,"NAICS_2007_Code; weight 1.000; Manufacturing of titanium dioxide, composite and pure"
Census_ASM_PxI,2024300000,BEA_2017_Code,325130,,NAICS_2007_Code; weight 1.000; Manufacturing of other white opaque pigments
Census_ASM_PxI,2024300003,BEA_2017_Code,325130,,NAICS_2007_Code; weight 1.000; Manufacturing of zinc oxide pigments
Census_ASM_PxI,2024300006,BEA_2017_Code,325130,,NAICS_2007_Code; weight 1.000; Manufacturing of titanium pigment preparations
Census_ASM_PxI,2024300009,BEA_2017_Code,325130,,NAICS_2007_Code; weight 1.000; Manufacturing of all other inorganic white opaque pigments
Census_ASM_PxI,2024325000,BEA_2017_Code,325130,,NAICS_2007_Code; weight 1.000; Manufacturing of chrome colors
Census_ASM_PxI,2024350000,BEA_2017_Code,325130,,NAICS_2007_Code; weight 1.000; Manufacturing of iron oxide pigments
Census_ASM_PxI,2024375000,BEA_2017_Code,325130,,"NAICS_2007_Code; weight 1.000; Manufacturing of white extender pigments (including barytes, blanc fixe, and whiting), ceramic color pigments, and all other inorganic pigments"
Census_ASM_PxI,2024375003,BEA_2017_Code,325130,,"NAICS_2007_Code; weight 1.000; Manufacturing of white extender pigments, including barytes, blanc fixe, and whiting"
Census_ASM_PxI,2024375006,BEA_2017_Code,325130,,NAICS_2007_Code; weight 1.000; Manufacturing of ceramic color pigments
Census_ASM_PxI,2024375009,BEA_2017_Code,325130,,NAICS_2007_Code; weight 1.000; Manufacturing of all other miscellaneous inorganic pigments
Census_ASM_PxI,2024400000,BEA_2017_Code,325130,,NAICS_2007_Code; weight 1.000; Manufacturing of synthetic organic dyes
Census_ASM_PxI,2024425000,BEA_2017_Code,325130,,"NAICS_2007_Code; weight 1.000; Manufacturing of synthetic organic pigments, lakes, and toners"
Census_ASM_PxI,2024450000,BEA_2017_Code,3259A0,,NAICS_2012_Code; weight 1.000; Manufacturing of tints and dyes
Census_ASM_PxI,2024475000,BEA_2017_Code,325180,,NAICS_2007_Code; weight 1.000; Manufacturing of sulfuric acid
Census_ASM_PxI,2024500000,BEA_2017_Code,325180,,"NAICS_2007_Code; weight 1.000; Manufacturing of inorganic acids, excluding nitric, sulfuric and phosphoric"
Census_ASM_PxI,2024500003,BEA_2017_Code,325180,,"NAICS_2007_Code; weight 1.000; Manufacturing of hydrochloric acid (including anhydrous) from chlorine and hydrogen (Basis - 100%, HCl)"
Census_ASM_PxI,2024500006,BEA_2017_Code,325180,,"NAICS_2007_Code; weight 1.000; Manufacturing of hydrochloric acid (including anhydrous) byproduct and other (including from salt and acid) (Basis -100%, HCl)"
Census_ASM_PxI,2024500009,BEA_2017_Code,325180,,"NAICS_2007_Code; weight 1.000; Manufacturing of hydrocyanic acid (including anhydrous) (Basis - 100%, HCN)"
Census_ASM_PxI,2024500012,BEA_2017_Code,325180,,"NAICS_2007_Code; weight 1.000; Manufacturing of all other inorganic acids, excluding nitric, sulfuric, and phosphoric"
Census_ASM_PxI,2024525000,BEA_2017_Code,325310,,NAICS_2012_Code; weight 1.000; Manufacturing of phosphoric acid
Census_ASM_PxI,2024550000,BEA_2017_Code,325180,,NAICS_2007_Code; weight 1.000; Manufacturing of other inorganic aluminum compounds
Census_ASM_PxI,2024550003,BEA_2017_Code,325180,,"NAICS_2007_Code; weight 1.000; Manufacturing of aluminum chloride, anhydrous (Basis - 100%, AlCl3)"
Census_ASM_PxI,2024550006,BEA_2017_Code,325180,,"NAICS_2007_Code; weight 1.000; Manufacturing of aluminum hydroxide, trihydrate (Basis - 100%, Al2O3 3H20)"
Census_ASM_PxI,2024550009,BEA_2017_Code,325180,,"NAICS_2007_Code; weight 1.000; Manufacturing of aluminum sulfate, commercial (Basis - 17%, Al2O3)"
Census_ASM_PxI,2024550012,BEA_2017_Code,325180,,"NAICS_2007_Code; weight 1.000; Manufacturing of aluminum sulfate, iron-free (Basis - 17%, Al2O3)"
Census_ASM_PxI,2024550015,BEA_2017_Code,325180,,"NAICS_2007_Code; weight 1.000; Manufacturing of aluminates (sodium aluminate, potassium aluminate, etc.) (Basis - 100%, by weight)"
Census_ASM_PxI,2024550018,BEA_2017_Code,325180,,NAICS_2007_Code; weight 1.000; Manufacturing of all other inorganic aluminum compounds
Census_ASM_PxI,2024575000,BEA_2017_Code,325180,,"NAICS_2007_Code; weight 1.000; Manufacturing of potassium and sodium compounds, excluding bleaches, alkalies, and alum"
Census_ASM_PxI,2024575003,BEA_2017_Code,325180,,"NAICS_2007_Code; weight 1.000; Manufacturing of tetrapotassium pyrophosphate (Basis - 100%, K4P2O7)"
Census_ASM_PxI,2024575006,BEA_2017_Code,325180,,"NAICS_2007_Code; weight 1.000; Manufacturing of sodium chlorate (Basis - 100%, NaClO3)"
Census_ASM_PxI,2024575009,BEA_2017_Code,325180,,"NAICS_2007_Code; weight 1.000; Manufacturing of sodium phosphate, dibasic (Basis - 100%, Na2HPO4)"
Census_ASM_PxI,2024575012,BEA_2017_Code,325180,,"NAICS_2007_Code; weight 1.000; Manufacturing of sodium phosphate, meta (Basis - 100%, NaPO3)"
Census_ASM_PxI,2024575015,BEA_2017_Code,325180,,"NAICS_2007_Code; weight 1.000; Manufacturing of sodium phosphate, acid pyro (Basis - 100%, Na2H2P2O7)"
Census_ASM_PxI,2024575018,BEA_2017_Code,325180,,NAICS_2007_Code; weight 1.000; Manufacturing of other sodium phosphates (including mono- and tribasic)
Census_ASM_PxI,2024575021,BEA_2017_Code,325180,,"NAICS_2007_Code; weight 1.000; Manufacturing of soluble silicate glass (water glass, solid and liquid) (Basis - Anhydrous)"
Census_ASM_PxI,2024575024,BEA_2017_Code,325180,,"NAICS_2007_Code; weight 1.000; Manufacturing of sodium sulfate, high purity (more than 99%, Na2SO4) (Basis - 100%, Na2SO4)"
Census_ASM_PxI,2024575027,BEA_2017_Code,325180,,"NAICS_2007_Code; weight 1.000; Manufacturing of sodium sulfite (Basis - 100%, Na2SO3)"
Census_ASM_PxI,2024575031,BEA_2017_Code,325180,,"NAICS_2007_Code; weight 1.000; Manufacturing of all other potassium and sodium compounds, excluding bleaches, alkalies, and alum"
Census_ASM_PxI,2024600000,BEA_2017_Code,325180,,"NAICS_2007_Code; weight 1.000; Manufacturing of chemical catalytic preparations, excluding silica gel catalyst"
Census_ASM_PxI,2024625000,BEA_2017_Code,325180,,"NAICS_2007_Code; weight 1.000; Manufacturing of chlorine, compressed or liquefied"
Census_ASM_PxI,2024650000,BEA_2017_Code,325180,,NAICS_2007_Code; weight 1.000; Manufacturing of sodium hydroxide (caustic soda)
Census_ASM_PxI,2024675000,BEA_2017_Code,325180,,NAICS_2007_Code; weight 1.000; Manufacturing of other alkalies
Census_ASM_PxI,2024675003,BEA_2017_Code,325180,,"NAICS_2007_Code; weight 1.000; Manufacturing of potassium hydroxide (caustic potash) liquid (including liquid later converted to dry or solid) (Basis - 88-92%, KOH)"
Census_ASM_PxI,2024675006,BEA_2017_Code,325180,,"NAICS_2007_Code; weight 1.000; Manufacturing of finished sodium bicarbonate (Basis - 100%, NaHCO3)"
Census_ASM_PxI,2024675009,BEA_2017_Code,325180,,NAICS_2007_Code; weight 1.000; Manufacturing of all other alkalies
Census_ASM_PxI,2024700000,BEA_2017_Code,325180,,NAICS_2007_Code; weight 1.000; Manufacturing of all other inorganic chemicals
Census_ASM_PxI,2024725000,BEA_2017_Code,325190,,NAICS_2012_Code; weight 1.000; Manufacturing of pure and other denatured (special or complete) ethyl alcohol
Census_ASM_PxI,2024800000,BEA_2017_Code,325190,,"NAICS_2007_Code; weight 1.000; Manufacturing of gum and wood chemicals, including wood distillation products"
Census_ASM_PxI,2024800003,BEA_2017_Code,325190,,"NAICS_2007_Code; weight 1.000; Manufacturing of tall oil, crude"
Census_ASM_PxI,2024800006,BEA_2017_Code,325190,,"NAICS_2007_Code; weight 1.000; Manufacturing of other gum and wood chemicals, including softwood distillation products, natural tanning, tannic acid, natural acetic acid, methanol, softwood charcoal, vegetable pitches, wood tar and tar oil, etc."
Census_ASM_PxI,2024825000,BEA_2017_Code,325190,,NAICS_2007_Code; weight 1.000; Manufacturing of cyclic (coal tar) intermediates
Census_ASM_PxI,2024850000,BEA_2017_Code,325190,,"NAICS_2007_Code; weight 1.000; Manufacturing of tar, tar crudes, and tar pitches"
Census_ASM_PxI,2024875000,BEA_2017_Code,325190,,NAICS_2012_Code; weight 1.000; Manufacturing of fatty acids (produced for sale as such)
Census_ASM_PxI,2024875003,BEA_2017_Code,325190,,"NAICS_2012_Code; weight 1.000; Manufacturing of fatty acid esters, excluding biodiesel"
Census_ASM_PxI,2024875006,BEA_2017_Code,325190,,NAICS_2012_Code; weight 1.000; Manufacturing of all other fatty acids (produced for sale as such)
Census_ASM_PxI,2024900000,BEA_2017_Code,325190,,NAICS_2012_Code; weight 1.000; Manufacturing of industrial organic flavor oil mixtures and blends
Census_ASM_PxI,2024925000,BEA_2017_Code,325190,,NAICS_2012_Code; weight 1.000; Manufacturing of reagent and high-purity grades of organic chemicals refined from  technical grades
Census_ASM_PxI,2024950000,BEA_2017_Code,325190,,NAICS_2012_Code; weight 1.000; Manufacturing of natural organic chemicals
Census_ASM_PxI,2024975000,BEA_2017_Code,325190,,"NAICS_2012_Code; weight 1.000; Manufacturing of synthetic organic alcohols, unmixed"
Census_ASM_PxI,2024975003,BEA_2017_Code,325190,,"NAICS_2012_Code; weight 1.000; Manufacturing of synthetic organic alcohols, unmixed, methanol (methyl alcohol)"
Census_ASM_PxI,2024975006,BEA_2017_Code,325190,,"NAICS_2012_Code; weight 1.000; Manufacturing of synthetic organic alcohols, unmixed, isopropyl alcohol"
Census_ASM_PxI,2024975009,BEA_2017_Code,325190,,"NAICS_2012_Code; weight 1.000; Manufacturing of synthetic organic alcohols, unmixed, butyl alcohol"
Census_ASM_PxI,2024975012,BEA_2017_Code,325190,,"NAICS_2012_Code; weight 1.000; Manufacturing of other synthetic organic alcohols, unmixed"
Census_ASM_PxI,2025000000,BEA_2017_Code,325190,,"NAICS_2012_Code; weight 1.000; Manufacturing of synthetic organic alcohols, mixed"
Census_ASM_PxI,2025025000,BEA_2017_Code,325190,,"NAICS_2012_Code; weight 1.000; Manufacturing of synthetic organic chemicals for use as flavor and perfume materials, mixed and unmixed"
Census_ASM_PxI,2025050000,BEA_2017_Code,325190,,NAICS_2012_Code; weight 1.000; Manufacturing of other synthetic organic chemicals
Census_ASM_PxI,2025075000,BEA_2017_Code,325190,,"NAICS_2012_Code; weight 1.000; Manufacturing of miscellaneous end-use chemicals and chemical products, excluding urea"
Census_ASM_PxI,2025100000,BEA_2017_Code,325190,,"NAICS_2012_Code; weight 1.000; Manufacturing of miscellaneous cyclic and acyclic chemicals and chemical products, excluding fatty acid esters"
Census_ASM_PxI,2025125000,BEA_2017_Code,325610,,"NAICS_2012_Code; weight 1.000; Manufacturing of glycerin, natural"
Census_ASM_PxI,2025125003,BEA_2017_Code,325610,,"NAICS_2012_Code; weight 1.000; Manufacturing of glycerin, natural, crude (100 percent basis)"
Census_ASM_PxI,2025125006,BEA_2017_Code,325610,,"NAICS_2012_Code; weight 1.000; Manufacturing of glycerin, natural, refined (all grades, 100 percent basis)"
Census_ASM_PxI,2025150000,BEA_2017_Code,325411,,"NAICS_2012_Code; weight 1.000; Manufacturing of synthetic organic medicinal chemicals (all uses), medicinal and botanical drugs, chemicals, and products, in bulk, alkaloid drugs, naturally occurring vitamins, etc."
Census_ASM_PxI,2025150003,BEA_2017_Code,325411,,"NAICS_2012_Code; weight 1.000; Manufacturing of synthetic organic medicinal chemicals, medicinal and botanical drugs, chemicals, and products, in bulk, alkaloid drugs, naturally occurring vitamins, etc., for human use"
Census_ASM_PxI,2025150006,BEA_2017_Code,325411,,"NAICS_2012_Code; weight 1.000; Manufacturing of synthetic organic medicinal chemicals, medicinal and botanical drugs, chemicals, and products, in bulk, alkaloid drugs, naturally occurring vitamins, etc., for veterinary use"
Census_ASM_PxI,2025175000,BEA_2017_Code,327992,,"NAICS_2012_Code; weight 1.000; Manufacturing of treated clays, artificially activated with acid or other materials"
Census_ASM_PxI,2025200000,BEA_2017_Code,311224,,"NAICS_2007_Code; weight 1.000; Manufacturing of soybean oil processed for inedible purposes (acid refined, etc.)"
Census_ASM_PxI,2025225000,BEA_2017_Code,324110,,NAICS_2012_Code; weight 1.000; Manufacturing of special petroleum naphthas
Census_ASM_PxI,2025250000,BEA_2017_Code,3259A0,,NAICS_2012_Code; weight 1.000; Manufacturing of distilled water
Census_ASM_PxI,2025275000,BEA_2017_Code,31161A,,"NAICS_2012_Code; weight 1.000; Manufacturing of killing floor offal, scrap, and bones"
Census_ASM_PxI,2025300000,BEA_2017_Code,3219A0,,NAICS_2012_Code; weight 1.000; Manufacturing of wood flour
Census_ASM_PxI,2025325000,BEA_2017_Code,3259A0,,NAICS_2012_Code; weight 1.000; Manufacturing of gelatin products
Census_ASM_PxI,2025325003,BEA_2017_Code,3259A0,,"NAICS_2012_Code; weight 1.000; Manufacturing of gelatin, food grade, excluding ready-to-eat desserts, pharmaceutical and photographic"
Census_ASM_PxI,2025325006,BEA_2017_Code,3259A0,,"NAICS_2012_Code; weight 1.000; Manufacturing of gelatin, pharmaceutical grade, excluding unfilled capsules"
Census_ASM_PxI,2025325009,BEA_2017_Code,3259A0,,NAICS_2012_Code; weight 1.000; Manufacturing of other gelatin products
Census_ASM_PxI,2025350000,BEA_2017_Code,325211,,NAICS_2012_Code; weight 1.000; Manufacturing of thermoplastic resins and plastics materials
Census_ASM_PxI,2025350003,BEA_2017_Code,325211,,"NAICS_2012_Code; weight 1.000; Manufacturing of thermoplastic resins and plastics materials, polyethylene"
Census_ASM_PxI,2025350006,BEA_2017_Code,325211,,"NAICS_2012_Code; weight 1.000; Manufacturing of thermoplastic resins and plastics materials, polypropylene"
Census_ASM_PxI,2025350009,BEA_2017_Code,325211,,"NAICS_2012_Code; weight 1.000; Manufacturing of thermoplastic resins and plastics materials, polystyrene"
Census_ASM_PxI,2025350012,BEA_2017_Code,325211,,"NAICS_2012_Code; weight 1.000; Manufacturing of thermoplastic resins and plastics materials, polyvinyl chloride"
Census_ASM_PxI,2025350015,BEA_2017_Code,325211,,"NAICS_2012_Code; weight 1.000; Manufacturing of thermoplastic resins and plastics materials, polyester"
Census_ASM_PxI,2025350018,BEA_2017_Code,325211,,NAICS_2012_Code; weight 1.000; Manufacturing of other thermoplastic resins and plastics materials
Census_ASM_PxI,2025375000,BEA_2017_Code,325211,,NAICS_2012_Code; weight 1.000; Manufacturing of  thermosetting resins and plastics materials
Census_ASM_PxI,2025375003,BEA_2017_Code,325211,,"NAICS_2012_Code; weight 1.000; Manufacturing of thermosetting resins and plastics materials, phenolic"
Census_ASM_PxI,2025375006,BEA_2017_Code,325211,,"NAICS_2012_Code; weight 1.000; Manufacturing of thermosetting resins and plastics materials, urea"
Census_ASM_PxI,2025375009,BEA_2017_Code,325211,,"NAICS_2012_Code; weight 1.000; Manufacturing of thermosetting resins and plastics materials, polyester"
Census_ASM_PxI,2025375012,BEA_2017_Code,325211,,"NAICS_2012_Code; weight 1.000; Manufacturing of thermosetting resins and plastics materials, epoxy"
Census_ASM_PxI,2025375015,BEA_2017_Code,325211,,NAICS_2012_Code; weight 1.000; Manufacturing of other thermosetting resins and plastics materials
Census_ASM_PxI,2025400000,BEA_2017_Code,3259A0,,NAICS_2012_Code; weight 1.000; Manufacturing of custom compounded resins and color concentrates
Census_ASM_PxI,2025425000,BEA_2017_Code,3252A0,,"NAICS_2012_Code; weight 1.000; Manufacturing of styrene-butadiene rubber (SBR), excluding latex"
Census_ASM_PxI,2025450000,BEA_2017_Code,3252A0,,"NAICS_2012_Code; weight 1.000; Manufacturing of styrene-butadiene rubber (SBR), latex"
Census_ASM_PxI,2025475000,BEA_2017_Code,3252A0,,"NAICS_2012_Code; weight 1.000; Manufacturing of butyl, polychloroprene, and stereo polyisoprene elastomers, and nitrile rubber, including latex"
Census_ASM_PxI,2025475003,BEA_2017_Code,3252A0,,"NAICS_2012_Code; weight 1.000; Manufacturing of nitrile rubber, including latex"
Census_ASM_PxI,2025475006,BEA_2017_Code,3252A0,,"NAICS_2012_Code; weight 1.000; Manufacturing of butyl, polychloroprene, and stereo polyisoprene elastomers, including latex"
Census_ASM_PxI,2025500000,BEA_2017_Code,3252A0,,"NAICS_2012_Code; weight 1.000; Manufacturing of stereo polybutadiene elastomers, including latex"
Census_ASM_PxI,2025525000,BEA_2017_Code,3252A0,,"NAICS_2012_Code; weight 1.000; Manufacturing of ethylene-propylene elastomers, including latex"
Census_ASM_PxI,2025550000,BEA_2017_Code,3252A0,,NAICS_2012_Code; weight 1.000; Manufacturing of silicone elastomers
Census_ASM_PxI,2025575000,BEA_2017_Code,3252A0,,"NAICS_2012_Code; weight 1.000; Manufacturing of other elastomers, excluding thermoplastic elastomers, including latex"
Census_ASM_PxI,2025600000,BEA_2017_Code,3252A0,,NAICS_2012_Code; weight 1.000; Manufacturing of thermoplastics elastomers
Census_ASM_PxI,2025625000,BEA_2017_Code,314900,,NAICS_2007_Code; weight 1.000; Manufacturing of tire cord and tire fabrics
Census_ASM_PxI,2025650000,BEA_2017_Code,326290,,NAICS_2012_Code; weight 1.000; Manufacturing of rubber compounds or mixtures
Census_ASM_PxI,2025675000,BEA_2017_Code,326290,,NAICS_2012_Code; weight 1.000; Manufacturing of reclaimed rubber (any vulcanizable material excluding reclaimed residue or mud derived from processing or treatment of natural or synthetic (chemical) vulcanized scrap rubber)
Census_ASM_PxI,2025700000,BEA_2017_Code,325180,,"NAICS_2007_Code; weight 1.000; Manufacturing of carbon black, all processes"
Census_ASM_PxI,2025725000,BEA_2017_Code,325190,,NAICS_2012_Code; weight 1.000; Manufacturing of synthetic organic rubber-processing chemicals
Census_ASM_PxI,2025750000,BEA_2017_Code,325190,,NAICS_2012_Code; weight 1.000; Manufacturing of synthetic organic plasticizers
Census_ASM_PxI,2025775000,BEA_2017_Code,3259A0,,"NAICS_2012_Code; weight 1.000; Manufacturing of rubber processing preparations, including red lead and 2-mercaptoimidazoline rubber accelerator composition"
Census_ASM_PxI,2026050000,BEA_2017_Code,327200,,"NAICS_2012_Code; weight 1.000; Manufacturing of flat glass (float, sheet, and plate process)"
Census_ASM_PxI,2026225000,BEA_2017_Code,327992,,"NAICS_2012_Code; weight 1.000; Manufacturing of treated lightweight aggregate and crushed slag, minerals and earths"
Census_ASM_PxI,2026225003,BEA_2017_Code,327992,,"NAICS_2012_Code; weight 1.000; Manufacturing of treated lightweight aggregate (diatomaceous earth, expanded clay, expanded slag, cinders, perlite, haydite, pumice, etc.)"
Census_ASM_PxI,2026225006,BEA_2017_Code,327992,,NAICS_2012_Code; weight 1.000; Manufacturing of crushed slag
Census_ASM_PxI,2026250000,BEA_2017_Code,331110,,"NAICS_2007_Code; weight 1.000; Manufacturing of blast furnace slag, excluding ferroalloys"
Census_ASM_PxI,2026275000,BEA_2017_Code,327992,,"NAICS_2012_Code; weight 1.000; Manufacturing of other minerals or earths, treated"
Census_ASM_PxI,2026275003,BEA_2017_Code,327992,,NAICS_2012_Code; weight 1.000; Manufacturing of exfoliated vermiculite aggregate
Census_ASM_PxI,2026275006,BEA_2017_Code,327992,,"NAICS_2012_Code; weight 1.000; Manufacturing of other exfoliated vermiculite (including loose fill insulation, acoustical, etc.)"
Census_ASM_PxI,2026275009,BEA_2017_Code,327992,,NAICS_2012_Code; weight 1.000; Manufacturing of refractory magnesia (including dead-burned magnesia or magnesite)
Census_ASM_PxI,2026275012,BEA_2017_Code,327992,,"NAICS_2012_Code; weight 1.000; Manufacturing of graphite, refined or blended"
Census_ASM_PxI,2026275015,BEA_2017_Code,327992,,"NAICS_2012_Code; weight 1.000; Manufacturing of other treated minerals and earths (including feldspar, mica, roofing, granules, etc.) (includes heat treated, chemical treated, and other manufacturing processes)"
Census_ASM_PxI,2026300000,BEA_2017_Code,327999,,NAICS_2012_Code; weight 1.000; Manufacturing of mica products
Census_ASM_PxI,2026400000,BEA_2017_Code,327310,,"NAICS_2012_Code; weight 1.000; Manufacturing of portland cement and other portland hydraulic cements (including oil well, white cement, blended cements, etc.), and masonry cement and cement clinker"
Census_ASM_PxI,2026625000,BEA_2017_Code,324190,,"NAICS_2012_Code; weight 0.500; Manufacturing of coke oven and blast furnace products, excluding slag"
Census_ASM_PxI,2026625000,BEA_2017_Code,331110,,"NAICS_2007_Code; weight 0.500; Manufacturing of coke oven and blast furnace products, excluding slag"
Census_ASM_PxI,2026625003,BEA_2017_Code,331110,,"NAICS_2007_Code; weight 1.000; Manufacturing of blast furnace pig iron (excluding ferroalloys), including pig iron with silicon content up to and including 6 percent silicon"
Census_ASM_PxI,2026625006,BEA_2017_Code,331110,,"NAICS_2007_Code; weight 1.000; Manufacturing of blast furnace sinter from ore, flue dust, blast furnace gas, and all other blast furnace products (excluding ferroalloys)"
Census_ASM_PxI,2026625009,BEA_2017_Code,324190,,"NAICS_2012_Code; weight 0.500; Manufacturing of coke oven products, coke, excluding screenings and breeze"
Census_ASM_PxI,2026625009,BEA_2017_Code,331110,,"NAICS_2007_Code; weight 0.500; Manufacturing of coke oven products, coke, excluding screenings and breeze"
Census_ASM_PxI,2026625012,BEA_2017_Code,324190,,NAICS_2012_Code; weight 0.500; Manufacturing of screenings and breeze
Census_ASM_PxI,2026625012,BEA_2017_Code,331110,,NAICS_2007_Code; weight 0.500; Manufacturing of screenings and breeze
Census_ASM_PxI,2026625015,BEA_2017_Code,324190,,"NAICS_2012_Code; weight 0.500; Manufacturing of coke oven products, crude tar"
Census_ASM_PxI,2026625015,BEA_2017_Code,331110,,"NAICS_2007_Code; weight 0.500; Manufacturing of coke oven products, crude tar"
Census_ASM_PxI,2026625018,BEA_2017_Code,324190,,"NAICS_2012_Code; weight 0.500; Manufacturing of coke oven products, crude light oil"
Census_ASM_PxI,2026625018,BEA_2017_Code,331110,,"NAICS_2007_Code; weight 0.500; Manufacturing of coke oven products, crude light oil"
Census_ASM_PxI,2026625021,BEA_2017_Code,324190,,"NAICS_2012_Code; weight 0.500; Manufacturing of coke oven products, other (including tar derivatives, ammonia, light oil derivations, and coke oven gas)"
Census_ASM_PxI,2026625021,BEA_2017_Code,331110,,"NAICS_2007_Code; weight 0.500; Manufacturing of coke oven products, other (including tar derivatives, ammonia, light oil derivations, and coke oven gas)"
Census_ASM_PxI,2026650000,BEA_2017_Code,331110,,"NAICS_2007_Code; weight 1.000; Manufacturing of ferrosilicon, including briquettes, and other silicon alloys"
Census_ASM_PxI,2026675000,BEA_2017_Code,331110,,"NAICS_2007_Code; weight 1.000; Manufacturing of all other ferroalloys, including chromium alloys and additives, silvery iron, ferromanganese, ferromolybdenum, ferronickel, ferrotitanium, and ferrovanadium"
Census_ASM_PxI,2026700000,BEA_2017_Code,331110,,"NAICS_2007_Code; weight 1.000; Manufacturing of super alloys and ferrous materials, excluding pig iron"
Census_ASM_PxI,2026750000,BEA_2017_Code,335991,,NAICS_2012_Code; weight 1.000; Manufacturing of carbon electrodes for electric furnaces and electrolytic cell use
Census_ASM_PxI,2026775000,BEA_2017_Code,335991,,NAICS_2012_Code; weight 1.000; Manufacturing of graphite electrodes for electric furnaces and electrolytic cell use
Census_ASM_PxI,2026800000,BEA_2017_Code,335991,,"NAICS_2012_Code; weight 1.000; Manufacturing of all other carbon and graphite products, including carbon and graphite fibers, brushes, brush plates, contacts, excluding refractories"
Census_ASM_PxI,2026825000,BEA_2017_Code,331110,,"NAICS_2007_Code; weight 0.500; Manufacturing of steel wire, including galvanized and other coated wire"
Census_ASM_PxI,2026825000,BEA_2017_Code,331200,,"NAICS_2012_Code; weight 0.500; Manufacturing of steel wire, including galvanized and other coated wire"
Census_ASM_PxI,2026825003,BEA_2017_Code,331110,,"NAICS_2007_Code; weight 0.071; Manufacturing of carbon steel, finished product, steel wire"
Census_ASM_PxI,2026825003,BEA_2017_Code,331200,,"NAICS_2012_Code; weight 0.929; Manufacturing of carbon steel, finished product, steel wire"
Census_ASM_PxI,2026825006,BEA_2017_Code,331110,,"NAICS_2007_Code; weight 0.500; Manufacturing of alloy steel, finished product, steel wire"
Census_ASM_PxI,2026825006,BEA_2017_Code,331200,,"NAICS_2012_Code; weight 0.500; Manufacturing of alloy steel, finished product, steel wire"
Census_ASM_PxI,2026825009,BEA_2017_Code,331110,,"NAICS_2007_Code; weight 0.200; Manufacturing of stainless steel, finished product, steel wire"
Census_ASM_PxI,2026825009,BEA_2017_Code,331200,,"NAICS_2012_Code; weight 0.800; Manufacturing of stainless steel, finished product, steel wire"
Census_ASM_PxI,2026850000,BEA_2017_Code,331200,,NAICS_2012_Code; weight 0.500; Manufacturing of other ferrous wire products (excluding springs)
Census_ASM_PxI,2026850000,BEA_2017_Code,332600,,NAICS_2012_Code; weight 0.500; Manufacturing of other ferrous wire products (excluding springs)
Census_ASM_PxI,2026860000,BEA_2017_Code,331110,,"NAICS_2007_Code; weight 1.000; Manufacturing of carbon steel, semifinished, wire rods"
Census_ASM_PxI,2026870000,BEA_2017_Code,331110,,"NAICS_2007_Code; weight 1.000; Manufacturing of carbon steel ingots and semifinished shapes and forms, excluding wire rods"
Census_ASM_PxI,2026870003,BEA_2017_Code,331110,,NAICS_2007_Code; weight 1.000; Manufacturing of carbon steel ingots and semifinished shapes and forms
Census_ASM_PxI,2026870006,BEA_2017_Code,331110,,"NAICS_2007_Code; weight 1.000; Manufacturing of carbon steel, semifinished, blooms, billets, sheet bars, tin mill bars, tube rounds and skelp"
Census_ASM_PxI,2026870009,BEA_2017_Code,331110,,"NAICS_2007_Code; weight 1.000; Manufacturing of carbon steel, semifinished, slabs"
Census_ASM_PxI,2026880000,BEA_2017_Code,331110,,NAICS_2007_Code; weight 1.000; Manufacturing of alloy steel ingots and semifinished shapes and forms
Census_ASM_PxI,2026880003,BEA_2017_Code,331110,,NAICS_2007_Code; weight 1.000; Manufacturing of alloy steel (excluding stainless) ingots
Census_ASM_PxI,2026880006,BEA_2017_Code,331110,,"NAICS_2007_Code; weight 1.000; Manufacturing of alloy steel (excluding stainless), semifinished, blooms, billets, sheet bars, tin mill bars, tube rounds and skelp"
Census_ASM_PxI,2026880009,BEA_2017_Code,331110,,"NAICS_2007_Code; weight 1.000; Manufacturing of alloy steel (excluding stainless), semifinished, wire rods"
Census_ASM_PxI,2026880012,BEA_2017_Code,331110,,"NAICS_2007_Code; weight 1.000; Manufacturing of alloy steel (excluding stainless), semifinished, slabs"
Census_ASM_PxI,2026890000,BEA_2017_Code,331110,,NAICS_2007_Code; weight 1.000; Manufacturing of stainless steel ingots and semifinished shapes and forms
Census_ASM_PxI,2026890003,BEA_2017_Code,331110,,NAICS_2007_Code; weight 1.000; Manufacturing of stainless steel ingots
Census_ASM_PxI,2026890006,BEA_2017_Code,331110,,"NAICS_2007_Code; weight 1.000; Manufacturing of stainless steel, semifinished, blooms, billets, sheet bars, tin mill bars, tube rounds and skelp"
Census_ASM_PxI,2026890009,BEA_2017_Code,331110,,"NAICS_2007_Code; weight 1.000; Manufacturing of stainless steel, semifinished, wire rods"
Census_ASM_PxI,2026900000,BEA_2017_Code,331110,,"NAICS_2007_Code; weight 1.000; Manufacturing of hot rolled carbon steel sheet and strip (including tin mill products, tinplate, blackplate, terneplate, and tin-free steel)"
Census_ASM_PxI,2026900006,BEA_2017_Code,331110,,"NAICS_2007_Code; weight 1.000; Manufacturing of carbon steel, finished, sheet and strip, galvanized, hot dipped"
Census_ASM_PxI,2026900009,BEA_2017_Code,331110,,"NAICS_2007_Code; weight 1.000; Manufacturing of carbon steel, finished, sheet and strip, galvanized, electrolytic"
Census_ASM_PxI,2026900012,BEA_2017_Code,331110,,"NAICS_2007_Code; weight 1.000; Manufacturing of carbon steel, finished, sheet and strip, galvanized, electrical"
Census_ASM_PxI,2026900015,BEA_2017_Code,331110,,"NAICS_2007_Code; weight 1.000; Manufacturing of carbon steel, finished, sheet and strip, all other metallic coated, including long ternes"
Census_ASM_PxI,2026900018,BEA_2017_Code,331110,,"NAICS_2007_Code; weight 1.000; Manufacturing of carbon steel, finished, strip, hot rolled"
Census_ASM_PxI,2026900021,BEA_2017_Code,331110,,"NAICS_2007_Code; weight 1.000; Manufacturing of carbon steel, finished, tin mill, black plate"
Census_ASM_PxI,2026900024,BEA_2017_Code,331110,,"NAICS_2007_Code; weight 1.000; Manufacturing of carbon steel, finished, tin mill, electrolytic and hot dipped tin plate"
Census_ASM_PxI,2026900027,BEA_2017_Code,331110,,"NAICS_2007_Code; weight 1.000; Manufacturing of carbon steel, finished, tin free steel"
Census_ASM_PxI,2026900031,BEA_2017_Code,331110,,"NAICS_2007_Code; weight 1.000; Manufacturing of carbon steel, all other finished tin mill products including short terns and foil"
Census_ASM_PxI,2026910000,BEA_2017_Code,331110,,"NAICS_2007_Code; weight 1.000; Manufacturing of hot rolled alloy steel sheet and strip (including tin mill products, tinplate, blackplate, terneplate, and tin-free steel)"
Census_ASM_PxI,2026910003,BEA_2017_Code,331110,,"NAICS_2007_Code; weight 1.000; Manufacturing of alloy steel (excluding stainless), finished, sheet, hot rolled"
Census_ASM_PxI,2026910006,BEA_2017_Code,331110,,"NAICS_2007_Code; weight 1.000; Manufacturing of alloy steel (excluding stainless), finished, sheet and strip, galvanized, hot dipped"
Census_ASM_PxI,2026910009,BEA_2017_Code,331110,,"NAICS_2007_Code; weight 1.000; Manufacturing of alloy steel (excluding stainless), finished, all other metallic including electrolytic"
Census_ASM_PxI,2026920000,BEA_2017_Code,331110,,"NAICS_2007_Code; weight 1.000; Manufacturing of hot rolled stainless steel, finished, sheet and strip"
Census_ASM_PxI,2026925000,BEA_2017_Code,331110,,NAICS_2007_Code; weight 0.667; Manufacturing of cold rolled carbon steel sheet and strip
Census_ASM_PxI,2026925000,BEA_2017_Code,331200,,NAICS_2012_Code; weight 0.333; Manufacturing of cold rolled carbon steel sheet and strip
Census_ASM_PxI,2026925006,BEA_2017_Code,331200,,"NAICS_2012_Code; weight 1.000; Manufacturing of carbon steel, finished product, strip, cold rolled"
Census_ASM_PxI,2026925009,BEA_2017_Code,331110,,"NAICS_2007_Code; weight 0.500; Manufacturing of carbon steel, finished product, sheet, cold rolled"
Census_ASM_PxI,2026925009,BEA_2017_Code,331200,,"NAICS_2012_Code; weight 0.500; Manufacturing of carbon steel, finished product, sheet, cold rolled"
Census_ASM_PxI,2026930000,BEA_2017_Code,331200,,NAICS_2012_Code; weight 1.000; Manufacturing of cold rolled alloy steel (excluding stainless) sheet and strip
Census_ASM_PxI,2026935000,BEA_2017_Code,331110,,"NAICS_2007_Code; weight 0.500; Manufacturing of cold rolled  stainless steel, finished product, sheet and strip"
Census_ASM_PxI,2026935000,BEA_2017_Code,331200,,"NAICS_2012_Code; weight 0.500; Manufacturing of cold rolled  stainless steel, finished product, sheet and strip"
Census_ASM_PxI,2026940000,BEA_2017_Code,331110,,"NAICS_2007_Code; weight 1.000; Manufacturing of hot rolled carbon steel bars, excluding concrete reinforcing"
Census_ASM_PxI,2026945000,BEA_2017_Code,331110,,NAICS_2007_Code; weight 1.000; Manufacturing of hot rolled carbon steel plates in coils
Census_ASM_PxI,2026950000,BEA_2017_Code,331110,,NAICS_2007_Code; weight 1.000; Manufacturing of hot rolled carbon steel structural shapes and piling
Census_ASM_PxI,2026950006,BEA_2017_Code,331110,,"NAICS_2007_Code; weight 1.000; Manufacturing of carbon steel, finished product, structural shapes (heavy) wide flang"
Census_ASM_PxI,2026950009,BEA_2017_Code,331110,,"NAICS_2007_Code; weight 1.000; Manufacturing of carbon steel, finished product, sheet piling and bearing piles"
Census_ASM_PxI,2026955000,BEA_2017_Code,331110,,"NAICS_2007_Code; weight 1.000; Manufacturing of hot rolled carbon steel bars, light structural, under 3 inches"
Census_ASM_PxI,2026960000,BEA_2017_Code,331110,,"NAICS_2007_Code; weight 1.000; Manufacturing of hot rolled alloy steel (excluding stainless) plates, structural shapes, and tool steel"
Census_ASM_PxI,2026960003,BEA_2017_Code,331110,,"NAICS_2007_Code; weight 1.000; Manufacturing of alloy steel (excluding stainless), finished products, plates in coils"
Census_ASM_PxI,2026960006,BEA_2017_Code,331110,,"NAICS_2007_Code; weight 1.000; Manufacturing of alloy steel (excluding stainless), finished products, structural shapes (3 in. and under)"
Census_ASM_PxI,2026960009,BEA_2017_Code,331110,,"NAICS_2007_Code; weight 1.000; Manufacturing of alloy steel (excluding stainless), finished products, tool steel, high speed"
Census_ASM_PxI,2026960012,BEA_2017_Code,331110,,"NAICS_2007_Code; weight 1.000; Manufacturing of alloy steel (excluding stainless), finished products, tool steel, other than high speed"
Census_ASM_PxI,2026970000,BEA_2017_Code,331110,,"NAICS_2007_Code; weight 1.000; Manufacturing of hot rolled stainless steel bars, plates, and structural shapes"
Census_ASM_PxI,2026970003,BEA_2017_Code,331110,,"NAICS_2007_Code; weight 1.000; Manufacturing of stainless steel, finished products, plates and structurals"
Census_ASM_PxI,2026970006,BEA_2017_Code,331110,,"NAICS_2007_Code; weight 1.000; Manufacturing of stainless steel, finished products, hot rolled bars"
Census_ASM_PxI,2026975000,BEA_2017_Code,331110,,NAICS_2007_Code; weight 0.500; Manufacturing of cold finished steel bars and bar shapes
Census_ASM_PxI,2026975000,BEA_2017_Code,331200,,NAICS_2012_Code; weight 0.500; Manufacturing of cold finished steel bars and bar shapes
Census_ASM_PxI,2026975003,BEA_2017_Code,331110,,"NAICS_2007_Code; weight 0.500; Manufacturing of carbon steel, finished product, bars, cold finish"
Census_ASM_PxI,2026975003,BEA_2017_Code,331200,,"NAICS_2012_Code; weight 0.500; Manufacturing of carbon steel, finished product, bars, cold finish"
Census_ASM_PxI,2026975006,BEA_2017_Code,331110,,"NAICS_2007_Code; weight 0.500; Manufacturing of alloy steel, finished product, bars, cold finish"
Census_ASM_PxI,2026975006,BEA_2017_Code,331200,,"NAICS_2012_Code; weight 0.500; Manufacturing of alloy steel, finished product, bars, cold finish"
Census_ASM_PxI,2026975009,BEA_2017_Code,331110,,"NAICS_2007_Code; weight 0.500; Manufacturing of stainless steel, finished product, bars, cold finish"
Census_ASM_PxI,2026975009,BEA_2017_Code,331200,,"NAICS_2012_Code; weight 0.500; Manufacturing of stainless steel, finished product, bars, cold finish"
Census_ASM_PxI,2026980000,BEA_2017_Code,331110,,"NAICS_2007_Code; weight 1.000; Manufacturing of other steel mill products, including steel rails, excluding wire products"
Census_ASM_PxI,2026985000,BEA_2017_Code,331200,,"NAICS_2012_Code; weight 1.000; Manufacturing of iron and steel powders, paste, and flakes"
Census_ASM_PxI,2026990000,BEA_2017_Code,331314,,"NAICS_2012_Code; weight 1.000; Manufacturing of aluminum and aluminum-base alloy powders, paste, and flakes"
Census_ASM_PxI,2026995000,BEA_2017_Code,331313,,"NAICS_2007_Code; weight 0.333; Manufacturing of aluminum ingot, including billet"
Census_ASM_PxI,2026995000,BEA_2017_Code,331314,,"NAICS_2012_Code; weight 0.333; Manufacturing of aluminum ingot, including billet"
Census_ASM_PxI,2026995000,BEA_2017_Code,33131B,,"NAICS_2007_Code; weight 0.333; Manufacturing of aluminum ingot, including billet"
Census_ASM_PxI,2026996000,BEA_2017_Code,331313,,"NAICS_2007_Code; weight 1.000; Manufacturing of aluminum oxide, excluding natural alumina"
Census_ASM_PxI,2027170000,BEA_2017_Code,33131B,,"NAICS_2012_Code; weight 1.000; Manufacturing of aluminum plate (thickness of 0.25 in. or more), flat aluminum and coiled sheet and strip, including continuous cast"
Census_ASM_PxI,2027170003,BEA_2017_Code,33131B,,"NAICS_2012_Code; weight 1.000; Manufacturing of aluminum plate (thickness of 0.25 in. or more), including continuous cast"
Census_ASM_PxI,2027170006,BEA_2017_Code,33131B,,"NAICS_2012_Code; weight 1.000; Manufacturing of flat aluminum and coiled sheet and strip, including continuous cast"
Census_ASM_PxI,2027175000,BEA_2017_Code,331410,,"NAICS_2007_Code; weight 1.000; Manufacturing of refined primary copper and copper-base alloy and primary copper smelter products, not commercial grade, produced for further refining, including blister or anode copper, cathode, wire bar, ingot and ingot bar, cakes, slabs, shot, etc."
Census_ASM_PxI,2027200000,BEA_2017_Code,331420,,"NAICS_2007_Code; weight 1.000; Manufacturing of secondary smelting, refining and alloying of copper"
Census_ASM_PxI,2027200003,BEA_2017_Code,331420,,"NAICS_2007_Code; weight 1.000; Manufacturing of secondary copper and copper-base alloy powders, paste, and flakes"
Census_ASM_PxI,2027200006,BEA_2017_Code,331420,,"NAICS_2007_Code; weight 1.000; Manufacturing of other refined secondary copper and copper-base alloy (including cathode, wire bar, ingot and ingot bar, cakes, slabs, shot, etc.)"
Census_ASM_PxI,2027250000,BEA_2017_Code,331420,,"NAICS_2007_Code; weight 1.000; Manufacturing of copper and copper-base alloy sheet, strip, and plate"
Census_ASM_PxI,2027250003,BEA_2017_Code,331420,,"NAICS_2007_Code; weight 1.000; Manufacturing of unalloyed copper and copper-base alloy sheet, strip, and plate"
Census_ASM_PxI,2027250006,BEA_2017_Code,331420,,"NAICS_2007_Code; weight 1.000; Manufacturing of alloyed copper and copper-base alloy sheet, strip, and plate (including military cups and discs)"
Census_ASM_PxI,2027300000,BEA_2017_Code,331420,,"NAICS_2007_Code; weight 1.000; Manufacturing of copper and copper-base alloy rod, bar, and shapes"
Census_ASM_PxI,2027300003,BEA_2017_Code,331420,,"NAICS_2007_Code; weight 1.000; Manufacturing of unalloyed copper and copper-base alloy rod, bar, and shapes (excluding electric rod)"
Census_ASM_PxI,2027300006,BEA_2017_Code,331420,,"NAICS_2007_Code; weight 1.000; Manufacturing of alloyed copper and copper-base alloy rod, bar, and shapes (excluding electric rod)"
Census_ASM_PxI,2027325000,BEA_2017_Code,331490,,"NAICS_2012_Code; weight 1.000; Manufacturing of all other secondary nonferrous products (including unalloyed lead (pig, ingot, shot, etc.), additive alloys, antimonial lead- and tin-base alloys)"
Census_ASM_PxI,2027350000,BEA_2017_Code,331490,,"NAICS_2012_Code; weight 1.000; Manufacturing of other secondary nonferrous metal and metal alloy powders, paste, and flakes (nickel-cobalt, tungsten, molybdenum, titanium, gold, silver, platinum, and all other precious and other nonferrous metals)"
Census_ASM_PxI,2027375000,BEA_2017_Code,331490,,"NAICS_2012_Code; weight 1.000; Manufacturing of nickel and nickel-base alloy mill shapes, excluding nickel and nickel alloy wire"
Census_ASM_PxI,2027375003,BEA_2017_Code,331490,,"NAICS_2012_Code; weight 1.000; Manufacturing of nickel and nickel-base alloy plate, sheet, and strip, excluding nickel-copper alloys"
Census_ASM_PxI,2027375006,BEA_2017_Code,331490,,"NAICS_2012_Code; weight 1.000; Manufacturing of other nickel and nickel-base alloy mill shapes, excluding nickel-copper alloys and wire"
Census_ASM_PxI,2027375009,BEA_2017_Code,331490,,NAICS_2012_Code; weight 1.000; Manufacturing of nickel-copper alloy mill shapes and forms (excluding wire)
Census_ASM_PxI,2027400000,BEA_2017_Code,331490,,"NAICS_2012_Code; weight 1.000; Manufacturing of titanium and titanium-base alloy forging and extrusion, ingot and billet, and all other titanium and titanium-base alloy mill shapes (including sheet, plate, tubing, bar, etc.), excluding wire"
Census_ASM_PxI,2027425000,BEA_2017_Code,331490,,"NAICS_2012_Code; weight 1.000; Manufacturing of other nonferrous metals and alloys, lead, tungsten, molybdenum, rolled, drawn, and extruded shapes (sheet, strip, pipe, tubing, traps, etc.), excluding wire"
Census_ASM_PxI,2027427000,BEA_2017_Code,331490,,"NAICS_2012_Code; weight 1.000; Manufacturing of refined secondary alloyed and unalloyed zinc, including all ASTM-specification zinc"
Census_ASM_PxI,2027429000,BEA_2017_Code,331490,,"NAICS_2012_Code; weight 1.000; Manufacturing of secondary precious metals and precious metal alloys (gold, silver, platinum, and other precious metals)"
Census_ASM_PxI,2027431000,BEA_2017_Code,331410,,"NAICS_2007_Code; weight 1.000; Manufacturing of refined primary unalloyed zinc slab and zinc-base alloy, including unalloyed dust"
Census_ASM_PxI,2027431003,BEA_2017_Code,331410,,"NAICS_2007_Code; weight 1.000; Manufacturing of refined primary unalloyed zinc, including all ASTM-specification zinc"
Census_ASM_PxI,2027431006,BEA_2017_Code,331410,,NAICS_2007_Code; weight 1.000; Manufacturing of refined primary zinc-base alloys
Census_ASM_PxI,2027433000,BEA_2017_Code,331410,,NAICS_2007_Code; weight 1.000; Manufacturing of primary precious metals and precious metal alloys
Census_ASM_PxI,2027433003,BEA_2017_Code,331410,,NAICS_2007_Code; weight 1.000; Manufacturing of primary gold and gold alloys
Census_ASM_PxI,2027433006,BEA_2017_Code,331410,,NAICS_2007_Code; weight 1.000; Manufacturing of primary silver and silver alloys
Census_ASM_PxI,2027433009,BEA_2017_Code,331410,,"NAICS_2007_Code; weight 1.000; Manufacturing of primary platinum and platinum alloys, including platinum-group metals"
Census_ASM_PxI,2027435000,BEA_2017_Code,331410,,NAICS_2007_Code; weight 1.000; Manufacturing of all other miscellaneous primary nonferrous metals
Census_ASM_PxI,2027435003,BEA_2017_Code,331410,,NAICS_2007_Code; weight 1.000; Manufacturing of primary lead and lead-base alloys
Census_ASM_PxI,2027435006,BEA_2017_Code,331410,,NAICS_2007_Code; weight 1.000; Manufacturing of primary magnesium and magnesium-base alloys
Census_ASM_PxI,2027435009,BEA_2017_Code,331410,,NAICS_2007_Code; weight 1.000; Manufacturing of primary unalloyed silicon
Census_ASM_PxI,2027435012,BEA_2017_Code,331410,,"NAICS_2007_Code; weight 1.000; Manufacturing of other primary unrefined nonferrous metals, including metal bearing furnace residues, zinc residues, zinc smelter products (base bullion, matte, speiss, etc.), and other metal products"
Census_ASM_PxI,2027435015,BEA_2017_Code,331410,,"NAICS_2007_Code; weight 1.000; Manufacturing of other primary refined nonferrous metals and alloys (including nickel, tin, cadmium, antimony, cobalt, molybdenum, titanium sponge, etc.)"
Census_ASM_PxI,2027445000,BEA_2017_Code,331490,,"NAICS_2012_Code; weight 1.000; Manufacturing of gold, silver, and other precious metal mill shapes and precious metal wire (including platinum-group metals and insulated wire and cable)"
Census_ASM_PxI,2027460000,BEA_2017_Code,331200,,"NAICS_2012_Code; weight 1.000; Manufacturing of carbon steel, finished products, pipes and tubes, oil country goods"
Census_ASM_PxI,2027475000,BEA_2017_Code,331200,,"NAICS_2012_Code; weight 1.000; Manufacturing of carbon steel pipes and tubes, including pressure, mechanical, structural"
Census_ASM_PxI,2027475003,BEA_2017_Code,331200,,"NAICS_2012_Code; weight 1.000; Manufacturing of carbon steel, finished products, line pipe 16 o.d and under"
Census_ASM_PxI,2027475006,BEA_2017_Code,331200,,"NAICS_2012_Code; weight 1.000; Manufacturing of carbon steel, finished products, line pipe over 16 o.d"
Census_ASM_PxI,2027475012,BEA_2017_Code,331200,,"NAICS_2012_Code; weight 1.000; Manufacturing of carbon steel, finished products, pipes and tubes, seamless pressure tubing"
Census_ASM_PxI,2027475015,BEA_2017_Code,331200,,"NAICS_2012_Code; weight 1.000; Manufacturing of carbon steel, finished products, pipes and tubes, welded pressure tubing"
Census_ASM_PxI,2027475018,BEA_2017_Code,331200,,"NAICS_2012_Code; weight 1.000; Manufacturing of carbon steel, finished products, pipes and tubes, seamless mechanical tubing"
Census_ASM_PxI,2027475021,BEA_2017_Code,331200,,"NAICS_2012_Code; weight 1.000; Manufacturing of carbon steel, finished products, pipes and tubes, welded mechanical tubing"
Census_ASM_PxI,2027475024,BEA_2017_Code,331200,,"NAICS_2012_Code; weight 1.000; Manufacturing of carbon steel, finished products, pipes and tubes, structurals"
Census_ASM_PxI,2027475027,BEA_2017_Code,331200,,"NAICS_2012_Code; weight 1.000; Manufacturing of carbon steel, finished products, pipes and tubes, miscellaneous, including standard"
Census_ASM_PxI,2027480000,BEA_2017_Code,331200,,NAICS_2012_Code; weight 1.000; Manufacturing of alloy steel pipes and tubes
Census_ASM_PxI,2027480003,BEA_2017_Code,331200,,"NAICS_2012_Code; weight 1.000; Manufacturing of alloy steel, finished products, pipes and tubes, oil country goods and line pipe"
Census_ASM_PxI,2027480006,BEA_2017_Code,331200,,"NAICS_2012_Code; weight 1.000; Manufacturing of alloy steel, finished products, pipes and tubes, pressure tubing"
Census_ASM_PxI,2027480009,BEA_2017_Code,331200,,"NAICS_2012_Code; weight 1.000; Manufacturing of alloy steel, finished products, pipes and tubes, mechanical tubing"
Census_ASM_PxI,2027480012,BEA_2017_Code,331200,,"NAICS_2012_Code; weight 1.000; Manufacturing of alloy steel, finished products, pipes and tubes, miscellaneous, including standard and structural"
Census_ASM_PxI,2027490000,BEA_2017_Code,331200,,NAICS_2012_Code; weight 1.000; Manufacturing of stainless steel pipes and tubes
Census_ASM_PxI,2027490003,BEA_2017_Code,331200,,"NAICS_2012_Code; weight 1.000; Manufacturing of stainless steel, finished products, pipes and tubes, seamless pressure tubing"
Census_ASM_PxI,2027490006,BEA_2017_Code,331200,,"NAICS_2012_Code; weight 1.000; Manufacturing of stainless steel, finished products, pipes and tubes, welded pressure tubing"
Census_ASM_PxI,2027490009,BEA_2017_Code,331200,,"NAICS_2012_Code; weight 1.000; Manufacturing of stainless steel, finished products, pipes and tubes, seamless mechanical tubing"
Census_ASM_PxI,2027490012,BEA_2017_Code,331200,,"NAICS_2012_Code; weight 1.000; Manufacturing of stainless steel, finished products, pipes and tubes, welded mechanical tubing"
Census_ASM_PxI,2027490015,BEA_2017_Code,331200,,"NAICS_2012_Code; weight 1.000; Manufacturing of stainless steel, finished products, pipes and tubes, other"
Census_ASM_PxI,2027500000,BEA_2017_Code,331110,,NAICS_2007_Code; weight 1.000; Manufacturing of hot rolled steel pipes and tubes
Census_ASM_PxI,2027500003,BEA_2017_Code,331110,,"NAICS_2007_Code; weight 1.000; Manufacturing of carbon steel, finished products, hot rolled pipes and tubes"
Census_ASM_PxI,2027500006,BEA_2017_Code,331110,,"NAICS_2007_Code; weight 1.000; Manufacturing of alloy steel, finished products, hot rolled pipes and tubes"
Census_ASM_PxI,2027500009,BEA_2017_Code,331110,,"NAICS_2007_Code; weight 1.000; Manufacturing of stainless steel, finished products, hot rolled pipes and tubes"
Census_ASM_PxI,2027525000,BEA_2017_Code,33131B,,NAICS_2012_Code; weight 1.000; Manufacturing of  aluminum welded tube
Census_ASM_PxI,2027550000,BEA_2017_Code,33131B,,NAICS_2007_Code; weight 1.000; Manufacturing of extruded and drawn aluminum tube
Census_ASM_PxI,2027575000,BEA_2017_Code,331420,,NAICS_2007_Code; weight 1.000; Manufacturing of other alloyed and unalloyed copper and copper-base pipe and tube
Census_ASM_PxI,2027575003,BEA_2017_Code,331420,,NAICS_2007_Code; weight 1.000; Manufacturing of other unalloyed copper and copper-base alloy pipe and tube
Census_ASM_PxI,2027575006,BEA_2017_Code,331420,,NAICS_2007_Code; weight 1.000; Manufacturing of other alloyed copper and copper-base alloy pipe and tube
Census_ASM_PxI,2027600000,BEA_2017_Code,3259A0,,NAICS_2012_Code; weight 1.000; Manufacturing of metal-treating and plating compounds
Census_ASM_PxI,2027600003,BEA_2017_Code,3259A0,,"NAICS_2012_Code; weight 1.000; Manufacturing of metal-treating compounds (non-oil-base) for nitriding, pickling, drawing, and cutting"
Census_ASM_PxI,2027600006,BEA_2017_Code,3259A0,,NAICS_2012_Code; weight 1.000; Manufacturing of plating compounds
Census_ASM_PxI,2027625000,BEA_2017_Code,327910,,NAICS_2012_Code; weight 1.000; Manufacturing of nonmetallic abrasives (including diamond abrasives)
Census_ASM_PxI,2027650000,BEA_2017_Code,327910,,"NAICS_2012_Code; weight 1.000; Manufacturing of aluminum oxide, nonmetallic sized grains, powders, and flour abrasives (including graded products only)"
Census_ASM_PxI,2027675000,BEA_2017_Code,327910,,"NAICS_2012_Code; weight 1.000; Manufacturing of nonmetallic sized grains, powders, and flour abrasives, excluding aluminum oxide"
Census_ASM_PxI,2027700000,BEA_2017_Code,331200,,"NAICS_2012_Code; weight 0.500; Manufacturing of noninsulated ferrous wire forms and strand (including strand for prestressed concrete, composite wire strand (excluding ACSR) and guard rail cable)"
Census_ASM_PxI,2027700000,BEA_2017_Code,332600,,"NAICS_2012_Code; weight 0.500; Manufacturing of noninsulated ferrous wire forms and strand (including strand for prestressed concrete, composite wire strand (excluding ACSR) and guard rail cable)"
Census_ASM_PxI,2027725000,BEA_2017_Code,331200,,NAICS_2012_Code; weight 0.500; Manufacturing of ferrous wire cloth and other ferrous woven wire products
Census_ASM_PxI,2027725000,BEA_2017_Code,332600,,NAICS_2012_Code; weight 0.500; Manufacturing of ferrous wire cloth and other ferrous woven wire products
Census_ASM_PxI,2027750000,BEA_2017_Code,33291A,,NAICS_2012_Code; weight 1.000; Manufacturing of metal aerosol valves
Census_ASM_PxI,2027775000,BEA_2017_Code,327910,,"NAICS_2012_Code; weight 1.000; Manufacturing of metal abrasives including steel and iron grid, shot, and sand, and other metal abrasives"
Census_ASM_PxI,2027800000,BEA_2017_Code,331510,,"NAICS_2012_Code; weight 1.000; Manufacturing of ductile iron pressure pipe and fittings, all sizes"
Census_ASM_PxI,2027825000,BEA_2017_Code,331510,,NAICS_2012_Code; weight 1.000; Manufacturing of other ductile iron castings for automotive uses
Census_ASM_PxI,2027850000,BEA_2017_Code,331510,,"NAICS_2012_Code; weight 1.000; Manufacturing of all other ductile iron castings for all other uses, including valve, construction and utility, machinery, electric and electronic equipment, heat-resistant parts (including coke oven doors)"
Census_ASM_PxI,2027875000,BEA_2017_Code,331510,,"NAICS_2012_Code; weight 1.000; Manufacturing of cast iron pressure pipe and fittings, all sizes"
Census_ASM_PxI,2027900000,BEA_2017_Code,331510,,"NAICS_2012_Code; weight 1.000; Manufacturing of cast iron soil pipe and fittings, all sizes"
Census_ASM_PxI,2027925000,BEA_2017_Code,331510,,"NAICS_2012_Code; weight 1.000; Manufacturing of gray iron castings for rolling mill, construction, utility, automotive, and all other uses"
Census_ASM_PxI,2027950000,BEA_2017_Code,331510,,NAICS_2012_Code; weight 1.000; Manufacturing of standard malleable iron castings
Census_ASM_PxI,2027975000,BEA_2017_Code,331510,,NAICS_2012_Code; weight 1.000; Manufacturing of pearlitic malleable iron castings
Census_ASM_PxI,2028000000,BEA_2017_Code,331510,,NAICS_2012_Code; weight 1.000; Manufacturing of molds and stools for heavy steel ingots
Census_ASM_PxI,2028025000,BEA_2017_Code,331510,,"NAICS_2012_Code; weight 1.000; Manufacturing of steel investment castings, including carbon, alloy and stainless steel, hi-temp metal (iron, nickel or cobalt-based alloys)"
Census_ASM_PxI,2028050000,BEA_2017_Code,331510,,"NAICS_2012_Code; weight 1.000; Manufacturing of other carbon steel castings, excluding investment"
Census_ASM_PxI,2028075000,BEA_2017_Code,331510,,"NAICS_2012_Code; weight 1.000; Manufacturing of high alloy steel castings, excluding investment"
Census_ASM_PxI,2028100000,BEA_2017_Code,331520,,NAICS_2007_Code; weight 1.000; Manufacturing of aluminum and aluminum-base alloy die-castings
Census_ASM_PxI,2028125000,BEA_2017_Code,331520,,NAICS_2012_Code; weight 1.000; Manufacturing of aluminum and aluminum-base alloy sand castings (excluding cast aluminum cooking utensils)
Census_ASM_PxI,2028150000,BEA_2017_Code,331520,,NAICS_2012_Code; weight 1.000; Manufacturing of aluminum and aluminum-base alloy permanent and semipermanent mold castings (excluding cast aluminum cooking utensils)
Census_ASM_PxI,2028175000,BEA_2017_Code,331520,,NAICS_2012_Code; weight 1.000; Manufacturing of aluminum and aluminum-base alloy investment castings (excluding cast aluminum cooking utensils)
Census_ASM_PxI,2028200000,BEA_2017_Code,331520,,"NAICS_2012_Code; weight 1.000; Manufacturing of other aluminum and aluminum-base alloy castings, excluding die-castings (excluding cast aluminum cooking utensils)"
Census_ASM_PxI,2028225000,BEA_2017_Code,331510,,NAICS_2012_Code; weight 1.000; Manufacturing of alloy steel castings
Census_ASM_PxI,2028225003,BEA_2017_Code,331510,,NAICS_2012_Code; weight 1.000; Manufacturing of other alloy steel railway specialties castings
Census_ASM_PxI,2028225006,BEA_2017_Code,331510,,"NAICS_2012_Code; weight 1.000; Manufacturing of alloy steel castings, excluding investment, not elsewhere classified"
Census_ASM_PxI,2028250000,BEA_2017_Code,331520,,NAICS_2007_Code; weight 1.000; Manufacturing of nonferrous metals and alloys (excluding aluminum) die-castings
Census_ASM_PxI,2028275000,BEA_2017_Code,331520,,"NAICS_2007_Code; weight 1.000; Manufacturing of copper and copper-base alloy foundries (excluding die-casting) including sand, leaded red, manganese, aluminum bronzes, and all other copper castings (mold, centrifugal, investment, etc.)"
Census_ASM_PxI,2028300000,BEA_2017_Code,331520,,"NAICS_2007_Code; weight 1.000; Manufacturing of other nonferrous foundries castings (excluding die-casting and aluminum) including nickel and nickel-base alloy, zinc and zinc-base alloy, magnesium and magnesium-base alloy, and all other nonferrous castings"
Census_ASM_PxI,2028325000,BEA_2017_Code,332119,,NAICS_2007_Code; weight 1.000; Manufacturing of motor and generator metal job stampings
Census_ASM_PxI,2028350000,BEA_2017_Code,332119,,"NAICS_2007_Code; weight 1.000; Manufacturing of radio, phonograph, and television metal job stampings"
Census_ASM_PxI,2028350003,BEA_2017_Code,332119,,"NAICS_2007_Code; weight 1.000; Manufacturing of radio and phonograph metal job stampings, excluding automotive"
Census_ASM_PxI,2028350006,BEA_2017_Code,332119,,NAICS_2007_Code; weight 1.000; Manufacturing of television metal job stampings
Census_ASM_PxI,2028375000,BEA_2017_Code,332119,,NAICS_2007_Code; weight 1.000; Manufacturing of computer metal job stampings
Census_ASM_PxI,2028400000,BEA_2017_Code,332119,,"NAICS_2007_Code; weight 1.000; Manufacturing of electrical appliance metal job stampings (residential, commercial, and industrial)"
Census_ASM_PxI,2028400003,BEA_2017_Code,332119,,"NAICS_2007_Code; weight 1.000; Manufacturing of electrical appliance metal job stampings, excluding refrigeration and laundry equipment"
Census_ASM_PxI,2028400006,BEA_2017_Code,332119,,"NAICS_2007_Code; weight 1.000; Manufacturing of refrigeration metal job stampings (residential, commercial, and industrial)"
Census_ASM_PxI,2028400009,BEA_2017_Code,332119,,"NAICS_2007_Code; weight 1.000; Manufacturing of stove, heater, and air-conditioner metal job stampings (residential, commercial, and industrial), excluding automotive"
Census_ASM_PxI,2028400012,BEA_2017_Code,332119,,"NAICS_2007_Code; weight 1.000; Manufacturing of laundry equipment metal job stampings (residential, commercial, and industrial)"
Census_ASM_PxI,2028425000,BEA_2017_Code,336370,,"NAICS_2012_Code; weight 1.000; Manufacturing of automotive job stampings (truck, bus, and passenger car)"
Census_ASM_PxI,2028450000,BEA_2017_Code,332119,,NAICS_2007_Code; weight 1.000; Manufacturing of recreational vehicle and agricultural equipment metal job stampings
Census_ASM_PxI,2028450003,BEA_2017_Code,332119,,"NAICS_2007_Code; weight 1.000; Manufacturing of recreational vehicle metal job stampings (motor homes, travel trailers, etc.)"
Census_ASM_PxI,2028450006,BEA_2017_Code,332119,,"NAICS_2007_Code; weight 1.000; Manufacturing of agricultural equipment metal job stampings, including tractor"
Census_ASM_PxI,2028475000,BEA_2017_Code,332119,,NAICS_2007_Code; weight 1.000; Manufacturing of other metal job stampings
Census_ASM_PxI,2028475003,BEA_2017_Code,332119,,NAICS_2007_Code; weight 1.000; Manufacturing of aviation metal job stampings
Census_ASM_PxI,2028475006,BEA_2017_Code,332119,,NAICS_2007_Code; weight 1.000; Manufacturing of other industrial equipment metal job stampings
Census_ASM_PxI,2028475009,BEA_2017_Code,332119,,"NAICS_2007_Code; weight 1.000; Manufacturing of other metal job stampings, excluding automotive"
Census_ASM_PxI,2028500000,BEA_2017_Code,332119,,"NAICS_2007_Code; weight 1.000; Manufacturing of office machine metal job stampings, excluding computer"
Census_ASM_PxI,2028525000,BEA_2017_Code,332119,,"NAICS_2007_Code; weight 1.000; Manufacturing of stamped and pressed metal end products for machinery, transportation, and other equipment, excluding spinning products and metal electric enclosures"
Census_ASM_PxI,2028525003,BEA_2017_Code,332119,,"NAICS_2007_Code; weight 1.000; Manufacturing of other stamped and pressed vitreous (porcelain) enameled products (including refrigerator and laundry equipment parts and commercial and hospital utensils), excluding cooking and kitchen utensils"
Census_ASM_PxI,2028525006,BEA_2017_Code,332119,,"NAICS_2007_Code; weight 1.000; Manufacturing of other stamped and pressed metal end products for machinery, transportation, and other equipment, excluding spinning products"
Census_ASM_PxI,2028550000,BEA_2017_Code,33211A,,"NAICS_2012_Code; weight 1.000; Manufacturing of hot impression die impact, press, and upset carbon steel forgings"
Census_ASM_PxI,2028575000,BEA_2017_Code,33211A,,"NAICS_2012_Code; weight 1.000; Manufacturing of hot impression die impact, press, and upset alloy steel forgings, excluding stainless and hi-temperature"
Census_ASM_PxI,2028600000,BEA_2017_Code,33211A,,"NAICS_2012_Code; weight 1.000; Manufacturing of hot impression die impact, press, and upset stainless steel forgings"
Census_ASM_PxI,2028625000,BEA_2017_Code,33211A,,"NAICS_2012_Code; weight 1.000; Manufacturing of hot impression die impact, press, and upset hi-temperature (iron, nickel, or cobalt-base alloy) steel forgings"
Census_ASM_PxI,2028650000,BEA_2017_Code,33211A,,"NAICS_2012_Code; weight 1.000; Manufacturing of cold impression die impact, press, and upset carbon steel, stainless steel and hi-temperature (iron, nickel, or cobalt-base alloy) forgings"
Census_ASM_PxI,2028700000,BEA_2017_Code,331110,,"NAICS_2007_Code; weight 0.667; Manufacturing of seamless rolled ring forgings, ferrous"
Census_ASM_PxI,2028700000,BEA_2017_Code,33211A,,"NAICS_2012_Code; weight 0.333; Manufacturing of seamless rolled ring forgings, ferrous"
Census_ASM_PxI,2028700003,BEA_2017_Code,331110,,NAICS_2007_Code; weight 0.500; Manufacturing of seamless carbon steel and alloy steel rolled ring forgings (excluding stainless and hi-temperature)
Census_ASM_PxI,2028700003,BEA_2017_Code,33211A,,NAICS_2012_Code; weight 0.500; Manufacturing of seamless carbon steel and alloy steel rolled ring forgings (excluding stainless and hi-temperature)
Census_ASM_PxI,2028700006,BEA_2017_Code,331110,,"NAICS_2007_Code; weight 0.500; Manufacturing of seamless stainless steel and hi-temperature (iron, nickel, or cobalt-base alloy) rolled ring forgings"
Census_ASM_PxI,2028700006,BEA_2017_Code,33211A,,"NAICS_2012_Code; weight 0.500; Manufacturing of seamless stainless steel and hi-temperature (iron, nickel, or cobalt-base alloy) rolled ring forgings"
Census_ASM_PxI,2028725000,BEA_2017_Code,331110,,"NAICS_2007_Code; weight 0.667; Manufacturing of open die and smith forgings (hammer and press), ferrous"
Census_ASM_PxI,2028725000,BEA_2017_Code,33211A,,"NAICS_2012_Code; weight 0.333; Manufacturing of open die and smith forgings (hammer and press), ferrous"
Census_ASM_PxI,2028725003,BEA_2017_Code,331110,,"NAICS_2007_Code; weight 0.500; Manufacturing of carbon and alloy steel open die and smith forgings (hammer and press), excluding stainless and hi-temperature"
Census_ASM_PxI,2028725003,BEA_2017_Code,33211A,,"NAICS_2012_Code; weight 0.500; Manufacturing of carbon and alloy steel open die and smith forgings (hammer and press), excluding stainless and hi-temperature"
Census_ASM_PxI,2028725006,BEA_2017_Code,331110,,"NAICS_2007_Code; weight 0.500; Manufacturing of stainless steel and hi-temperature (iron, nickel, or cobalt-base alloy) open die and smith forgings (hammer and press)"
Census_ASM_PxI,2028725006,BEA_2017_Code,33211A,,"NAICS_2012_Code; weight 0.500; Manufacturing of stainless steel and hi-temperature (iron, nickel, or cobalt-base alloy) open die and smith forgings (hammer and press)"
Census_ASM_PxI,2028775000,BEA_2017_Code,33211A,,"NAICS_2012_Code; weight 1.000; Manufacturing of hot impression die impact, press, and upset aluminum and aluminum alloy forgings"
Census_ASM_PxI,2028800000,BEA_2017_Code,33211A,,"NAICS_2012_Code; weight 1.000; Manufacturing of hot impression die impact, press, and upset titanium and titanium alloy forgings"
Census_ASM_PxI,2028825000,BEA_2017_Code,33211A,,"NAICS_2012_Code; weight 1.000; Manufacturing of other hot impression die impact, press, and upset nonferrous forgings (including copper and copper-base alloy)"
Census_ASM_PxI,2028850000,BEA_2017_Code,33211A,,"NAICS_2012_Code; weight 1.000; Manufacturing of all other nonferrous forgings, including cold impression die impact, press, upset, seamless rolled ring, open die or smith, and hammer"
Census_ASM_PxI,2028875000,BEA_2017_Code,33211A,,NAICS_2012_Code; weight 1.000; Manufacturing of copper and copper-base alloy powder metallurgy parts
Census_ASM_PxI,2028900000,BEA_2017_Code,33211A,,NAICS_2012_Code; weight 1.000; Manufacturing of iron and steel powder metallurgy parts
Census_ASM_PxI,2028925000,BEA_2017_Code,33211A,,NAICS_2012_Code; weight 1.000; Manufacturing of tungsten metal and tungsten-base alloy powder metallurgy parts
Census_ASM_PxI,2028950000,BEA_2017_Code,33211A,,"NAICS_2012_Code; weight 1.000; Manufacturing of other powder metallurgy materials, excluding bearings, gears, and machine cutting tools and all cemented carbide parts, not elsewhere classified"
Census_ASM_PxI,2028950003,BEA_2017_Code,33211A,,NAICS_2012_Code; weight 1.000; Manufacturing of metal injection molding (MIM) powder metallurgy parts
Census_ASM_PxI,2028950006,BEA_2017_Code,33211A,,"NAICS_2012_Code; weight 1.000; Manufacturing of all other powder metallurgy materials, excluding bearings, gears, and machine cutting tools and all cemented carbide parts"
Census_ASM_PxI,2028975000,BEA_2017_Code,332310,,"NAICS_2012_Code; weight 1.000; Manufacturing of fabricated structural iron and steel, except for construction"
Census_ASM_PxI,2028975003,BEA_2017_Code,332310,,NAICS_2012_Code; weight 1.000; Manufacturing of fabricated structural iron and steel for aerospace and defense
Census_ASM_PxI,2028975006,BEA_2017_Code,332310,,"NAICS_2012_Code; weight 1.000; Manufacturing of other fabricated structural iron and steel, except for construction"
Census_ASM_PxI,2029000000,BEA_2017_Code,332310,,"NAICS_2012_Code; weight 1.000; Manufacturing of fabricated structural iron and steel for ships, boats, and barges"
Census_ASM_PxI,2029025000,BEA_2017_Code,332310,,"NAICS_2012_Code; weight 1.000; Manufacturing of weldments and fabricated steel plate for other purposes, other than for construction and mining"
Census_ASM_PxI,2029050000,BEA_2017_Code,332720,,NAICS_2012_Code; weight 1.000; Manufacturing of aircraft fasteners (excluding plastics; including aerospace) (meets specifications for flying vehicles)
Census_ASM_PxI,2029050003,BEA_2017_Code,332720,,"NAICS_2012_Code; weight 1.000; Manufacturing of aircraft bolts (excluding plastics; including aerospace), less than 161 KSI tensile (meets specifications for flying vehicles)"
Census_ASM_PxI,2029050006,BEA_2017_Code,332720,,"NAICS_2012_Code; weight 1.000; Manufacturing of aircraft bolts (excluding plastics; including aerospace), 161 KSI tensile or more (meets specifications for flying vehicles)"
Census_ASM_PxI,2029050009,BEA_2017_Code,332720,,NAICS_2012_Code; weight 1.000; Manufacturing of aircraft screws and studs (excluding plastics; including aerospace) (meets specifications for flying vehicles)
Census_ASM_PxI,2029050012,BEA_2017_Code,332720,,"NAICS_2012_Code; weight 1.000; Manufacturing of aircraft locknuts (excluding plastics; including aerospace), including flanged locknuts (meets specifications for flying vehicles)"
Census_ASM_PxI,2029050015,BEA_2017_Code,332720,,"NAICS_2012_Code; weight 1.000; Manufacturing of other internally threaded aircraft fasteners (excluding plastics; including aerospace), hex square nuts (all types), and sheet metal fasteners (excluding flanged locknuts)"
Census_ASM_PxI,2029050018,BEA_2017_Code,332720,,"NAICS_2012_Code; weight 1.000; Manufacturing of aircraft washers (excluding plastics; including aerospace), all types"
Census_ASM_PxI,2029050021,BEA_2017_Code,332720,,"NAICS_2012_Code; weight 1.000; Manufacturing of aircraft rivets (excluding plastics; including aerospace), all types"
Census_ASM_PxI,2029050024,BEA_2017_Code,332720,,"NAICS_2012_Code; weight 1.000; Manufacturing of aircraft pins (excluding plastics; including aerospace), all types"
Census_ASM_PxI,2029075000,BEA_2017_Code,332720,,NAICS_2012_Code; weight 1.000; Manufacturing of externally threaded metal fasteners (excluding aircraft types)
Census_ASM_PxI,2029075003,BEA_2017_Code,332720,,NAICS_2012_Code; weight 1.000; Manufacturing of mine roof bolts
Census_ASM_PxI,2029075006,BEA_2017_Code,332720,,"NAICS_2012_Code; weight 1.000; Manufacturing of hex bolts, including heavy, tap-and-joint (excluding high-strength structural and aircraft types)"
Census_ASM_PxI,2029075009,BEA_2017_Code,332720,,"NAICS_2012_Code; weight 1.000; Manufacturing of other metal bolts, including square, round, plow, high-strength structural, and bent bolts (excluding aircraft types)"
Census_ASM_PxI,2029075012,BEA_2017_Code,332720,,"NAICS_2012_Code; weight 1.000; Manufacturing of cap, set, machine, lag, flange, and self-locking screws (excluding aircraft types)"
Census_ASM_PxI,2029075015,BEA_2017_Code,332720,,"NAICS_2012_Code; weight 1.000; Manufacturing of tapping screws (including fillister, flat, hex, oval, pan, and truss) and wood screws (including flat, oval, and round) (excluding aircraft types)"
Census_ASM_PxI,2029075018,BEA_2017_Code,332720,,"NAICS_2012_Code; weight 1.000; Manufacturing of other externally threaded metal fasteners, including studs (excluding aircraft types)"
Census_ASM_PxI,2029100000,BEA_2017_Code,332720,,NAICS_2012_Code; weight 1.000; Manufacturing of internally threaded metal fasteners (excluding aircraft types)  
Census_ASM_PxI,2029125000,BEA_2017_Code,332720,,"NAICS_2012_Code; weight 1.000; Manufacturing of products made by cold-, warm-, or hot-heading processes for machinery and transportation equipment manufacturing (excluding fasteners)"
Census_ASM_PxI,2029125003,BEA_2017_Code,332720,,"NAICS_2012_Code; weight 1.000; Manufacturing of automotive parts (excluding fasteners) made by cold-, warm-, or hot-heading processes"
Census_ASM_PxI,2029125006,BEA_2017_Code,332720,,"NAICS_2012_Code; weight 1.000; Manufacturing of aircraft parts (excluding fasteners) made by cold-, warm-, or hot-heading processes"
Census_ASM_PxI,2029125009,BEA_2017_Code,332720,,"NAICS_2012_Code; weight 1.000; Manufacturing of turnbuckles and hose clamps (excluding fasteners) made by cold-, warm-, or hot-heading processes"
Census_ASM_PxI,2029125012,BEA_2017_Code,332720,,"NAICS_2012_Code; weight 1.000; Manufacturing of other products made by cold-, warm-, or hot-heading processes for machinery and transportation equipment manufacturing (excluding fasteners) "
Census_ASM_PxI,2029150000,BEA_2017_Code,332720,,"NAICS_2012_Code; weight 1.000; Manufacturing of rivets, washers, and other nonthreaded metal fasteners (excluding aircraft types)"
Census_ASM_PxI,2029175000,BEA_2017_Code,326190,,NAICS_2012_Code; weight 1.000; Manufacturing of transportation fabricated plastics products (excluding foam and reinforced plastics)
Census_ASM_PxI,2029175003,BEA_2017_Code,326190,,"NAICS_2012_Code; weight 1.000; Manufacturing of fabricated plastics components, housings, accessories, and parts for motor vehicles (excluding foam and reinforced plastics)"
Census_ASM_PxI,2029175006,BEA_2017_Code,326190,,"NAICS_2012_Code; weight 1.000; Manufacturing of fabricated plastics components, housings, accessories, and parts for aircraft, space equipment and missiles (excluding foam and reinforced plastics)"
Census_ASM_PxI,2029175009,BEA_2017_Code,326190,,"NAICS_2012_Code; weight 1.000; Manufacturing of fabricated plastics components, housings, accessories, and parts for other transportation equipment (excluding foam and reinforced plastics)"
Census_ASM_PxI,2029200000,BEA_2017_Code,326190,,NAICS_2012_Code; weight 1.000; Manufacturing of transportation reinforced and fiberglass plastics products
Census_ASM_PxI,2029225000,BEA_2017_Code,336310,,"NAICS_2007_Code; weight 1.000; Manufacturing of gasoline engines for motor vehicles, new"
Census_ASM_PxI,2029250000,BEA_2017_Code,333618,,"NAICS_2012_Code; weight 1.000; Manufacturing of gasoline and gas-gasoline engines, excluding aircraft, automobile, highway truck, bus, tank, and outboard marine"
Census_ASM_PxI,2029275000,BEA_2017_Code,333618,,"NAICS_2012_Code; weight 1.000; Manufacturing of diesel, semidiesel, and dual-fuel engines, excluding automobile, highway truck, bus, and tank"
Census_ASM_PxI,2029300000,BEA_2017_Code,333618,,"NAICS_2012_Code; weight 1.000; Manufacturing of diesel, semidiesel, and dual-fuel engines for automobiles, highway trucks, and buses"
Census_ASM_PxI,2029325000,BEA_2017_Code,333618,,"NAICS_2012_Code; weight 1.000; Manufacturing of piston-type natural gas engines, including liquified petroleum gas (LPG) engines, excluding gas turbines"
Census_ASM_PxI,2029375000,BEA_2017_Code,333618,,"NAICS_2012_Code; weight 1.000; Manufacturing of all other miscellaneous engine equipment, including converted internal combustion engines and outboard motors"
Census_ASM_PxI,2029400000,BEA_2017_Code,336412,,NAICS_2012_Code; weight 1.000; Manufacturing of military aircraft engines (including other aircraft engines built to military specifications)
Census_ASM_PxI,2029425000,BEA_2017_Code,336412,,NAICS_2012_Code; weight 1.000; Manufacturing of civilian aircraft engines
Census_ASM_PxI,2029450000,BEA_2017_Code,336412,,NAICS_2012_Code; weight 1.000; Manufacturing of parts and accessories for military aircraft engines
Census_ASM_PxI,2029475000,BEA_2017_Code,336412,,NAICS_2012_Code; weight 1.000; Manufacturing of parts and accessories for civilian aircraft engines
Census_ASM_PxI,2029500000,BEA_2017_Code,336413,,"NAICS_2012_Code; weight 1.000; Manufacturing of aircraft propellers and helicopter rotors, including blades and parts"
Census_ASM_PxI,2029525000,BEA_2017_Code,33451A,,"NAICS_2012_Code; weight 1.000; Manufacturing of aircraft engine instruments, excluding flight"
Census_ASM_PxI,2029525003,BEA_2017_Code,33451A,,"NAICS_2012_Code; weight 1.000; Manufacturing of aircraft engine temperature sensors, transmitters, and displays"
Census_ASM_PxI,2029525006,BEA_2017_Code,33451A,,"NAICS_2012_Code; weight 1.000; Manufacturing of aircraft engine pressure ratio and vacuum sensors, transmitters, controls, and displays"
Census_ASM_PxI,2029525009,BEA_2017_Code,33451A,,NAICS_2012_Code; weight 1.000; Manufacturing of all other aircraft engine instruments (excluding flight)
Census_ASM_PxI,2029525012,BEA_2017_Code,33451A,,NAICS_2012_Code; weight 1.000; Manufacturing of parts and components for aircraft engine instruments
Census_ASM_PxI,2029550000,BEA_2017_Code,336413,,NAICS_2012_Code; weight 1.000; Manufacturing of aircraft mechanical power transmission equipment for civilian and military aircraft
Census_ASM_PxI,2029550003,BEA_2017_Code,336413,,NAICS_2012_Code; weight 1.000; Manufacturing of aircraft mechanical power transmission equipment for military aircraft (including other aircraft built to military specifications)
Census_ASM_PxI,2029550006,BEA_2017_Code,336413,,NAICS_2012_Code; weight 1.000; Manufacturing of aircraft mechanical power transmission equipment for civilian aircraft
Census_ASM_PxI,2029575000,BEA_2017_Code,336320,,NAICS_2007_Code; weight 1.000; Manufacturing of spark plugs (all types)
Census_ASM_PxI,2029600000,BEA_2017_Code,336320,,"NAICS_2007_Code; weight 1.000; Manufacturing of vehicular lighting components, electric (including parts and accessories)"
Census_ASM_PxI,2029600003,BEA_2017_Code,336320,,"NAICS_2007_Code; weight 1.000; Manufacturing of automobile and truck lighting components, headlights, including parts and accessories (excluding emergency vehicle lighting, parts, and accessories for autos and trucks)"
Census_ASM_PxI,2029600006,BEA_2017_Code,336320,,"NAICS_2007_Code; weight 1.000; Manufacturing of emergency vehicle lighting, parts, and accessories (autos and trucks)"
Census_ASM_PxI,2029600009,BEA_2017_Code,336320,,"NAICS_2007_Code; weight 1.000; Manufacturing of all other vehicular lighting components manufacturing (including aircraft, boat, ship, locomotive, and other types of vehicular lighting fixture manufacturing)"
Census_ASM_PxI,2029625000,BEA_2017_Code,336320,,NAICS_2007_Code; weight 1.000; Manufacturing of ignition harness and cable sets
Census_ASM_PxI,2029625003,BEA_2017_Code,336320,,NAICS_2007_Code; weight 1.000; Manufacturing of automotive-type ignition harness sets
Census_ASM_PxI,2029625006,BEA_2017_Code,336320,,"NAICS_2007_Code; weight 1.000; Manufacturing of other ignition harness sets, including tractor, stationary engine, and aircraft"
Census_ASM_PxI,2029650000,BEA_2017_Code,336320,,"NAICS_2007_Code; weight 1.000; Manufacturing of engine electrical cable sets, all types"
Census_ASM_PxI,2029650003,BEA_2017_Code,336320,,NAICS_2007_Code; weight 1.000; Manufacturing of automotive-type engine electrical cable sets
Census_ASM_PxI,2029650006,BEA_2017_Code,336320,,NAICS_2007_Code; weight 1.000; Manufacturing of aircraft and other type engine electrical cable sets
Census_ASM_PxI,2029675000,BEA_2017_Code,335312,,NAICS_2012_Code; weight 1.000; Manufacturing of fractional horsepower motors (rated at less than 746 watts) (excluding hermetics)
Census_ASM_PxI,2029700000,BEA_2017_Code,335312,,NAICS_2012_Code; weight 1.000; Manufacturing of integral horsepower motors and generators other than for land transportation equipment (rated at 746 watts or more) (excluding hermetics)
Census_ASM_PxI,2029725000,BEA_2017_Code,336320,,"NAICS_2007_Code; weight 1.000; Manufacturing of battery charging alternators, generators, and regulators"
Census_ASM_PxI,2029725003,BEA_2017_Code,336320,,NAICS_2007_Code; weight 1.000; Manufacturing of new automotive battery charging alternators and generators for internal combustion engines
Census_ASM_PxI,2029725006,BEA_2017_Code,336320,,NAICS_2007_Code; weight 1.000; Manufacturing of all other new battery charging alternators and generators for internal combustion engines
Census_ASM_PxI,2029725009,BEA_2017_Code,336320,,"NAICS_2007_Code; weight 1.000; Manufacturing of regulators for battery charging alternators and generators, new"
Census_ASM_PxI,2029750000,BEA_2017_Code,336320,,NAICS_2007_Code; weight 1.000; Manufacturing of automotive and other new starting (engine cranking) motors
Census_ASM_PxI,2029775000,BEA_2017_Code,336320,,NAICS_2007_Code; weight 1.000; Manufacturing of engine electrical ignition coils (all types)
Census_ASM_PxI,2029800000,BEA_2017_Code,336320,,"NAICS_2007_Code; weight 1.000; Manufacturing of electronic systems for complete engine control, using computers or microprocessors"
Census_ASM_PxI,2029825000,BEA_2017_Code,336320,,NAICS_2007_Code; weight 1.000; Manufacturing of all other complete engine electrical and electronic components
Census_ASM_PxI,2029825003,BEA_2017_Code,336320,,NAICS_2007_Code; weight 1.000; Manufacturing of electrical distributors (all types)
Census_ASM_PxI,2029825006,BEA_2017_Code,336320,,"NAICS_2007_Code; weight 1.000; Manufacturing of all other complete electrical and electronic components for internal combustion engines (including complete ignition apparatus, magnetos, magneto-dynamos, and magnetic flywheels)"
Census_ASM_PxI,2029850000,BEA_2017_Code,33291A,,"NAICS_2012_Code; weight 1.000; Manufacturing of solenoid-operated valves and parts, excluding nuclear and fluid power transfer"
Census_ASM_PxI,2029875000,BEA_2017_Code,336320,,"NAICS_2007_Code; weight 1.000; Manufacturing of armatures, field coils, and drive-end housings for cranking motors"
Census_ASM_PxI,2029900000,BEA_2017_Code,336320,,NAICS_2007_Code; weight 1.000; Manufacturing of armatures and field coils for alternators and generators
Census_ASM_PxI,2029925000,BEA_2017_Code,336320,,NAICS_2007_Code; weight 1.000; Manufacturing of ignition distributor heads and rotors
Census_ASM_PxI,2029950000,BEA_2017_Code,336320,,NAICS_2007_Code; weight 1.000; Manufacturing of other parts for engine electrical and/or electronic equipment (including ignition distributor breaker point sets and condensers-capacitors)
Census_ASM_PxI,2029975000,BEA_2017_Code,336320,,"NAICS_2007_Code; weight 1.000; Manufacturing of motor vehicle electrical and electronic components, new"
Census_ASM_PxI,2029975003,BEA_2017_Code,336320,,"NAICS_2007_Code; weight 1.000; Manufacturing of motor vehicle cruise control units, new"
Census_ASM_PxI,2029975006,BEA_2017_Code,336320,,"NAICS_2007_Code; weight 1.000; Manufacturing of motor vehicle permanent defrosters, new"
Census_ASM_PxI,2029975009,BEA_2017_Code,336320,,"NAICS_2007_Code; weight 1.000; Manufacturing of motor vehicle wiring harness sets, excluding ignition, new"
Census_ASM_PxI,2029975012,BEA_2017_Code,336320,,"NAICS_2007_Code; weight 1.000; Manufacturing of motor vehicle windshield washer-wiper mechanisms, including washer pumps, new"
Census_ASM_PxI,2029975015,BEA_2017_Code,336320,,"NAICS_2007_Code; weight 1.000; Manufacturing of other motor vehicle heaters and other heater parts, new (including vehicle block and battery heaters)"
Census_ASM_PxI,2029975018,BEA_2017_Code,336320,,NAICS_2007_Code; weight 1.000; Manufacturing of electronic control modular chips for motor vehicles
Census_ASM_PxI,2030000000,BEA_2017_Code,334514,,NAICS_2012_Code; weight 1.000; Manufacturing of motor vehicle instruments
Census_ASM_PxI,2030025000,BEA_2017_Code,336320,,"NAICS_2007_Code; weight 1.000; Manufacturing of motor vehicle instrument board assemblies and all other electrical and electronic components, new"
Census_ASM_PxI,2030025003,BEA_2017_Code,336320,,"NAICS_2007_Code; weight 1.000; Manufacturing of motor vehicle instrument board assemblies, new"
Census_ASM_PxI,2030025009,BEA_2017_Code,336320,,"NAICS_2007_Code; weight 1.000; Manufacturing of other motor vehicle electrical and electronic components (excluding engine electrical equipment), new"
Census_ASM_PxI,2030035000,BEA_2017_Code,335312,,"NAICS_2012_Code; weight 1.000; Manufacturing of land transportation motors, generators, and control equipment (excluding parts)"
Census_ASM_PxI,2030050000,BEA_2017_Code,335911,,"NAICS_2012_Code; weight 1.000; Manufacturing of storage batteries, lead-acid-type, BCI dimensional size group 8D (1.5 cu ft (.042 cu m) and smaller)"
Census_ASM_PxI,2030075000,BEA_2017_Code,335911,,"NAICS_2012_Code; weight 1.000; Manufacturing of motive-power-type lead acid storage batteries, larger than BCI dimensional size group 8D (1.5 cu ft (.042 cu m)), including mining and industrial locomotive"
Census_ASM_PxI,2030075003,BEA_2017_Code,335911,,"NAICS_2012_Code; weight 1.000; Manufacturing of motive-power-type lead acid storage batteries for industrial trucks, larger than BCI dimensional size group 8D (1.5 cu ft (.042 cu m) and smaller)"
Census_ASM_PxI,2030075006,BEA_2017_Code,335911,,"NAICS_2012_Code; weight 1.000; Manufacturing of all other motive-power-type lead acid storage batteries, including mining and industrial locomotive, larger than BCI dimensional size group 8D (1.5 cu ft (.042 cu m) and smaller)"
Census_ASM_PxI,2030100000,BEA_2017_Code,335911,,"NAICS_2012_Code; weight 1.000; Manufacturing of all other lead acid storage batteries, larger than BCI dimensional size group 8D (1.6 cu ft (.042 cu m)), including communication and standby emergency"
Census_ASM_PxI,2030125000,BEA_2017_Code,335911,,NAICS_2012_Code; weight 1.000; Manufacturing of storage batteries (excluding lead acid)
Census_ASM_PxI,2030150000,BEA_2017_Code,335911,,"NAICS_2012_Code; weight 1.000; Manufacturing of parts for all storage batteries, excluding cases and containers"
Census_ASM_PxI,2030175000,BEA_2017_Code,326190,,"NAICS_2012_Code; weight 1.000; Manufacturing of industrial machinery plastics products, excluding foam (including gears, bearings, bushings, cams, and other components)"
Census_ASM_PxI,2030200000,BEA_2017_Code,333612,,"NAICS_2012_Code; weight 1.000; Manufacturing of gears, pinions, racks, and worms"
Census_ASM_PxI,2030225000,BEA_2017_Code,333612,,"NAICS_2012_Code; weight 1.000; Manufacturing of geared speed changers, industrial high-speed drives, gear motors, speed reducers, mechanical variable speed drives (gearboxes and allied products)"
Census_ASM_PxI,2030250000,BEA_2017_Code,332991,,"NAICS_2012_Code; weight 1.000; Manufacturing of ball bearings, complete, unmounted"
Census_ASM_PxI,2030250003,BEA_2017_Code,332991,,"NAICS_2012_Code; weight 1.000; Manufacturing of ball bearings, complete, unmounted, single-row conrad, miniature (below 9 mm OD), regular (ABEC 1 and 3)"
Census_ASM_PxI,2030250006,BEA_2017_Code,332991,,"NAICS_2012_Code; weight 1.000; Manufacturing of ball bearings, complete, unmounted, single-row conrad, miniature (below 9 mm OD), precision (ABEC 5 and up)"
Census_ASM_PxI,2030250009,BEA_2017_Code,332991,,"NAICS_2012_Code; weight 1.000; Manufacturing of ball bearings, complete, unmounted, single-row conrad, other regular (ABEC 1 and 3), 9 mm OD through 30 mm OD"
Census_ASM_PxI,2030250012,BEA_2017_Code,332991,,"NAICS_2012_Code; weight 1.000; Manufacturing of ball bearings, complete, unmounted, single-row conrad, other regular (ABEC 1 and 3), over 30 mm OD through 52 mm OD"
Census_ASM_PxI,2030250015,BEA_2017_Code,332991,,"NAICS_2012_Code; weight 1.000; Manufacturing of ball bearings, complete, unmounted, single-row conrad, other regular (ABEC 1 and 3), over 52 mm OD through 100 mm OD"
Census_ASM_PxI,2030250018,BEA_2017_Code,332991,,"NAICS_2012_Code; weight 1.000; Manufacturing of ball bearings, complete, unmounted, single-row conrad, other regular (ABEC 1 and 3), over 100 mm OD"
Census_ASM_PxI,2030250021,BEA_2017_Code,332991,,"NAICS_2012_Code; weight 1.000; Manufacturing of ball bearings, complete, unmounted, single-row conrad, other precision (ABEC 5 and up), 9 mm OD through 30 mm OD"
Census_ASM_PxI,2030250024,BEA_2017_Code,332991,,"NAICS_2012_Code; weight 1.000; Manufacturing of ball bearings, complete, unmounted, single-row conrad, other precision (ABEC 5 and up), over 30 mm OD through 52 mm OD"
Census_ASM_PxI,2030250027,BEA_2017_Code,332991,,"NAICS_2012_Code; weight 1.000; Manufacturing of ball bearings, complete, unmounted, single-row conrad, other precision (ABEC 5 and up), over 52 mm OD through 100 mm OD"
Census_ASM_PxI,2030250031,BEA_2017_Code,332991,,"NAICS_2012_Code; weight 1.000; Manufacturing of ball bearings, complete, unmounted, single-row conrad, other precision (ABEC 5 and up), over 100 mm OD"
Census_ASM_PxI,2030250033,BEA_2017_Code,332991,,"NAICS_2012_Code; weight 1.000; Manufacturing of ball bearings, complete, unmounted, single-row maximum-capacity-type"
Census_ASM_PxI,2030250036,BEA_2017_Code,332991,,"NAICS_2012_Code; weight 1.000; Manufacturing of ball bearings, complete, unmounted, integral shaft and integral spindle ball bearings"
Census_ASM_PxI,2030250039,BEA_2017_Code,332991,,"NAICS_2012_Code; weight 1.000; Manufacturing of ball bearings, complete, unmounted, angular contact, regular"
Census_ASM_PxI,2030250042,BEA_2017_Code,332991,,"NAICS_2012_Code; weight 1.000; Manufacturing of ball bearings, complete, unmounted, double-row"
Census_ASM_PxI,2030250045,BEA_2017_Code,332991,,"NAICS_2012_Code; weight 1.000; Manufacturing of ball bearings, complete, unmounted, angular contact, precision"
Census_ASM_PxI,2030250048,BEA_2017_Code,332991,,"NAICS_2012_Code; weight 1.000; Manufacturing of all other ground or precision bearings (ABEC 1 and up), complete, unmounted"
Census_ASM_PxI,2030250051,BEA_2017_Code,332991,,"NAICS_2012_Code; weight 1.000; Manufacturing of ground bearings of less than ABEC 1 precision, complete, unmounted"
Census_ASM_PxI,2030250054,BEA_2017_Code,332991,,"NAICS_2012_Code; weight 1.000; Manufacturing of ball bearings, complete, unmounted, unground (less than ABEC 1)"
Census_ASM_PxI,2030250057,BEA_2017_Code,332991,,"NAICS_2012_Code; weight 1.000; Manufacturing of thrust ball bearings, ground"
Census_ASM_PxI,2030250061,BEA_2017_Code,332991,,"NAICS_2012_Code; weight 1.000; Manufacturing of thrust ball bearings, unground"
Census_ASM_PxI,2030250063,BEA_2017_Code,332991,,NAICS_2012_Code; weight 1.000; Manufacturing of other ball bearings
Census_ASM_PxI,2030275000,BEA_2017_Code,332991,,"NAICS_2012_Code; weight 1.000; Manufacturing of tapered roller bearings (including cups and cones), unmounted"
Census_ASM_PxI,2030275003,BEA_2017_Code,332991,,"NAICS_2012_Code; weight 1.000; Manufacturing of tapered roller bearings, unmounted, cup and cone assemblies shipped as a set"
Census_ASM_PxI,2030275006,BEA_2017_Code,332991,,"NAICS_2012_Code; weight 1.000; Manufacturing of tapered roller bearings, unmounted, cups shipped separately"
Census_ASM_PxI,2030275009,BEA_2017_Code,332991,,"NAICS_2012_Code; weight 1.000; Manufacturing of tapered roller bearings, unmounted, cone assemblies shipped separately"
Census_ASM_PxI,2030300000,BEA_2017_Code,332991,,"NAICS_2012_Code; weight 1.000; Manufacturing of other roller bearings, unmounted"
Census_ASM_PxI,2030300003,BEA_2017_Code,332991,,"NAICS_2012_Code; weight 1.000; Manufacturing of cylindrical roller bearings, regular (ABEC 1 and 3)"
Census_ASM_PxI,2030300006,BEA_2017_Code,332991,,"NAICS_2012_Code; weight 1.000; Manufacturing of cylindrical roller bearings, precision (ABEC 5 and up)"
Census_ASM_PxI,2030300009,BEA_2017_Code,332991,,"NAICS_2012_Code; weight 1.000; Manufacturing of spherical roller bearings, including hourglass and barrel, single-row"
Census_ASM_PxI,2030300012,BEA_2017_Code,332991,,"NAICS_2012_Code; weight 1.000; Manufacturing of spherical roller bearings, including hourglass and barrel, double-row"
Census_ASM_PxI,2030300015,BEA_2017_Code,332991,,NAICS_2012_Code; weight 1.000; Manufacturing of needle roller bearings
Census_ASM_PxI,2030300018,BEA_2017_Code,332991,,NAICS_2012_Code; weight 1.000; Manufacturing of other roller bearings
Census_ASM_PxI,2030325000,BEA_2017_Code,332991,,NAICS_2012_Code; weight 1.000; Manufacturing of mounted bearings (excluding plain)
Census_ASM_PxI,2030325003,BEA_2017_Code,332991,,"NAICS_2012_Code; weight 1.000; Manufacturing of ball bearings, unit and/or split mounted"
Census_ASM_PxI,2030325006,BEA_2017_Code,332991,,"NAICS_2012_Code; weight 1.000; Manufacturing of mounted bearings, roller, unit-mounted"
Census_ASM_PxI,2030325009,BEA_2017_Code,332991,,"NAICS_2012_Code; weight 1.000; Manufacturing of mounted bearings, roller, split-mounted"
Census_ASM_PxI,2030375000,BEA_2017_Code,333613,,NAICS_2012_Code; weight 1.000; Manufacturing of plain bearings and bushings (excluding engines)
Census_ASM_PxI,2030400000,BEA_2017_Code,333613,,"NAICS_2012_Code; weight 1.000; Manufacturing of mechanical power transmission equipment, excluding speed changers, drives, gears, and bearings"
Census_ASM_PxI,2030400003,BEA_2017_Code,333613,,"NAICS_2012_Code; weight 1.000; Manufacturing of clutches, brakes, couplings, shafts, ball joints, sprockets, and sheaves"
Census_ASM_PxI,2030400006,BEA_2017_Code,333613,,NAICS_2012_Code; weight 1.000; Manufacturing of marine propulsion gear transmissions and drives
Census_ASM_PxI,2030425000,BEA_2017_Code,336350,,"NAICS_2012_Code; weight 1.000; Manufacturing of car and light truck transmissions (excluding auxiliary and parts), new"
Census_ASM_PxI,2030450000,BEA_2017_Code,336350,,"NAICS_2012_Code; weight 1.000; Manufacturing of heavy truck and bus transmissions (excluding auxiliary and parts), new"
Census_ASM_PxI,2030475000,BEA_2017_Code,336350,,"NAICS_2012_Code; weight 1.000; Manufacturing of motor vehicle axles, new"
Census_ASM_PxI,2030525000,BEA_2017_Code,33291A,,NAICS_2012_Code; weight 1.000; Manufacturing of nonaerospace-type hydraulic directional control valves
Census_ASM_PxI,2030525003,BEA_2017_Code,33291A,,"NAICS_2012_Code; weight 1.000; Manufacturing of nonaerospace-type hydraulic directional control valves, manual, 3- & 4-way monoblock"
Census_ASM_PxI,2030525006,BEA_2017_Code,33291A,,"NAICS_2012_Code; weight 1.000; Manufacturing of nonaerospace-type hydraulic directional control valves, manual, 3- & 4-way sectional"
Census_ASM_PxI,2030525009,BEA_2017_Code,33291A,,"NAICS_2012_Code; weight 1.000; Manufacturing of nonaerospace-type hydraulic directional control valves, other manual"
Census_ASM_PxI,2030525012,BEA_2017_Code,33291A,,"NAICS_2012_Code; weight 1.000; Manufacturing of nonaerospace-type hydraulic directional control valves, solenoid, 2-way types"
Census_ASM_PxI,2030525015,BEA_2017_Code,33291A,,"NAICS_2012_Code; weight 1.000; Manufacturing of nonaerospace-type hydraulic directional control valves, solenoid, 3- & 4-way types"
Census_ASM_PxI,2030525018,BEA_2017_Code,33291A,,"NAICS_2012_Code; weight 1.000; Manufacturing of nonaerospace-type hydraulic directional control valves, other"
Census_ASM_PxI,2030550000,BEA_2017_Code,33291A,,"NAICS_2012_Code; weight 1.000; Manufacturing of nonaerospace-type hydraulic valves, excluding directional control"
Census_ASM_PxI,2030550003,BEA_2017_Code,33291A,,"NAICS_2012_Code; weight 1.000; Manufacturing of nonaerospace-type hydraulic, pressure control, relief valves"
Census_ASM_PxI,2030550006,BEA_2017_Code,33291A,,"NAICS_2012_Code; weight 1.000; Manufacturing of nonaerospace-type hydraulic, pressure control, other, including sensing and manual types"
Census_ASM_PxI,2030550009,BEA_2017_Code,33291A,,"NAICS_2012_Code; weight 1.000; Manufacturing of nonaerospace-type hydraulic, flow control, manual types"
Census_ASM_PxI,2030550012,BEA_2017_Code,33291A,,"NAICS_2012_Code; weight 1.000; Manufacturing of nonaerospace-type hydraulic, flow control, other flow control types"
Census_ASM_PxI,2030550015,BEA_2017_Code,33291A,,"NAICS_2012_Code; weight 1.000; Manufacturing of nonaerospace-type hydraulic, cartridge valves (excluding directional control)"
Census_ASM_PxI,2030550018,BEA_2017_Code,33291A,,"NAICS_2012_Code; weight 1.000; Manufacturing of nonaerospace-type electrohydraulic valves, pilot operated, torque motor servovalves"
Census_ASM_PxI,2030550021,BEA_2017_Code,33291A,,"NAICS_2012_Code; weight 1.000; Manufacturing of nonaerospace-type electrohydraulic valves, other types, including proportional"
Census_ASM_PxI,2030550024,BEA_2017_Code,33291A,,"NAICS_2012_Code; weight 1.000; Manufacturing of other nonaerospace-type hydraulic valves, including stack and logic"
Census_ASM_PxI,2030575000,BEA_2017_Code,33291A,,NAICS_2012_Code; weight 1.000; Manufacturing of nonaerospace-type pneumatic directional control valves
Census_ASM_PxI,2030575003,BEA_2017_Code,33291A,,"NAICS_2012_Code; weight 1.000; Manufacturing of nonaerospace-type pneumatic directional control valves, manual"
Census_ASM_PxI,2030575006,BEA_2017_Code,33291A,,"NAICS_2012_Code; weight 1.000; Manufacturing of nonaerospace-type pneumatic directional control valves, solenoid, under 1/8"" port diameter"
Census_ASM_PxI,2030575009,BEA_2017_Code,33291A,,"NAICS_2012_Code; weight 1.000; Manufacturing of nonaerospace-type pneumatic directional control valves, solenoid, 1/8"" up to and including 1/4"" port diameter, 3-way types"
Census_ASM_PxI,2030575012,BEA_2017_Code,33291A,,"NAICS_2012_Code; weight 1.000; Manufacturing of nonaerospace-type pneumatic directional control valves, solenoid, 1/8"" up to and including 1/4"" port diameter, 4-way types"
Census_ASM_PxI,2030575015,BEA_2017_Code,33291A,,"NAICS_2012_Code; weight 1.000; Manufacturing of nonaerospace-type pneumatic directional control valves, solenoid, over 1/4"" port diameter, 3-way types"
Census_ASM_PxI,2030575018,BEA_2017_Code,33291A,,"NAICS_2012_Code; weight 1.000; Manufacturing of nonaerospace-type pneumatic directional control valves, solenoid, over 1/4"" port diameter, 4-way types"
Census_ASM_PxI,2030575021,BEA_2017_Code,33291A,,"NAICS_2012_Code; weight 1.000; Manufacturing of nonaerospace-type pneumatic directional control valves, all other solenoid"
Census_ASM_PxI,2030575024,BEA_2017_Code,33291A,,"NAICS_2012_Code; weight 1.000; Manufacturing of nonaerospace-type pneumatic directional control valves, mechanical, remote pilot and all other types"
Census_ASM_PxI,2030600000,BEA_2017_Code,33291A,,"NAICS_2012_Code; weight 1.000; Manufacturing of nonaerospace-type pneumatic valves, excluding directional control"
Census_ASM_PxI,2030600003,BEA_2017_Code,33291A,,"NAICS_2012_Code; weight 1.000; Manufacturing of nonaerospace-type pneumatic valves, filter-regulatory combination units, integral types"
Census_ASM_PxI,2030600006,BEA_2017_Code,33291A,,"NAICS_2012_Code; weight 1.000; Manufacturing of nonaerospace-type pneumatic valves, other FRs and filter-regulator-lubricator combo units"
Census_ASM_PxI,2030600009,BEA_2017_Code,33291A,,"NAICS_2012_Code; weight 1.000; Manufacturing of nonaerospace-type pneumatic valves, regulators"
Census_ASM_PxI,2030600012,BEA_2017_Code,33291A,,NAICS_2012_Code; weight 1.000; Manufacturing of nonaerospace-type pneumatic flow control valves
Census_ASM_PxI,2030600015,BEA_2017_Code,33291A,,NAICS_2012_Code; weight 1.000; Manufacturing of nonaerospace-type pneumatic valves for non-motion control applications
Census_ASM_PxI,2030600018,BEA_2017_Code,33291A,,"NAICS_2012_Code; weight 1.000; Manufacturing of nonaerospace-type pneumatic valves, check, shuttle, exhaust, needle, and all other types"
Census_ASM_PxI,2030625000,BEA_2017_Code,33291A,,NAICS_2012_Code; weight 1.000; Manufacturing of parts for fluid power valves
Census_ASM_PxI,2030625003,BEA_2017_Code,33291A,,"NAICS_2012_Code; weight 1.000; Manufacturing of parts for nonaerospace fluid power, hydraulic and pneumatic valves"
Census_ASM_PxI,2030625006,BEA_2017_Code,33291A,,"NAICS_2012_Code; weight 1.000; Manufacturing of parts for aerospace fluid power, hydraulic and pneumatic valves"
Census_ASM_PxI,2030650000,BEA_2017_Code,33291A,,"NAICS_2012_Code; weight 1.000; Manufacturing of nonaerospace-type flared (metal) fittings, couplings, and assemblies of tubing used in fluid power transfer systems"
Census_ASM_PxI,2030650003,BEA_2017_Code,33291A,,"NAICS_2012_Code; weight 1.000; Manufacturing of nonaerospace-type flared fittings, brass and bronze (SAE 45 degrees and 37 degrees) used in fluid power transfer systems"
Census_ASM_PxI,2030650006,BEA_2017_Code,33291A,,"NAICS_2012_Code; weight 1.000; Manufacturing of nonaerospace-type flared fittings, carbon steel (JIC 37 degrees) used in fluid power transfer systems"
Census_ASM_PxI,2030650009,BEA_2017_Code,33291A,,"NAICS_2012_Code; weight 1.000; Manufacturing of nonaerospace-type flared fittings, other, including alloy steel used in fluid power transfer systems"
Census_ASM_PxI,2030650012,BEA_2017_Code,33291A,,NAICS_2012_Code; weight 1.000; Manufacturing of nonaerospace-type assemblies of tubing used in fluid power transfer systems
Census_ASM_PxI,2030650015,BEA_2017_Code,33291A,,NAICS_2012_Code; weight 1.000; Manufacturing of nonaerospace-type assemblies of tubing and hose used in fluid power transfer systems
Census_ASM_PxI,2030675000,BEA_2017_Code,33291A,,"NAICS_2012_Code; weight 1.000; Manufacturing of nonaerospace-type flareless fittings and couplings, including nonmetal fittings, used in fluid power transfer systems"
Census_ASM_PxI,2030675003,BEA_2017_Code,33291A,,"NAICS_2012_Code; weight 1.000; Manufacturing of nonaerospace-type, brass and bronze, flareless fittings and couplings used in fluid power transfer systems"
Census_ASM_PxI,2030675006,BEA_2017_Code,33291A,,"NAICS_2012_Code; weight 1.000; Manufacturing of nonaerospace-type, carbon steel, flareless fittings and couplings used in fluid power transfer systems"
Census_ASM_PxI,2030675009,BEA_2017_Code,33291A,,"NAICS_2012_Code; weight 1.000; Manufacturing of nonaerospace-type, stainless steel, flareless fittings and couplings used in fluid power transfer systems"
Census_ASM_PxI,2030675012,BEA_2017_Code,33291A,,"NAICS_2012_Code; weight 1.000; Manufacturing of nonaerospace-type flareless fittings used in fluid power transfer systems, other, including alloy steel"
Census_ASM_PxI,2030675015,BEA_2017_Code,33291A,,"NAICS_2012_Code; weight 1.000; Manufacturing of nonaerospace-type nonmetal flareless fittings, including plastic, used in fluid power transfer systems"
Census_ASM_PxI,2030700000,BEA_2017_Code,33291A,,NAICS_2012_Code; weight 1.000; Manufacturing of nonaerospace-type hydraulic and pneumatic fittings and couplings for hose
Census_ASM_PxI,2030700003,BEA_2017_Code,33291A,,NAICS_2012_Code; weight 1.000; Manufacturing of nonaerospace-type hydraulic and pneumatic permanent hose end fittings (crimped and swaged)
Census_ASM_PxI,2030700006,BEA_2017_Code,33291A,,NAICS_2012_Code; weight 1.000; Manufacturing of nonaerospace-type hydraulic and pneumatic reusable end fittings
Census_ASM_PxI,2030700009,BEA_2017_Code,33291A,,NAICS_2012_Code; weight 1.000; Manufacturing of nonaerospace-type hydraulic quick connect and disconnect couplings
Census_ASM_PxI,2030700012,BEA_2017_Code,33291A,,NAICS_2012_Code; weight 1.000; Manufacturing of nonaerospace-type pneumatic quick connect and disconnect couplings
Census_ASM_PxI,2030700015,BEA_2017_Code,33291A,,NAICS_2012_Code; weight 1.000; Manufacturing of nonaerospace-type hydraulic and pneumatic manifolds and manifold assemblies for fluid power systems
Census_ASM_PxI,2030700018,BEA_2017_Code,33291A,,"NAICS_2012_Code; weight 1.000; Manufacturing of nonaerospace-type hydraulic and pneumatic fittings and couplings for hose, and manifold, all other, including steel adaptor, swivel, rotating, and extension fittings"
Census_ASM_PxI,2030725000,BEA_2017_Code,33291A,,NAICS_2012_Code; weight 1.000; Manufacturing of nonaerospace-type hydraulic and pneumatic assemblies of hose
Census_ASM_PxI,2030725003,BEA_2017_Code,33291A,,"NAICS_2012_Code; weight 1.000; Manufacturing of nonaerospace-type hydraulic and pneumatic hose, assemblies with permanent end fittings"
Census_ASM_PxI,2030725006,BEA_2017_Code,33291A,,"NAICS_2012_Code; weight 1.000; Manufacturing of nonaerospace-type hydraulic and pneumatic hose, assemblies with reusable fittings"
Census_ASM_PxI,2030725009,BEA_2017_Code,33291A,,NAICS_2012_Code; weight 1.000; Manufacturing of nonaerospace-type hydraulic and pneumatic bulk hose
Census_ASM_PxI,2030750000,BEA_2017_Code,33399B,,"NAICS_2012_Code; weight 1.000; Manufacturing of nonaerospace-type hydraulic fluid power cylinders and actuators, linear and rotary"
Census_ASM_PxI,2030750003,BEA_2017_Code,33399B,,"NAICS_2012_Code; weight 1.000; Manufacturing of nonaerospace-type hydraulic fluid power cylinders, excluding electrohydraulic tie-rod types, standard NFPA and JIC, less than 1500 psi"
Census_ASM_PxI,2030750006,BEA_2017_Code,33399B,,"NAICS_2012_Code; weight 1.000; Manufacturing of nonaerospace-type hydraulic fluid power cylinders, excluding electrohydraulic tie-rod types, standard NFPA and JIC, 1500 to 3000 psi"
Census_ASM_PxI,2030750009,BEA_2017_Code,33399B,,"NAICS_2012_Code; weight 1.000; Manufacturing of nonaerospace-type hydraulic fluid power cylinders, excluding electrohydraulic tie-rod types, standard NFPA and JIC, greater than 3000 psi"
Census_ASM_PxI,2030750012,BEA_2017_Code,33399B,,"NAICS_2012_Code; weight 1.000; Manufacturing of nonaerospace-type hydraulic fluid power cylinders, excluding electrohydraulic tie-rod types,  other"
Census_ASM_PxI,2030750015,BEA_2017_Code,33399B,,"NAICS_2012_Code; weight 1.000; Manufacturing of nonaerospace-type hydraulic fluid power cylinders and actuators, linear and rotary, threaded/weld fused combination"
Census_ASM_PxI,2030750018,BEA_2017_Code,33399B,,"NAICS_2012_Code; weight 1.000; Manufacturing of nonaerospace-type hydraulic fluid power cylinders and actuators, linear and rotary, telescoping"
Census_ASM_PxI,2030750021,BEA_2017_Code,33399B,,"NAICS_2012_Code; weight 1.000; Manufacturing of nonaerospace-type hydraulic fluid power cylinders and actuators, linear and rotary,  mill-type"
Census_ASM_PxI,2030750024,BEA_2017_Code,33399B,,"NAICS_2012_Code; weight 1.000; Manufacturing of nonaerospace-type hydraulic fluid power cylinders and actuators, linear and rotary, other, including those threaded at both ends"
Census_ASM_PxI,2030750027,BEA_2017_Code,33399B,,"NAICS_2012_Code; weight 1.000; Manufacturing of nonaerospace-type hydraulic fluid power cylinders and actuators, linear and rotary, electrohydraulic types"
Census_ASM_PxI,2030750031,BEA_2017_Code,33399B,,NAICS_2012_Code; weight 1.000; Manufacturing of nonaerospace-type hydraulic fluid power rotary actuators
Census_ASM_PxI,2030775000,BEA_2017_Code,33399B,,"NAICS_2012_Code; weight 1.000; Manufacturing of nonaerospace-type pneumatic fluid power cylinders and actuators, linear and rotary"
Census_ASM_PxI,2030775003,BEA_2017_Code,33399B,,"NAICS_2012_Code; weight 1.000; Manufacturing of nonaerospace-type NFPA interchangeable cylinders, steel"
Census_ASM_PxI,2030775006,BEA_2017_Code,33399B,,"NAICS_2012_Code; weight 1.000; Manufacturing of nonaerospace-type NFPA interchangeable cylinders, aluminum, less than 1 1/2"" bore size"
Census_ASM_PxI,2030775009,BEA_2017_Code,33399B,,"NAICS_2012_Code; weight 1.000; Manufacturing of nonaerospace-type NFPA interchangeable cylinders, aluminum, 1 1/2"" bore size and over"
Census_ASM_PxI,2030775012,BEA_2017_Code,33399B,,NAICS_2012_Code; weight 1.000; Manufacturing of nonaerospace-type rodless cylinders
Census_ASM_PxI,2030775015,BEA_2017_Code,33399B,,"NAICS_2012_Code; weight 1.000; Manufacturing of other nonaerospace-type pneumatic cylinders, less than 1 1/2"" bore size"
Census_ASM_PxI,2030775018,BEA_2017_Code,33399B,,"NAICS_2012_Code; weight 1.000; Manufacturing of other nonaerospace-type pneumatic cylinders, 1 1/2"" bore size and over"
Census_ASM_PxI,2030775021,BEA_2017_Code,33399B,,NAICS_2012_Code; weight 1.000; Manufacturing of nonaerospace-type pneumatic rotary actuators
Census_ASM_PxI,2030800000,BEA_2017_Code,33399B,,"NAICS_2012_Code; weight 1.000; Manufacturing of parts for aerospace- and nonaerospace-type hydraulic and pneumatic fluid power cylinders and actuators, including accumulators, cushions, etc."
Census_ASM_PxI,2030800003,BEA_2017_Code,33399B,,"NAICS_2012_Code; weight 1.000; Manufacturing of parts for aerospace- and nonaerospace-type hydraulic and pneumatic fluid power cylinders and actuators, accumulators (bladder, piston, and other types)"
Census_ASM_PxI,2030800006,BEA_2017_Code,33399B,,"NAICS_2012_Code; weight 1.000; Manufacturing of parts for aerospace- and nonaerospace-type hydraulic and pneumatic fluid power cylinders and actuators, shock absorbers, not for vehicle suspension, and cushions (hydraulic and pneumatic)"
Census_ASM_PxI,2030800009,BEA_2017_Code,33399B,,"NAICS_2012_Code; weight 1.000; Manufacturing of parts for aerospace- and nonaerospace-type hydraulic and pneumatic fluid power cylinders and actuators; reservoirs, intensifiers, and other devices for fluid energy absorption and/or storage"
Census_ASM_PxI,2030800012,BEA_2017_Code,33399B,,"NAICS_2012_Code; weight 1.000; Manufacturing of parts for nonaerospace-type hydraulic and pneumatic cylinders, actuators, accumulators, cushions, and nonvehicular shock absorbers"
Census_ASM_PxI,2030800015,BEA_2017_Code,33399B,,"NAICS_2012_Code; weight 1.000; Manufacturing of parts for aerospace-type hydraulic and pneumatic cylinders, actuators, accumulators, cushions, and related items"
Census_ASM_PxI,2030825000,BEA_2017_Code,33399B,,NAICS_2012_Code; weight 1.000; Manufacturing of nonaerospace-type reciprocating fluid power pumps
Census_ASM_PxI,2030825003,BEA_2017_Code,33399B,,"NAICS_2012_Code; weight 1.000; Manufacturing of nonaerospace-type reciprocating fluid power pumps, closed loop variable displacement axial piston"
Census_ASM_PxI,2030825006,BEA_2017_Code,33399B,,"NAICS_2012_Code; weight 1.000; Manufacturing of nonaerospace-type reciprocating fluid power pumps, open loop variable displacement axial piston"
Census_ASM_PxI,2030825009,BEA_2017_Code,33399B,,"NAICS_2012_Code; weight 1.000; Manufacturing of nonaerospace-type reciprocating fluid power pumps, fixed displacement axial piston"
Census_ASM_PxI,2030825012,BEA_2017_Code,33399B,,"NAICS_2012_Code; weight 1.000; Manufacturing of nonaerospace-type reciprocating fluid power pumps, radial piston"
Census_ASM_PxI,2030850000,BEA_2017_Code,33399B,,NAICS_2012_Code; weight 1.000; Manufacturing of nonaerospace-type rotary and other fluid power pumps
Census_ASM_PxI,2030850003,BEA_2017_Code,33399B,,"NAICS_2012_Code; weight 1.000; Manufacturing of nonaerospace-type rotary and other fluid power pumps, internal gear, including gerotors"
Census_ASM_PxI,2030850006,BEA_2017_Code,33399B,,"NAICS_2012_Code; weight 1.000; Manufacturing of nonaerospace-type rotary and other fluid power pumps, external gear"
Census_ASM_PxI,2030850009,BEA_2017_Code,33399B,,"NAICS_2012_Code; weight 1.000; Manufacturing of nonaerospace-type rotary and other fluid power pumps, fixed and variable displacement vanes"
Census_ASM_PxI,2030875000,BEA_2017_Code,33399B,,NAICS_2012_Code; weight 1.000; Manufacturing of nonaerospace-type fluid power motors
Census_ASM_PxI,2030875003,BEA_2017_Code,33399B,,"NAICS_2012_Code; weight 1.000; Manufacturing of nonaerospace-type fluid power motors, pneumatic (air)"
Census_ASM_PxI,2030875006,BEA_2017_Code,33399B,,"NAICS_2012_Code; weight 1.000; Manufacturing of nonaerospace-type fluid power hydraulic motors, internal, excluding gerotor gear types"
Census_ASM_PxI,2030875009,BEA_2017_Code,33399B,,"NAICS_2012_Code; weight 1.000; Manufacturing of nonaerospace-type fluid power hydraulic motors, gerotor gear-types"
Census_ASM_PxI,2030875012,BEA_2017_Code,33399B,,"NAICS_2012_Code; weight 1.000; Manufacturing of nonaerospace-type fluid power hydraulic motors, external gear"
Census_ASM_PxI,2030875015,BEA_2017_Code,33399B,,"NAICS_2012_Code; weight 1.000; Manufacturing of nonaerospace-type fluid power motors, vane types, fixed and variable"
Census_ASM_PxI,2030875018,BEA_2017_Code,33399B,,"NAICS_2012_Code; weight 1.000; Manufacturing of nonaerospace-type fluid power motors, radial piston types, fixed and variable"
Census_ASM_PxI,2030875021,BEA_2017_Code,33399B,,"NAICS_2012_Code; weight 1.000; Manufacturing of nonaerospace-type fluid power motors, fixed axial piston displacement"
Census_ASM_PxI,2030875024,BEA_2017_Code,33399B,,"NAICS_2012_Code; weight 1.000; Manufacturing of nonaerospace-type fluid power motors, variable axial piston displacement"
Census_ASM_PxI,2030875027,BEA_2017_Code,33399B,,"NAICS_2012_Code; weight 1.000; Manufacturing of nonaerospace-type fluid power motors, prime movers with or without pumps"
Census_ASM_PxI,2030900000,BEA_2017_Code,33399B,,"NAICS_2012_Code; weight 1.000; Manufacturing of parts for fluid power pumps, motors, and hydrostatic transmissions"
Census_ASM_PxI,2030900003,BEA_2017_Code,33399B,,"NAICS_2012_Code; weight 1.000; Manufacturing of parts for nonaerospace-type, hydraulic fluid power pumps, motors, and hydrostatic transmissions"
Census_ASM_PxI,2030900006,BEA_2017_Code,33399B,,"NAICS_2012_Code; weight 1.000; Manufacturing of parts for aerospace-type, hydraulic fluid power pumps, motors, and hydrostatic transmissions"
Census_ASM_PxI,2030900009,BEA_2017_Code,33399B,,"NAICS_2012_Code; weight 1.000; Manufacturing of parts for nonaerospace-type, pneumatic fluid power pumps, motors, and hydrostatic transmissions"
Census_ASM_PxI,2030900012,BEA_2017_Code,33399B,,"NAICS_2012_Code; weight 1.000; Manufacturing of parts for aerospace-type, pneumatic fluid power pumps, motors, and hydrostatic transmissions"
Census_ASM_PxI,2030925000,BEA_2017_Code,33291A,,NAICS_2012_Code; weight 1.000; Manufacturing of aerospace-type hydraulic fluid power valves
Census_ASM_PxI,2030925003,BEA_2017_Code,33291A,,"NAICS_2012_Code; weight 1.000; Manufacturing of aerospace-type hydraulic fluid power 2-, 3-, and 4-way directional control valves, manually or mechanically operated"
Census_ASM_PxI,2030925006,BEA_2017_Code,33291A,,"NAICS_2012_Code; weight 1.000; Manufacturing of aerospace-type hydraulic fluid power 2-, 3-, and 4-way directional control valves, solenoid operated"
Census_ASM_PxI,2030925009,BEA_2017_Code,33291A,,"NAICS_2012_Code; weight 1.000; Manufacturing of aerospace-type hydraulic fluid power 2-, 3-, and 4-way directional control valves, motor operated"
Census_ASM_PxI,2030925012,BEA_2017_Code,33291A,,"NAICS_2012_Code; weight 1.000; Manufacturing of aerospace-type hydraulic fluid power 2-, 3-, and 4-way directional control valves, electrohydraulic servovalves"
Census_ASM_PxI,2030925015,BEA_2017_Code,33291A,,"NAICS_2012_Code; weight 1.000; Manufacturing of flow, pressure, and other types of aerospace-type fluid power hydraulic valves"
Census_ASM_PxI,2030950000,BEA_2017_Code,33291A,,NAICS_2012_Code; weight 1.000; Manufacturing of aerospace-type pneumatic fluid power valves
Census_ASM_PxI,2030975000,BEA_2017_Code,33291A,,NAICS_2012_Code; weight 1.000; Manufacturing of aerospace-type hydraulic and pneumatic fluid power hose or tube end fittings and assemblies
Census_ASM_PxI,2030975003,BEA_2017_Code,33291A,,NAICS_2012_Code; weight 1.000; Manufacturing of aerospace-type hydraulic and pneumatic assemblies of hose and/or tubing
Census_ASM_PxI,2030975006,BEA_2017_Code,33291A,,"NAICS_2012_Code; weight 1.000; Manufacturing of aerospace-type hydraulic and pneumatic hose and/or tube fittings, all types"
Census_ASM_PxI,2030975009,BEA_2017_Code,33291A,,NAICS_2012_Code; weight 1.000; Manufacturing of manifolds for aerospace hydraulic systems
Census_ASM_PxI,2031000000,BEA_2017_Code,33399B,,NAICS_2012_Code; weight 1.000; Manufacturing of aerospace-type fluid power pumps and motors
Census_ASM_PxI,2031000003,BEA_2017_Code,33399B,,"NAICS_2012_Code; weight 1.000; Manufacturing of aerospace-type fluid power hydraulic pumps, fixed and variable displacement types"
Census_ASM_PxI,2031000006,BEA_2017_Code,33399B,,"NAICS_2012_Code; weight 1.000; Manufacturing of aerospace-type fluid power hydraulic pump/electric motor assemblies, fixed and variable displacement types"
Census_ASM_PxI,2031000009,BEA_2017_Code,33399B,,NAICS_2012_Code; weight 1.000; Manufacturing of other aerospace-type fluid power pump packages
Census_ASM_PxI,2031000012,BEA_2017_Code,33399B,,"NAICS_2012_Code; weight 1.000; Manufacturing of aerospace-type fluid power motors, all kinds"
Census_ASM_PxI,2031025000,BEA_2017_Code,33399B,,"NAICS_2012_Code; weight 1.000; Manufacturing of aerospace-type fluid power cylinders and actuators, hydraulic and pneumatic"
Census_ASM_PxI,2031025003,BEA_2017_Code,33399B,,"NAICS_2012_Code; weight 1.000; Manufacturing of aerospace-type fluid power cylinders and actuators, hydraulic servo-actuator assemblies (linear and rotary), mechanical input"
Census_ASM_PxI,2031025006,BEA_2017_Code,33399B,,"NAICS_2012_Code; weight 1.000; Manufacturing of aerospace-type fluid power cylinders and actuators, hydraulic servo-actuator assemblies (linear and rotary), electrical input"
Census_ASM_PxI,2031025009,BEA_2017_Code,33399B,,"NAICS_2012_Code; weight 1.000; Manufacturing of aerospace-type fluid power cylinders and actuators, hydraulic servo-actuator assemblies (linear and rotary), combination input"
Census_ASM_PxI,2031025012,BEA_2017_Code,33399B,,"NAICS_2012_Code; weight 1.000; Manufacturing of aerospace-type fluid power cylinders and actuators, hydraulic utilities actuators, linear actuators (cylinders)"
Census_ASM_PxI,2031025015,BEA_2017_Code,33399B,,"NAICS_2012_Code; weight 1.000; Manufacturing of aerospace-type fluid power cylinders and actuators, hydraulic utilities actuators, rotary actuators (limited rotation)"
Census_ASM_PxI,2031025018,BEA_2017_Code,33399B,,"NAICS_2012_Code; weight 1.000; Manufacturing of aerospace-type fluid power cylinders and actuators, shock absorbers, snubbers, and cushions (all types), excluding oleo strut assemblies"
Census_ASM_PxI,2031025021,BEA_2017_Code,33399B,,NAICS_2012_Code; weight 1.000; Manufacturing of aerospace-type fluid power pneumatic actuators (linear and rotary)
Census_ASM_PxI,2031025024,BEA_2017_Code,33399B,,"NAICS_2012_Code; weight 1.000; Manufacturing of aerospace-type fluid power cylinders and actuators, accumulators (bladder, piston, and other types)"
Census_ASM_PxI,2031025027,BEA_2017_Code,33399B,,"NAICS_2012_Code; weight 1.000; Manufacturing of aerospace-type fluid power cylinders and actuators, reservoirs, intensifiers, and other devices for fluid energy absorption and/or storage"
Census_ASM_PxI,2031025031,BEA_2017_Code,33399B,,"NAICS_2012_Code; weight 1.000; Manufacturing of other aerospace-type fluid power cylinders, rotary actuators, cushions and related items"
Census_ASM_PxI,2031050000,BEA_2017_Code,33399A,,"NAICS_2012_Code; weight 1.000; Manufacturing of filter and strainer assemblies and reusable media for filters and strainers, excluding fluid power"
Census_ASM_PxI,2031050003,BEA_2017_Code,33399A,,"NAICS_2012_Code; weight 1.000; Manufacturing of filter and strainer assemblies (containment or housing devices), with or without filter element installed, for water, excluding parts and accessories and fluid power"
Census_ASM_PxI,2031050006,BEA_2017_Code,33399A,,"NAICS_2012_Code; weight 1.000; Manufacturing of filter and strainer assemblies (containment or housing devices), with or without filter element installed, for fluids other than water, excluding parts and accessories and fluid power"
Census_ASM_PxI,2031050009,BEA_2017_Code,33399A,,"NAICS_2012_Code; weight 1.000; Manufacturing of reusable (cleanable) media for filters and strainers, excluding for fluid power"
Census_ASM_PxI,2031075000,BEA_2017_Code,33399A,,"NAICS_2012_Code; weight 1.000; Manufacturing of nonreusable media for filters and strainers, including disposable (throwaway) litter cartridges, excluding for fluid power"
Census_ASM_PxI,2031100000,BEA_2017_Code,33399A,,"NAICS_2012_Code; weight 1.000; Manufacturing of parts and accessories for filters and strainers, excluding for fluid power systems"
Census_ASM_PxI,2031125000,BEA_2017_Code,33399A,,"NAICS_2012_Code; weight 1.000; Manufacturing of filters for hydraulic fluid power systems, nonaerospace"
Census_ASM_PxI,2031125003,BEA_2017_Code,33399A,,"NAICS_2012_Code; weight 1.000; Manufacturing of hydraulic fluid filter assemblies, with or without filter element installed, low pressure (below 301 psi), nonaerospace"
Census_ASM_PxI,2031125006,BEA_2017_Code,33399A,,"NAICS_2012_Code; weight 1.000; Manufacturing of hydraulic fluid filter assemblies, with or without filter element installed, medium pressure (301 to 2,999 psi), nonaerospace"
Census_ASM_PxI,2031125009,BEA_2017_Code,33399A,,"NAICS_2012_Code; weight 1.000; Manufacturing of hydraulic fluid filter assemblies, with or without filter element installed, high pressure (3,000 psi and above), nonaerospace"
Census_ASM_PxI,2031125012,BEA_2017_Code,33399A,,"NAICS_2012_Code; weight 1.000; Manufacturing of filter replacement elements, reusable (cleanable)-type, nonaerospace"
Census_ASM_PxI,2031125015,BEA_2017_Code,33399A,,"NAICS_2012_Code; weight 1.000; Manufacturing of filter replacement elements, nonreusable-type, nonaerospace"
Census_ASM_PxI,2031125018,BEA_2017_Code,33399A,,"NAICS_2012_Code; weight 1.000; Manufacturing of filter replacement elements, strainers and separators, filter parts, and accessories, nonaerospace"
Census_ASM_PxI,2031150000,BEA_2017_Code,33399A,,"NAICS_2012_Code; weight 1.000; Manufacturing of filters for pneumatic fluid power systems, nonaerospace"
Census_ASM_PxI,2031150003,BEA_2017_Code,33399A,,"NAICS_2012_Code; weight 1.000; Manufacturing of air supply filter assemblies and filter replacement elements (excluding FR or FRL combination units), coalescing types, nonaerospace"
Census_ASM_PxI,2031150006,BEA_2017_Code,33399A,,"NAICS_2012_Code; weight 1.000; Manufacturing of air supply filter assemblies and filter replacement elements (excluding FR or FRL combination units), other types, nonaerospace"
Census_ASM_PxI,2031150009,BEA_2017_Code,33399A,,"NAICS_2012_Code; weight 1.000; Manufacturing of air supply filter assembly and filter replacing elements (excluding FR or FRL combination units), air exhaust mufflers, diffusers, and filter parts, nonaerospace"
Census_ASM_PxI,2031175000,BEA_2017_Code,33399A,,"NAICS_2012_Code; weight 1.000; Manufacturing of filters for hydraulic and pneumatic fluid power systems, aerospace"
Census_ASM_PxI,2031175003,BEA_2017_Code,33399A,,"NAICS_2012_Code; weight 1.000; Manufacturing of filters for hydraulic and pneumatic fluid power systems, aerospace, hydraulic types"
Census_ASM_PxI,2031175006,BEA_2017_Code,33399A,,"NAICS_2012_Code; weight 1.000; Manufacturing of filters for hydraulic and pneumatic fluid power systems, aerospace, pneumatic types"
Census_ASM_PxI,2031200000,BEA_2017_Code,336390,,"NAICS_2007_Code; weight 1.000; Manufacturing of filters for internal combustion engines and motor vehicles, new"
Census_ASM_PxI,2031200003,BEA_2017_Code,336390,,"NAICS_2007_Code; weight 1.000; Manufacturing of oil filters for internal combustion engines and motor vehicles, new, light-duty (car and light truck)"
Census_ASM_PxI,2031200006,BEA_2017_Code,336390,,"NAICS_2007_Code; weight 1.000; Manufacturing of oil filters for internal combustion engines and motor vehicles, new, heavy-duty"
Census_ASM_PxI,2031200009,BEA_2017_Code,336390,,"NAICS_2007_Code; weight 1.000; Manufacturing of fuel filters for internal combustion engines and motor vehicles, new, light-duty (car and light truck)"
Census_ASM_PxI,2031200012,BEA_2017_Code,336390,,"NAICS_2007_Code; weight 1.000; Manufacturing of fuel filters for internal combustion engines and motor vehicles, new, heavy-duty"
Census_ASM_PxI,2031200015,BEA_2017_Code,336390,,"NAICS_2007_Code; weight 1.000; Manufacturing of air filters for internal combustion engines and motor vehicles, new, light-duty (car and light truck)"
Census_ASM_PxI,2031200018,BEA_2017_Code,336390,,"NAICS_2007_Code; weight 1.000; Manufacturing of air filters for internal combustion engines and motor vehicles, new, heavy-duty"
Census_ASM_PxI,2031200021,BEA_2017_Code,336390,,"NAICS_2007_Code; weight 1.000; Manufacturing of other filters for internal combustion engines and motor vehicles (including coolant and hydraulic), new, light- (car and light truck) and heavy-duty"
Census_ASM_PxI,2031225000,BEA_2017_Code,326290,,"NAICS_2012_Code; weight 1.000; Manufacturing of molded rubber mechanical goods, automotive"
Census_ASM_PxI,2031250000,BEA_2017_Code,326290,,"NAICS_2012_Code; weight 1.000; Manufacturing of molded rubber mechanical goods, transportation (excluding automotive) and off-highway machinery and equipment"
Census_ASM_PxI,2031275000,BEA_2017_Code,326290,,"NAICS_2012_Code; weight 1.000; Manufacturing of extruded rubber mechanical goods, automotive, excluding tubing"
Census_ASM_PxI,2031300000,BEA_2017_Code,326290,,NAICS_2012_Code; weight 1.000; Manufacturing of lathe-cut rubber mechanical goods
Census_ASM_PxI,2031300003,BEA_2017_Code,326290,,"NAICS_2012_Code; weight 1.000; Manufacturing of lathe-cut rubber mechanical goods, automotive and transportation (including on- and off-road, and gasoline and diesel equipment)"
Census_ASM_PxI,2031300006,BEA_2017_Code,326290,,NAICS_2012_Code; weight 1.000; Manufacturing of other lathe-cut rubber mechanical goods (excluding automotive and transportation)
Census_ASM_PxI,2031325000,BEA_2017_Code,326290,,"NAICS_2012_Code; weight 1.000; Manufacturing of other molded rubber mechanical goods (excluding tubing, transportation, and off-highway machinery and equipment)"
Census_ASM_PxI,2031350000,BEA_2017_Code,326290,,NAICS_2012_Code; weight 1.000; Manufacturing of other extruded rubber mechanical goods (excluding automotive) (excluding tubing)
Census_ASM_PxI,2031375000,BEA_2017_Code,326290,,"NAICS_2012_Code; weight 1.000; Manufacturing of hard rubber battery jars, boxes, and parts and other hard rubber mechanical goods"
Census_ASM_PxI,2031400000,BEA_2017_Code,339990,,"NAICS_2012_Code; weight 1.000; Manufacturing of packing, compression-type"
Census_ASM_PxI,2031425000,BEA_2017_Code,339990,,"NAICS_2012_Code; weight 1.000; Manufacturing of gaskets and gasketing, nonmetallic"
Census_ASM_PxI,2031450000,BEA_2017_Code,339990,,"NAICS_2012_Code; weight 1.000; Manufacturing of packing and seals, molded"
Census_ASM_PxI,2031475000,BEA_2017_Code,339990,,"NAICS_2012_Code; weight 1.000; Manufacturing of gaskets and seals, metallic and machined"
Census_ASM_PxI,2031500000,BEA_2017_Code,339990,,"NAICS_2012_Code; weight 1.000; Manufacturing of seals, axial, mechanical face, including parts"
Census_ASM_PxI,2031525000,BEA_2017_Code,339990,,"NAICS_2012_Code; weight 1.000; Manufacturing of seals, rotary oil"
Census_ASM_PxI,2031550000,BEA_2017_Code,326220,,NAICS_2012_Code; weight 1.000; Manufacturing of flat rubber and plastics belts and belting
Census_ASM_PxI,2031575000,BEA_2017_Code,326220,,"NAICS_2012_Code; weight 1.000; Manufacturing of motor vehicle rubber and plastics transmission belts and belting, excluding flat"
Census_ASM_PxI,2031600000,BEA_2017_Code,326220,,"NAICS_2012_Code; weight 1.000; Manufacturing of all other rubber and plastics belts and belting, excluding flat"
Census_ASM_PxI,2031625000,BEA_2017_Code,326220,,NAICS_2012_Code; weight 1.000; Manufacturing of hose for on- and off-highway motor vehicles (made of rubber and other materials) (including plastics and nylon)
Census_ASM_PxI,2031650000,BEA_2017_Code,332600,,"NAICS_2007_Code; weight 1.000; Manufacturing of hot formed, hot wound, and helical automobile coil steel springs, excluding wire"
Census_ASM_PxI,2031650003,BEA_2017_Code,332600,,"NAICS_2007_Code; weight 1.000; Manufacturing of hot formed, hot wound, and helical automobile coil steel springs for domestic replacement and shipments for export"
Census_ASM_PxI,2031650006,BEA_2017_Code,332600,,"NAICS_2007_Code; weight 1.000; Manufacturing of hot formed, hot wound, and helical automobile coil steel springs for shipment to U.S. motor vehicle manufacturers or their suppliers for use in original equipment"
Census_ASM_PxI,2031675000,BEA_2017_Code,332600,,"NAICS_2007_Code; weight 1.000; Manufacturing of hot formed automotive, truck, bus, trailer, etc., leaf steel springs"
Census_ASM_PxI,2031675003,BEA_2017_Code,332600,,"NAICS_2007_Code; weight 1.000; Manufacturing of hot formed automotive, truck, bus, trailer, etc., leaf steel springs for domestic replacement and shipments for export"
Census_ASM_PxI,2031675006,BEA_2017_Code,332600,,"NAICS_2007_Code; weight 1.000; Manufacturing of hot formed automotive, truck, bus, trailer, etc., leaf steel springs for shipment to U.S. motor vehicle manufacturers or their suppliers for use in original equipment"
Census_ASM_PxI,2031700000,BEA_2017_Code,332600,,"NAICS_2007_Code; weight 1.000; Manufacturing of other hot formed, hot wound, and helical steel springs"
Census_ASM_PxI,2031700003,BEA_2017_Code,332600,,"NAICS_2007_Code; weight 1.000; Manufacturing of hot formed and hot wound locomotive, railroad car, and other helical steel springs"
Census_ASM_PxI,2031700006,BEA_2017_Code,332600,,"NAICS_2007_Code; weight 1.000; Manufacturing of other hot formed steel springs, including torsion bar springs and leaf springs for tractors, farm equipment, locomotives, etc."
Census_ASM_PxI,2031725000,BEA_2017_Code,332600,,"NAICS_2007_Code; weight 1.000; Manufacturing of cold formed steel springs, flat and helical suspension (excluding wire)"
Census_ASM_PxI,2031750000,BEA_2017_Code,332999,,"NAICS_2012_Code; weight 1.000; Manufacturing of stamped metal wheels for golf carts, lawn mowers, etc. (disc-type)"
Census_ASM_PxI,2031775000,BEA_2017_Code,336390,,"NAICS_2007_Code; weight 1.000; Manufacturing of motor vehicle wheels, new"
Census_ASM_PxI,2031775003,BEA_2017_Code,336390,,"NAICS_2007_Code; weight 1.000; Manufacturing of car and light truck wheels, including combination, new"
Census_ASM_PxI,2031775006,BEA_2017_Code,336390,,"NAICS_2007_Code; weight 1.000; Manufacturing of heavy truck- and bus-type wheels, including those used for truck trailers and trailer coaches"
Census_ASM_PxI,2031800000,BEA_2017_Code,336390,,"NAICS_2007_Code; weight 1.000; Manufacturing of motor vehicle frames, new"
Census_ASM_PxI,2031825000,BEA_2017_Code,336211,,NAICS_2012_Code; weight 1.000; Manufacturing of bus bodies
Census_ASM_PxI,2031825003,BEA_2017_Code,336211,,NAICS_2012_Code; weight 1.000; Manufacturing of school bus bodies
Census_ASM_PxI,2031825006,BEA_2017_Code,336211,,NAICS_2012_Code; weight 1.000; Manufacturing of other bus bodies
Census_ASM_PxI,2031850000,BEA_2017_Code,336211,,NAICS_2012_Code; weight 1.000; Manufacturing of truck cabs
Census_ASM_PxI,2031875000,BEA_2017_Code,336211,,"NAICS_2012_Code; weight 1.000; Manufacturing of van bodies, walk-in"
Census_ASM_PxI,2031900000,BEA_2017_Code,336211,,NAICS_2012_Code; weight 1.000; Manufacturing of van bodies with separate cab
Census_ASM_PxI,2031900003,BEA_2017_Code,336211,,"NAICS_2012_Code; weight 1.000; Manufacturing of van bodies, insulated"
Census_ASM_PxI,2031900006,BEA_2017_Code,336211,,"NAICS_2012_Code; weight 1.000; Manufacturing of van bodies, dry freight"
Census_ASM_PxI,2031900009,BEA_2017_Code,336211,,"NAICS_2012_Code; weight 1.000; Manufacturing of van bodies, parcel delivery"
Census_ASM_PxI,2031900012,BEA_2017_Code,336211,,NAICS_2012_Code; weight 1.000; Manufacturing of other van bodies with separate cab
Census_ASM_PxI,2031925000,BEA_2017_Code,336211,,NAICS_2012_Code; weight 1.000; Manufacturing of other truck and vehicle bodies (including dumptruck lifting mechanisms)
Census_ASM_PxI,2031925003,BEA_2017_Code,336211,,NAICS_2012_Code; weight 1.000; Manufacturing of tank bodies
Census_ASM_PxI,2031925006,BEA_2017_Code,336211,,"NAICS_2012_Code; weight 1.000; Manufacturing of front, rear, and side loading garbage and refuse truck bodies (packer types)"
Census_ASM_PxI,2031925009,BEA_2017_Code,336211,,NAICS_2012_Code; weight 1.000; Manufacturing of other garbage and refuse truck bodies
Census_ASM_PxI,2031925012,BEA_2017_Code,336211,,NAICS_2012_Code; weight 1.000; Manufacturing of beverage truck bodies
Census_ASM_PxI,2031925015,BEA_2017_Code,336211,,NAICS_2012_Code; weight 1.000; Manufacturing of dump truck bodies
Census_ASM_PxI,2031925018,BEA_2017_Code,336211,,NAICS_2012_Code; weight 1.000; Manufacturing of dump truck lifting mechanisms
Census_ASM_PxI,2031925021,BEA_2017_Code,336211,,NAICS_2012_Code; weight 1.000; Manufacturing of stake and platform truck bodies
Census_ASM_PxI,2031925024,BEA_2017_Code,336211,,NAICS_2012_Code; weight 1.000; Manufacturing of utility line service truck bodies
Census_ASM_PxI,2031925027,BEA_2017_Code,336211,,NAICS_2012_Code; weight 1.000; Manufacturing of other mobile service-type truck bodies
Census_ASM_PxI,2031925031,BEA_2017_Code,336211,,NAICS_2012_Code; weight 1.000; Manufacturing of wrecker truck bodies
Census_ASM_PxI,2031925033,BEA_2017_Code,336211,,NAICS_2012_Code; weight 1.000; Manufacturing of ambulance and rescue vehicle bodies
Census_ASM_PxI,2031925036,BEA_2017_Code,336211,,"NAICS_2012_Code; weight 1.000; Manufacturing of light truck (minivan, SUV, pickup truck) and passenger car bodies"
Census_ASM_PxI,2031925039,BEA_2017_Code,336211,,"NAICS_2012_Code; weight 1.000; Manufacturing of motor vehicle fifth wheels, new"
Census_ASM_PxI,2031925042,BEA_2017_Code,336211,,NAICS_2012_Code; weight 1.000; Manufacturing of refrigeration bodies
Census_ASM_PxI,2031925045,BEA_2017_Code,336211,,NAICS_2012_Code; weight 1.000; Manufacturing of all other truck and vehicle bodies
Census_ASM_PxI,2031950000,BEA_2017_Code,336390,,"NAICS_2007_Code; weight 1.000; Manufacturing of motor vehicle bumper assemblies, bumpers, and parts, new"
Census_ASM_PxI,2031950003,BEA_2017_Code,336390,,"NAICS_2007_Code; weight 1.000; Manufacturing of motor vehicle bumper assemblies, bumpers, and parts for cars and light trucks (10,000 lb GVW and less), new"
Census_ASM_PxI,2031950006,BEA_2017_Code,336390,,"NAICS_2007_Code; weight 1.000; Manufacturing of motor vehicle bumper assemblies, bumpers, and parts for heavy trucks (greater than 10,000 lb GVW), new"
Census_ASM_PxI,2031975000,BEA_2017_Code,336390,,"NAICS_2007_Code; weight 1.000; Manufacturing of motor vehicle fuel tanks, new"
Census_ASM_PxI,2032000000,BEA_2017_Code,336390,,"override; weight 1.000; Manufacturing of all other motor vehicle parts, new"
Census_ASM_PxI,2032000003,BEA_2017_Code,336390,,"NAICS_2007_Code; weight 1.000; Manufacturing of truck and trailer liftgates, new"
Census_ASM_PxI,2032000006,BEA_2017_Code,336390,,"NAICS_2007_Code; weight 1.000; Manufacturing of motor vehicle sunroofs and parts, new"
Census_ASM_PxI,2032000009,BEA_2017_Code,336390,,"NAICS_2007_Code; weight 1.000; Manufacturing of motor vehicle doors, new"
Census_ASM_PxI,2032025000,BEA_2017_Code,327200,,NAICS_2012_Code; weight 1.000; Manufacturing of automotive mirrors (decorated and undecorated)
Census_ASM_PxI,2032030000,BEA_2017_Code,336390,,"NAICS_2007_Code; weight 1.000; Manufacturing of motor vehicle convertible tops, new"
Census_ASM_PxI,2032040000,BEA_2017_Code,336390,,NAICS_2007_Code; weight 1.000; Manufacturing of luggage and utility racks
Census_ASM_PxI,2032050000,BEA_2017_Code,326140,,"NAICS_2012_Code; weight 1.000; Manufacturing of transportation polystyrene foam products (including seating, dash, and other interior-exterior components)"
Census_ASM_PxI,2032075000,BEA_2017_Code,326150,,"NAICS_2012_Code; weight 1.000; Manufacturing of transportation polyurethane foam products, cut slab stock for seating and trim, molded seating and products, headrests, armrests, etc."
Census_ASM_PxI,2032100000,BEA_2017_Code,326290,,NAICS_2012_Code; weight 1.000; Manufacturing of latex foam and chemically blown open and closed cell rubber sponge for automotive applications
Census_ASM_PxI,2032125000,BEA_2017_Code,336360,,NAICS_2012_Code; weight 1.000; Manufacturing of automobile trimmings
Census_ASM_PxI,2032150000,BEA_2017_Code,336360,,"NAICS_2012_Code; weight 1.000; Manufacturing of fabricated seat and safety belts, including shoulder harnesses (excluding leather)"
Census_ASM_PxI,2032175000,BEA_2017_Code,336360,,NAICS_2012_Code; weight 1.000; Manufacturing of seats for public conveyance and aircraft
Census_ASM_PxI,2032175003,BEA_2017_Code,336360,,"NAICS_2012_Code; weight 1.000; Manufacturing of seats for public conveyances (excluding aircraft), including automobiles, trucks, buses, and van conversions"
Census_ASM_PxI,2032175006,BEA_2017_Code,336360,,NAICS_2012_Code; weight 1.000; Manufacturing of seats for aircraft
Census_ASM_PxI,2032200000,BEA_2017_Code,336360,,NAICS_2012_Code; weight 1.000; Manufacturing of fabricated automobile seat covers and tire covers
Census_ASM_PxI,2032225000,BEA_2017_Code,336360,,NAICS_2012_Code; weight 1.000; Manufacturing of metal motor vehicle seat frames
Census_ASM_PxI,2032250000,BEA_2017_Code,31161A,,"NAICS_2012_Code; weight 0.500; Manufacturing of leather, hides, and skins, finished and unfinished"
Census_ASM_PxI,2032250000,BEA_2017_Code,316000,,"NAICS_2012_Code; weight 0.500; Manufacturing of leather, hides, and skins, finished and unfinished"
Census_ASM_PxI,2032275000,BEA_2017_Code,327200,,NAICS_2012_Code; weight 1.000; Manufacturing of tempered glass for automotive purposes
Census_ASM_PxI,2032300000,BEA_2017_Code,327200,,"NAICS_2012_Code; weight 1.000; Manufacturing of machine-made pressed and blown lighting, automotive, and electronic glassware"
Census_ASM_PxI,2032325000,BEA_2017_Code,327200,,"NAICS_2012_Code; weight 1.000; Manufacturing of lighting, automotive, and electronic glassware"
Census_ASM_PxI,2032350000,BEA_2017_Code,332720,,"NAICS_2012_Code; weight 1.000; Manufacturing of precision turned products, automotive"
Census_ASM_PxI,2032375000,BEA_2017_Code,334300,,NAICS_2012_Code; weight 1.000; Manufacturing of automotive audio equipment (excluding speakers)
Census_ASM_PxI,2032375003,BEA_2017_Code,334300,,"NAICS_2012_Code; weight 1.000; Manufacturing of AM-FM radios, satellites radios and compact disc player combinations"
Census_ASM_PxI,2032375006,BEA_2017_Code,334300,,"NAICS_2012_Code; weight 1.000; Manufacturing of other automotive audio equipment (excluding speakers), including equalizers and amplifiers"
Census_ASM_PxI,2032400000,BEA_2017_Code,334300,,NAICS_2012_Code; weight 1.000; Manufacturing of speakers for automobiles
Census_ASM_PxI,2032400003,BEA_2017_Code,334300,,NAICS_2012_Code; weight 1.000; Manufacturing of single loudspeakers mounted in an enclosure for automobiles
Census_ASM_PxI,2032400006,BEA_2017_Code,334300,,NAICS_2012_Code; weight 1.000; Manufacturing of multiple loudspeakers mounted in an enclosure for automobiles
Census_ASM_PxI,2032400009,BEA_2017_Code,334300,,NAICS_2012_Code; weight 1.000; Manufacturing of unmounted speakers for automobiles
Census_ASM_PxI,2032400012,BEA_2017_Code,334300,,NAICS_2012_Code; weight 1.000; Manufacturing of microphones for automobiles
Census_ASM_PxI,2032400015,BEA_2017_Code,334300,,NAICS_2012_Code; weight 1.000; Manufacturing of public address systems for automobiles
Census_ASM_PxI,2032425000,BEA_2017_Code,336390,,"NAICS_2007_Code; weight 1.000; Manufacturing of motor vehicle air bag assemblies and parts, new"
Census_ASM_PxI,2032450000,BEA_2017_Code,336413,,NAICS_2012_Code; weight 1.000; Manufacturing of aircraft landing gear for civilian and military aircraft
Census_ASM_PxI,2032450003,BEA_2017_Code,336413,,NAICS_2012_Code; weight 1.000; Manufacturing of aircraft landing gear for military aircraft (including other aircraft built to military specifications)
Census_ASM_PxI,2032450006,BEA_2017_Code,336413,,NAICS_2012_Code; weight 1.000; Manufacturing of aircraft landing gear for civilian aircraft
Census_ASM_PxI,2032475000,BEA_2017_Code,336413,,NAICS_2012_Code; weight 1.000; Manufacturing of other aircraft subassemblies and parts for military aircraft (including other aircraft built to military specifications)
Census_ASM_PxI,2032500000,BEA_2017_Code,336413,,NAICS_2012_Code; weight 1.000; Manufacturing of other aircraft subassemblies and parts for civilian aircraft
Census_ASM_PxI,2032525000,BEA_2017_Code,33641A,,"NAICS_2012_Code; weight 1.000; Manufacturing of missile and space vehicle components, parts, and subassemblies for U.S. Government nonmilitary customers"
Census_ASM_PxI,2032550000,BEA_2017_Code,33641A,,"NAICS_2012_Code; weight 1.000; Manufacturing of missile and space vehicle components, parts, and subassemblies for other customers"
Census_ASM_PxI,2032575000,BEA_2017_Code,33641A,,"NAICS_2012_Code; weight 1.000; Manufacturing of missile and space vehicle components, parts, and subassemblies for U.S. Government military customers"
Census_ASM_PxI,2032600000,BEA_2017_Code,325510,,"NAICS_2012_Code; weight 1.000; Manufacturing of product finishes for original equipment manufacturers (OEM), excluding marine coatings"
Census_ASM_PxI,2032600003,BEA_2017_Code,325510,,"NAICS_2012_Code; weight 1.000; Manufacturing of automobile, light truck, van, and sport utility vehicle finishes"
Census_ASM_PxI,2032600006,BEA_2017_Code,325510,,NAICS_2012_Code; weight 1.000; Manufacturing of automobile parts finishes
Census_ASM_PxI,2032600009,BEA_2017_Code,325510,,"NAICS_2012_Code; weight 1.000; Manufacturing of heavy-duty truck, bus, and recreational vehicle finishes"
Census_ASM_PxI,2032600012,BEA_2017_Code,325510,,"NAICS_2012_Code; weight 1.000; Manufacturing of other transportation equipment finishes, including aircraft and railroad"
Census_ASM_PxI,2032600015,BEA_2017_Code,325510,,NAICS_2012_Code; weight 1.000; Manufacturing of other powder coatings
Census_ASM_PxI,2032600018,BEA_2017_Code,325510,,"NAICS_2012_Code; weight 1.000; Manufacturing of other industrial product finishes, excluding semi-manufactured products such as pigment dispersions and ink vehicles"
Census_ASM_PxI,2032600021,BEA_2017_Code,325510,,"NAICS_2012_Code; weight 1.000; Manufacturing of appliance, heating equipment, and air conditioner finishes"
Census_ASM_PxI,2032600024,BEA_2017_Code,325510,,"NAICS_2012_Code; weight 1.000; Manufacturing of wood furniture, cabinet, and fixture finishes"
Census_ASM_PxI,2032600027,BEA_2017_Code,325510,,NAICS_2012_Code; weight 1.000; Manufacturing of wood and composition board flat stock finishes
Census_ASM_PxI,2032600031,BEA_2017_Code,325510,,"NAICS_2012_Code; weight 1.000; Manufacturing of metal building product finishes, including coatings for aluminum extrusions and siding"
Census_ASM_PxI,2032600033,BEA_2017_Code,325510,,NAICS_2012_Code; weight 1.000; Manufacturing of container and closure finishes
Census_ASM_PxI,2032600036,BEA_2017_Code,325510,,"NAICS_2012_Code; weight 1.000; Manufacturing of machinery and equipment finishes, including road building equipment and farm implement"
Census_ASM_PxI,2032600039,BEA_2017_Code,325510,,"NAICS_2012_Code; weight 1.000; Manufacturing of nonwood furniture and fixture finishes, including business equipment finishes"
Census_ASM_PxI,2032600042,BEA_2017_Code,325510,,"NAICS_2012_Code; weight 1.000; Manufacturing of paper, paper board, film, and foil finishes, excluding pigment binders"
Census_ASM_PxI,2032600045,BEA_2017_Code,325510,,NAICS_2012_Code; weight 1.000; Manufacturing of electrical insulating coatings
Census_ASM_PxI,2032600048,BEA_2017_Code,325510,,"NAICS_2012_Code; weight 1.000; Manufacturing of powder coatings, thermoset, general decorative, appliance"
Census_ASM_PxI,2032600051,BEA_2017_Code,325510,,"NAICS_2012_Code; weight 1.000; Manufacturing of powder coatings, thermoset, general decorative, automotive"
Census_ASM_PxI,2032600054,BEA_2017_Code,325510,,"NAICS_2012_Code; weight 1.000; Manufacturing of powder coatings, thermoset, general decorative, architectural, including aluminum extrusions"
Census_ASM_PxI,2032600057,BEA_2017_Code,325510,,"NAICS_2012_Code; weight 1.000; Manufacturing of powder coatings, thermoset, general decorative, lawn and garden"
Census_ASM_PxI,2032600061,BEA_2017_Code,325510,,"NAICS_2012_Code; weight 1.000; Manufacturing of powder coatings, thermoset, general decorative, general metal finishing"
Census_ASM_PxI,2032600063,BEA_2017_Code,325510,,"NAICS_2012_Code; weight 1.000; Manufacturing of powder coatings, heat-sensitive substrates (such as wood, plastics, composites, etc.)"
Census_ASM_PxI,2032625000,BEA_2017_Code,332114,,"NAICS_2012_Code; weight 1.000; Manufacturing of custom roll formed products (carbon, stainless, and alloy steel), aluminum and other metal, for machinery and transportation equipment"
Census_ASM_PxI,2032650000,BEA_2017_Code,332500,,"NAICS_2012_Code; weight 1.000; Manufacturing of motor vehicle hardware (lock units, door and window handles, window regulators, hinges, license plate brackets, etc.)"
Census_ASM_PxI,2032675000,BEA_2017_Code,332500,,NAICS_2012_Code; weight 1.000; Manufacturing of other transportation equipment hardware (excluding motor vehicle hardware)
Census_ASM_PxI,2032675003,BEA_2017_Code,332500,,"NAICS_2012_Code; weight 1.000; Manufacturing of marine hardware (including shackles, rope sockets, tackle blocks, wire rope clips, clamps, and joiners' hardware)"
Census_ASM_PxI,2032675006,BEA_2017_Code,332500,,NAICS_2012_Code; weight 1.000; Manufacturing of aircraft hardware
Census_ASM_PxI,2032675009,BEA_2017_Code,332500,,NAICS_2012_Code; weight 1.000; Manufacturing of other transportation equipment hardware (including railroad car hardware)
Census_ASM_PxI,2032700000,BEA_2017_Code,332600,,NAICS_2007_Code; weight 1.000; Manufacturing of other wire springs
Census_ASM_PxI,2032700003,BEA_2017_Code,332600,,NAICS_2007_Code; weight 1.000; Manufacturing of seat and back springs for motor vehicles
Census_ASM_PxI,2032700006,BEA_2017_Code,332600,,NAICS_2007_Code; weight 1.000; Manufacturing of valve springs and other wire springs
Census_ASM_PxI,2032725000,BEA_2017_Code,332720,,"NAICS_2012_Code; weight 1.000; Manufacturing of precision turned products (made on CNC equipment or screw machines), excluding automotive"
Census_ASM_PxI,2032750000,BEA_2017_Code,336991,,"NAICS_2012_Code; weight 1.000; Manufacturing of parts for bicycles, unicycles, and adult tricycles"
Census_ASM_PxI,2032775000,BEA_2017_Code,336999,,NAICS_2012_Code; weight 1.000; Manufacturing of parts for self-propelled golf carts and industrial in-plant personnel carriers
Census_ASM_PxI,2032800000,BEA_2017_Code,336999,,NAICS_2012_Code; weight 1.000; Manufacturing of parts for all-terrain vehicles
Census_ASM_PxI,2032810000,BEA_2017_Code,33329A,,NAICS_2007_Code; weight 1.000; Manufacturing of parts for metal degreasing machines
Census_ASM_PxI,2032815000,BEA_2017_Code,336992,,"NAICS_2012_Code; weight 1.000; Manufacturing of parts for self-propelled weapons, tanks, and other full-tracked combat vehicles and armored utility vehicles"
Census_ASM_PxI,2032825000,BEA_2017_Code,326190,,NAICS_2012_Code; weight 1.000; Manufacturing of electrical and electronic fabricated plastics (excluding foam and reinforced plastics)
Census_ASM_PxI,2032825003,BEA_2017_Code,326190,,"NAICS_2012_Code; weight 1.000; Manufacturing of electrical and electronic fabricated plastics products for office equipment, plastic parts for computers, fax machines, and cash registers (excluding foam and reinforced plastics)"
Census_ASM_PxI,2032825006,BEA_2017_Code,326190,,NAICS_2012_Code; weight 1.000; Manufacturing of electrical and electronic fabricated plastics products for household and commercial appliances (excluding foam and reinforced plastics)
Census_ASM_PxI,2032825009,BEA_2017_Code,326190,,NAICS_2012_Code; weight 1.000; Manufacturing of electrical and electronic fabricated plastics products for communications equipment (excluding foam and reinforced plastics)
Census_ASM_PxI,2032825012,BEA_2017_Code,326190,,"NAICS_2012_Code; weight 1.000; Manufacturing of other electrical and electronic fabricated plastics products, including wiring devices and parts (excluding foam and reinforced plastics)"
Census_ASM_PxI,2032850000,BEA_2017_Code,326190,,NAICS_2012_Code; weight 1.000; Manufacturing of electrical and electronic reinforced and fiberglass plastics products
Census_ASM_PxI,2032875000,BEA_2017_Code,327993,,"NAICS_2012_Code; weight 1.000; Manufacturing of blankets (flexible) (including fabricated pieces, rolls, and batts)"
Census_ASM_PxI,2032875003,BEA_2017_Code,327993,,"NAICS_2012_Code; weight 1.000; Manufacturing of plain blankets (flexible) (including fabricated pieces, rolls, and batts), mineral wool for industrial, equipment, and appliance insulation"
Census_ASM_PxI,2032875006,BEA_2017_Code,327993,,"NAICS_2012_Code; weight 1.000; Manufacturing of coated blankets (flexible) (including fabricated pieces, rolls, and batts), mineral wool for industrial, equipment, and appliance insulation"
Census_ASM_PxI,2032875009,BEA_2017_Code,327993,,"NAICS_2012_Code; weight 1.000; Manufacturing of faced and metal meshed blankets (flexible) (including fabricated pieces, rolls, and batts), mineral wool for industrial, equipment, and appliance insulation"
Census_ASM_PxI,2032900000,BEA_2017_Code,327993,,"NAICS_2012_Code; weight 1.000; Manufacturing of special-purpose mineral wool for industrial, equipment, and appliance insulation pieces (special-purpose automotive, appliance, aerospace items and original equipment parts)"
Census_ASM_PxI,2032925000,BEA_2017_Code,327993,,"NAICS_2012_Code; weight 1.000; Manufacturing of other mineral wool for industrial equipment and appliance insulation, excluding blankets and special-purpose mineral wool"
Census_ASM_PxI,2032925003,BEA_2017_Code,327993,,"NAICS_2012_Code; weight 1.000; Manufacturing of other mineral wool for industrial equipment and appliance insulation, blocks and boards"
Census_ASM_PxI,2032925006,BEA_2017_Code,327993,,"NAICS_2012_Code; weight 1.000; Manufacturing of mineral wool for industrial, equipment, and appliance pipe insulation"
Census_ASM_PxI,2032925009,BEA_2017_Code,327993,,"NAICS_2012_Code; weight 1.000; Manufacturing of mineral wool for industrial, equipment, and appliance acoustical insulation (including pads, boards, patches, etc.)"
Census_ASM_PxI,2032925012,BEA_2017_Code,327993,,"NAICS_2012_Code; weight 1.000; Manufacturing of other mineral wool for industrial, equipment, and appliance insulation (including air duct, loose fiber, granulated fiber, insulating and finishing cements, etc.)"
Census_ASM_PxI,2032950000,BEA_2017_Code,33131B,,"NAICS_2007_Code; weight 0.500; Manufacturing of aluminum insulated wire and cable, including apparatus and magnet wire"
Census_ASM_PxI,2032950000,BEA_2017_Code,335999,,"NAICS_2012_Code; weight 0.500; Manufacturing of aluminum insulated wire and cable, including apparatus and magnet wire"
Census_ASM_PxI,2032950003,BEA_2017_Code,33131B,,NAICS_2007_Code; weight 0.500; Manufacturing of aluminum apparatus wire and cord and flexible cord sets (excluding wiring harnesses)
Census_ASM_PxI,2032950003,BEA_2017_Code,335999,,NAICS_2012_Code; weight 0.500; Manufacturing of aluminum apparatus wire and cord and flexible cord sets (excluding wiring harnesses)
Census_ASM_PxI,2032950006,BEA_2017_Code,33131B,,"NAICS_2007_Code; weight 1.000; Manufacturing of aluminum magnet and insulated wire, and cable for electrical transmission"
Census_ASM_PxI,2032975000,BEA_2017_Code,331420,,"NAICS_2007_Code; weight 1.000; Manufacturing of copper wire, bare and tinned (nonelectrical)"
Census_ASM_PxI,2032975003,BEA_2017_Code,331420,,"NAICS_2007_Code; weight 1.000; Manufacturing of unalloyed copper wire, bare and tinned (nonelectrical)"
Census_ASM_PxI,2032975006,BEA_2017_Code,331420,,"NAICS_2007_Code; weight 1.000; Manufacturing of alloyed copper wire, bare and tinned (nonelectrical)"
Census_ASM_PxI,2033025000,BEA_2017_Code,331420,,NAICS_2007_Code; weight 1.000; Manufacturing of bare copper wire for electrical transmission
Census_ASM_PxI,2033025003,BEA_2017_Code,331420,,NAICS_2007_Code; weight 1.000; Manufacturing of bare unalloyed copper wire for electrical transmission
Census_ASM_PxI,2033025006,BEA_2017_Code,331420,,NAICS_2007_Code; weight 1.000; Manufacturing of bare alloyed copper wire for electrical transmission
Census_ASM_PxI,2033050000,BEA_2017_Code,331420,,"NAICS_2007_Code; weight 1.000; Manufacturing of other copper and copper-base alloy wire, strand, and cable"
Census_ASM_PxI,2033050003,BEA_2017_Code,331420,,NAICS_2007_Code; weight 1.000; Manufacturing of bare copper and copper-base alloy strand and cable for electrical transmission
Census_ASM_PxI,2033050006,BEA_2017_Code,331420,,"NAICS_2007_Code; weight 1.000; Manufacturing of other copper and copper-base alloy wire, strand, and cable (including wire cloth, woven wire products, and electrical wire rod)"
Census_ASM_PxI,2033075000,BEA_2017_Code,331420,,"NAICS_2007_Code; weight 0.500; Manufacturing of copper wire and cable, including apparatus wire, cord, and flexible cord sets"
Census_ASM_PxI,2033075000,BEA_2017_Code,335999,,"NAICS_2012_Code; weight 0.500; Manufacturing of copper wire and cable, including apparatus wire, cord, and flexible cord sets"
Census_ASM_PxI,2033075003,BEA_2017_Code,331420,,NAICS_2007_Code; weight 1.000; Manufacturing of insulated copper wire and cable for electrical transmission
Census_ASM_PxI,2033075006,BEA_2017_Code,335999,,NAICS_2012_Code; weight 1.000; Manufacturing of copper apparatus wire and cord and flexible cord sets (excluding wiring harnesses and fiber optic)
Census_ASM_PxI,2033075009,BEA_2017_Code,331420,,NAICS_2007_Code; weight 1.000; Manufacturing of copper thermoset insulated flexible cordage
Census_ASM_PxI,2033075012,BEA_2017_Code,331420,,NAICS_2007_Code; weight 1.000; Manufacturing of copper thermoplastic (including thermoplastic elastomers) flexible cordage
Census_ASM_PxI,2033075015,BEA_2017_Code,331420,,"NAICS_2007_Code; weight 1.000; Manufacturing of copper flexible cordage, extension cord sets"
Census_ASM_PxI,2033075018,BEA_2017_Code,331420,,NAICS_2007_Code; weight 1.000; Manufacturing of copper power supply cords
Census_ASM_PxI,2033075021,BEA_2017_Code,331420,,"NAICS_2007_Code; weight 1.000; Manufacturing of copper apparatus wire, appliance fixture wire"
Census_ASM_PxI,2033075024,BEA_2017_Code,331420,,"NAICS_2007_Code; weight 1.000; Manufacturing of copper appliance wiring material 14 gauge and larger (including motor lead and transformer lead wire), thermoset and thermoplastic insulated apparatus wire"
Census_ASM_PxI,2033075027,BEA_2017_Code,331420,,NAICS_2007_Code; weight 1.000; Manufacturing of copper submersible pump cable apparatus wire
Census_ASM_PxI,2033075031,BEA_2017_Code,331420,,"NAICS_2007_Code; weight 1.000; Manufacturing of other copper apparatus wire and cordage, including machine tool wire"
Census_ASM_PxI,2033100000,BEA_2017_Code,331420,,NAICS_2007_Code; weight 1.000; Manufacturing of copper magnet wire
Census_ASM_PxI,2033150000,BEA_2017_Code,331490,,"NAICS_2012_Code; weight 0.500; Manufacturing of apparatus wire and cord and flexible cord sets (excluding aluminum, copper, wiring harnesses, and fiber optic)"
Census_ASM_PxI,2033150000,BEA_2017_Code,335999,,"NAICS_2012_Code; weight 0.500; Manufacturing of apparatus wire and cord and flexible cord sets (excluding aluminum, copper, wiring harnesses, and fiber optic)"
Census_ASM_PxI,2033175000,BEA_2017_Code,331490,,NAICS_2012_Code; weight 1.000; Manufacturing of magnet wire (excluding aluminum and copper)
Census_ASM_PxI,2033200000,BEA_2017_Code,335920,,"NAICS_2012_Code; weight 1.000; Manufacturing of electronic wire and cable, made of nonferrous metals"
Census_ASM_PxI,2033200003,BEA_2017_Code,335920,,"NAICS_2012_Code; weight 1.000; Manufacturing of flexible coaxial cable, armored or unarmored"
Census_ASM_PxI,2033200006,BEA_2017_Code,335920,,"NAICS_2012_Code; weight 1.000; Manufacturing of hookup wire (single conductor, shielded and nonshielded)"
Census_ASM_PxI,2033200009,BEA_2017_Code,335920,,NAICS_2012_Code; weight 1.000; Manufacturing of multiconductor electronic wire and cable (shielded and nonshielded)
Census_ASM_PxI,2033210000,BEA_2017_Code,331490,,NAICS_2012_Code; weight 1.000; Manufacturing of nickel and nickel alloy wire
Census_ASM_PxI,2033215000,BEA_2017_Code,332600,,NAICS_2012_Code; weight 1.000; Manufacturing of all other nonferrous miscellaneous fabricated wire products
Census_ASM_PxI,2033220000,BEA_2017_Code,332600,,NAICS_2012_Code; weight 1.000; Manufacturing of nonferrous wire cloth and other nonferrous woven wire products
Census_ASM_PxI,2033223000,BEA_2017_Code,331490,,"NAICS_2012_Code; weight 1.000; Manufacturing of other nonferrous wire (excluding copper, aluminum, nickel, and precious metals), including insulated wire and cable"
Census_ASM_PxI,2033225000,BEA_2017_Code,335920,,"NAICS_2012_Code; weight 1.000; Manufacturing of other insulated wire and cable, including automotive, and control and signal wire and cable, made of nonferrous metals"
Census_ASM_PxI,2033225003,BEA_2017_Code,335920,,NAICS_2012_Code; weight 1.000; Manufacturing of signal wire and cable
Census_ASM_PxI,2033225006,BEA_2017_Code,335920,,"NAICS_2012_Code; weight 1.000; Manufacturing of control wire and cable, excluding elevator cable, thermoset insulated"
Census_ASM_PxI,2033225009,BEA_2017_Code,335920,,"NAICS_2012_Code; weight 1.000; Manufacturing of control wire and cable, excluding elevator cable, thermoplastic insulated"
Census_ASM_PxI,2033225012,BEA_2017_Code,335920,,NAICS_2012_Code; weight 1.000; Manufacturing of automotive wire and cable
Census_ASM_PxI,2033225015,BEA_2017_Code,335920,,"NAICS_2012_Code; weight 1.000; Manufacturing of airframe, missile, shipboard, and ground support cable, excluding coaxial cable and ignition cable"
Census_ASM_PxI,2033425000,BEA_2017_Code,332320,,NAICS_2012_Code; weight 1.000; Manufacturing of steel sheet metal computer and peripheral equipment enclosures
Census_ASM_PxI,2033450000,BEA_2017_Code,332320,,NAICS_2012_Code; weight 1.000; Manufacturing of aluminum sheet metal computer and peripheral equipment enclosures
Census_ASM_PxI,2033475000,BEA_2017_Code,332320,,"NAICS_2012_Code; weight 1.000; Manufacturing of other sheet metal electronic enclosures (excluding computers), including machine and motor housings, panels, and guards (steel and aluminum)"
Census_ASM_PxI,2033500000,BEA_2017_Code,332119,,"NAICS_2007_Code; weight 1.000; Manufacturing of metal electronic enclosures (stamped and pressed), excluding computer stampings"
Census_ASM_PxI,2033525000,BEA_2017_Code,3219A0,,"NAICS_2007_Code; weight 1.000; Manufacturing of wood cabinets, television, audio, and sewing machine, used as housings"
Census_ASM_PxI,2033525003,BEA_2017_Code,3219A0,,"NAICS_2007_Code; weight 1.000; Manufacturing of wood cabinets, television, audio, and television and audio combination, used as housings"
Census_ASM_PxI,2033525006,BEA_2017_Code,3219A0,,"NAICS_2007_Code; weight 1.000; Manufacturing of wood cabinets, all other types (including sewing machine), used as housings"
Census_ASM_PxI,2033550000,BEA_2017_Code,33441A,,"NAICS_2007_Code; weight 1.000; Manufacturing of electron tubes and parts, excluding glass blanks"
Census_ASM_PxI,2033550003,BEA_2017_Code,33441A,,"NAICS_2007_Code; weight 1.000; Manufacturing of power and special-purpose electron tubes, excluding forward wave tubes"
Census_ASM_PxI,2033550006,BEA_2017_Code,33441A,,NAICS_2007_Code; weight 1.000; Manufacturing of forward wave transmitting and industrial electron tubes (excluding X-rays)
Census_ASM_PxI,2033550009,BEA_2017_Code,33441A,,"NAICS_2007_Code; weight 1.000; Manufacturing of all other transmitting, industrial, and special-purpose electron tubes, (excluding X-ray), including light-sensing, light-emitting devices, and miscellaneous special-purpose tubes"
Census_ASM_PxI,2033575000,BEA_2017_Code,334413,,NAICS_2012_Code; weight 1.000; Manufacturing of microprocessors
Census_ASM_PxI,2033600000,BEA_2017_Code,334413,,NAICS_2012_Code; weight 1.000; Manufacturing of memory
Census_ASM_PxI,2033625000,BEA_2017_Code,334413,,NAICS_2012_Code; weight 1.000; Manufacturing of other integrated circuit packages
Census_ASM_PxI,2033650000,BEA_2017_Code,334413,,NAICS_2012_Code; weight 1.000; Manufacturing of transistors
Census_ASM_PxI,2033675000,BEA_2017_Code,334413,,NAICS_2012_Code; weight 1.000; Manufacturing of diodes and rectifiers
Census_ASM_PxI,2033700000,BEA_2017_Code,334413,,"NAICS_2012_Code; weight 1.000; Manufacturing of other semiconductor devices, including semiconductor parts such as chips, wafers, and heat sinks"
Census_ASM_PxI,2033700003,BEA_2017_Code,334413,,NAICS_2012_Code; weight 1.000; Manufacturing of solar cells
Census_ASM_PxI,2033700006,BEA_2017_Code,334413,,NAICS_2012_Code; weight 1.000; Manufacturing of photovoltaic modules
Census_ASM_PxI,2033700009,BEA_2017_Code,334413,,NAICS_2012_Code; weight 1.000; Manufacturing of light-emitting diodes (LEDs)
Census_ASM_PxI,2033700012,BEA_2017_Code,334413,,NAICS_2012_Code; weight 1.000; Manufacturing of other light-sensitive and light-emitting devices
Census_ASM_PxI,2033700015,BEA_2017_Code,334413,,"NAICS_2012_Code; weight 1.000; Manufacturing of thyristors (SCRs, triacs, PNPN diodes)"
Census_ASM_PxI,2033700018,BEA_2017_Code,334413,,"NAICS_2012_Code; weight 1.000; Manufacturing of semiconductor parts, chips and wafers"
Census_ASM_PxI,2033725000,BEA_2017_Code,33441A,,NAICS_2007_Code; weight 1.000; Manufacturing of capacitors for electronic circuitry
Census_ASM_PxI,2033750000,BEA_2017_Code,33441A,,NAICS_2007_Code; weight 1.000; Manufacturing of resistors for electronic circuitry
Census_ASM_PxI,2033775000,BEA_2017_Code,33441A,,"NAICS_2012_Code; weight 1.000; Manufacturing of electronic coils, transformers, and other inductors"
Census_ASM_PxI,2033800000,BEA_2017_Code,33441A,,"NAICS_2012_Code; weight 1.000; Manufacturing of electronic connectors, including parts"
Census_ASM_PxI,2033800003,BEA_2017_Code,33441A,,NAICS_2012_Code; weight 1.000; Manufacturing of coaxial (RF) connectors for electronic circuitry
Census_ASM_PxI,2033800006,BEA_2017_Code,33441A,,NAICS_2012_Code; weight 1.000; Manufacturing of cylindrical connectors for electronic circuitry
Census_ASM_PxI,2033800009,BEA_2017_Code,33441A,,NAICS_2012_Code; weight 1.000; Manufacturing of rack and panel (rectangular) connectors for electronic circuitry
Census_ASM_PxI,2033800012,BEA_2017_Code,33441A,,NAICS_2012_Code; weight 1.000; Manufacturing of printed circuit connectors for electronic circuitry
Census_ASM_PxI,2033800015,BEA_2017_Code,33441A,,NAICS_2012_Code; weight 1.000; Manufacturing of other electronic connectors
Census_ASM_PxI,2033800018,BEA_2017_Code,33441A,,NAICS_2012_Code; weight 1.000; Manufacturing of parts for electronic connectors (connectors shipped but still requiring further manufacture)
Census_ASM_PxI,2033825000,BEA_2017_Code,33441A,,"NAICS_2012_Code; weight 1.000; Manufacturing of crystals, filters, piezoelectric, and other related electronic devices (excluding microwave filters)"
Census_ASM_PxI,2033850000,BEA_2017_Code,33441A,,"NAICS_2012_Code; weight 1.000; Manufacturing of all other miscellaneous transducers, including electrical-electronic input/output transducers"
Census_ASM_PxI,2033850003,BEA_2017_Code,33441A,,"NAICS_2012_Code; weight 1.000; Manufacturing of transducers, electroacoustic (sonar, ultrasonic, vibration, etc.)"
Census_ASM_PxI,2033850006,BEA_2017_Code,33441A,,"NAICS_2012_Code; weight 1.000; Manufacturing of transducers, accelerometers"
Census_ASM_PxI,2033850009,BEA_2017_Code,33441A,,"NAICS_2012_Code; weight 1.000; Manufacturing of transducers, strain gauges and other mechanical"
Census_ASM_PxI,2033850012,BEA_2017_Code,33441A,,"NAICS_2012_Code; weight 1.000; Manufacturing of transducers, other, except pressure"
Census_ASM_PxI,2033875000,BEA_2017_Code,33441A,,"NAICS_2012_Code; weight 1.000; Manufacturing of switches, mechanical, for electronic circuitry"
Census_ASM_PxI,2033900000,BEA_2017_Code,33441A,,"NAICS_2012_Code; weight 1.000; Manufacturing of microwave components and devices, excluding antennae, tubes, and semiconductors"
Census_ASM_PxI,2033900003,BEA_2017_Code,33441A,,"NAICS_2012_Code; weight 1.000; Manufacturing of ferrite, including yttrium garnets, microwave components (circulators, isolators, phase shifters, attenuators, equalizers, limiters, mixers, etc.)"
Census_ASM_PxI,2033900006,BEA_2017_Code,33441A,,"NAICS_2012_Code; weight 1.000; Manufacturing of attenuators (dummy loads, high- and low-power terminations, etc.)"
Census_ASM_PxI,2033900009,BEA_2017_Code,33441A,,NAICS_2012_Code; weight 1.000; Manufacturing of reactive microwave components
Census_ASM_PxI,2033900012,BEA_2017_Code,33441A,,"NAICS_2012_Code; weight 1.000; Manufacturing of switches, coaxial and waveguide"
Census_ASM_PxI,2033900015,BEA_2017_Code,33441A,,NAICS_2012_Code; weight 1.000; Manufacturing of other microwave devices
Census_ASM_PxI,2033900018,BEA_2017_Code,33441A,,"NAICS_2012_Code; weight 1.000; Manufacturing of microwave subassemblies, including parametric amplifiers and other solid-state assemblies"
Census_ASM_PxI,2033925000,BEA_2017_Code,33441A,,NAICS_2012_Code; weight 1.000; Manufacturing of all other miscellaneous electronic components
Census_ASM_PxI,2033925003,BEA_2017_Code,33441A,,NAICS_2012_Code; weight 1.000; Manufacturing of oscillators (excluding instrumentation and crystal types)
Census_ASM_PxI,2033925006,BEA_2017_Code,33441A,,"NAICS_2012_Code; weight 1.000; Manufacturing of static power supply converters for electronic applications, regulated"
Census_ASM_PxI,2033925009,BEA_2017_Code,33441A,,"NAICS_2012_Code; weight 1.000; Manufacturing of static power supply converters for electronic applications, other (unregulated, variable frequency, AC, DC, converters and inverters, vibrator, etc.)"
Census_ASM_PxI,2033925012,BEA_2017_Code,33441A,,NAICS_2012_Code; weight 1.000; Manufacturing of electronic cable harnesses and cable assemblies
Census_ASM_PxI,2033925015,BEA_2017_Code,33441A,,NAICS_2012_Code; weight 1.000; Manufacturing of magnetic cores
Census_ASM_PxI,2033925018,BEA_2017_Code,33441A,,NAICS_2012_Code; weight 1.000; Manufacturing of all other specialized electronic hardware
Census_ASM_PxI,2033950000,BEA_2017_Code,335314,,"NAICS_2012_Code; weight 1.000; Manufacturing of relays for electronic circuitry, industrial control overload, and switchgear-type"
Census_ASM_PxI,2033950003,BEA_2017_Code,335314,,NAICS_2012_Code; weight 1.000; Manufacturing of industrial control relays (all voltages)
Census_ASM_PxI,2033950006,BEA_2017_Code,335314,,"NAICS_2012_Code; weight 1.000; Manufacturing of general-purpose relays, over 100 MV and sealed"
Census_ASM_PxI,2033950009,BEA_2017_Code,335314,,"NAICS_2012_Code; weight 1.000; Manufacturing of general-purpose relays, over 100 MV and not sealed"
Census_ASM_PxI,2033950012,BEA_2017_Code,335314,,"NAICS_2012_Code; weight 1.000; Manufacturing of high performance military, aerospace, aircraft relays and contactors"
Census_ASM_PxI,2033950015,BEA_2017_Code,335314,,"NAICS_2012_Code; weight 1.000; Manufacturing of timing relays, timers"
Census_ASM_PxI,2033950018,BEA_2017_Code,335314,,"NAICS_2012_Code; weight 1.000; Manufacturing of all other general-purpose and special-purpose relays, including parts"
Census_ASM_PxI,2033975000,BEA_2017_Code,335314,,NAICS_2012_Code; weight 1.000; Manufacturing of specific-purpose industrial controls
Census_ASM_PxI,2033975003,BEA_2017_Code,335314,,"NAICS_2012_Code; weight 1.000; Manufacturing of U.S Coast Guard, Navy, and Marine auxiliary controls and accessories"
Census_ASM_PxI,2033975006,BEA_2017_Code,335314,,"NAICS_2012_Code; weight 1.000; Manufacturing of crane and hoist controls, constant and adjustable voltage, including operators desks and stations"
Census_ASM_PxI,2033975009,BEA_2017_Code,335314,,"NAICS_2012_Code; weight 1.000; Manufacturing of all other specific- or special-purpose industrial controls, controllers and other definite purpose devices"
Census_ASM_PxI,2034000000,BEA_2017_Code,335314,,NAICS_2012_Code; weight 1.000; Manufacturing of general-purpose industrial controls
Census_ASM_PxI,2034000003,BEA_2017_Code,335314,,"NAICS_2012_Code; weight 1.000; Manufacturing of A.C. full voltage noncombination magnetic starters, 1,000 volts or less"
Census_ASM_PxI,2034000006,BEA_2017_Code,335314,,"NAICS_2012_Code; weight 1.000; Manufacturing of A.C. full voltage combination magnetic starters, 1,000 volts or less"
Census_ASM_PxI,2034000009,BEA_2017_Code,335314,,"NAICS_2012_Code; weight 1.000; Manufacturing of disconnect switches, 600 volts or less"
Census_ASM_PxI,2034000012,BEA_2017_Code,335314,,"NAICS_2012_Code; weight 1.000; Manufacturing of A.C. full voltage manual controllers, 1,000 volts or less"
Census_ASM_PxI,2034000015,BEA_2017_Code,335314,,"NAICS_2012_Code; weight 1.000; Manufacturing of A.C. contactors, 1,000 volts or less"
Census_ASM_PxI,2034000018,BEA_2017_Code,335314,,"NAICS_2012_Code; weight 1.000; Manufacturing of motor control centers, 1,000 volts or less"
Census_ASM_PxI,2034000021,BEA_2017_Code,335314,,NAICS_2012_Code; weight 1.000; Manufacturing of brakes and clutches for general-purpose industrial controls
Census_ASM_PxI,2034000024,BEA_2017_Code,335314,,NAICS_2012_Code; weight 1.000; Manufacturing of other general-purpose controls
Census_ASM_PxI,2034000027,BEA_2017_Code,335314,,NAICS_2012_Code; weight 1.000; Manufacturing of electromechanical positioning sensors for general-purpose industrial controls
Census_ASM_PxI,2034000031,BEA_2017_Code,335314,,NAICS_2012_Code; weight 1.000; Manufacturing of movement sensors for general-purpose industrial controls
Census_ASM_PxI,2034000033,BEA_2017_Code,335314,,NAICS_2012_Code; weight 1.000; Manufacturing of nonoptical proximity sensors for general-purpose industrial controls
Census_ASM_PxI,2034000036,BEA_2017_Code,335314,,NAICS_2012_Code; weight 1.000; Manufacturing of optical proximity sensors for general-purpose industrial controls
Census_ASM_PxI,2034000039,BEA_2017_Code,335314,,"NAICS_2012_Code; weight 1.000; Manufacturing of pushbuttons, under 30 mm, for general-purpose industrial controls"
Census_ASM_PxI,2034000042,BEA_2017_Code,335314,,"NAICS_2012_Code; weight 1.000; Manufacturing of pushbuttons, 30 mm and larger, for general-purpose industrial controls"
Census_ASM_PxI,2034000045,BEA_2017_Code,335314,,NAICS_2012_Code; weight 1.000; Manufacturing of controls for A.C. packaged drives
Census_ASM_PxI,2034000048,BEA_2017_Code,335314,,NAICS_2012_Code; weight 1.000; Manufacturing of controls for D.C. packaged drives
Census_ASM_PxI,2034000051,BEA_2017_Code,335314,,NAICS_2012_Code; weight 1.000; Manufacturing of A.C. drives systems for general-purpose industrial controls
Census_ASM_PxI,2034000054,BEA_2017_Code,335314,,NAICS_2012_Code; weight 1.000; Manufacturing of D.C. drives systems for general-purpose industrial controls
Census_ASM_PxI,2034000057,BEA_2017_Code,335314,,NAICS_2012_Code; weight 1.000; Manufacturing of solid-state motor controllers (all voltages)
Census_ASM_PxI,2034000061,BEA_2017_Code,335314,,NAICS_2012_Code; weight 1.000; Manufacturing of all other general industry devices
Census_ASM_PxI,2034025000,BEA_2017_Code,335999,,"NAICS_2012_Code; weight 1.000; Manufacturing of laser sources, including nondiode and diode"
Census_ASM_PxI,2034050000,BEA_2017_Code,335999,,"NAICS_2012_Code; weight 1.000; Manufacturing of laser systems and equipment, all other types"
Census_ASM_PxI,2034075000,BEA_2017_Code,327100,,"NAICS_2007_Code; weight 1.000; Manufacturing of chemical, technical, and industrial pottery ware and all other pottery products, including pyrometric cones, veritas rings, etc."
Census_ASM_PxI,2034100000,BEA_2017_Code,327100,,"NAICS_2007_Code; weight 1.000; Manufacturing of all wet and dry process voltage porcelain products and components, including steatite electrical products and other ceramic electrical products and components for electronic applications"
Census_ASM_PxI,2034125000,BEA_2017_Code,334118,,override; weight 1.000; Manufacturing of accessories for computer peripheral equipment
Census_ASM_PxI,2034150000,BEA_2017_Code,334210,,"NAICS_2012_Code; weight 1.000; Manufacturing of parts, components, and subassemblies for telephone switching equipment"
Census_ASM_PxI,2034160000,BEA_2017_Code,334210,,"NAICS_2012_Code; weight 1.000; Manufacturing of parts, components, and subassemblies for wireline voice and data network equipment"
Census_ASM_PxI,2034170000,BEA_2017_Code,334220,,"NAICS_2012_Code; weight 1.000; Manufacturing of parts and accessories for broadcast, studio, and related electronic equipment"
Census_ASM_PxI,2034172000,BEA_2017_Code,333242,,"NAICS_2007_Code; weight 1.000; Manufacturing of parts for semiconductor manufacturing machinery, including packaging equipment"
Census_ASM_PxI,2034175000,BEA_2017_Code,335999,,"NAICS_2012_Code; weight 1.000; Manufacturing of electric bells (gongs, chimes, etc.) and electrical door openers, excluding garage"
Census_ASM_PxI,2034200000,BEA_2017_Code,332999,,"NAICS_2012_Code; weight 1.000; Manufacturing of permanent magnets, excluding ceramic permanent magnets"
Census_ASM_PxI,2034225000,BEA_2017_Code,33451A,,"NAICS_2007_Code; weight 1.000; Manufacturing of commercial timing mechanisms, watch and clock parts"
Census_ASM_PxI,2034225003,BEA_2017_Code,33451A,,"NAICS_2007_Code; weight 1.000; Manufacturing of watchcases, movements and modules (including watch parts)"
Census_ASM_PxI,2034225006,BEA_2017_Code,33451A,,"NAICS_2007_Code; weight 1.000; Manufacturing of watch jewels (including cutting, engraving, and polishing precious stones, semiprecious stones, natural pearls, and cultured pearls)"
Census_ASM_PxI,2034225009,BEA_2017_Code,33451A,,"NAICS_2007_Code; weight 1.000; Manufacturing of commercial timing mechanisms, time stamp machines, clock movements, and modules and chronometers"
Census_ASM_PxI,2034225012,BEA_2017_Code,33451A,,"NAICS_2007_Code; weight 1.000; Manufacturing of coin-operated mechanisms with time switches, including parts"
Census_ASM_PxI,2034225015,BEA_2017_Code,33451A,,"NAICS_2007_Code; weight 1.000; Manufacturing of other clock parts (excluding timing motors), clock and watch springs, and parts and attachments for time recording and time stamp devices"
Census_ASM_PxI,2034250000,BEA_2017_Code,3219A0,,NAICS_2012_Code; weight 1.000; Manufacturing of wood handles
Census_ASM_PxI,2034250003,BEA_2017_Code,3219A0,,"NAICS_2012_Code; weight 1.000; Manufacturing of wood broom, mop, and paintbrush handles"
Census_ASM_PxI,2034250006,BEA_2017_Code,3219A0,,"NAICS_2012_Code; weight 1.000; Manufacturing of wood striking tool handles (axe, pick, hammer, etc.)"
Census_ASM_PxI,2034250009,BEA_2017_Code,3219A0,,"NAICS_2012_Code; weight 1.000; Manufacturing of other wood handtool handles, including spade, shovel, rake, scythe, and other mechanics (farm, garden, household, etc.)"
Census_ASM_PxI,2034250012,BEA_2017_Code,3219A0,,"NAICS_2012_Code; weight 1.000; Manufacturing of other wood handles, wood tools, tool bodies, and backs for brooms, mops, and brushes"
Census_ASM_PxI,2034275000,BEA_2017_Code,3219A0,,"NAICS_2012_Code; weight 1.000; Manufacturing of wood dowels and dowel pins (planed or sanded, grooved, or otherwise advanced in condition)"
Census_ASM_PxI,2034300000,BEA_2017_Code,332500,,"NAICS_2012_Code; weight 1.000; Manufacturing of miscellaneous hardware (excluding automotive, construction, and household appliance)"
Census_ASM_PxI,2034300003,BEA_2017_Code,332500,,NAICS_2012_Code; weight 1.000; Manufacturing of casket and casket shell hardware
Census_ASM_PxI,2034300006,BEA_2017_Code,332500,,NAICS_2012_Code; weight 1.000; Manufacturing of casters and wheels for dollies and industrial handtrucks
Census_ASM_PxI,2034300015,BEA_2017_Code,332500,,"NAICS_2012_Code; weight 1.000; Manufacturing of other hardware, including saddlery and harness hardware (excluding drapery hardware)"
Census_ASM_PxI,2034325000,BEA_2017_Code,339112,,NAICS_2012_Code; weight 1.000; Manufacturing of parts for surgical and medical apparatus and instruments
Census_ASM_PxI,2034350000,BEA_2017_Code,339115,,"NAICS_2012_Code; weight 1.000; Manufacturing of ophthalmic focal lenses, prescription, ground, excluding retailing prescription eyeglasses in combination with the grinding of the eyeglass lenses to order on the premises"
Census_ASM_PxI,2034375000,BEA_2017_Code,339910,,"NAICS_2007_Code; weight 1.000; Manufacturing of jewelers' findings and materials, precious metal (excluding gold, platinum, and silver plated to nonprecious metal)"
Census_ASM_PxI,2034400000,BEA_2017_Code,339910,,"NAICS_2007_Code; weight 1.000; Manufacturing of other jewelers' findings and materials, including gold, platinum, and silver plated to nonprecious metal"
Census_ASM_PxI,2034425000,BEA_2017_Code,3219A0,,NAICS_2012_Code; weight 1.000; Manufacturing of finished wood moldings for mirrors and pictures
Census_ASM_PxI,2034450000,BEA_2017_Code,311119,,"NAICS_2012_Code; weight 1.000; Manufacturing of chicken and turkey feed, supplements, concentrates, and premixes"
Census_ASM_PxI,2034475000,BEA_2017_Code,311119,,"NAICS_2012_Code; weight 1.000; Manufacturing of complete dairy cattle feed, supplements, concentrates, and premixes"
Census_ASM_PxI,2034500000,BEA_2017_Code,311119,,"NAICS_2012_Code; weight 1.000; Manufacturing of complete swine feed, supplements, concentrates, and premixes"
Census_ASM_PxI,2034525000,BEA_2017_Code,311119,,"NAICS_2012_Code; weight 1.000; Manufacturing of complete beef cattle feed, supplements, concentrates, and premixes"
Census_ASM_PxI,2034550000,BEA_2017_Code,311119,,NAICS_2012_Code; weight 1.000; Manufacturing of other poultry and livestock feed
Census_ASM_PxI,2034550003,BEA_2017_Code,311119,,"NAICS_2012_Code; weight 1.000; Manufacturing of other poultry complete feed, supplements, concentrates, premixes (duck, etc.)"
Census_ASM_PxI,2034550006,BEA_2017_Code,311119,,"NAICS_2012_Code; weight 1.000; Manufacturing of horse and mule complete feed, supplements, concentrates, premixes (feed-base)"
Census_ASM_PxI,2034550009,BEA_2017_Code,311119,,"NAICS_2012_Code; weight 1.000; Manufacturing of other livestock (sheep, etc.) complete feed, supplements, concentrates, premixes (feed-base)"
Census_ASM_PxI,2034575000,BEA_2017_Code,311119,,"NAICS_2012_Code; weight 1.000; Manufacturing of other prepared animal feeds, including feeding materials and adjuncts"
Census_ASM_PxI,2034575003,BEA_2017_Code,311119,,"NAICS_2012_Code; weight 1.000; Manufacturing of grain and mineral mixture animal feed, excluding cornmeal"
Census_ASM_PxI,2034575006,BEA_2017_Code,311119,,"NAICS_2012_Code; weight 1.000; Manufacturing of dehydrated, sun cured, and cubed alfalfa meal animal feed"
Census_ASM_PxI,2034600000,BEA_2017_Code,311119,,"NAICS_2012_Code; weight 1.000; Manufacturing of specialty fur animal (mink, fox, rabbit, etc.) feed"
Census_ASM_PxI,2034625000,BEA_2017_Code,325310,,"NAICS_2012_Code; weight 1.000; Manufacturing of synthetic ammonia, nitric acid, and ammonium compounds"
Census_ASM_PxI,2034625003,BEA_2017_Code,325310,,NAICS_2012_Code; weight 1.000; Manufacturing of nitric acid
Census_ASM_PxI,2034625006,BEA_2017_Code,325310,,NAICS_2012_Code; weight 1.000; Manufacturing of synthetic ammonia for fertilizer use
Census_ASM_PxI,2034625009,BEA_2017_Code,325310,,NAICS_2012_Code; weight 1.000; Manufacturing of anhydrous synthetic ammonia for other uses
Census_ASM_PxI,2034625012,BEA_2017_Code,325310,,"NAICS_2012_Code; weight 1.000; Manufacturing of ammonium nitrate, original melt liquor, consumed in the manufacture of other nitrogen solutions (CAN17, AN20, ANN)"
Census_ASM_PxI,2034625015,BEA_2017_Code,325310,,"NAICS_2012_Code; weight 1.000; Manufacturing of ammonium nitrate, original melt liquor, consumed in the manufacture of urea-ammonium nitrate solutions"
Census_ASM_PxI,2034625018,BEA_2017_Code,325310,,"NAICS_2012_Code; weight 1.000; Manufacturing of ammonium nitrate, original melt liquor, all other (high and low density prill granular and grained, liquor sales, production loss, other)"
Census_ASM_PxI,2034625021,BEA_2017_Code,325310,,"NAICS_2012_Code; weight 1.000; Manufacturing of ammonium sulfate (synthetic and byproduct, other than coke oven)"
Census_ASM_PxI,2034625024,BEA_2017_Code,325310,,"NAICS_2012_Code; weight 1.000; Manufacturing of nitrogen solutions, including mixtures, UAN solutions (ammonium nitrate/urea solutions)"
Census_ASM_PxI,2034625027,BEA_2017_Code,325310,,"NAICS_2012_Code; weight 1.000; Manufacturing of all other nitrogen solutions, including mixtures,  (CAN17, AN20, AAN, other) and solutions containing free ammonia"
Census_ASM_PxI,2034650000,BEA_2017_Code,325310,,NAICS_2012_Code; weight 1.000; Manufacturing of urea
Census_ASM_PxI,2034675000,BEA_2017_Code,325310,,"NAICS_2012_Code; weight 1.000; Manufacturing of fertilizer materials of organic origin, including activated sewage sludge, processed tankage, and other natural fertilizer materials"
Census_ASM_PxI,2034700000,BEA_2017_Code,325310,,NAICS_2012_Code; weight 1.000; Manufacturing of superphosphates and other phosphatic fertilizer materials
Census_ASM_PxI,2034700003,BEA_2017_Code,325310,,"NAICS_2012_Code; weight 1.000; Manufacturing of monoammonium phosphates, phosphoric oxide content"
Census_ASM_PxI,2034700006,BEA_2017_Code,325310,,"NAICS_2012_Code; weight 1.000; Manufacturing of diammonium phosphates, phosphoric oxide content"
Census_ASM_PxI,2034700009,BEA_2017_Code,325310,,"NAICS_2012_Code; weight 1.000; Manufacturing of other ammonium phosphates, phosphoric oxide content"
Census_ASM_PxI,2034725000,BEA_2017_Code,325310,,"NAICS_2012_Code; weight 1.000; Manufacturing of mixed fertilizers, dry"
Census_ASM_PxI,2034725003,BEA_2017_Code,325310,,"NAICS_2012_Code; weight 1.000; Manufacturing of mixed fertilizers, dry, shipped in packages, tablets, and similar forms, gross weight less than or equal to 22 lb (10 kg)"
Census_ASM_PxI,2034725006,BEA_2017_Code,325310,,"NAICS_2012_Code; weight 1.000; Manufacturing of mixed fertilizers, dry, shipped in bulk"
Census_ASM_PxI,2034725009,BEA_2017_Code,325310,,"NAICS_2012_Code; weight 1.000; Manufacturing of mixed fertilizers, dry, shipped in bags, gross weight of 22 lb (10 kg) or more"
Census_ASM_PxI,2034725012,BEA_2017_Code,325310,,"NAICS_2012_Code; weight 1.000; Manufacturing of other mixed fertilizers, dry (including potting soil and mixed with chemicals and other materials for decay control, and mixed plant foods)"
Census_ASM_PxI,2034750000,BEA_2017_Code,325310,,"NAICS_2012_Code; weight 1.000; Manufacturing of mixed fertilizers, liquid"
Census_ASM_PxI,2034775000,BEA_2017_Code,325310,,NAICS_2012_Code; weight 1.000; Manufacturing of compost
Census_ASM_PxI,2034825000,BEA_2017_Code,325190,,"NAICS_2012_Code; weight 1.000; Manufacturing of bulk pesticides and other bulk synthetic organic agricultural chemicals, excluding preparations"
Census_ASM_PxI,2034850000,BEA_2017_Code,325320,,NAICS_2012_Code; weight 1.000; Manufacturing of agricultural and commercial pesticides and chemicals
Census_ASM_PxI,2034875000,BEA_2017_Code,325320,,NAICS_2012_Code; weight 1.000; Manufacturing of lawn and garden pesticides and chemicals
Census_ASM_PxI,2034900000,BEA_2017_Code,325320,,NAICS_2012_Code; weight 1.000; Manufacturing of household and institutional pesticides and chemicals
Census_ASM_PxI,2034900003,BEA_2017_Code,325320,,"NAICS_2012_Code; weight 1.000; Manufacturing of household and institutional pesticides and chemicals, personal insect repellents, aerosols"
Census_ASM_PxI,2034900006,BEA_2017_Code,325320,,"NAICS_2012_Code; weight 1.000; Manufacturing of household and institutional pesticides and chemicals, personal insect repellents, liquids"
Census_ASM_PxI,2034900009,BEA_2017_Code,325320,,"NAICS_2012_Code; weight 1.000; Manufacturing of household and institutional pesticides and chemicals, personal insect repellents, all other"
Census_ASM_PxI,2034900012,BEA_2017_Code,325320,,NAICS_2012_Code; weight 1.000; Manufacturing of household and institutional pesticides and chemicals (excluding personal insect repellents)
Census_ASM_PxI,2034925000,BEA_2017_Code,332320,,"NAICS_2012_Code; weight 1.000; Manufacturing of metal studs, nonload and load-bearing (iron, steel, and aluminum)"
Census_ASM_PxI,2034950000,BEA_2017_Code,332310,,"NAICS_2012_Code; weight 1.000; Manufacturing of fabricated steel plate pipe, penstocks, tunnel lining, stacks, and breeching"
Census_ASM_PxI,2034975000,BEA_2017_Code,33131B,,"NAICS_2007_Code; weight 1.000; Manufacturing of extruded aluminum and aluminum-alloy, rod, bar, and other extruded shapes"
Census_ASM_PxI,2035000000,BEA_2017_Code,33131B,,NAICS_2007_Code; weight 1.000; Manufacturing of rolled aluminum rod and bar (including continuous cast)
Census_ASM_PxI,2035025000,BEA_2017_Code,332310,,"NAICS_2012_Code; weight 1.000; Manufacturing of fabricated structural iron and steel for industrial buildings, metal bar joists, short span (open web)"
Census_ASM_PxI,2035050000,BEA_2017_Code,332310,,"NAICS_2012_Code; weight 1.000; Manufacturing of fabricated structural iron, steel, and aluminum for commercial, residential, institutional, and public buildings, including metal bar joists, long span, and metal concrete reinforcing bars"
Census_ASM_PxI,2035075000,BEA_2017_Code,332310,,NAICS_2012_Code; weight 1.000; Manufacturing of fabricated structural metal for bridges
Census_ASM_PxI,2035100000,BEA_2017_Code,332310,,"NAICS_2012_Code; weight 1.000; Manufacturing of fabricated structural iron and steel for construction, and fabricated structural metal and aluminum"
Census_ASM_PxI,2035100003,BEA_2017_Code,332310,,"NAICS_2012_Code; weight 1.000; Manufacturing of fabricated structural iron and steel for transmission towers, substations, radio antenna towers, and supporting structures"
Census_ASM_PxI,2035100006,BEA_2017_Code,332310,,NAICS_2012_Code; weight 1.000; Manufacturing of fabricated structural iron and steel for offshore oil and gas platforms
Census_ASM_PxI,2035100009,BEA_2017_Code,332310,,NAICS_2012_Code; weight 1.000; Manufacturing of fabricated structural iron and steel for tunneling and subway work
Census_ASM_PxI,2035100012,BEA_2017_Code,332310,,NAICS_2012_Code; weight 1.000; Manufacturing of other fabricated structural iron and steel for construction
Census_ASM_PxI,2035100015,BEA_2017_Code,332310,,"NAICS_2012_Code; weight 1.000; Manufacturing of fabricated structural aluminum for ships, boats, barges, transmission towers, and other structures"
Census_ASM_PxI,2035100018,BEA_2017_Code,332310,,"NAICS_2012_Code; weight 1.000; Manufacturing of fabricated structural metal other than iron, steel, or aluminum"
Census_ASM_PxI,2035125000,BEA_2017_Code,332310,,NAICS_2012_Code; weight 1.000; Manufacturing of weldments and fabricated steel plate for construction and mining
Census_ASM_PxI,2035150000,BEA_2017_Code,327330,,"NAICS_2012_Code; weight 1.000; Manufacturing of structural block, lightweight units (units made with concrete weighing less than 105 lb per cubic foot) (dry weight)"
Census_ASM_PxI,2035175000,BEA_2017_Code,327330,,"NAICS_2012_Code; weight 1.000; Manufacturing of structural block, medium weight units (units made with concrete weighing at least 105 lb but less than 125 lb per cubic foot) (dry weight)"
Census_ASM_PxI,2035200000,BEA_2017_Code,327330,,"NAICS_2012_Code; weight 1.000; Manufacturing of structural block, normal weight units (units made with concrete weighing at least 125 lb per cubic foot) (dry weight)"
Census_ASM_PxI,2035225000,BEA_2017_Code,327390,,"NAICS_2012_Code; weight 1.000; Manufacturing of precast concrete slabs and tile, roof and floor units"
Census_ASM_PxI,2035250000,BEA_2017_Code,327390,,NAICS_2012_Code; weight 1.000; Manufacturing of precast concrete architectural wall panels
Census_ASM_PxI,2035275000,BEA_2017_Code,327390,,"NAICS_2012_Code; weight 1.000; Manufacturing of precast concrete products, excluding burial vaults and boxes, concrete slabs and tile, and architectural wall panels"
Census_ASM_PxI,2035275003,BEA_2017_Code,327390,,"NAICS_2012_Code; weight 1.000; Manufacturing of precast concrete joists and beams, roof and floor units"
Census_ASM_PxI,2035275006,BEA_2017_Code,327390,,"NAICS_2012_Code; weight 1.000; Manufacturing of precast concrete piling, posts, and poles"
Census_ASM_PxI,2035275009,BEA_2017_Code,327390,,"NAICS_2012_Code; weight 1.000; Manufacturing of precast concrete stone products for architectural purposes (excluding architectural wall panels, such as window sills, ashlar, etc.)"
Census_ASM_PxI,2035275012,BEA_2017_Code,327390,,"NAICS_2012_Code; weight 1.000; Manufacturing of septic tanks, precast concrete"
Census_ASM_PxI,2035275015,BEA_2017_Code,327390,,NAICS_2012_Code; weight 1.000; Manufacturing of other precast concrete products
Census_ASM_PxI,2035300000,BEA_2017_Code,327390,,NAICS_2012_Code; weight 1.000; Manufacturing of prestressed concrete bridge beams
Census_ASM_PxI,2035325000,BEA_2017_Code,327390,,NAICS_2012_Code; weight 1.000; Manufacturing of prestressed concrete solid and hollow cored slabs and panels
Census_ASM_PxI,2035350000,BEA_2017_Code,327390,,"NAICS_2012_Code; weight 1.000; Manufacturing of prestressed concrete products, excluding bridge beams and solid and hollow-cored slabs and panels"
Census_ASM_PxI,2035350003,BEA_2017_Code,327390,,"NAICS_2012_Code; weight 1.000; Manufacturing of prestressed concrete single tees, double tees, and channels"
Census_ASM_PxI,2035350006,BEA_2017_Code,327390,,"NAICS_2012_Code; weight 1.000; Manufacturing of prestressed concrete piling, bearing piles, and sheet piles"
Census_ASM_PxI,2035350009,BEA_2017_Code,327390,,"NAICS_2012_Code; weight 1.000; Manufacturing of prestressed concrete joists, girders, and beams (other than bridge beams)"
Census_ASM_PxI,2035350012,BEA_2017_Code,327390,,"NAICS_2012_Code; weight 1.000; Manufacturing of other prestressed concrete products (including arches, columns, etc.)"
Census_ASM_PxI,2035375000,BEA_2017_Code,321100,,"NAICS_2012_Code; weight 0.500; Manufacturing of softwood dressed lumber, less than 2 inches in nominal thickness, not edge worked"
Census_ASM_PxI,2035375000,BEA_2017_Code,321910,,"NAICS_2012_Code; weight 0.500; Manufacturing of softwood dressed lumber, less than 2 inches in nominal thickness, not edge worked"
Census_ASM_PxI,2035400000,BEA_2017_Code,321100,,"NAICS_2012_Code; weight 0.500; Manufacturing of softwood dressed 2-inch lumber, 2 inches in nominal thickness only, not edge worked"
Census_ASM_PxI,2035400000,BEA_2017_Code,321910,,"NAICS_2012_Code; weight 0.500; Manufacturing of softwood dressed 2-inch lumber, 2 inches in nominal thickness only, not edge worked"
Census_ASM_PxI,2035425000,BEA_2017_Code,321100,,"NAICS_2012_Code; weight 0.500; Manufacturing of softwood dressed lumber and timbers, more than 2 inches in nominal thickness, not edge worked"
Census_ASM_PxI,2035425000,BEA_2017_Code,321910,,"NAICS_2012_Code; weight 0.500; Manufacturing of softwood dressed lumber and timbers, more than 2 inches in nominal thickness, not edge worked"
Census_ASM_PxI,2035450000,BEA_2017_Code,321100,,"NAICS_2012_Code; weight 1.000; Manufacturing of other wood products, treated"
Census_ASM_PxI,2035450003,BEA_2017_Code,321100,,"NAICS_2012_Code; weight 1.000; Manufacturing of rough and dressed lumber, not edged worked, treated with chemicals"
Census_ASM_PxI,2035450006,BEA_2017_Code,321100,,"NAICS_2012_Code; weight 1.000; Manufacturing of wood siding, flooring, and other edge worked lumber, treated"
Census_ASM_PxI,2035475000,BEA_2017_Code,321200,,NAICS_2012_Code; weight 1.000; Manufacturing of laminated veneer lumber
Census_ASM_PxI,2035500000,BEA_2017_Code,321200,,"NAICS_2012_Code; weight 1.000; Manufacturing of other engineered structural wood members, excluding trusses and laminated veneer lumber (including glued laminated timber, beams, wood I-joists, I-beams)"
Census_ASM_PxI,2035525000,BEA_2017_Code,321200,,NAICS_2012_Code; weight 1.000; Manufacturing of wood trusses (all types)
Census_ASM_PxI,2035550000,BEA_2017_Code,321100,,"NAICS_2012_Code; weight 1.000; Manufacturing of railway crossties, mine ties, switch ties, and bridge ties, treated"
Census_ASM_PxI,2035575000,BEA_2017_Code,321100,,NAICS_2012_Code; weight 1.000; Manufacturing of railway crossties and mine ties (untreated)
Census_ASM_PxI,2035600000,BEA_2017_Code,321100,,"NAICS_2012_Code; weight 1.000; Manufacturing of wood poles, piles, and posts, treated"
Census_ASM_PxI,2035625000,BEA_2017_Code,321100,,"NAICS_2012_Code; weight 1.000; Manufacturing of plywood and sawn wood fence pickets, paling, and rails, treated"
Census_ASM_PxI,2035650000,BEA_2017_Code,321910,,"NAICS_2012_Code; weight 1.000; Manufacturing of sawn wood fence pickets, posts, and rails not assembled into fence sections"
Census_ASM_PxI,2035675000,BEA_2017_Code,3219A0,,"NAICS_2012_Code; weight 1.000; Manufacturing of wood fence pickets, posts, and rails assembled into fence sections"
Census_ASM_PxI,2035700000,BEA_2017_Code,327330,,"NAICS_2012_Code; weight 1.000; Manufacturing of decorative block (including screen block, split block, slump block, shadowal block, etc.)"
Census_ASM_PxI,2035725000,BEA_2017_Code,327330,,"NAICS_2012_Code; weight 1.000; Manufacturing of concrete pavers (including grid, interlocking, etc.)"
Census_ASM_PxI,2035750000,BEA_2017_Code,327330,,NAICS_2012_Code; weight 1.000; Manufacturing of concrete brick
Census_ASM_PxI,2035775000,BEA_2017_Code,327100,,NAICS_2007_Code; weight 1.000; Manufacturing of building or common brick
Census_ASM_PxI,2035800000,BEA_2017_Code,327100,,"NAICS_2007_Code; weight 1.000; Manufacturing of glazed brick and other brick (paving, floor, and sewer)"
Census_ASM_PxI,2035800003,BEA_2017_Code,327100,,"NAICS_2007_Code; weight 1.000; Manufacturing of other brick (paving, floor, and sewer)"
Census_ASM_PxI,2035800006,BEA_2017_Code,327100,,NAICS_2007_Code; weight 1.000; Manufacturing of glazed brick and structural hollow tile
Census_ASM_PxI,2035900000,BEA_2017_Code,327991,,"NAICS_2012_Code; weight 1.000; Manufacturing of monumental stone, dressed dimension granite (including gneiss, syenite, diorite, and cut granite)"
Census_ASM_PxI,2035925000,BEA_2017_Code,327991,,"NAICS_2012_Code; weight 1.000; Manufacturing of building stone and other dressed dimension granite products, excluding monumental stone"
Census_ASM_PxI,2035950000,BEA_2017_Code,327991,,"NAICS_2012_Code; weight 1.000; Manufacturing of dressed dimension limestone (including dolomite, travertine, calcareous, tufa, and cut limestone)"
Census_ASM_PxI,2035975000,BEA_2017_Code,327991,,NAICS_2012_Code; weight 1.000; Manufacturing of dressed dimension marble and other stone
Census_ASM_PxI,2035975003,BEA_2017_Code,327991,,"NAICS_2012_Code; weight 1.000; Manufacturing of dressed dimension building stone, monumental stone, and other marble products"
Census_ASM_PxI,2035975006,BEA_2017_Code,327991,,"NAICS_2012_Code; weight 1.000; Manufacturing of other dressed dimension stone (including slate, sandstone, gabbro, basalt, etc.), and other dressed dimension stone products"
Census_ASM_PxI,2036000000,BEA_2017_Code,327100,,"NAICS_2007_Code; weight 1.000; Manufacturing of clay floor and wall tile, glazed and unglazed (including ceramic mosaic tile)"
Census_ASM_PxI,2036000003,BEA_2017_Code,327100,,NAICS_2007_Code; weight 1.000; Manufacturing of glazed floor and wall tile having a facial area greater than or equal to 6 square inches and less than 59 square inches
Census_ASM_PxI,2036000006,BEA_2017_Code,327100,,NAICS_2007_Code; weight 1.000; Manufacturing of glazed floor and wall tile having a facial area greater than or equal to 59 square inches
Census_ASM_PxI,2036000009,BEA_2017_Code,327100,,NAICS_2007_Code; weight 1.000; Manufacturing of glazed and unglazed ceramic mosaic tile having a facial area less than 6 square inches
Census_ASM_PxI,2036000012,BEA_2017_Code,327100,,"NAICS_2007_Code; weight 1.000; Manufacturing of unglazed tile, including unglazed quarry tile having a facial area greater than or equal to 6 square inches"
Census_ASM_PxI,2036025000,BEA_2017_Code,331110,,NAICS_2007_Code; weight 1.000; Manufacturing of carbon steel concrete reinforcing bars
Census_ASM_PxI,2036030000,BEA_2017_Code,321200,,NAICS_2012_Code; weight 1.000; Manufacturing of wood sheathing products
Census_ASM_PxI,2036030003,BEA_2017_Code,321200,,NAICS_2012_Code; weight 1.000; Manufacturing of cellulosic fiberboard (insulating board)
Census_ASM_PxI,2036030006,BEA_2017_Code,321200,,"NAICS_2012_Code; weight 1.000; Manufacturing of softwood plywood products (rough, sanded, and specialties)"
Census_ASM_PxI,2036030009,BEA_2017_Code,321200,,"NAICS_2012_Code; weight 1.000; Manufacturing of hardwood plywood, excluding prefinished hardwood plywood"
Census_ASM_PxI,2036030012,BEA_2017_Code,321200,,NAICS_2012_Code; weight 1.000; Manufacturing of waferboard and oriented strandboard
Census_ASM_PxI,2036050000,BEA_2017_Code,324122,,NAICS_2012_Code; weight 1.000; Manufacturing of roofing asphalt
Census_ASM_PxI,2036075000,BEA_2017_Code,324122,,NAICS_2012_Code; weight 1.000; Manufacturing of fibrated and nonfibrated asphaltic roofing coatings
Census_ASM_PxI,2036075003,BEA_2017_Code,324122,,NAICS_2012_Code; weight 1.000; Manufacturing of fibrated asphaltic roofing coatings
Census_ASM_PxI,2036075006,BEA_2017_Code,324122,,NAICS_2012_Code; weight 1.000; Manufacturing of nonfibrated asphaltic roofing coatings
Census_ASM_PxI,2036100000,BEA_2017_Code,324122,,"NAICS_2012_Code; weight 1.000; Manufacturing of other roofing asphalts and pitches, coatings, and cements"
Census_ASM_PxI,2036100003,BEA_2017_Code,324122,,NAICS_2012_Code; weight 1.000; Manufacturing of asphaltic roofing cements
Census_ASM_PxI,2036100006,BEA_2017_Code,324122,,"NAICS_2012_Code; weight 1.000; Manufacturing of other roofing asphalts and pitches, coatings, and cements, including coal tar base coatings, cements, and roofing pitch"
Census_ASM_PxI,2036125000,BEA_2017_Code,324122,,"NAICS_2012_Code; weight 1.000; Manufacturing of asphalt smooth-surfaced roll roofing and cap sheets, organic and fiberglass base"
Census_ASM_PxI,2036125003,BEA_2017_Code,324122,,"NAICS_2012_Code; weight 1.000; Manufacturing of asphalt smooth-surfaced roll roofing and cap sheets, organic base"
Census_ASM_PxI,2036125006,BEA_2017_Code,324122,,"NAICS_2012_Code; weight 1.000; Manufacturing of asphalt smooth-surfaced roll roofing and cap sheets, fiberglass base"
Census_ASM_PxI,2036150000,BEA_2017_Code,324122,,"NAICS_2012_Code; weight 1.000; Manufacturing of asphalt mineral-surfaced roll roofing and cap sheets, organic and fiberglass base"
Census_ASM_PxI,2036150003,BEA_2017_Code,324122,,"NAICS_2012_Code; weight 1.000; Manufacturing of asphalt mineral-surfaced roll roofing and cap sheets, organic base"
Census_ASM_PxI,2036150006,BEA_2017_Code,324122,,"NAICS_2012_Code; weight 1.000; Manufacturing of asphalt mineral-surfaced roll roofing and cap sheets, fiberglass base"
Census_ASM_PxI,2036175000,BEA_2017_Code,324122,,"NAICS_2012_Code; weight 1.000; Manufacturing of asphalt strip shingles, organic base (excluding laminated), all weights"
Census_ASM_PxI,2036175003,BEA_2017_Code,324122,,"NAICS_2012_Code; weight 1.000; Manufacturing of asphalt strip shingles, organic base (excluding laminated), 235 to 240 lb-sales sq"
Census_ASM_PxI,2036175006,BEA_2017_Code,324122,,"NAICS_2012_Code; weight 1.000; Manufacturing of asphalt strip shingles, organic base (excluding laminated), all other weights"
Census_ASM_PxI,2036200000,BEA_2017_Code,324122,,"NAICS_2012_Code; weight 1.000; Manufacturing of asphalt strip shingles, inorganic base (excluding laminated), 215 to 235 lb-sales sq"
Census_ASM_PxI,2036225000,BEA_2017_Code,324122,,"NAICS_2012_Code; weight 1.000; Manufacturing of asphalt strip shingles, inorganic base (excluding laminated), all other weights"
Census_ASM_PxI,2036250000,BEA_2017_Code,324122,,"NAICS_2012_Code; weight 1.000; Manufacturing of laminated or multilayered asphalt strip shingles, and individual shingles"
Census_ASM_PxI,2036250003,BEA_2017_Code,324122,,"NAICS_2012_Code; weight 1.000; Manufacturing of laminated or multilayered asphalt strip shingles, organic or inorganic base"
Census_ASM_PxI,2036250006,BEA_2017_Code,324122,,"NAICS_2012_Code; weight 1.000; Manufacturing of asphalt and tar individual shingles, organic or inorganic base, all styles"
Census_ASM_PxI,2036275000,BEA_2017_Code,324122,,NAICS_2012_Code; weight 1.000; Manufacturing of other prepared asphalt and tar products for roofing and siding
Census_ASM_PxI,2036275003,BEA_2017_Code,324122,,NAICS_2012_Code; weight 1.000; Manufacturing of asphalt and tar saturated felts and boards for nonbuilding use
Census_ASM_PxI,2036275006,BEA_2017_Code,324122,,"NAICS_2012_Code; weight 1.000; Manufacturing of modified bitumen membranes, styrene butadiene styrene (SBS)"
Census_ASM_PxI,2036275009,BEA_2017_Code,324122,,"NAICS_2012_Code; weight 1.000; Manufacturing of modified bitumen membranes, atactic polypropylene (APP)"
Census_ASM_PxI,2036275012,BEA_2017_Code,324122,,"NAICS_2012_Code; weight 1.000; Manufacturing of saturated asphalt and tar building ply felts, organic base"
Census_ASM_PxI,2036275015,BEA_2017_Code,324122,,"NAICS_2012_Code; weight 1.000; Manufacturing of saturated asphalt and tar building ply felts, fiberglass base"
Census_ASM_PxI,2036275018,BEA_2017_Code,324122,,"NAICS_2012_Code; weight 1.000; Manufacturing of other saturated asphalt and tar building felts, organic base"
Census_ASM_PxI,2036275021,BEA_2017_Code,324122,,"NAICS_2012_Code; weight 1.000; Manufacturing of other saturated asphalt and tar building felts, fiberglass base"
Census_ASM_PxI,2036275024,BEA_2017_Code,324122,,NAICS_2012_Code; weight 1.000; Manufacturing of other prepared asphalt and tar products for roofing and siding
Census_ASM_PxI,2036300000,BEA_2017_Code,326190,,"NAICS_2012_Code; weight 1.000; Manufacturing of building and construction reinforced and fiberglass plastics products, excluding piping"
Census_ASM_PxI,2036325000,BEA_2017_Code,326290,,NAICS_2012_Code; weight 1.000; Manufacturing of single-ply rubber membrane roofing
Census_ASM_PxI,2036350000,BEA_2017_Code,332320,,"NAICS_2012_Code; weight 1.000; Manufacturing of aluminum, steel, and other sheet metal roofing, all types, and roof drainage equipment (including eave troughs, etc.)"
Census_ASM_PxI,2036375000,BEA_2017_Code,321100,,"NAICS_2012_Code; weight 1.000; Manufacturing of wood siding, shingles, and shakes"
Census_ASM_PxI,2036375003,BEA_2017_Code,321100,,"NAICS_2012_Code; weight 1.000; Manufacturing of wood siding (weatherboards or clapboards), including drilled or treated, excluding treated with permanent wood preservatives"
Census_ASM_PxI,2036375006,BEA_2017_Code,321100,,NAICS_2012_Code; weight 1.000; Manufacturing of wood shingles and shakes
Census_ASM_PxI,2036400000,BEA_2017_Code,326190,,"NAICS_2012_Code; weight 1.000; Manufacturing of plastics siding and accessories (including soffit, fascia, and skirts) (excluding foam and reinforced plastics)"
Census_ASM_PxI,2036425000,BEA_2017_Code,332320,,"NAICS_2012_Code; weight 1.000; Manufacturing of steel, aluminum and other sheet metal siding (including residential, commercial, industrial, farm buildings, etc.)"
Census_ASM_PxI,2036450000,BEA_2017_Code,326190,,NAICS_2012_Code; weight 1.000; Manufacturing of plastics corrugated and flat panels (excluding foam and reinforced plastics)
Census_ASM_PxI,2036475000,BEA_2017_Code,326140,,NAICS_2012_Code; weight 1.000; Manufacturing of building and construction polystyrene foam products
Census_ASM_PxI,2036500000,BEA_2017_Code,326150,,NAICS_2012_Code; weight 1.000; Manufacturing of building and construction polyurethane foam products
Census_ASM_PxI,2036525000,BEA_2017_Code,326290,,NAICS_2012_Code; weight 1.000; Manufacturing of chemically blown closed cell rubber sponge for construction applications
Census_ASM_PxI,2036550000,BEA_2017_Code,327993,,"NAICS_2012_Code; weight 1.000; Manufacturing of loose fiber (blowing and pouring) (shipped as such) and granulated fiber, mineral wool for thermal and acoustical envelope insulation (for insulating homes and commercial and industrial buildings)"
Census_ASM_PxI,2036575000,BEA_2017_Code,327993,,"NAICS_2012_Code; weight 1.000; Manufacturing of building batts, blankets, and rolls in thermal resistance (R) values R19 or more, mineral wool for thermal and acoustical envelope insulation (for insulating homes and commercial and industrial buildings)"
Census_ASM_PxI,2036600000,BEA_2017_Code,327993,,"NAICS_2012_Code; weight 1.000; Manufacturing of building batts, blankets, and rolls (in thermal resistance (R) values) less than R19, mineral wool for thermal and acoustical envelope insulation (for homes and commercial and industrial buildings)"
Census_ASM_PxI,2036600003,BEA_2017_Code,327993,,"NAICS_2012_Code; weight 1.000; Manufacturing of building batts, blankets, and rolls in thermal resistance (R) values R11 to R18.9, mineral wool for thermal and acoustical envelope insulation (for insulating homes and commercial and industrial buildings)"
Census_ASM_PxI,2036600006,BEA_2017_Code,327993,,"NAICS_2012_Code; weight 1.000; Manufacturing of building batts, blankets, and rolls in thermal resistance (R) values R10.9 or less, mineral wool for thermal and acoustical envelope insulation (for insulating homes and commercial and industrial buildings)"
Census_ASM_PxI,2036625000,BEA_2017_Code,327993,,"NAICS_2012_Code; weight 1.000; Manufacturing of acoustical (wall and ceiling) sold as acoustical insulation, mineral wool for thermal and acoustical envelope insulation (for homes and commercial and industrial buildings)"
Census_ASM_PxI,2036650000,BEA_2017_Code,327993,,NAICS_2012_Code; weight 1.000; Manufacturing of board (including roof insulation) and other mineral wool for thermal and acoustical envelope insulation (for homes and commercial and industrial buildings)
Census_ASM_PxI,2036650003,BEA_2017_Code,327993,,"NAICS_2012_Code; weight 1.000; Manufacturing of board (such as roof insulation), mineral wool for thermal and acoustical envelope insulation (for homes and commercial and industrial buildings)"
Census_ASM_PxI,2036650006,BEA_2017_Code,327993,,NAICS_2012_Code; weight 1.000; Manufacturing of other mineral wool for thermal and acoustical envelope insulation (for homes and commercial and industrial buildings)
Census_ASM_PxI,2036675000,BEA_2017_Code,313200,,NAICS_2012_Code; weight 1.000; Manufacturing of housewraps
Census_ASM_PxI,2036675003,BEA_2017_Code,313200,,"NAICS_2012_Code; weight 1.000; Manufacturing of housewraps, wet laid (excluding paper; woven, knitted or tufted fabrics; and pressed, punched or woven felts)"
Census_ASM_PxI,2036675006,BEA_2017_Code,313200,,"NAICS_2012_Code; weight 1.000; Manufacturing of housewraps, excluding wet laid (excluding paper; woven, knitted or tufted fabrics; and pressed, punched or woven felts)"
Census_ASM_PxI,2036700000,BEA_2017_Code,321910,,NAICS_2012_Code; weight 1.000; Manufacturing of double hung wood window units
Census_ASM_PxI,2036700003,BEA_2017_Code,321910,,"NAICS_2012_Code; weight 1.000; Manufacturing of double hung wood window units, cladded"
Census_ASM_PxI,2036700006,BEA_2017_Code,321910,,NAICS_2012_Code; weight 1.000; Manufacturing of other double hung wood window units
Census_ASM_PxI,2036725000,BEA_2017_Code,321910,,NAICS_2012_Code; weight 1.000; Manufacturing of casement wood window units
Census_ASM_PxI,2036725003,BEA_2017_Code,321910,,"NAICS_2012_Code; weight 1.000; Manufacturing of casement wood window units, cladded"
Census_ASM_PxI,2036725006,BEA_2017_Code,321910,,NAICS_2012_Code; weight 1.000; Manufacturing of other casement wood window units
Census_ASM_PxI,2036750000,BEA_2017_Code,321910,,"NAICS_2012_Code; weight 1.000; Manufacturing of all other wood window units, including horizontal sliding, awning and single hung"
Census_ASM_PxI,2036750003,BEA_2017_Code,321910,,"NAICS_2012_Code; weight 1.000; Manufacturing of horizontal sliding wood window units, cladded"
Census_ASM_PxI,2036750006,BEA_2017_Code,321910,,NAICS_2012_Code; weight 1.000; Manufacturing of other horizontal sliding wood window units
Census_ASM_PxI,2036750009,BEA_2017_Code,321910,,"NAICS_2012_Code; weight 1.000; Manufacturing of all other wood window units, including awning and single hung"
Census_ASM_PxI,2036775000,BEA_2017_Code,321910,,"NAICS_2012_Code; weight 1.000; Manufacturing of wood sash, excluding sash shipped in window units"
Census_ASM_PxI,2036775003,BEA_2017_Code,321910,,"NAICS_2012_Code; weight 1.000; Manufacturing of knockdown and open wood sash, excluding sash shipped in window units"
Census_ASM_PxI,2036775006,BEA_2017_Code,321910,,"NAICS_2012_Code; weight 1.000; Manufacturing of glazed wood sash, excluding sash shipped in window units"
Census_ASM_PxI,2036800000,BEA_2017_Code,321910,,"NAICS_2012_Code; weight 1.000; Manufacturing of wood window and door frames, including door frames shipped in door units, excluding window frames shipped in window units"
Census_ASM_PxI,2036800003,BEA_2017_Code,321910,,"NAICS_2012_Code; weight 1.000; Manufacturing of wood window frames, excluding window frames shipped in window units"
Census_ASM_PxI,2036800006,BEA_2017_Code,321910,,"NAICS_2012_Code; weight 1.000; Manufacturing of wood door frames, including door frames shipped in door units"
Census_ASM_PxI,2036825000,BEA_2017_Code,321910,,"NAICS_2012_Code; weight 1.000; Manufacturing of wood panel, flush, and molded face doors, interior and exterior, including doors with glazed sections"
Census_ASM_PxI,2036825003,BEA_2017_Code,321910,,"NAICS_2012_Code; weight 1.000; Manufacturing of panel Douglas fir doors, interior and exterior, including doors with glazed sections"
Census_ASM_PxI,2036825006,BEA_2017_Code,321910,,"NAICS_2012_Code; weight 1.000; Manufacturing of panel western pine doors, interior and exterior, including doors with glazed sections"
Census_ASM_PxI,2036825009,BEA_2017_Code,321910,,"NAICS_2012_Code; weight 1.000; Manufacturing of other panel wood doors, interior and exterior, including doors with glazed sections"
Census_ASM_PxI,2036825012,BEA_2017_Code,321910,,"NAICS_2012_Code; weight 1.000; Manufacturing of flush, hollow core, softwood faced doors, interior and exterior, including doors with glazed sections"
Census_ASM_PxI,2036825015,BEA_2017_Code,321910,,"NAICS_2012_Code; weight 1.000; Manufacturing of flush, hollow core, hardwood faced doors (including lauan, birch, oak, etc.), interior and exterior, including doors with glazed sections"
Census_ASM_PxI,2036825018,BEA_2017_Code,321910,,"NAICS_2012_Code; weight 1.000; Manufacturing of flush, hollow core, hardboard faced doors, interior and exterior, including doors with glazed sections"
Census_ASM_PxI,2036825021,BEA_2017_Code,321910,,"NAICS_2012_Code; weight 1.000; Manufacturing of flush, hollow core, other faced doors, interior and exterior, including doors with glazed sections"
Census_ASM_PxI,2036825024,BEA_2017_Code,321910,,"NAICS_2012_Code; weight 1.000; Manufacturing of flush, solid wood stave core, hardwood faced doors (including lauan, birch, oak, etc.), interior and exterior, including doors with glazed sections"
Census_ASM_PxI,2036825027,BEA_2017_Code,321910,,"NAICS_2012_Code; weight 1.000; Manufacturing of flush, solid composition core, hardwood faced doors (including lauan, birch, oak, etc.), interior and exterior, including doors with glazed sections"
Census_ASM_PxI,2036825031,BEA_2017_Code,321910,,"NAICS_2012_Code; weight 1.000; Manufacturing of flush, solid core, other faced doors, interior and exterior, including doors with glazed sections"
Census_ASM_PxI,2036825033,BEA_2017_Code,321910,,"NAICS_2012_Code; weight 1.000; Manufacturing of molded face doors, interior and exterior, including doors with glazed sections"
Census_ASM_PxI,2036850000,BEA_2017_Code,321910,,"NAICS_2012_Code; weight 1.000; Manufacturing of other wood doors, including garage, patio, bifold, cabinet, screen, storm, and louver"
Census_ASM_PxI,2036850003,BEA_2017_Code,321910,,NAICS_2012_Code; weight 1.000; Manufacturing of wood garage doors
Census_ASM_PxI,2036850006,BEA_2017_Code,321910,,NAICS_2012_Code; weight 1.000; Manufacturing of wood bifold doors
Census_ASM_PxI,2036850009,BEA_2017_Code,321910,,"NAICS_2012_Code; weight 1.000; Manufacturing of wood patio doors, sliding"
Census_ASM_PxI,2036850012,BEA_2017_Code,321910,,"NAICS_2012_Code; weight 1.000; Manufacturing of wood patio doors, swinging"
Census_ASM_PxI,2036850015,BEA_2017_Code,321910,,NAICS_2012_Code; weight 1.000; Manufacturing of wood cabinet doors
Census_ASM_PxI,2036850018,BEA_2017_Code,321910,,"NAICS_2012_Code; weight 1.000; Manufacturing of other wood doors, including screen, storm, and louver"
Census_ASM_PxI,2036875000,BEA_2017_Code,321910,,NAICS_2012_Code; weight 1.000; Manufacturing of wood moldings
Census_ASM_PxI,2036900000,BEA_2017_Code,326190,,"NAICS_2012_Code; weight 1.000; Manufacturing of plastics doors, partitions, moldings, windows and frames, and decorative trim (excluding foam, hardware, and reinforced plastics)"
Census_ASM_PxI,2036925000,BEA_2017_Code,332320,,"NAICS_2012_Code; weight 1.000; Manufacturing of residential aluminum doors, including garage and closet doors (excluding shower doors, tub enclosures, and storm doors)"
Census_ASM_PxI,2036925003,BEA_2017_Code,332320,,"NAICS_2012_Code; weight 1.000; Manufacturing of swinging residential aluminum doors (excluding shower doors, tub enclosures, and storm doors)"
Census_ASM_PxI,2036925006,BEA_2017_Code,332320,,"NAICS_2012_Code; weight 1.000; Manufacturing of sliding residential aluminum doors (glass, patio-type) (excluding shower doors, tub enclosures, and storm doors)"
Census_ASM_PxI,2036925009,BEA_2017_Code,332320,,"NAICS_2012_Code; weight 1.000; Manufacturing of all other residential aluminum doors, including garage and closet doors (excluding shower doors, tub enclosures, and storm doors)"
Census_ASM_PxI,2036950000,BEA_2017_Code,332320,,"NAICS_2012_Code; weight 1.000; Manufacturing of residential iron, steel and composite doors (excluding garage doors, shower doors, tub enclosures, and storm doors)"
Census_ASM_PxI,2036975000,BEA_2017_Code,332320,,NAICS_2012_Code; weight 1.000; Manufacturing of residential iron and steel garage doors
Census_ASM_PxI,2037000000,BEA_2017_Code,332320,,"NAICS_2012_Code; weight 1.000; Manufacturing of swing and all other commercial, institutional, and industrial aluminum doors (excluding shower doors, tub enclosures, and storm doors)"
Census_ASM_PxI,2037025000,BEA_2017_Code,332320,,"NAICS_2012_Code; weight 1.000; Manufacturing of overhead and sliding commercial and institutional aluminum doors (excluding shower doors, tub enclosures, and storm doors)"
Census_ASM_PxI,2037050000,BEA_2017_Code,332320,,"NAICS_2012_Code; weight 1.000; Manufacturing of overhead, swing, and all other industrial iron and steel doors (including sliding)"
Census_ASM_PxI,2037075000,BEA_2017_Code,332320,,"NAICS_2012_Code; weight 1.000; Manufacturing of overhead, sliding, swing, and all other commercial and institutional iron and steel doors (excluding shower doors, tub enclosures, and storm doors)"
Census_ASM_PxI,2037100000,BEA_2017_Code,332320,,"NAICS_2012_Code; weight 1.000; Manufacturing of aluminum and steel door frames, including trim sold as an integral part of the door frame (excluding storm door frames)"
Census_ASM_PxI,2037125000,BEA_2017_Code,332320,,"NAICS_2012_Code; weight 1.000; Manufacturing of shower doors and tub enclosures (all metals), and other metal doors not made of aluminum or steel"
Census_ASM_PxI,2037150000,BEA_2017_Code,332320,,"NAICS_2012_Code; weight 1.000; Manufacturing of all other metal window awning, skylights, sash, and frames, including jalousie, single- and double-hung frames (excluding storm sash)"
Census_ASM_PxI,2037175000,BEA_2017_Code,332320,,"NAICS_2012_Code; weight 1.000; Manufacturing of all other metal molding, trim, store fronts and curtain walls (including combination of metal)"
Census_ASM_PxI,2037200000,BEA_2017_Code,332320,,"NAICS_2012_Code; weight 1.000; Manufacturing of metal combination screen, storm sash, and storm doors"
Census_ASM_PxI,2037225000,BEA_2017_Code,332320,,NAICS_2012_Code; weight 1.000; Manufacturing of metal window and door screens (excluding combination) and metal weather strip
Census_ASM_PxI,2037250000,BEA_2017_Code,332320,,"NAICS_2012_Code; weight 1.000; Manufacturing of steel and aluminum sheet metal awnings, canopies, carports,  patios, cornices, domes, copings, soffits, fascia, and shutters"
Census_ASM_PxI,2037275000,BEA_2017_Code,327200,,NAICS_2012_Code; weight 1.000; Manufacturing of specialized glass for windows and doors
Census_ASM_PxI,2037275003,BEA_2017_Code,327200,,NAICS_2012_Code; weight 1.000; Manufacturing of rolled and wire glass
Census_ASM_PxI,2037275006,BEA_2017_Code,327200,,NAICS_2012_Code; weight 1.000; Manufacturing of tempered glass for construction and architectural purposes
Census_ASM_PxI,2037275009,BEA_2017_Code,327200,,"NAICS_2012_Code; weight 1.000; Manufacturing of tempered glass for appliances and other uses, excluding for construction, architectural, and automotive purposes"
Census_ASM_PxI,2037275012,BEA_2017_Code,327200,,"NAICS_2012_Code; weight 1.000; Manufacturing of other glass products (including laminated, multi-glazed and sealed insulating glass units, bent, enameled, stained, leaded, faceted, and colored slabs)"
Census_ASM_PxI,2037300000,BEA_2017_Code,327400,,NAICS_2012_Code; weight 1.000; Manufacturing of gypsum plaster building boards and lath
Census_ASM_PxI,2037325000,BEA_2017_Code,327400,,NAICS_2012_Code; weight 1.000; Manufacturing of gypsum building plasters
Census_ASM_PxI,2037350000,BEA_2017_Code,327400,,"NAICS_2012_Code; weight 1.000; Manufacturing of moldings, ornamental and architectural plaster work"
Census_ASM_PxI,2037375000,BEA_2017_Code,337215,,"NAICS_2012_Code; weight 1.000; Manufacturing of partitions, movable (excluding freestanding), prefabricated, assembled and knock-down, excluding office partitions"
Census_ASM_PxI,2037375003,BEA_2017_Code,337215,,"NAICS_2012_Code; weight 1.000; Manufacturing of partitions (excluding custom), wood, prefabricated, assembled and knock-down"
Census_ASM_PxI,2037375006,BEA_2017_Code,337215,,"NAICS_2012_Code; weight 1.000; Manufacturing of partitions, toilet, prefabricated, assembled and knock-down, excluding wood"
Census_ASM_PxI,2037375009,BEA_2017_Code,337215,,"NAICS_2012_Code; weight 1.000; Manufacturing of partitions, movable (excluding freestanding), prefabricated, assembled and knock-down, excluding wood"
Census_ASM_PxI,2037400000,BEA_2017_Code,327400,,NAICS_2012_Code; weight 1.000; Manufacturing of other gypsum products
Census_ASM_PxI,2037400003,BEA_2017_Code,327400,,NAICS_2012_Code; weight 1.000; Manufacturing of other calcined gypsum products
Census_ASM_PxI,2037400006,BEA_2017_Code,327400,,NAICS_2012_Code; weight 1.000; Manufacturing of gypsum industrial plasters
Census_ASM_PxI,2037525000,BEA_2017_Code,332320,,NAICS_2012_Code; weight 1.000; Manufacturing of fabricated sheet metal flooring
Census_ASM_PxI,2037550000,BEA_2017_Code,332320,,"NAICS_2012_Code; weight 1.000; Manufacturing of open iron, steel, and aluminum flooring, grating, and studs for building construction"
Census_ASM_PxI,2037575000,BEA_2017_Code,321910,,"NAICS_2012_Code; weight 1.000; Manufacturing of softwood flooring, edge worked (tongued, grooved, rabbeted, etc.)"
Census_ASM_PxI,2037600000,BEA_2017_Code,321910,,NAICS_2012_Code; weight 1.000; Manufacturing of oak and maple hardwood flooring
Census_ASM_PxI,2037625000,BEA_2017_Code,321910,,NAICS_2012_Code; weight 1.000; Manufacturing of glued laminated hardwood truck trailer flooring and railroad car decking
Census_ASM_PxI,2037650000,BEA_2017_Code,326190,,"NAICS_2012_Code; weight 1.000; Manufacturing of plastics wall and counter coverings, including wall and ceiling tile (excluding acoustical insulation ceiling tiles and foam and reinforced plastics)"
Census_ASM_PxI,2037675000,BEA_2017_Code,326190,,NAICS_2007_Code; weight 1.000; Manufacturing of resilient floor coverings
Census_ASM_PxI,2037675003,BEA_2017_Code,326190,,"NAICS_2007_Code; weight 1.000; Manufacturing of resilient floor covering, sheet flooring, including vinyl and rubber"
Census_ASM_PxI,2037675006,BEA_2017_Code,326190,,"NAICS_2007_Code; weight 1.000; Manufacturing of resilient floor covering, tile, including vinyl, vinyl composition, plain- and adhesive-backed, no-wax, rubber, etc."
Census_ASM_PxI,2037700000,BEA_2017_Code,326290,,"NAICS_2012_Code; weight 1.000; Manufacturing of rubber floormats, excluding automotive"
Census_ASM_PxI,2037700003,BEA_2017_Code,326290,,"NAICS_2012_Code; weight 1.000; Manufacturing of rubber floormats, matting, and stair treads, in rolls"
Census_ASM_PxI,2037700006,BEA_2017_Code,326290,,"NAICS_2012_Code; weight 1.000; Manufacturing of individual rubber floormats and matting (including stair treads), excluding automotive"
Census_ASM_PxI,2037700009,BEA_2017_Code,326290,,"NAICS_2012_Code; weight 1.000; Manufacturing of other rubber floor and wall coverings (including cove base, wainscoting, etc)"
Census_ASM_PxI,2037725000,BEA_2017_Code,314110,,"NAICS_2012_Code; weight 1.000; Manufacturing of carpet and rugs, woven only or woven and finished"
Census_ASM_PxI,2037750000,BEA_2017_Code,314110,,"NAICS_2012_Code; weight 1.000; Manufacturing of carpet and rugs, tufted"
Census_ASM_PxI,2037750003,BEA_2017_Code,314110,,"NAICS_2012_Code; weight 1.000; Manufacturing of washable scatter rugs, bathmats, and sets (6 by 9 foot and smaller), tufted only or tufted and finished"
Census_ASM_PxI,2037750006,BEA_2017_Code,314110,,"NAICS_2012_Code; weight 1.000; Manufacturing of hard-backed nonwashable accent and area rugs (6 by 9 foot and smaller), tufted only or tufted and finished"
Census_ASM_PxI,2037750009,BEA_2017_Code,314110,,"NAICS_2012_Code; weight 1.000; Manufacturing of room-size rugs (larger than 6 by 9 foot), tufted only or tufted and finished"
Census_ASM_PxI,2037750012,BEA_2017_Code,314110,,"NAICS_2012_Code; weight 1.000; Manufacturing of roll carpet and rug goods (6 foot and larger excluding artificial grass), tufted only or tufted and finished"
Census_ASM_PxI,2037750015,BEA_2017_Code,314110,,"NAICS_2012_Code; weight 1.000; Manufacturing of artificial grass for nonathletic surfaces, carpet and rugs, tufted only or tufted and finished"
Census_ASM_PxI,2037750018,BEA_2017_Code,314110,,"NAICS_2012_Code; weight 1.000; Manufacturing of automobile and aircraft carpet and rugs, tufted only or tufted and finished"
Census_ASM_PxI,2037750021,BEA_2017_Code,314110,,"NAICS_2012_Code; weight 1.000; Manufacturing of modular carpet and rug tile, tufted only or tufted and finished"
Census_ASM_PxI,2037750024,BEA_2017_Code,314110,,"NAICS_2012_Code; weight 1.000; Manufacturing of tufted carpet and rugs, finishing only"
Census_ASM_PxI,2037775000,BEA_2017_Code,314900,,"NAICS_2012_Code; weight 1.000; Manufacturing of fabricated carpet and rugs (cut, sewn, and/or bound only)"
Census_ASM_PxI,2037775003,BEA_2017_Code,314900,,"NAICS_2012_Code; weight 1.000; Manufacturing of fabricated carpet and rugs, except fabricated carpet tiles"
Census_ASM_PxI,2037775006,BEA_2017_Code,314900,,"NAICS_2012_Code; weight 1.000; Manufacturing of fabricated carpet tiles, tufted and needle punched"
Census_ASM_PxI,2037825000,BEA_2017_Code,314110,,"NAICS_2012_Code; weight 1.000; Manufacturing of other carpet, rugs, and mats"
Census_ASM_PxI,2037850000,BEA_2017_Code,326290,,NAICS_2012_Code; weight 1.000; Manufacturing of latex foam and chemically blown open cell rubber sponge for carpet and rug cushions
Census_ASM_PxI,2037875000,BEA_2017_Code,326150,,"NAICS_2012_Code; weight 1.000; Manufacturing of polyurethane foam carpet underlay, carpet and rug cushions"
Census_ASM_PxI,2037875003,BEA_2017_Code,326150,,"NAICS_2012_Code; weight 1.000; Manufacturing of polyurethane foam carpet underlay, carpet and rug cushions, prime"
Census_ASM_PxI,2037875006,BEA_2017_Code,326150,,"NAICS_2012_Code; weight 1.000; Manufacturing of polyurethane foam carpet underlay, carpet and rug cushions, bonded"
Census_ASM_PxI,2037900000,BEA_2017_Code,313200,,"NAICS_2012_Code; weight 1.000; Manufacturing of punched or needled felts (including stitch bonded and carpet and rug linings and cushions), hair and/or jute, excluding hats"
Census_ASM_PxI,2037925000,BEA_2017_Code,322220,,"NAICS_2007_Code; weight 1.000; Manufacturing of wallcoverings, paper-coated, fabric-coated, or laminated, including scenic and panel decorations"
Census_ASM_PxI,2037950000,BEA_2017_Code,337110,,"NAICS_2012_Code; weight 1.000; Manufacturing of wood kitchen cabinets and related cabinetwork, stock line, for permanent installation"
Census_ASM_PxI,2037975000,BEA_2017_Code,337110,,"NAICS_2012_Code; weight 1.000; Manufacturing of wood custom kitchen cabinets and related cabinetwork for permanent installation, excluding those sold directly to the customer at retail"
Census_ASM_PxI,2038000000,BEA_2017_Code,337110,,"NAICS_2012_Code; weight 1.000; Manufacturing of wood kitchen cabinet and counter tops, wood and plastics laminated"
Census_ASM_PxI,2038025000,BEA_2017_Code,337110,,"NAICS_2012_Code; weight 1.000; Manufacturing of bathroom vanities and related cabinetwork for permanent installation, excluding those sold directly to the customer at retail"
Census_ASM_PxI,2038050000,BEA_2017_Code,337110,,"NAICS_2012_Code; weight 1.000; Manufacturing of wood bathroom vanity tops, wood and plastics laminated"
Census_ASM_PxI,2038075000,BEA_2017_Code,337110,,"NAICS_2012_Code; weight 1.000; Manufacturing of wood kitchen cabinets, bathroom vanities, and related cabinetwork, custom, for permanent installation, sold directly to the customer at retail"
Census_ASM_PxI,2038100000,BEA_2017_Code,326120,,"NAICS_2012_Code; weight 1.000; Manufacturing of plastics drain, waste, and vent pipe"
Census_ASM_PxI,2038100003,BEA_2017_Code,326120,,"NAICS_2012_Code; weight 1.000; Manufacturing of plastics drain, waste, and vent pipe, PVC"
Census_ASM_PxI,2038100006,BEA_2017_Code,326120,,"NAICS_2012_Code; weight 1.000; Manufacturing of plastics drain, waste, and vent pipe, ABS"
Census_ASM_PxI,2038100009,BEA_2017_Code,326120,,"NAICS_2012_Code; weight 1.000; Manufacturing of plastics drain, waste, and vent pipe, other"
Census_ASM_PxI,2038125000,BEA_2017_Code,326120,,NAICS_2012_Code; weight 1.000; Manufacturing of plastics water pipe
Census_ASM_PxI,2038125003,BEA_2017_Code,326120,,"NAICS_2012_Code; weight 1.000; Manufacturing of plastics water pipe, PVC (pressure pipe) Schedule 40"
Census_ASM_PxI,2038125006,BEA_2017_Code,326120,,"NAICS_2012_Code; weight 1.000; Manufacturing of plastics water pipe, CPVC CTS"
Census_ASM_PxI,2038125009,BEA_2017_Code,326120,,"NAICS_2012_Code; weight 1.000; Manufacturing of plastics water pipe, PE (polyethylene pressure pipe)"
Census_ASM_PxI,2038125012,BEA_2017_Code,326120,,"NAICS_2012_Code; weight 1.000; Manufacturing of plastics water pipe, PEX (crosslinked polyethylene)"
Census_ASM_PxI,2038125015,BEA_2017_Code,326120,,"NAICS_2012_Code; weight 1.000; Manufacturing of plastics water pipe, other"
Census_ASM_PxI,2038150000,BEA_2017_Code,326120,,"NAICS_2012_Code; weight 1.000; Manufacturing of plastics industrial and mining pipe (including chemical processing, food processing)"
Census_ASM_PxI,2038150003,BEA_2017_Code,326120,,"NAICS_2012_Code; weight 1.000; Manufacturing of plastics industrial and mining pipe (including chemical processing, food processing), PVC (pressure pipe) Schedule 80"
Census_ASM_PxI,2038150006,BEA_2017_Code,326120,,"NAICS_2012_Code; weight 1.000; Manufacturing of plastics industrial and mining pipe (including chemical processing, food processing), CPVC Schedule 80"
Census_ASM_PxI,2038150009,BEA_2017_Code,326120,,"NAICS_2012_Code; weight 1.000; Manufacturing of plastics industrial and mining pipe (including chemical processing, food processing), fire sprinkler pipe, CPVC SDR 13.5"
Census_ASM_PxI,2038150012,BEA_2017_Code,326120,,"NAICS_2012_Code; weight 1.000; Manufacturing of plastics industrial and mining pipe (including chemical processing, food processing), all other"
Census_ASM_PxI,2038175000,BEA_2017_Code,326120,,NAICS_2012_Code; weight 1.000; Manufacturing of plastics oil and gas pipe
Census_ASM_PxI,2038200000,BEA_2017_Code,326120,,NAICS_2012_Code; weight 1.000; Manufacturing of other plastics pipe
Census_ASM_PxI,2038200003,BEA_2017_Code,326120,,NAICS_2012_Code; weight 1.000; Manufacturing of fiberglass piping
Census_ASM_PxI,2038200006,BEA_2017_Code,326120,,NAICS_2012_Code; weight 1.000; Manufacturing of other plastics pipe
Census_ASM_PxI,2038225000,BEA_2017_Code,326120,,NAICS_2012_Code; weight 1.000; Manufacturing of plastics pipe fittings and unions
Census_ASM_PxI,2038225003,BEA_2017_Code,326120,,NAICS_2012_Code; weight 1.000; Manufacturing of PVC pipe fittings
Census_ASM_PxI,2038225006,BEA_2017_Code,326120,,NAICS_2012_Code; weight 1.000; Manufacturing of CPVC pipe fittings
Census_ASM_PxI,2038225009,BEA_2017_Code,326120,,NAICS_2012_Code; weight 1.000; Manufacturing of ABS pipe fittings
Census_ASM_PxI,2038225012,BEA_2017_Code,326120,,NAICS_2012_Code; weight 1.000; Manufacturing of PE (polyethylene) pipe fittings
Census_ASM_PxI,2038225015,BEA_2017_Code,326120,,NAICS_2012_Code; weight 1.000; Manufacturing of PEX (crosslinked polyethylene) or composite pipe fittings
Census_ASM_PxI,2038225018,BEA_2017_Code,326120,,NAICS_2012_Code; weight 1.000; Manufacturing of all other plastics pipe fittings and unions
Census_ASM_PxI,2038250000,BEA_2017_Code,331420,,NAICS_2007_Code; weight 1.000; Manufacturing of copper and copper-base alloy plumbing pipe and tube
Census_ASM_PxI,2038275000,BEA_2017_Code,332996,,NAICS_2012_Code; weight 1.000; Manufacturing of fabricated iron and steel pipe and all other nonferrous fabricated pipe and pipe fittings
Census_ASM_PxI,2038300000,BEA_2017_Code,33291A,,"NAICS_2012_Code; weight 1.000; Manufacturing of metal fittings, flanges, and unions for piping systems (iron, copper, copper alloy brass and bronze)"
Census_ASM_PxI,2038325000,BEA_2017_Code,33291A,,"NAICS_2012_Code; weight 1.000; Manufacturing of cast and forged carbon, alloy, stainless steel, and other metal fittings, flanges, and unions"
Census_ASM_PxI,2038325003,BEA_2017_Code,33291A,,NAICS_2012_Code; weight 1.000; Manufacturing of fire hose nozzles
Census_ASM_PxI,2038325006,BEA_2017_Code,33291A,,"NAICS_2012_Code; weight 1.000; Manufacturing of all other cast and forged carbon, alloy, stainless steel, and other metal fittings, flanges, and unions, excluding fire hose nozzles and lawn sprinklers"
Census_ASM_PxI,2038350000,BEA_2017_Code,33291A,,"NAICS_2012_Code; weight 1.000; Manufacturing of metal plumbing and heating valves, including specialties and parts"
Census_ASM_PxI,2038375000,BEA_2017_Code,326190,,"NAICS_2012_Code; weight 1.000; Manufacturing of plastics plumbing fixtures, lavoratories, bathtubs (including wall surrounds when sold as units), shower stalls, hot tubs, spas, whirlpools, sinks, bidets, etc. made of fiberglass (FRP), PVC, ABS, and cultured marble"
Census_ASM_PxI,2038400000,BEA_2017_Code,327100,,"NAICS_2007_Code; weight 1.000; Manufacturing of vitreous plumbing fixtures, vitreous china lavatories, and flush tanks, including all other plumbing accessories and earthenware"
Census_ASM_PxI,2038425000,BEA_2017_Code,332999,,"NAICS_2007_Code; weight 1.000; Manufacturing of enameled iron and metal plumbing fixtures, including portable chemical toilets, water closet tanks, etc."
Census_ASM_PxI,2038450000,BEA_2017_Code,332913,,"NAICS_2012_Code; weight 1.000; Manufacturing of metallic and nonmetallic single lever plumbing fixture controls, two- and three-handle bath and shower fittings, and antiscald bath or shower valves"
Census_ASM_PxI,2038475000,BEA_2017_Code,332913,,"NAICS_2012_Code; weight 1.000; Manufacturing of metallic and nonmetallic lavatory and sink fittings (excluding single control), including drains and overflows"
Census_ASM_PxI,2038500000,BEA_2017_Code,332913,,"NAICS_2012_Code; weight 1.000; Manufacturing of miscellaneous metallic and nonmetallic plumbing fixtures, fittings, and trim"
Census_ASM_PxI,2038525000,BEA_2017_Code,333414,,"NAICS_2012_Code; weight 1.000; Manufacturing of cast iron, aluminum, and other nonferrous metal types of boilers, radiators, and convectors, including baseboard, finned tube, residential, and special types (excluding electric, automotive, and parts)"
Census_ASM_PxI,2038550000,BEA_2017_Code,333414,,"NAICS_2012_Code; weight 1.000; Manufacturing of steel heating boilers (15 psi or less), and all other hot water heating boilers (excluding parts)"
Census_ASM_PxI,2038575000,BEA_2017_Code,333415,,"NAICS_2012_Code; weight 1.000; Manufacturing of warm air furnaces, including duct furnaces and humidifiers, and electric comfort heating"
Census_ASM_PxI,2038575003,BEA_2017_Code,333415,,"NAICS_2012_Code; weight 1.000; Manufacturing of warm air furnaces and humidifiers, oil, forced air, 150,000 Btuh bonnet output and under"
Census_ASM_PxI,2038575006,BEA_2017_Code,333415,,"NAICS_2012_Code; weight 1.000; Manufacturing of warm air furnaces and humidifiers, oil, forced air, 150,001 Btuh bonnet output and over"
Census_ASM_PxI,2038575009,BEA_2017_Code,333415,,"NAICS_2012_Code; weight 1.000; Manufacturing of warm air furnaces and humidifiers,  gas, forced air, 150,000 Btuh bonnet output and under"
Census_ASM_PxI,2038575012,BEA_2017_Code,333415,,"NAICS_2012_Code; weight 1.000; Manufacturing of warm air furnaces and humidifiers,  gas, forced air, 150,001 Btuh bonnet output and over"
Census_ASM_PxI,2038575015,BEA_2017_Code,333415,,NAICS_2012_Code; weight 1.000; Manufacturing of all other electric warm air furnaces
Census_ASM_PxI,2038575018,BEA_2017_Code,333415,,"NAICS_2012_Code; weight 1.000; Manufacturing of humidifiers (attachments to warm air furnaces), all types, including central systems and self-contained (excluding portable humidifiers)"
Census_ASM_PxI,2038600000,BEA_2017_Code,333415,,"NAICS_2012_Code; weight 1.000; Manufacturing of parts for warm air furnaces, including duct furnaces (excluding complete humidifiers)"
Census_ASM_PxI,2038625000,BEA_2017_Code,333414,,"NAICS_2012_Code; weight 1.000; Manufacturing of floor and wall furnaces, unit heaters, gas-fired infrared heaters, and mechanical stokers"
Census_ASM_PxI,2038625003,BEA_2017_Code,333414,,NAICS_2012_Code; weight 1.000; Manufacturing of floor and wall furnaces (gas and oil)
Census_ASM_PxI,2038625006,BEA_2017_Code,333414,,"NAICS_2012_Code; weight 1.000; Manufacturing of gas-fired unit heaters, 400,000 Btu per hour or less"
Census_ASM_PxI,2038625009,BEA_2017_Code,333414,,"NAICS_2012_Code; weight 1.000; Manufacturing of steam and hot water heating element, centrifugal fan-type (blower) and propeller fan-type unit heaters (excluding electric)"
Census_ASM_PxI,2038625012,BEA_2017_Code,333414,,NAICS_2012_Code; weight 1.000; Manufacturing of gas-fired infrared heaters
Census_ASM_PxI,2038625015,BEA_2017_Code,333414,,"NAICS_2012_Code; weight 1.000; Manufacturing of parts for floor and wall furnaces, unit heaters, gas-fired infrared heaters, and mechanical stokers"
Census_ASM_PxI,2038650000,BEA_2017_Code,333414,,"NAICS_2012_Code; weight 1.000; Manufacturing of other heating system products, excluding industrial types (including parts for nonelectric heating equipment and oil burners)"
Census_ASM_PxI,2038650003,BEA_2017_Code,333414,,NAICS_2012_Code; weight 1.000; Manufacturing of oil burners
Census_ASM_PxI,2038650006,BEA_2017_Code,333414,,NAICS_2012_Code; weight 1.000; Manufacturing of parts and attachments for oil burners
Census_ASM_PxI,2038650009,BEA_2017_Code,333414,,"NAICS_2012_Code; weight 1.000; Manufacturing of gas burners and gas conversion burners (including parts), 400,000 Btu per hour or less"
Census_ASM_PxI,2038650012,BEA_2017_Code,333414,,"NAICS_2012_Code; weight 1.000; Manufacturing of gas burners and gas conversion burners (including parts), 400,001 Btu per hour or more"
Census_ASM_PxI,2038650015,BEA_2017_Code,333414,,NAICS_2012_Code; weight 1.000; Manufacturing of parts and attachments for gas burners
Census_ASM_PxI,2038650018,BEA_2017_Code,333414,,NAICS_2012_Code; weight 1.000; Manufacturing of heating unit ventilators (excluding electric)
Census_ASM_PxI,2038650021,BEA_2017_Code,333414,,NAICS_2012_Code; weight 1.000; Manufacturing of solar energy collectors (water or air)
Census_ASM_PxI,2038650024,BEA_2017_Code,333414,,NAICS_2012_Code; weight 1.000; Manufacturing of wall and baseboard heating units for permanent installation
Census_ASM_PxI,2038650027,BEA_2017_Code,333414,,"NAICS_2012_Code; weight 1.000; Manufacturing of parts, accessories, and attachments for wall and baseboard heating units"
Census_ASM_PxI,2038650031,BEA_2017_Code,333414,,"NAICS_2012_Code; weight 1.000; Manufacturing of other heating system products, boilers, expansion tanks, mechanical stokers, nonelectric prefabricated metal fireplaces, electric swimming pool heaters, and direct-fired water heater tanks (including parts)"
Census_ASM_PxI,2038675000,BEA_2017_Code,332320,,"NAICS_2012_Code; weight 1.000; Manufacturing of sheet metal air-conditioning ducts (including dust collection ducts), stove pipe, furnace smoke pipe, and elbows"
Census_ASM_PxI,2038700000,BEA_2017_Code,332320,,"NAICS_2012_Code; weight 1.000; Manufacturing of sheet metal roof ventilators, louvers, and dampers for heating, ventilation, and air conditioning"
Census_ASM_PxI,2038700003,BEA_2017_Code,332320,,NAICS_2012_Code; weight 1.000; Manufacturing of steel and aluminum sheet metal roof ventilators
Census_ASM_PxI,2038700006,BEA_2017_Code,332320,,"NAICS_2012_Code; weight 1.000; Manufacturing of steel sheet metal work for heating, ventilation, and air conditioning"
Census_ASM_PxI,2038700009,BEA_2017_Code,332320,,"NAICS_2012_Code; weight 1.000; Manufacturing of aluminum sheet metal work for heating, ventilation, and air conditioning"
Census_ASM_PxI,2038725000,BEA_2017_Code,332320,,NAICS_2012_Code; weight 1.000; Manufacturing of steel restaurant and hotel kitchen sheet metal equipment
Census_ASM_PxI,2038750000,BEA_2017_Code,332320,,NAICS_2012_Code; weight 1.000; Manufacturing of aluminum and other sheet metal work
Census_ASM_PxI,2038750003,BEA_2017_Code,332320,,NAICS_2012_Code; weight 1.000; Manufacturing of other steel sheet metal work
Census_ASM_PxI,2038750006,BEA_2017_Code,332320,,NAICS_2012_Code; weight 1.000; Manufacturing of other aluminum sheet metal work
Census_ASM_PxI,2038750009,BEA_2017_Code,332320,,NAICS_2012_Code; weight 1.000; Manufacturing of  aluminum restaurant and hotel kitchen sheet metal equipment
Census_ASM_PxI,2038750012,BEA_2017_Code,332320,,NAICS_2012_Code; weight 1.000; Manufacturing of other sheet metal work (metals other than steel and aluminum)
Census_ASM_PxI,2038775000,BEA_2017_Code,333413,,NAICS_2007_Code; weight 1.000; Manufacturing of power roof ventilators and parts
Census_ASM_PxI,2038775003,BEA_2017_Code,333413,,"NAICS_2007_Code; weight 1.000; Manufacturing of axial- and propeller-type power roof ventilators, excluding parts"
Census_ASM_PxI,2038775006,BEA_2017_Code,333413,,"NAICS_2007_Code; weight 1.000; Manufacturing of centrifugal-type power roof ventilators, excluding parts"
Census_ASM_PxI,2038775009,BEA_2017_Code,333413,,NAICS_2007_Code; weight 1.000; Manufacturing of parts for power roof ventilators
Census_ASM_PxI,2038800000,BEA_2017_Code,333413,,"NAICS_2007_Code; weight 1.000; Manufacturing of centrifugal blower-filter units, and classes I-IV centrifugal fans, excluding parts"
Census_ASM_PxI,2038800003,BEA_2017_Code,333413,,NAICS_2007_Code; weight 1.000; Manufacturing of centrifugal classes I and II fans (more than 1 1/2 in. to 6 3/4 in. maximum total pressure)
Census_ASM_PxI,2038800006,BEA_2017_Code,333413,,NAICS_2007_Code; weight 1.000; Manufacturing of centrifugal classes III and IV fans (more than 6 3/4 in. maximum total pressure)
Census_ASM_PxI,2038800009,BEA_2017_Code,333413,,NAICS_2007_Code; weight 1.000; Manufacturing of centrifugal blower-filter units
Census_ASM_PxI,2038825000,BEA_2017_Code,333415,,"NAICS_2012_Code; weight 1.000; Manufacturing of unitary air conditioners, excluding air source heat pumps"
Census_ASM_PxI,2038825003,BEA_2017_Code,333415,,"NAICS_2012_Code; weight 1.000; Manufacturing of single package air conditioners, with or without evaporator fans (including refrigeration chassis and remote-condenser-type), horizontal, under 27,000 Btuh"
Census_ASM_PxI,2038825006,BEA_2017_Code,333415,,"NAICS_2012_Code; weight 1.000; Manufacturing of single package air conditioners, with or without evaporator fans (including refrigeration chassis and remote-condenser-type), horizontal, 27,000 to 32,999 Btuh"
Census_ASM_PxI,2038825009,BEA_2017_Code,333415,,"NAICS_2012_Code; weight 1.000; Manufacturing of single package air conditioners, with or without evaporator fans (including refrigeration chassis and remote-condenser-type), horizontal, 33,000 to 53,999 Btuh"
Census_ASM_PxI,2038825012,BEA_2017_Code,333415,,"NAICS_2012_Code; weight 1.000; Manufacturing of single package air conditioners, with or without evaporator fans (including refrigeration chassis and remote-condenser-type), horizontal, 54,000 to 64,999 Btuh"
Census_ASM_PxI,2038825015,BEA_2017_Code,333415,,"NAICS_2012_Code; weight 1.000; Manufacturing of single package air conditioners, with or without evaporator fans (including refrigeration chassis and remote-condenser-type), horizontal, 65,000 to 96,999 Btuh"
Census_ASM_PxI,2038825018,BEA_2017_Code,333415,,"NAICS_2012_Code; weight 1.000; Manufacturing of single package air conditioners, with or without evaporator fans (including refrigeration chassis and remote-condenser-type), horizontal, 97,000 to 134,999 Btuh"
Census_ASM_PxI,2038825021,BEA_2017_Code,333415,,"NAICS_2012_Code; weight 1.000; Manufacturing of single package air conditioners, with or without evaporator fans (including refrigeration chassis and remote-condenser-type), horizontal, 135,000 to 184,999  Btuh"
Census_ASM_PxI,2038825024,BEA_2017_Code,333415,,"NAICS_2012_Code; weight 1.000; Manufacturing of single package air conditioners, with or without evaporator fans (including refrigeration chassis and remote-condenser-type), horizontal, 185,000 to 249,999  Btuh"
Census_ASM_PxI,2038825027,BEA_2017_Code,333415,,"NAICS_2012_Code; weight 1.000; Manufacturing of single package air conditioners, with or without evaporator fans (including refrigeration chassis and remote-condenser-type),horizontal, 250,000 to 319,999 Btuh"
Census_ASM_PxI,2038825031,BEA_2017_Code,333415,,"NAICS_2012_Code; weight 1.000; Manufacturing of single package air conditioners, with or without evaporator fans (including refrigeration chassis and remote-condenser-type),horizontal, 320,000 to 379,999  Btuh"
Census_ASM_PxI,2038825033,BEA_2017_Code,333415,,"NAICS_2012_Code; weight 1.000; Manufacturing of single package air conditioners, with or without evaporator fans (including refrigeration chassis and remote-condenser-type),horizontal, 380,000 Btuh and over"
Census_ASM_PxI,2038825036,BEA_2017_Code,333415,,"NAICS_2012_Code; weight 1.000; Manufacturing of single package air conditioners, with or without evaporator fans (including refrigeration chassis and remote-condenser-type), other than horizontal, 96,999 Btuh and over"
Census_ASM_PxI,2038825039,BEA_2017_Code,333415,,"NAICS_2012_Code; weight 1.000; Manufacturing of year-round air conditioners, single package and remote-condenser types (excluding heat pumps), under 33,000 Btuh"
Census_ASM_PxI,2038825042,BEA_2017_Code,333415,,"NAICS_2012_Code; weight 1.000; Manufacturing of year-round air conditioners, single package and remote-condenser types (excluding heat pumps), 33,000 to 38,999 Btuh"
Census_ASM_PxI,2038825045,BEA_2017_Code,333415,,"NAICS_2012_Code; weight 1.000; Manufacturing of year-round air conditioners, single package and remote-condenser types (excluding heat pumps), 39,000 to 43,999 Btuh"
Census_ASM_PxI,2038825048,BEA_2017_Code,333415,,"NAICS_2012_Code; weight 1.000; Manufacturing of year-round air conditioners, single package and remote-condenser types (excluding heat pumps), 44,000 to 53,999 Btuh"
Census_ASM_PxI,2038825051,BEA_2017_Code,333415,,"NAICS_2012_Code; weight 1.000; Manufacturing of year-round air conditioners, single package and remote-condenser types (excluding heat pumps), 54,000 to 64,999 Btuh"
Census_ASM_PxI,2038825054,BEA_2017_Code,333415,,"NAICS_2012_Code; weight 1.000; Manufacturing of year-round air conditioners, single package and remote-condenser types (excluding heat pumps), 65,000 to 134,999 Btuh"
Census_ASM_PxI,2038825057,BEA_2017_Code,333415,,"NAICS_2012_Code; weight 1.000; Manufacturing of year-round air conditioners, single package and remote-condenser types (excluding heat pumps), 135,000 to 184,999 Btuh"
Census_ASM_PxI,2038825061,BEA_2017_Code,333415,,"NAICS_2012_Code; weight 1.000; Manufacturing of year-round air conditioners, single package and remote-condenser types (excluding heat pumps), 185,000 to 249,999 Btuh"
Census_ASM_PxI,2038825063,BEA_2017_Code,333415,,"NAICS_2012_Code; weight 1.000; Manufacturing of year-round air conditioners, single package and remote-condenser types (excluding heat pumps), 250,000 to 319,999 Btuh"
Census_ASM_PxI,2038825066,BEA_2017_Code,333415,,"NAICS_2012_Code; weight 1.000; Manufacturing of year-round air conditioners, single package and remote-condenser types (excluding heat pumps), 320,000 to 379,999 Btuh"
Census_ASM_PxI,2038825069,BEA_2017_Code,333415,,"NAICS_2012_Code; weight 1.000; Manufacturing of year-round air conditioners, single package and remote-condenser types (excluding heat pumps), 380,000 to 539,999 Btuh"
Census_ASM_PxI,2038825072,BEA_2017_Code,333415,,"NAICS_2012_Code; weight 1.000; Manufacturing of year-round air conditioners, single package and remote-condenser types (excluding heat pumps), 540,000 to 639,999 Btuh"
Census_ASM_PxI,2038825075,BEA_2017_Code,333415,,"NAICS_2012_Code; weight 1.000; Manufacturing of year-round air conditioners, single package and remote-condenser types (excluding heat pumps), 640,000 Btuh and over"
Census_ASM_PxI,2038825078,BEA_2017_Code,333415,,NAICS_2012_Code; weight 1.000; Manufacturing of water source heat pumps (excluding room air conditioners)
Census_ASM_PxI,2038825081,BEA_2017_Code,333415,,"NAICS_2012_Code; weight 1.000; Manufacturing of split system air-conditioning condensing units, under 22,000 Btuh"
Census_ASM_PxI,2038825084,BEA_2017_Code,333415,,"NAICS_2012_Code; weight 1.000; Manufacturing of split system air-conditioning condensing units, 22,000 to 26,999 Btuh"
Census_ASM_PxI,2038825087,BEA_2017_Code,333415,,"NAICS_2012_Code; weight 1.000; Manufacturing of split system air-conditioning condensing units, 27,000 to 32,999 Btuh"
Census_ASM_PxI,2038825091,BEA_2017_Code,333415,,"NAICS_2012_Code; weight 1.000; Manufacturing of split system air-conditioning condensing units, 33,000 to 38,999 Btuh"
Census_ASM_PxI,2038825093,BEA_2017_Code,333415,,"NAICS_2012_Code; weight 1.000; Manufacturing of split system air-conditioning condensing units, 39,000 to 43,999 Btuh"
Census_ASM_PxI,2038825096,BEA_2017_Code,333415,,"NAICS_2012_Code; weight 1.000; Manufacturing of split system air-conditioning condensing units, 44,000 to 53,999 Btuh"
Census_ASM_PxI,2038825099,BEA_2017_Code,333415,,"NAICS_2012_Code; weight 1.000; Manufacturing of split system air-conditioning condensing units, 54,000 to 64,999 Btuh"
Census_ASM_PxI,2038825102,BEA_2017_Code,333415,,"NAICS_2012_Code; weight 1.000; Manufacturing of split system air-conditioning condensing units, 65,000 to 96,999 Btuh"
Census_ASM_PxI,2038825105,BEA_2017_Code,333415,,"NAICS_2012_Code; weight 1.000; Manufacturing of split system air-conditioning condensing units, 97,000 to 134,999 Btuh"
Census_ASM_PxI,2038825108,BEA_2017_Code,333415,,"NAICS_2012_Code; weight 1.000; Manufacturing of split system air-conditioning condensing units, 135,000 to 184,999 Btuh"
Census_ASM_PxI,2038825111,BEA_2017_Code,333415,,"NAICS_2012_Code; weight 1.000; Manufacturing of split system air-conditioning condensing units, 185,000 to 249,999 Btuh"
Census_ASM_PxI,2038825114,BEA_2017_Code,333415,,"NAICS_2012_Code; weight 1.000; Manufacturing of split system air-conditioning condensing units, 250,000 to 319,999 Btuh"
Census_ASM_PxI,2038825117,BEA_2017_Code,333415,,"NAICS_2012_Code; weight 1.000; Manufacturing of split system air-conditioning condensing units, 320,000 to 379,999 Btuh"
Census_ASM_PxI,2038825121,BEA_2017_Code,333415,,"NAICS_2012_Code; weight 1.000; Manufacturing of split system air-conditioning condensing units, 380,000 to 539,999 Btuh"
Census_ASM_PxI,2038825123,BEA_2017_Code,333415,,"NAICS_2012_Code; weight 1.000; Manufacturing of split system air-conditioning condensing units, 540,000 and over"
Census_ASM_PxI,2038825126,BEA_2017_Code,333415,,"NAICS_2012_Code; weight 1.000; Manufacturing of split system air-conditioning condensing coils, with blower"
Census_ASM_PxI,2038825129,BEA_2017_Code,333415,,"NAICS_2012_Code; weight 1.000; Manufacturing of split system air-conditioning condensing coils, without blower"
Census_ASM_PxI,2038825132,BEA_2017_Code,333415,,"NAICS_2012_Code; weight 1.000; Manufacturing of other unitary air conditioners, including recreational vehicle types, excluding any source of heat pumps"
Census_ASM_PxI,2038850000,BEA_2017_Code,333415,,"NAICS_2012_Code; weight 1.000; Manufacturing of air-source heat pumps, excluding room air conditioners"
Census_ASM_PxI,2038850003,BEA_2017_Code,333415,,"NAICS_2012_Code; weight 1.000; Manufacturing of air-source heat pumps (excluding room air conditioners), single package, under 27,000 Btuh"
Census_ASM_PxI,2038850006,BEA_2017_Code,333415,,"NAICS_2012_Code; weight 1.000; Manufacturing of air-source heat pumps (excluding room air conditioners), single package, 27,000 to 41,999 Btuh"
Census_ASM_PxI,2038850009,BEA_2017_Code,333415,,"NAICS_2012_Code; weight 1.000; Manufacturing of air-source heat pumps (excluding room air conditioners), single package, 42,000 to 64,999 Btuh"
Census_ASM_PxI,2038850012,BEA_2017_Code,333415,,"NAICS_2012_Code; weight 1.000; Manufacturing of air-source heat pumps (excluding room air conditioners), single package, 65,000 Btuh and over"
Census_ASM_PxI,2038850015,BEA_2017_Code,333415,,"NAICS_2012_Code; weight 1.000; Manufacturing of air-source heat pumps (excluding room air conditioners), split system, under 27,000 Btuh"
Census_ASM_PxI,2038850018,BEA_2017_Code,333415,,"NAICS_2012_Code; weight 1.000; Manufacturing of air-source heat pumps (excluding room air conditioners), split system, 27,000 to 41,999 Btuh"
Census_ASM_PxI,2038850021,BEA_2017_Code,333415,,"NAICS_2012_Code; weight 1.000; Manufacturing of air-source heat pumps (excluding room air conditioners), split system, 42,000 to 64,999 Btuh"
Census_ASM_PxI,2038850024,BEA_2017_Code,333415,,"NAICS_2012_Code; weight 1.000; Manufacturing of air-source heat pumps (excluding room air conditioners), split system, 65,000 Btuh and over"
Census_ASM_PxI,2038875000,BEA_2017_Code,333415,,NAICS_2012_Code; weight 1.000; Manufacturing of ground- and ground-water-source heat pumps
Census_ASM_PxI,2038900000,BEA_2017_Code,333415,,"NAICS_2012_Code; weight 1.000; Manufacturing of refrigeration condensing units, all refrigerants, excluding ammonia (complete)"
Census_ASM_PxI,2038900003,BEA_2017_Code,333415,,"NAICS_2012_Code; weight 1.000; Manufacturing of condensing units, refrigeration (complete), air-cooled hermetic-type, 1 hp and under, excluding ammonia (complete)"
Census_ASM_PxI,2038900006,BEA_2017_Code,333415,,"NAICS_2012_Code; weight 1.000; Manufacturing of condensing units, refrigeration (complete), air-cooled hermetic-type, 1.5 hp, excluding ammonia (complete)"
Census_ASM_PxI,2038900009,BEA_2017_Code,333415,,"NAICS_2012_Code; weight 1.000; Manufacturing of condensing units, refrigeration (complete), air-cooled hermetic-type, 2 hp and 2.5 hp, excluding ammonia (complete)"
Census_ASM_PxI,2038900012,BEA_2017_Code,333415,,"NAICS_2012_Code; weight 1.000; Manufacturing of condensing units, refrigeration (complete), air-cooled hermetic-type, 3 hp, excluding ammonia (complete)"
Census_ASM_PxI,2038900015,BEA_2017_Code,333415,,"NAICS_2012_Code; weight 1.000; Manufacturing of condensing units, refrigeration (complete), air-cooled hermetic-type, over 3 hp but under 15 hp, excluding ammonia (complete)"
Census_ASM_PxI,2038900018,BEA_2017_Code,333415,,"NAICS_2012_Code; weight 1.000; Manufacturing of condensing units, refrigeration (complete), water-cooled hermetic-type, under 15 hp, excluding ammonia (complete)"
Census_ASM_PxI,2038900021,BEA_2017_Code,333415,,"NAICS_2012_Code; weight 1.000; Manufacturing of condensing units, refrigeration (complete), water- or air-cooled hermetic-type, 15 hp, excluding ammonia (complete)"
Census_ASM_PxI,2038900024,BEA_2017_Code,333415,,"NAICS_2012_Code; weight 1.000; Manufacturing of condensing units, refrigeration (complete), water- or air-cooled hermetic-type, 20 hp, excluding ammonia (complete)"
Census_ASM_PxI,2038900027,BEA_2017_Code,333415,,"NAICS_2012_Code; weight 1.000; Manufacturing of condensing units, refrigeration (complete), water- or air-cooled hermetic-type, 25 hp, excluding ammonia (complete)"
Census_ASM_PxI,2038900031,BEA_2017_Code,333415,,"NAICS_2012_Code; weight 1.000; Manufacturing of condensing units, refrigeration (complete), water- or air-cooled hermetic-type, 30 hp, excluding ammonia (complete)"
Census_ASM_PxI,2038900033,BEA_2017_Code,333415,,"NAICS_2012_Code; weight 1.000; Manufacturing of condensing units, refrigeration (complete), water- or air-cooled hermetic-type, 40 hp and over, excluding ammonia (complete)"
Census_ASM_PxI,2038900036,BEA_2017_Code,333415,,"NAICS_2012_Code; weight 1.000; Manufacturing of condensing units, refrigeration (complete), water- or air-cooled open-type (all sizes), excluding ammonia (complete)"
Census_ASM_PxI,2038900039,BEA_2017_Code,333415,,"NAICS_2012_Code; weight 1.000; Manufacturing of other refrigeration condensing units (complete), excluding ammonia (complete)"
Census_ASM_PxI,2038925000,BEA_2017_Code,333415,,NAICS_2012_Code; weight 1.000; Manufacturing of evaporative air coolers
Census_ASM_PxI,2038950000,BEA_2017_Code,333415,,"NAICS_2012_Code; weight 1.000; Manufacturing of compressors and compressor units, all refrigerants, excluding automotives"
Census_ASM_PxI,2038950003,BEA_2017_Code,333415,,"NAICS_2012_Code; weight 1.000; Manufacturing of compressors and compressor units, all refrigerants (excluding ammonia), hermetic-type motor compressors, under 10 hp, excluding automotive"
Census_ASM_PxI,2038950006,BEA_2017_Code,333415,,"NAICS_2012_Code; weight 1.000; Manufacturing of compressors and compressor units, all refrigerants (excluding ammonia), hermetic-type motor compressors, 15 hp, excluding automotive"
Census_ASM_PxI,2038950009,BEA_2017_Code,333415,,"NAICS_2012_Code; weight 1.000; Manufacturing of compressors and compressor units, all refrigerants (excluding ammonia), hermetic-type motor compressors, 20 hp, excluding automotive"
Census_ASM_PxI,2038950012,BEA_2017_Code,333415,,"NAICS_2012_Code; weight 1.000; Manufacturing of compressors and compressor units, all refrigerants (excluding ammonia), hermetic-type motor compressors, 25 hp, excluding automotive"
Census_ASM_PxI,2038950015,BEA_2017_Code,333415,,"NAICS_2012_Code; weight 1.000; Manufacturing of compressors and compressor units, all refrigerants (excluding ammonia), hermetic-type motor compressors, 30 hp, excluding automotive"
Census_ASM_PxI,2038950018,BEA_2017_Code,333415,,"NAICS_2012_Code; weight 1.000; Manufacturing of compressors and compressor units, all refrigerants (excluding ammonia), hermetic-type motor compressors, 40 hp, excluding automotive"
Census_ASM_PxI,2038950021,BEA_2017_Code,333415,,"NAICS_2012_Code; weight 1.000; Manufacturing of other compressors and compressor units, all refrigerants (excluding ammonia), including open- and screw-type, excluding automotive"
Census_ASM_PxI,2038950024,BEA_2017_Code,333415,,"NAICS_2012_Code; weight 1.000; Manufacturing of compressors and compressor units, ammonia refrigerants (all types), excluding automotive"
Census_ASM_PxI,2038975000,BEA_2017_Code,333415,,"NAICS_2012_Code; weight 1.000; Manufacturing of parts for air conditioners, heat pumps, and other cooling equipment"
Census_ASM_PxI,2038975003,BEA_2017_Code,333415,,"NAICS_2012_Code; weight 1.000; Manufacturing of parts for heat transfer equipment, including air-conditioning condensing units"
Census_ASM_PxI,2038975006,BEA_2017_Code,333415,,NAICS_2012_Code; weight 1.000; Manufacturing of parts for unitary air conditioners
Census_ASM_PxI,2038975009,BEA_2017_Code,333415,,NAICS_2012_Code; weight 1.000; Manufacturing of parts for commercial refrigeration and related equipment
Census_ASM_PxI,2038975012,BEA_2017_Code,333415,,NAICS_2012_Code; weight 1.000; Manufacturing of parts for compressors and compressor units
Census_ASM_PxI,2038975015,BEA_2017_Code,333415,,"NAICS_2012_Code; weight 1.000; Manufacturing of parts for condensing units, excluding air-conditioning condensing units"
Census_ASM_PxI,2039000000,BEA_2017_Code,333413,,"NAICS_2007_Code; weight 1.000; Manufacturing of air filters for air conditioners and furnaces, etc., of 2400 CFM or less, excluding parts"
Census_ASM_PxI,2039025000,BEA_2017_Code,333415,,NAICS_2012_Code; weight 1.000; Manufacturing of all other miscellaneous parts for refrigeration and air-conditioning equipment
Census_ASM_PxI,2039025003,BEA_2017_Code,333415,,NAICS_2012_Code; weight 1.000; Manufacturing of all other miscellaneous parts for refrigeration equipment
Census_ASM_PxI,2039025006,BEA_2017_Code,333415,,NAICS_2012_Code; weight 1.000; Manufacturing of all other miscellaneous parts for air-conditioning equipment
Census_ASM_PxI,2039050000,BEA_2017_Code,333413,,NAICS_2007_Code; weight 1.000; Manufacturing of parts for dust collection and air purification equipment
Census_ASM_PxI,2039075000,BEA_2017_Code,332320,,"NAICS_2012_Code; weight 1.000; Manufacturing of iron and steel warm air and air-conditioning grills, registers, and air diffusers"
Census_ASM_PxI,2039100000,BEA_2017_Code,332320,,"NAICS_2012_Code; weight 1.000; Manufacturing of other grills, including open mesh partitions"
Census_ASM_PxI,2039125000,BEA_2017_Code,33131B,,"NAICS_2007_Code; weight 1.000; Manufacturing of aluminum and aluminum-base alloy wire and cable (excluding covered or insulated), including ACSR"
Census_ASM_PxI,2039150000,BEA_2017_Code,327200,,"NAICS_2012_Code; weight 0.500; Manufacturing of fiber optic cable, for communications applications"
Census_ASM_PxI,2039150000,BEA_2017_Code,335920,,"NAICS_2012_Code; weight 0.500; Manufacturing of fiber optic cable, for communications applications"
Census_ASM_PxI,2039150003,BEA_2017_Code,335920,,"NAICS_2012_Code; weight 1.000; Manufacturing of fiber optic cable, for communications applications, single-mode stepped index"
Census_ASM_PxI,2039150006,BEA_2017_Code,335920,,"NAICS_2012_Code; weight 1.000; Manufacturing of fiber optic cable, for communications applications, multimode index"
Census_ASM_PxI,2039175000,BEA_2017_Code,327200,,"NAICS_2012_Code; weight 0.500; Manufacturing of fiber optic cable, for all other applications"
Census_ASM_PxI,2039175000,BEA_2017_Code,335920,,"NAICS_2012_Code; weight 0.500; Manufacturing of fiber optic cable, for all other applications"
Census_ASM_PxI,2039225000,BEA_2017_Code,335920,,"NAICS_2012_Code; weight 1.000; Manufacturing of telecom (low-voltage premise) wire and cable, made of nonferrous metals"
Census_ASM_PxI,2039225003,BEA_2017_Code,335920,,NAICS_2012_Code; weight 1.000; Manufacturing of station wire and cable
Census_ASM_PxI,2039225006,BEA_2017_Code,335920,,NAICS_2012_Code; weight 1.000; Manufacturing of inside wiring cable
Census_ASM_PxI,2039250000,BEA_2017_Code,335920,,"NAICS_2012_Code; weight 1.000; Manufacturing of building wire and cable, made of nonferrous metals, 601 volts or less, used within structures for light and power for permanent installation"
Census_ASM_PxI,2039250003,BEA_2017_Code,335920,,"NAICS_2012_Code; weight 1.000; Manufacturing of building wire and cable, thermoset insulated, cross-linked polyethylene"
Census_ASM_PxI,2039250006,BEA_2017_Code,335920,,"NAICS_2012_Code; weight 1.000; Manufacturing of building wire and cable, thermoplastic insulated"
Census_ASM_PxI,2039250009,BEA_2017_Code,335920,,"NAICS_2012_Code; weight 1.000; Manufacturing of service entrance cable (SER, SEU, ASE)"
Census_ASM_PxI,2039250012,BEA_2017_Code,335920,,"NAICS_2012_Code; weight 1.000; Manufacturing of building wire and cable, nonmetallic, branch-circuit and underground feeder"
Census_ASM_PxI,2039275000,BEA_2017_Code,335920,,"NAICS_2012_Code; weight 1.000; Manufacturing of power wire and cable, made from nonferrous metals for electric transmission and distribution"
Census_ASM_PxI,2039275003,BEA_2017_Code,335920,,"NAICS_2012_Code; weight 1.000; Manufacturing of portable welding cable, plastic and rubber insulated, 2 kV or less"
Census_ASM_PxI,2039275006,BEA_2017_Code,335920,,"NAICS_2012_Code; weight 1.000; Manufacturing of underground distribution cable (UD, URD), all insulations"
Census_ASM_PxI,2039275009,BEA_2017_Code,335920,,"NAICS_2012_Code; weight 1.000; Manufacturing of thermoplastic insulated power cable, 2 kV or less (excluding underground)"
Census_ASM_PxI,2039275012,BEA_2017_Code,335920,,NAICS_2012_Code; weight 1.000; Manufacturing of thermoset insulated power cable (excluding underground)
Census_ASM_PxI,2039300000,BEA_2017_Code,335930,,"NAICS_2012_Code; weight 1.000; Manufacturing of current-carrying wiring devices, lampholders, power outlets, precious metal, attachments, plug caps, connector bodies, lightning arrestors, and other miscellaneous current-carrying wiring devices"
Census_ASM_PxI,2039300003,BEA_2017_Code,335930,,"NAICS_2012_Code; weight 1.000; Manufacturing of current-carrying wiring devices, lampholders"
Census_ASM_PxI,2039300006,BEA_2017_Code,335930,,"NAICS_2012_Code; weight 1.000; Manufacturing of current-carrying wiring devices, receptacles"
Census_ASM_PxI,2039300009,BEA_2017_Code,335930,,"NAICS_2012_Code; weight 1.000; Manufacturing of current-carrying wiring devices, metal contacts, precious and other"
Census_ASM_PxI,2039300012,BEA_2017_Code,335930,,"NAICS_2012_Code; weight 1.000; Manufacturing of current-carrying wiring devices, pin and sleeve connectors"
Census_ASM_PxI,2039300015,BEA_2017_Code,335930,,"NAICS_2012_Code; weight 1.000; Manufacturing of current-carrying wiring devices, terminal blocks"
Census_ASM_PxI,2039300018,BEA_2017_Code,335930,,"NAICS_2012_Code; weight 1.000; Manufacturing of current-carrying wiring devices, lightning arrestors for alternating current power transmission and distribution systems and substations, U.S. designation"
Census_ASM_PxI,2039300021,BEA_2017_Code,335930,,"NAICS_2012_Code; weight 1.000; Manufacturing of current-carrying wiring devices, electric harnesses and assemblies, excluding engine harnesses"
Census_ASM_PxI,2039325000,BEA_2017_Code,335930,,NAICS_2012_Code; weight 1.000; Manufacturing of current-carrying switches for electrical circuitry (including vehicular switches)
Census_ASM_PxI,2039325003,BEA_2017_Code,335930,,NAICS_2012_Code; weight 1.000; Manufacturing of general-use flush-mounted switches
Census_ASM_PxI,2039325006,BEA_2017_Code,335930,,NAICS_2012_Code; weight 1.000; Manufacturing of special-purpose switches
Census_ASM_PxI,2039350000,BEA_2017_Code,335930,,NAICS_2012_Code; weight 1.000; Manufacturing of noncurrent-carrying pole and transmission line hardware
Census_ASM_PxI,2039350003,BEA_2017_Code,335930,,"NAICS_2012_Code; weight 1.000; Manufacturing of pole and transmission line construction materials, overhead/underground line hardware"
Census_ASM_PxI,2039350006,BEA_2017_Code,335930,,"NAICS_2012_Code; weight 1.000; Manufacturing of other pole and transmission line hardware, including anchors"
Census_ASM_PxI,2039375000,BEA_2017_Code,335930,,"NAICS_2012_Code; weight 1.000; Manufacturing of noncurrent-carrying electrical conduit and conduit fittings, including plastics conduit and conduit fittings"
Census_ASM_PxI,2039375003,BEA_2017_Code,335930,,NAICS_2012_Code; weight 1.000; Manufacturing of rigid metallic conduit
Census_ASM_PxI,2039375006,BEA_2017_Code,335930,,"NAICS_2012_Code; weight 1.000; Manufacturing of noncurrent-carrying electrical conduit and conduit fittings, nonmetallic"
Census_ASM_PxI,2039375009,BEA_2017_Code,335930,,NAICS_2012_Code; weight 1.000; Manufacturing of electrical metallic tubing
Census_ASM_PxI,2039375012,BEA_2017_Code,335930,,NAICS_2012_Code; weight 1.000; Manufacturing of flexible steel and aluminum conduit
Census_ASM_PxI,2039375015,BEA_2017_Code,335930,,NAICS_2012_Code; weight 1.000; Manufacturing of flexible nonmetallic conduit
Census_ASM_PxI,2039375018,BEA_2017_Code,335930,,"NAICS_2012_Code; weight 1.000; Manufacturing of raceways and wire ways, including fittings, metal"
Census_ASM_PxI,2039375021,BEA_2017_Code,335930,,NAICS_2012_Code; weight 1.000; Manufacturing of ventilated cable tray and accessories
Census_ASM_PxI,2039375024,BEA_2017_Code,335930,,"NAICS_2012_Code; weight 1.000; Manufacturing of couplings, connectors, and unions"
Census_ASM_PxI,2039375027,BEA_2017_Code,335930,,NAICS_2012_Code; weight 1.000; Manufacturing of locknuts and bushings
Census_ASM_PxI,2039375031,BEA_2017_Code,335930,,NAICS_2012_Code; weight 1.000; Manufacturing of all other rigid conduit fittings
Census_ASM_PxI,2039375033,BEA_2017_Code,335930,,"NAICS_2012_Code; weight 1.000; Manufacturing of armored cable, metallic sheathed cable, and flexible conduit fittings"
Census_ASM_PxI,2039375036,BEA_2017_Code,335930,,NAICS_2012_Code; weight 1.000; Manufacturing of liquid-tight flexible conduit fittings
Census_ASM_PxI,2039375039,BEA_2017_Code,335930,,NAICS_2012_Code; weight 1.000; Manufacturing of nonmetallic sheathed cable and cord fittings
Census_ASM_PxI,2039375042,BEA_2017_Code,335930,,"NAICS_2012_Code; weight 1.000; Manufacturing of other cable, cord, and flexible conduit fittings"
Census_ASM_PxI,2039400000,BEA_2017_Code,335930,,"NAICS_2012_Code; weight 1.000; Manufacturing of other noncurrent-carrying wiring devices and supplies (boxes, covers, bar hangers, etc.)"
Census_ASM_PxI,2039400003,BEA_2017_Code,335930,,NAICS_2012_Code; weight 1.000; Manufacturing of stamped metal outlet boxes
Census_ASM_PxI,2039400006,BEA_2017_Code,335930,,NAICS_2012_Code; weight 1.000; Manufacturing of stamped metal covers
Census_ASM_PxI,2039400009,BEA_2017_Code,335930,,"NAICS_2012_Code; weight 1.000; Manufacturing of cast metal boxes, covers, gaskets, and accessories"
Census_ASM_PxI,2039400012,BEA_2017_Code,335930,,"NAICS_2012_Code; weight 1.000; Manufacturing of switch, outlet, FM/TV, and telephone wall plates"
Census_ASM_PxI,2039400015,BEA_2017_Code,335930,,"NAICS_2012_Code; weight 1.000; Manufacturing of plastic boxes and covers, including junction boxes"
Census_ASM_PxI,2039400018,BEA_2017_Code,335930,,NAICS_2012_Code; weight 1.000; Manufacturing of floor boxes and covers
Census_ASM_PxI,2039425000,BEA_2017_Code,335313,,"NAICS_2012_Code; weight 1.000; Manufacturing of low voltage panelboards and distribution boards and other switching and interrupting devices, 1000 volts or less"
Census_ASM_PxI,2039425003,BEA_2017_Code,335313,,"NAICS_2012_Code; weight 1.000; Manufacturing of circuit breaker panelboards, 1000 volts or less"
Census_ASM_PxI,2039425006,BEA_2017_Code,335313,,"NAICS_2012_Code; weight 1.000; Manufacturing of fusible panelboards, including combination switch fuse, 1000 volts or less"
Census_ASM_PxI,2039425009,BEA_2017_Code,335313,,"NAICS_2012_Code; weight 1.000; Manufacturing of fusible distribution switchboards, 1000 volts or less"
Census_ASM_PxI,2039425012,BEA_2017_Code,335313,,"NAICS_2012_Code; weight 1.000; Manufacturing of circuit breaker distribution switchboards, 1000 volts or less"
Census_ASM_PxI,2039425015,BEA_2017_Code,335313,,"NAICS_2012_Code; weight 1.000; Manufacturing of heavy-duty knife switches, 1000 volts or less"
Census_ASM_PxI,2039425018,BEA_2017_Code,335313,,"NAICS_2012_Code; weight 1.000; Manufacturing of circuit-breaker-type knife switches, 1000 volts or less"
Census_ASM_PxI,2039425021,BEA_2017_Code,335313,,"NAICS_2012_Code; weight 1.000; Manufacturing of other knife switches, 1000 volts or less"
Census_ASM_PxI,2039425024,BEA_2017_Code,335313,,"NAICS_2012_Code; weight 1.000; Manufacturing of other switches, 1000 volts or less"
Census_ASM_PxI,2039425027,BEA_2017_Code,335313,,"NAICS_2012_Code; weight 1.000; Manufacturing of other low voltage switchgear apparatus, 1000 volts or less"
Census_ASM_PxI,2039450000,BEA_2017_Code,335313,,"NAICS_2012_Code; weight 1.000; Manufacturing of molded case circuit breakers, 1000 volts or less"
Census_ASM_PxI,2039475000,BEA_2017_Code,335313,,"NAICS_2012_Code; weight 1.000; Manufacturing of duct, including plug-in units and accessories, 1000 volts or less"
Census_ASM_PxI,2039500000,BEA_2017_Code,335930,,NAICS_2012_Code; weight 1.000; Manufacturing of current-carrying wire connectors for electrical circuitry
Census_ASM_PxI,2039500003,BEA_2017_Code,335930,,NAICS_2012_Code; weight 1.000; Manufacturing of pressure connectors
Census_ASM_PxI,2039500006,BEA_2017_Code,335930,,NAICS_2012_Code; weight 1.000; Manufacturing of compression connectors
Census_ASM_PxI,2039500009,BEA_2017_Code,335930,,"NAICS_2012_Code; weight 1.000; Manufacturing of preinsulated terminals and splicers, tool-installed"
Census_ASM_PxI,2039500012,BEA_2017_Code,335930,,"NAICS_2012_Code; weight 1.000; Manufacturing of banded or strip terminals and splicers, machine-installed"
Census_ASM_PxI,2039525000,BEA_2017_Code,334290,,"NAICS_2012_Code; weight 1.000; Manufacturing of alarm systems, including electric sirens and horns"
Census_ASM_PxI,2039525003,BEA_2017_Code,334290,,NAICS_2012_Code; weight 1.000; Manufacturing of intrusion detection alarm systems
Census_ASM_PxI,2039525006,BEA_2017_Code,334290,,NAICS_2012_Code; weight 1.000; Manufacturing of fire detection and prevention alarm systems
Census_ASM_PxI,2039525009,BEA_2017_Code,334290,,NAICS_2012_Code; weight 1.000; Manufacturing of other alarm systems
Census_ASM_PxI,2039550000,BEA_2017_Code,334290,,"NAICS_2012_Code; weight 1.000; Manufacturing of vehicular and pedestrian traffic control equipment, including electric railway signals and attachments"
Census_ASM_PxI,2039575000,BEA_2017_Code,334512,,"NAICS_2012_Code; weight 1.000; Manufacturing of automatic environmental controls for monitoring residential, commercial, and appliance use"
Census_ASM_PxI,2039575003,BEA_2017_Code,334512,,"NAICS_2012_Code; weight 1.000; Manufacturing of automatic environmental controls, temperature responsive, thermostats"
Census_ASM_PxI,2039575006,BEA_2017_Code,334512,,"NAICS_2012_Code; weight 1.000; Manufacturing of automatic environmental controls, igniters"
Census_ASM_PxI,2039575009,BEA_2017_Code,334512,,NAICS_2012_Code; weight 1.000; Manufacturing of computerized energy control systems for buildings
Census_ASM_PxI,2039575012,BEA_2017_Code,334512,,NAICS_2012_Code; weight 1.000; Manufacturing of other automatic environmental controls
Census_ASM_PxI,2039575015,BEA_2017_Code,334512,,NAICS_2012_Code; weight 1.000; Manufacturing of temperature responsive controls for major appliances
Census_ASM_PxI,2039575018,BEA_2017_Code,334512,,NAICS_2012_Code; weight 1.000; Manufacturing of all other controls for major appliances
Census_ASM_PxI,2039575021,BEA_2017_Code,334512,,NAICS_2012_Code; weight 1.000; Manufacturing of parts and components of controls for monitoring residential and commercial environments
Census_ASM_PxI,2039600000,BEA_2017_Code,335120,,"NAICS_2012_Code; weight 1.000; Manufacturing of residential-type electric lighting fixtures (excluding portable), including parts and accessories"
Census_ASM_PxI,2039625000,BEA_2017_Code,335120,,"NAICS_2012_Code; weight 1.000; Manufacturing of commercial- and institutional-type electric lighting fixtures, including parts and accessories"
Census_ASM_PxI,2039650000,BEA_2017_Code,335120,,"NAICS_2012_Code; weight 1.000; Manufacturing of industrial-type electric lighting fixtures, including parts and accessories"
Census_ASM_PxI,2039675000,BEA_2017_Code,335120,,"NAICS_2012_Code; weight 1.000; Manufacturing of outdoor lighting equipment, including parts and accessories"
Census_ASM_PxI,2039700000,BEA_2017_Code,335120,,"NAICS_2012_Code; weight 1.000; Manufacturing of other incandescent electric lighting equipment, including marine markers and beacons"
Census_ASM_PxI,2039725000,BEA_2017_Code,335311,,"NAICS_2012_Code; weight 1.000; Manufacturing of specialty transformers, excluding fluorescent lamp ballasts"
Census_ASM_PxI,2039725003,BEA_2017_Code,335311,,NAICS_2012_Code; weight 1.000; Manufacturing of machine tool control transformers
Census_ASM_PxI,2039725006,BEA_2017_Code,335311,,NAICS_2012_Code; weight 1.000; Manufacturing of indoor and outdoor instrument transformers
Census_ASM_PxI,2039725009,BEA_2017_Code,335311,,"NAICS_2012_Code; weight 1.000; Manufacturing of all other specialty transformers (including luminous tube and ignition, open core and coil units, arc welders, and high-intensity discharge lamp transformers), excluding internal combustion engine ignition"
Census_ASM_PxI,2039750000,BEA_2017_Code,335120,,"NAICS_2012_Code; weight 1.000; Manufacturing of lighting equipment, not elsewhere classified"
Census_ASM_PxI,2039750006,BEA_2017_Code,335120,,"NAICS_2012_Code; weight 1.000; Manufacturing of other fluorescent lighting equipment, complete units, including processing and technical equipment"
Census_ASM_PxI,2039750012,BEA_2017_Code,335120,,"NAICS_2012_Code; weight 1.000; Manufacturing of other electric lighting equipment (including electric insect killers/repellent lamps, fire logs, trouble lighting equipment, mercury and sodium vapor, and ultraviolet and infrared health lamp fixtures), excluding street and highway lighting equipment and signs"
Census_ASM_PxI,2039760000,BEA_2017_Code,327200,,"NAICS_2012_Code; weight 1.000; Manufacturing of optical glass fiber, data and nondata transmission"
Census_ASM_PxI,2039770000,BEA_2017_Code,327200,,NAICS_2012_Code; weight 1.000; Manufacturing of glass and glass fiber optical components
Census_ASM_PxI,2039775000,BEA_2017_Code,333920,,"NAICS_2012_Code; weight 1.000; Manufacturing of geared and gearless electric passenger elevators (excluding farm, portable, and residential lifts)"
Census_ASM_PxI,2039775003,BEA_2017_Code,333920,,"NAICS_2012_Code; weight 1.000; Manufacturing of geared electric passenger elevators (excluding farm, portable, and residential lifts)"
Census_ASM_PxI,2039775006,BEA_2017_Code,333920,,"NAICS_2012_Code; weight 1.000; Manufacturing of gearless electric passenger elevators (excluding farm, portable, and residential lifts)"
Census_ASM_PxI,2039800000,BEA_2017_Code,333920,,NAICS_2012_Code; weight 1.000; Manufacturing of hydraulic passenger elevators (excluding farm and portable)
Census_ASM_PxI,2039825000,BEA_2017_Code,333920,,NAICS_2012_Code; weight 1.000; Manufacturing of other elevators and moving stairways (excluding parts and attachments)
Census_ASM_PxI,2039825003,BEA_2017_Code,333920,,NAICS_2012_Code; weight 1.000; Manufacturing of electric freight elevators (excluding farm and portable)
Census_ASM_PxI,2039825006,BEA_2017_Code,333920,,NAICS_2012_Code; weight 1.000; Manufacturing of hydraulic freight elevators (excluding farm and portable)
Census_ASM_PxI,2039825009,BEA_2017_Code,333920,,NAICS_2012_Code; weight 1.000; Manufacturing of automobile lifts (service station and garage-type)
Census_ASM_PxI,2039825012,BEA_2017_Code,333920,,"NAICS_2012_Code; weight 1.000; Manufacturing of moving stairways, escalators, and moving walkways"
Census_ASM_PxI,2039825015,BEA_2017_Code,333920,,"NAICS_2012_Code; weight 1.000; Manufacturing of other nonfarm elevators (including sidewalk elevators, dumb waiters, man lifts, etc.) (excluding portable elevator-stackers)"
Census_ASM_PxI,2039850000,BEA_2017_Code,333920,,"NAICS_2012_Code; weight 1.000; Manufacturing of parts for automobile lifts (service station), passenger and freight elevators and escalators"
Census_ASM_PxI,2039850003,BEA_2017_Code,333920,,NAICS_2012_Code; weight 1.000; Manufacturing of parts for automobile lifts (service station and garage-type)
Census_ASM_PxI,2039850006,BEA_2017_Code,333920,,NAICS_2012_Code; weight 1.000; Manufacturing of parts for passenger or freight elevators or escalators
Census_ASM_PxI,2039875000,BEA_2017_Code,335220,,"NAICS_2012_Code; weight 1.000; Manufacturing of household water heaters, electric, for permanent installation"
Census_ASM_PxI,2039875003,BEA_2017_Code,335220,,"NAICS_2012_Code; weight 1.000; Manufacturing of household water heaters, electric, 34 gallons and under (under 132 liters)"
Census_ASM_PxI,2039875006,BEA_2017_Code,335220,,"NAICS_2012_Code; weight 1.000; Manufacturing of household water heaters, electric, 35-44 gallons (132 liters to 169 liters)"
Census_ASM_PxI,2039875009,BEA_2017_Code,335220,,"NAICS_2012_Code; weight 1.000; Manufacturing of household water heaters, electric, 45-54 gallons (170 liters to 207 liters)"
Census_ASM_PxI,2039875012,BEA_2017_Code,335220,,"NAICS_2012_Code; weight 1.000; Manufacturing of household water heaters, electric, 55 gallons and over (208 liters and over)"
Census_ASM_PxI,2039875015,BEA_2017_Code,335220,,"NAICS_2012_Code; weight 1.000; Manufacturing of all other household water heaters, electric, including circulating and portable storage"
Census_ASM_PxI,2039900000,BEA_2017_Code,335220,,"NAICS_2012_Code; weight 1.000; Manufacturing of household water heaters, excluding electric"
Census_ASM_PxI,2039900003,BEA_2017_Code,335220,,"NAICS_2012_Code; weight 1.000; Manufacturing of indirect water heaters, including storage, cast or coil-type (less tank); tank (with or without generator coils); generator coils with tank collar (sold without tank); and instantaneous, excluding electric"
Census_ASM_PxI,2039900006,BEA_2017_Code,335220,,"NAICS_2012_Code; weight 1.000; Manufacturing of direct fired water heaters, gas or oil"
Census_ASM_PxI,2039925000,BEA_2017_Code,333318,,NAICS_2007_Code; weight 1.000; Manufacturing of service industry water heaters and water softeners
Census_ASM_PxI,2039925003,BEA_2017_Code,333318,,NAICS_2007_Code; weight 1.000; Manufacturing of instantaneous service industry water heaters (including parts)
Census_ASM_PxI,2039925006,BEA_2017_Code,333318,,"NAICS_2007_Code; weight 1.000; Manufacturing of all other service industry water heaters (including parts), more than 120 gallons (454.2 liters) capacity"
Census_ASM_PxI,2039925009,BEA_2017_Code,333318,,NAICS_2007_Code; weight 1.000; Manufacturing of industrial water softeners
Census_ASM_PxI,2039925012,BEA_2017_Code,333318,,"NAICS_2007_Code; weight 1.000; Manufacturing of farm, household, and commercial water softeners"
Census_ASM_PxI,2039950000,BEA_2017_Code,335210,,"NAICS_2007_Code; weight 1.000; Manufacturing of  household vacuum cleaners, complete power units, central-system-type"
Census_ASM_PxI,2039975000,BEA_2017_Code,333318,,NAICS_2007_Code; weight 1.000; Manufacturing of commercial and industrial central vacuum cleaner systems (including parts and attachments)
Census_ASM_PxI,2040000000,BEA_2017_Code,33399A,,NAICS_2012_Code; weight 1.000; Manufacturing of automatic fire sprinklers
Census_ASM_PxI,2040025000,BEA_2017_Code,339990,,"NAICS_2012_Code; weight 1.000; Manufacturing of fire extinguishing equipment, hand-portable and fixed-system (excluding water sprinkler systems), including parts and attachments"
Census_ASM_PxI,2040025003,BEA_2017_Code,339990,,"NAICS_2012_Code; weight 1.000; Manufacturing of fire extinguishing equipment, fixed-system (including dry and wet chemical, inert gas, and two-wheeled chemical fire engines)"
Census_ASM_PxI,2040025006,BEA_2017_Code,339990,,"NAICS_2012_Code; weight 1.000; Manufacturing of parts and attachments for fire extinguishing equipment, hand-portable and fixed-system (excluding water sprinkler systems)"
Census_ASM_PxI,2040025009,BEA_2017_Code,339990,,"NAICS_2012_Code; weight 1.000; Manufacturing of fire extinguishers, hand-portable"
Census_ASM_PxI,2040050000,BEA_2017_Code,332420,,"NAICS_2012_Code; weight 1.000; Manufacturing of metal tanks and vessels, custom fabricated and field erected"
Census_ASM_PxI,2040075000,BEA_2017_Code,3219A0,,NAICS_2012_Code; weight 1.000; Manufacturing of components for prefabricated stationary wood buildings (not sold as complete units)
Census_ASM_PxI,2040075003,BEA_2017_Code,3219A0,,"NAICS_2012_Code; weight 1.000; Manufacturing of components for prefabricated stationary wood residential buildings, including homes, townhouses, and apartments (not sold as complete units)"
Census_ASM_PxI,2040075006,BEA_2017_Code,3219A0,,"NAICS_2012_Code; weight 1.000; Manufacturing of components for prefabricated stationary wood nonresidential buildings, including motels and hotels (not sold as complete units)"
Census_ASM_PxI,2040100000,BEA_2017_Code,3219A0,,NAICS_2012_Code; weight 1.000; Manufacturing of precut packages for prefabricated stationary wood buildings (complete units)
Census_ASM_PxI,2040100003,BEA_2017_Code,3219A0,,NAICS_2012_Code; weight 1.000; Manufacturing of precut packages for prefabricated stationary residential log homes (complete units)
Census_ASM_PxI,2040100006,BEA_2017_Code,3219A0,,"NAICS_2012_Code; weight 1.000; Manufacturing of precut packages for other prefabricated stationary residential wood buildings, including homes, townhouses, and apartments (complete units)"
Census_ASM_PxI,2040100009,BEA_2017_Code,3219A0,,"NAICS_2012_Code; weight 1.000; Manufacturing of precut packages for prefabricated stationary nonresidential wood buildings, including motels and hotels (complete units)"
Census_ASM_PxI,2040125000,BEA_2017_Code,3219A0,,NAICS_2012_Code; weight 1.000; Manufacturing of prefabricated stationary wood buildings shipped in panel form (complete units)
Census_ASM_PxI,2040125003,BEA_2017_Code,3219A0,,"NAICS_2012_Code; weight 1.000; Manufacturing of prefabricated stationary residential wood buildings, single and multifamily, including townhouses, shipped in panel form (complete units)"
Census_ASM_PxI,2040125006,BEA_2017_Code,3219A0,,"NAICS_2012_Code; weight 1.000; Manufacturing of prefabricated stationary nonresidential wood buildings, including motels and hotels, shipped in panel form (complete units)"
Census_ASM_PxI,2040150000,BEA_2017_Code,3219A0,,"NAICS_2012_Code; weight 1.000; Manufacturing of prefabricated stationary residential wood buildings, including homes, townhouses, and apartments, shipped in three-dimensional assemblies"
Census_ASM_PxI,2040175000,BEA_2017_Code,3219A0,,"NAICS_2012_Code; weight 1.000; Manufacturing of prefabricated stationary nonresidential wood buildings, including motels and hotels, shipped in three-dimensional assemblies"
Census_ASM_PxI,2040200000,BEA_2017_Code,327390,,"NAICS_2012_Code; weight 1.000; Manufacturing of precast concrete, prefabricated building systems and components"
Census_ASM_PxI,2040200003,BEA_2017_Code,327390,,"NAICS_2012_Code; weight 1.000; Manufacturing of precast concrete, prefabricated building systems, primarily concrete, sold as complete units, and shipped in panel or modular form"
Census_ASM_PxI,2040200006,BEA_2017_Code,327390,,NAICS_2012_Code; weight 1.000; Manufacturing of other precast concrete construction or building products (including prefabricated housing components)
Census_ASM_PxI,2040225000,BEA_2017_Code,332310,,"NAICS_2012_Code; weight 1.000; Manufacturing of prefabricated metal building systems (excluding farm service buildings, residential buildings, and parts)"
Census_ASM_PxI,2040225003,BEA_2017_Code,332310,,"NAICS_2012_Code; weight 1.000; Manufacturing of institutional, medical, and religious prefabricated metal building systems (excluding farm service buildings, residential buildings, and parts)"
Census_ASM_PxI,2040225006,BEA_2017_Code,332310,,"NAICS_2012_Code; weight 1.000; Manufacturing of public and educational prefabricated metal building systems (excluding farm service buildings, residential buildings, and parts)"
Census_ASM_PxI,2040250000,BEA_2017_Code,332310,,"NAICS_2012_Code; weight 1.000; Manufacturing of industrial and commercial prefabricated metal building systems (excluding farm service buildings, residential buildings, and parts)"
Census_ASM_PxI,2040275000,BEA_2017_Code,332310,,"NAICS_2012_Code; weight 1.000; Manufacturing of prefabricated and portable farm services buildings, greenhouses, and grain storage buildings, steel and aluminum"
Census_ASM_PxI,2040275003,BEA_2017_Code,332310,,"NAICS_2012_Code; weight 1.000; Manufacturing of prefabricated and portable greenhouses, steel and aluminum"
Census_ASM_PxI,2040275006,BEA_2017_Code,332310,,"NAICS_2012_Code; weight 1.000; Manufacturing of prefabricated and portable grain storage buildings, including farm and commercial types, steel and aluminum"
Census_ASM_PxI,2040275009,BEA_2017_Code,332310,,"NAICS_2012_Code; weight 1.000; Manufacturing of other prefabricated and portable farm service buildings (livestock shelters, machinery storage, etc.), steel and aluminum"
Census_ASM_PxI,2040300000,BEA_2017_Code,332310,,NAICS_2012_Code; weight 1.000; Manufacturing of prefabricated and portable aluminum and steel buildings
Census_ASM_PxI,2040300003,BEA_2017_Code,332310,,"NAICS_2012_Code; weight 1.000; Manufacturing of prefabricated and portable small steel utility buildings, including toolsheds, cabanas, storage houses, etc."
Census_ASM_PxI,2040300006,BEA_2017_Code,332310,,NAICS_2012_Code; weight 1.000; Manufacturing of other prefabricated and portable steel buildings
Census_ASM_PxI,2040300009,BEA_2017_Code,332310,,"NAICS_2012_Code; weight 1.000; Manufacturing of prefabricated and portable dwellings, steel and aluminum, including vacation homes and camps"
Census_ASM_PxI,2040300012,BEA_2017_Code,332310,,"NAICS_2012_Code; weight 1.000; Manufacturing of prefabricated and portable small aluminum utility buildings, including toolsheds, cabanas, storage houses, etc."
Census_ASM_PxI,2040300015,BEA_2017_Code,332310,,NAICS_2012_Code; weight 1.000; Manufacturing of other prefabricated and portable aluminum buildings
Census_ASM_PxI,2040300018,BEA_2017_Code,332310,,"NAICS_2012_Code; weight 1.000; Manufacturing of panels, parts, and sections for prefabricated buildings, not sold as a complete unit, steel and aluminum"
Census_ASM_PxI,2040325000,BEA_2017_Code,325510,,NAICS_2012_Code; weight 1.000; Manufacturing of architectural coatings
Census_ASM_PxI,2040325003,BEA_2017_Code,325510,,"NAICS_2012_Code; weight 1.000; Manufacturing of exterior solvent-thinned paints and tinted bases, including barn and roof paints"
Census_ASM_PxI,2040325006,BEA_2017_Code,325510,,"NAICS_2012_Code; weight 1.000; Manufacturing of exterior solvent-thinned enamels and tinted bases, including exterior-interior floor enamels"
Census_ASM_PxI,2040325009,BEA_2017_Code,325510,,NAICS_2012_Code; weight 1.000; Manufacturing of exterior solvent-thinned undercoaters and primers
Census_ASM_PxI,2040325012,BEA_2017_Code,325510,,NAICS_2012_Code; weight 1.000; Manufacturing of exterior solvent-thinned clear finishes and sealers
Census_ASM_PxI,2040325015,BEA_2017_Code,325510,,"NAICS_2012_Code; weight 1.000; Manufacturing of exterior solvent-thinned stains, including shingle and shake"
Census_ASM_PxI,2040325018,BEA_2017_Code,325510,,"NAICS_2012_Code; weight 1.000; Manufacturing of other exterior solvent-thinned coatings, including bituminous paints"
Census_ASM_PxI,2040325021,BEA_2017_Code,325510,,"NAICS_2012_Code; weight 1.000; Manufacturing of exterior water-thinned paints and tinted bases, including barn and roof paints"
Census_ASM_PxI,2040325024,BEA_2017_Code,325510,,NAICS_2012_Code; weight 1.000; Manufacturing of exterior-interior water-thinned deck and floor enamels
Census_ASM_PxI,2040325027,BEA_2017_Code,325510,,NAICS_2012_Code; weight 1.000; Manufacturing of exterior water-thinned undercoaters and primers
Census_ASM_PxI,2040325031,BEA_2017_Code,325510,,NAICS_2012_Code; weight 1.000; Manufacturing of exterior water-thinned stains and sealers
Census_ASM_PxI,2040325033,BEA_2017_Code,325510,,NAICS_2012_Code; weight 1.000; Manufacturing of other exterior water-thinned coatings
Census_ASM_PxI,2040325036,BEA_2017_Code,325510,,"NAICS_2012_Code; weight 1.000; Manufacturing of interior solvent-thinned wall paint and tinting bases, flat, including mill white paints"
Census_ASM_PxI,2040325039,BEA_2017_Code,325510,,"NAICS_2012_Code; weight 1.000; Manufacturing of interior solvent-thinned paints and enamels, gloss, and quick-drying enamels"
Census_ASM_PxI,2040325042,BEA_2017_Code,325510,,"NAICS_2012_Code; weight 1.000; Manufacturing of other interior solvent-thinned paints and tinting bases, including semigloss, eggshell, and satin"
Census_ASM_PxI,2040325045,BEA_2017_Code,325510,,NAICS_2012_Code; weight 1.000; Manufacturing of interior solvent-thinned undercoaters and primers
Census_ASM_PxI,2040325048,BEA_2017_Code,325510,,NAICS_2012_Code; weight 1.000; Manufacturing of interior solvent-thinned clear finishes and sealers
Census_ASM_PxI,2040325051,BEA_2017_Code,325510,,NAICS_2012_Code; weight 1.000; Manufacturing of interior solvent-thinned stains
Census_ASM_PxI,2040325054,BEA_2017_Code,325510,,NAICS_2012_Code; weight 1.000; Manufacturing of interior other solvent-thinned coatings
Census_ASM_PxI,2040325057,BEA_2017_Code,325510,,"NAICS_2012_Code; weight 1.000; Manufacturing of interior water-thinned paints and tinting bases, flat"
Census_ASM_PxI,2040325061,BEA_2017_Code,325510,,"NAICS_2012_Code; weight 1.000; Manufacturing of other interior water-thinned paints and tinting bases, including semigloss, eggshell, and satin"
Census_ASM_PxI,2040325063,BEA_2017_Code,325510,,NAICS_2012_Code; weight 1.000; Manufacturing of interior water-thinned undercoaters and primers
Census_ASM_PxI,2040325066,BEA_2017_Code,325510,,"NAICS_2012_Code; weight 1.000; Manufacturing of other interior water-thinned coatings, stains, and sealers"
Census_ASM_PxI,2040325069,BEA_2017_Code,325510,,NAICS_2012_Code; weight 1.000; Manufacturing of architectural lacquers
Census_ASM_PxI,2040350000,BEA_2017_Code,325510,,"NAICS_2012_Code; weight 1.000; Manufacturing of special-purpose coatings including all marine coatings, industrial, construction (excluding roofing and architectural coatings) and maintenance coatings, traffic marking paints, etc."
Census_ASM_PxI,2040350003,BEA_2017_Code,325510,,"NAICS_2012_Code; weight 1.000; Manufacturing of interior paints, industrial, new construction, and maintenance"
Census_ASM_PxI,2040350006,BEA_2017_Code,325510,,"NAICS_2012_Code; weight 1.000; Manufacturing of exterior paints, industrial, new construction, and maintenance"
Census_ASM_PxI,2040350009,BEA_2017_Code,325510,,"NAICS_2012_Code; weight 1.000; Manufacturing of paints, traffic marking, all types, including shelf goods and highway department"
Census_ASM_PxI,2040350012,BEA_2017_Code,325510,,"NAICS_2012_Code; weight 1.000; Manufacturing of paints and enamels, automotive, other transportation and machinery refinishing, including primers"
Census_ASM_PxI,2040350015,BEA_2017_Code,325510,,"NAICS_2012_Code; weight 1.000; Manufacturing of paints, marine, ship and off-shore facilities and shelf goods for both new construction and marine refinishing and maintenance, excluding spar varnish"
Census_ASM_PxI,2040350018,BEA_2017_Code,325510,,"NAICS_2012_Code; weight 1.000; Manufacturing of paints, marine, for yacht and pleasure craft, new construction, refinishing, and maintenance"
Census_ASM_PxI,2040350021,BEA_2017_Code,325510,,NAICS_2012_Code; weight 1.000; Manufacturing of paint concentrates produced for packaging in aerosol containers
Census_ASM_PxI,2040350024,BEA_2017_Code,325510,,"NAICS_2012_Code; weight 1.000; Manufacturing of other special-purpose paints and coatings, industrial, aerosol, and other marine"
Census_ASM_PxI,2040375000,BEA_2017_Code,325510,,"NAICS_2012_Code; weight 1.000; Manufacturing of miscellaneous allied paint products, including paint and varnish removers, thinners, pigment dispersions, glazing compounds, etc."
Census_ASM_PxI,2040375003,BEA_2017_Code,325510,,NAICS_2012_Code; weight 1.000; Manufacturing of paint and varnish removers
Census_ASM_PxI,2040375006,BEA_2017_Code,325510,,NAICS_2012_Code; weight 1.000; Manufacturing of thinners for lacquers and other solvent-based paint products
Census_ASM_PxI,2040375009,BEA_2017_Code,325510,,NAICS_2012_Code; weight 1.000; Manufacturing of pigment dispersions
Census_ASM_PxI,2040375012,BEA_2017_Code,325510,,"NAICS_2012_Code; weight 1.000; Manufacturing of other miscellaneous allied paint products, including brush cleaners, ink vehicles, putty and glazing compounds, etc."
Census_ASM_PxI,2040400000,BEA_2017_Code,325520,,NAICS_2012_Code; weight 1.000; Manufacturing of structural sealants (load-bearing)
Census_ASM_PxI,2040400003,BEA_2017_Code,325520,,"NAICS_2012_Code; weight 1.000; Manufacturing of synthetic-base general performance structural (load-bearing) sealants (PVAC, butyl, vinyl, acrylic, neoprene, etc.)"
Census_ASM_PxI,2040400006,BEA_2017_Code,325520,,"NAICS_2012_Code; weight 1.000; Manufacturing of synthetic-base special performance structural (load-bearing) sealants (polysulfide, silicone, epoxy, urethane, etc.)"
Census_ASM_PxI,2040400009,BEA_2017_Code,325520,,"NAICS_2012_Code; weight 1.000; Manufacturing of synthetic-base structural (load-bearing) sealant preformed tapes (butyl, polybutene, polyisobutylene, etc.)"
Census_ASM_PxI,2040425000,BEA_2017_Code,325520,,NAICS_2012_Code; weight 1.000; Manufacturing of nonstructural caulking compounds and sealants
Census_ASM_PxI,2040425003,BEA_2017_Code,325520,,"NAICS_2012_Code; weight 1.000; Manufacturing of natural-base nonstructural (nonload-bearing) caulks, modified and unmodified oil base"
Census_ASM_PxI,2040425006,BEA_2017_Code,325520,,NAICS_2012_Code; weight 1.000; Manufacturing of natural bituminous-base (coal tar or asphalt) nonstructural (nonload-bearing) caulking compounds and sealants
Census_ASM_PxI,2040425009,BEA_2017_Code,325520,,"NAICS_2012_Code; weight 1.000; Manufacturing of synthetic-base nonstructural (nonload-bearing) general performance sealants (PVAC, butyl, vinyl, acrylic, neoprene, etc.)"
Census_ASM_PxI,2040425012,BEA_2017_Code,325520,,"NAICS_2012_Code; weight 1.000; Manufacturing of synthetic-base nonstructural (nonload-bearing) special performance sealants (polysulfide, silicone, epoxy, urethane, etc.)"
Census_ASM_PxI,2040425015,BEA_2017_Code,325520,,"NAICS_2012_Code; weight 1.000; Manufacturing of synthetic-base nonstructural (nonload-bearing) sealant preformed tapes (butyl, polybutene, polyisobutylene, etc.)"
Census_ASM_PxI,2040450000,BEA_2017_Code,339990,,"NAICS_2012_Code; weight 1.000; Manufacturing of brushes (including kalsomine, marking, paperhanging, stenciling, and whitewash), paint and varnish"
Census_ASM_PxI,2040475000,BEA_2017_Code,339990,,"NAICS_2012_Code; weight 1.000; Manufacturing of holders, pads, roller frames, and rollers (including replacement rollers), paint"
Census_ASM_PxI,2040500000,BEA_2017_Code,322110,,"NAICS_2012_Code; weight 1.000; Manufacturing of turpentine, sulfate"
Census_ASM_PxI,2040525000,BEA_2017_Code,339990,,"NAICS_2012_Code; weight 1.000; Manufacturing of brushes, all other types (including artists' brushes and hair pencils), excluding artists' airbrushes"
Census_ASM_PxI,2040575000,BEA_2017_Code,327320,,NAICS_2012_Code; weight 1.000; Manufacturing of ready-mix concrete
Census_ASM_PxI,2040600000,BEA_2017_Code,327999,,"NAICS_2012_Code; weight 1.000; Manufacturing of dry-mixed concrete materials (prepackaged sand, gravel, mortar, and cement premixes)"
Census_ASM_PxI,2040625000,BEA_2017_Code,327400,,"NAICS_2012_Code; weight 1.000; Manufacturing of quicklime, hydrated lime, including cost of containers"
Census_ASM_PxI,2040650000,BEA_2017_Code,327400,,NAICS_2012_Code; weight 1.000; Manufacturing of other lime
Census_ASM_PxI,2040650003,BEA_2017_Code,327400,,NAICS_2012_Code; weight 1.000; Manufacturing of dead-burned dolomite
Census_ASM_PxI,2040650006,BEA_2017_Code,327400,,"NAICS_2012_Code; weight 1.000; Manufacturing of other lime, excluding dead-burned dolomite"
Census_ASM_PxI,2040675000,BEA_2017_Code,327999,,"NAICS_2012_Code; weight 1.000; Manufacturing of other nonmetallic mineral products (magnesite floor composition, stucco, artificial graphite, synthetic stones, etc.)"
Census_ASM_PxI,2040775000,BEA_2017_Code,324110,,NAICS_2012_Code; weight 0.500; Manufacturing of asphalt paving mixtures and blocks
Census_ASM_PxI,2040775000,BEA_2017_Code,324121,,NAICS_2012_Code; weight 0.500; Manufacturing of asphalt paving mixtures and blocks
Census_ASM_PxI,2040775003,BEA_2017_Code,324121,,"NAICS_2012_Code; weight 1.000; Manufacturing of emulsified asphalt, including liquid additives"
Census_ASM_PxI,2040775006,BEA_2017_Code,324110,,"NAICS_2012_Code; weight 0.500; Manufacturing of other liquid asphalt and tar paving materials, including cut-backs and road oil"
Census_ASM_PxI,2040775006,BEA_2017_Code,324121,,"NAICS_2012_Code; weight 0.500; Manufacturing of other liquid asphalt and tar paving materials, including cut-backs and road oil"
Census_ASM_PxI,2040775009,BEA_2017_Code,324121,,"NAICS_2012_Code; weight 1.000; Manufacturing of asphalt and tar paving mixtures (excluding liquid), including bituminous or asphaltic concrete, and asphaltic paving cements"
Census_ASM_PxI,2040775012,BEA_2017_Code,324121,,"NAICS_2012_Code; weight 1.000; Manufacturing of other asphalt paving mixtures, excluding brick, concrete, granite, or stone"
Census_ASM_PxI,2040800000,BEA_2017_Code,326120,,"NAICS_2012_Code; weight 1.000; Manufacturing of plastics sewer, stormdrain, and water main pipe"
Census_ASM_PxI,2040800003,BEA_2017_Code,326120,,"NAICS_2012_Code; weight 1.000; Manufacturing of plastics sewer, stormdrain and water main pipe, PVC"
Census_ASM_PxI,2040800006,BEA_2017_Code,326120,,"NAICS_2012_Code; weight 1.000; Manufacturing of plastics sewer, stormdrain and water main pipe, PE (polyethylene)"
Census_ASM_PxI,2040800009,BEA_2017_Code,326120,,"NAICS_2012_Code; weight 1.000; Manufacturing of plastics sewer, stormdrain and water main pipe, all other"
Census_ASM_PxI,2040825000,BEA_2017_Code,327100,,NAICS_2007_Code; weight 1.000; Manufacturing of vitrified clay sewer pipe and fittings
Census_ASM_PxI,2040850000,BEA_2017_Code,327330,,NAICS_2012_Code; weight 1.000; Manufacturing of concrete reinforced and nonreinforced culvert pipe
Census_ASM_PxI,2040875000,BEA_2017_Code,327330,,NAICS_2012_Code; weight 1.000; Manufacturing of concrete reinforced and nonreinforced storm sewer pipes
Census_ASM_PxI,2040900000,BEA_2017_Code,327330,,"NAICS_2012_Code; weight 1.000; Manufacturing of concrete sanitary sewer pipes including other pipes such as concrete pressure, prestressed cylinder pressure, pretensioned cylinder, irrigation pipes, and drain tile"
Census_ASM_PxI,2040925000,BEA_2017_Code,332320,,"NAICS_2012_Code; weight 1.000; Manufacturing of aluminum, steel, and other sheet metal culverts, flumes, irrigation pipes, etc."
Census_ASM_PxI,2040950000,BEA_2017_Code,33291A,,"NAICS_2012_Code; weight 1.000; Manufacturing of industrial valves for water works and municipal equipment (IBBM, AWWA, and UL), excluding parts"
Census_ASM_PxI,2040950003,BEA_2017_Code,33291A,,NAICS_2012_Code; weight 1.000; Manufacturing of industrial IBBM gate line and tapping valves for water works and municipal equipment
Census_ASM_PxI,2040950006,BEA_2017_Code,33291A,,NAICS_2012_Code; weight 1.000; Manufacturing of industrial UL check valves (all pressures) for water works and municipal equipment
Census_ASM_PxI,2040950009,BEA_2017_Code,33291A,,"NAICS_2012_Code; weight 1.000; Manufacturing of all other industrial UL valves (all pressures), including pest indicators, for water works and municipal equipment"
Census_ASM_PxI,2040950012,BEA_2017_Code,33291A,,"NAICS_2012_Code; weight 1.000; Manufacturing of tapping sleeves and crosses for industrial valves for water works and municipal equipment (IBBM, AWWA, and UL)"
Census_ASM_PxI,2040950015,BEA_2017_Code,33291A,,NAICS_2012_Code; weight 1.000; Manufacturing of fire hydrants
Census_ASM_PxI,2040950018,BEA_2017_Code,33291A,,NAICS_2012_Code; weight 1.000; Manufacturing of industrial AWWA check valves (all pressures) for water works and municipal equipment
Census_ASM_PxI,2040950021,BEA_2017_Code,33291A,,NAICS_2012_Code; weight 1.000; Manufacturing of industrial AWWA butterfly valves (all pressures) for water works and municipal equipment
Census_ASM_PxI,2040975000,BEA_2017_Code,33291A,,"NAICS_2012_Code; weight 1.000; Manufacturing of parts for industrial valves for water works and municipal equipment (IBBM, AWWA, and UL)"
Census_ASM_PxI,2041000000,BEA_2017_Code,33291A,,"NAICS_2012_Code; weight 1.000; Manufacturing of industrial plug valves (all metals, pressures, and types), including lubricated, cylindrical eccentric, and sleeve-lined, excluding parts"
Census_ASM_PxI,2041025000,BEA_2017_Code,33291A,,"NAICS_2012_Code; weight 1.000; Manufacturing of parts for industrial plug valves (all metals, pressures, and types), including lubricated, cylindrical eccentric, and sleeve-lined"
Census_ASM_PxI,2041050000,BEA_2017_Code,33291A,,"NAICS_2012_Code; weight 1.000; Manufacturing of automatic regulating and control valves and parts (excluding nuclear), power-operated, designed for modulating (throttling) service"
Census_ASM_PxI,2041075000,BEA_2017_Code,33291A,,NAICS_2012_Code; weight 1.000; Manufacturing of lawn sprinklers
Census_ASM_PxI,2041100000,BEA_2017_Code,331200,,"NAICS_2012_Code; weight 0.500; Manufacturing of steel nails, staples, tacks, spikes, and brads"
Census_ASM_PxI,2041100000,BEA_2017_Code,332600,,"NAICS_2012_Code; weight 0.500; Manufacturing of steel nails, staples, tacks, spikes, and brads"
Census_ASM_PxI,2041100003,BEA_2017_Code,331200,,NAICS_2012_Code; weight 0.500; Manufacturing of steel nails
Census_ASM_PxI,2041100003,BEA_2017_Code,332600,,NAICS_2012_Code; weight 0.500; Manufacturing of steel nails
Census_ASM_PxI,2041100006,BEA_2017_Code,331200,,"NAICS_2012_Code; weight 0.500; Manufacturing of steel staples, tacks, spikes, and brads"
Census_ASM_PxI,2041100006,BEA_2017_Code,332600,,"NAICS_2012_Code; weight 0.500; Manufacturing of steel staples, tacks, spikes, and brads"
Census_ASM_PxI,2041125000,BEA_2017_Code,332600,,"NAICS_2012_Code; weight 1.000; Manufacturing of nonferrous nails, brads, tacks, and staples"
Census_ASM_PxI,2041150000,BEA_2017_Code,314900,,"NAICS_2007_Code; weight 1.000; Manufacturing of canvas tarpaulins and other covers (excluding truck and boat), flat or fitted"
Census_ASM_PxI,2041175000,BEA_2017_Code,321910,,"NAICS_2012_Code; weight 1.000; Manufacturing of wood millwork products (excluding molding), including stairwork, exterior millwork, and softwood flooring"
Census_ASM_PxI,2041200000,BEA_2017_Code,33721A,,"NAICS_2012_Code; weight 1.000; Manufacturing of custom architectural woodwork, millwork, and wood fixtures (including custom wood and plastics laminated fixture tops) (excluding kitchen counters and cabinets and bathroom vanities and vanity tops)"
Census_ASM_PxI,2041225000,BEA_2017_Code,332119,,"NAICS_2007_Code; weight 1.000; Manufacturing of stamped and pressed vitreous (porcelain) enameled metal architectural parts (exterior and interior), including store front and curtain wall components"
Census_ASM_PxI,2041250000,BEA_2017_Code,332320,,"NAICS_2012_Code; weight 1.000; Manufacturing of iron, steel, and aluminum stairs, staircases, and fire escapes and expanded metal plaster base accessories (including corner beads, screens, grounds, etc.)"
Census_ASM_PxI,2041275000,BEA_2017_Code,332320,,NAICS_2012_Code; weight 1.000; Manufacturing of other aluminum and metal architectural and ornamental work
Census_ASM_PxI,2041300000,BEA_2017_Code,332320,,NAICS_2012_Code; weight 1.000; Manufacturing of other iron and steel architectural and ornamental work
Census_ASM_PxI,2041325000,BEA_2017_Code,332114,,"NAICS_2012_Code; weight 1.000; Manufacturing of custom roll formed products (carbon, stainless, and alloy steel), aluminum and other metal, for construction and mining"
Census_ASM_PxI,2041350000,BEA_2017_Code,3259A0,,NAICS_2012_Code; weight 1.000; Manufacturing of miscellaneous petroleum and chemical products
Census_ASM_PxI,2041350003,BEA_2017_Code,3259A0,,NAICS_2012_Code; weight 1.000; Manufacturing of concrete curing and floor hardening materials
Census_ASM_PxI,2041350006,BEA_2017_Code,3259A0,,"NAICS_2012_Code; weight 1.000; Manufacturing of drilling mud materials (mud thinners, thickeners, and purifiers)"
Census_ASM_PxI,2041375000,BEA_2017_Code,326190,,"NAICS_2012_Code; weight 1.000; Manufacturing of plastics hardware (clamps, handles, hinges, locks, casters, knobs, nails, etc.) (excluding foam and wire coated)"
Census_ASM_PxI,2041400000,BEA_2017_Code,326190,,"NAICS_2012_Code; weight 1.000; Manufacturing of building and construction fabricated plastics products (excluding foam, plumbing fixtures, hardware, or reinforced plastics)"
Census_ASM_PxI,2041400003,BEA_2017_Code,326190,,"NAICS_2012_Code; weight 1.000; Manufacturing of building and construction plastics fittings and unions, other than pipe (excluding foam, plumbing fixtures, hardware, and reinforced plastics)"
Census_ASM_PxI,2041400006,BEA_2017_Code,326190,,NAICS_2012_Code; weight 1.000; Manufacturing of other building and construction plastics products (excluding foam and reinforced plastics)
Census_ASM_PxI,2041425000,BEA_2017_Code,327100,,"NAICS_2007_Code; weight 1.000; Manufacturing of all other structural clay products (architectural terra cotta, drain tile, flue tile, roofing tile, conduit, etc.), excluding clay refractories"
Census_ASM_PxI,2041450000,BEA_2017_Code,327100,,NAICS_2007_Code; weight 1.000; Manufacturing of clay refractories
Census_ASM_PxI,2041450003,BEA_2017_Code,327100,,"NAICS_2007_Code; weight 1.000; Manufacturing of fireclay, high alumina, and insulating brick and shapes"
Census_ASM_PxI,2041450006,BEA_2017_Code,327100,,"NAICS_2007_Code; weight 1.000; Manufacturing of unshaped clay refractory bonding mortars, castable refractories, and gunning mixes"
Census_ASM_PxI,2041450009,BEA_2017_Code,327100,,NAICS_2007_Code; weight 1.000; Manufacturing of all other clay refractories
Census_ASM_PxI,2041475000,BEA_2017_Code,327100,,NAICS_2007_Code; weight 1.000; Manufacturing of nonclay refractories (excluding dead-burned magnesia)
Census_ASM_PxI,2041475003,BEA_2017_Code,327100,,NAICS_2007_Code; weight 1.000; Manufacturing of magnesite and magnesite-chrome brick and shapes and chrome brick
Census_ASM_PxI,2041475006,BEA_2017_Code,327100,,NAICS_2007_Code; weight 1.000; Manufacturing of all other brick and shapes
Census_ASM_PxI,2041475009,BEA_2017_Code,327100,,"NAICS_2007_Code; weight 1.000; Manufacturing of unshaped nonclay refractories, mortars, plastic refractories, and ramming mixes"
Census_ASM_PxI,2041475012,BEA_2017_Code,327100,,NAICS_2007_Code; weight 1.000; Manufacturing of all other nonclay refractories
Census_ASM_PxI,2041500000,BEA_2017_Code,332500,,"NAICS_2012_Code; weight 1.000; Manufacturing of doorlocks and locksets; screen, storm door, and window hardware; cabinet and closet hardware; hinges, padlocks, door controls, and other builders' hardware (including architectural trim hardware)"
Census_ASM_PxI,2041525000,BEA_2017_Code,331200,,"NAICS_2012_Code; weight 0.500; Manufacturing of noninsulated ferrous wire rope, cable, and fabricated wire rope assemblies (including lifting slings)"
Census_ASM_PxI,2041525000,BEA_2017_Code,332600,,"NAICS_2012_Code; weight 0.500; Manufacturing of noninsulated ferrous wire rope, cable, and fabricated wire rope assemblies (including lifting slings)"
Census_ASM_PxI,2041600000,BEA_2017_Code,332999,,"NAICS_2012_Code; weight 1.000; Manufacturing of fabricated assemblies of railroad frogs, switches, and crossings"
Census_ASM_PxI,2041650000,BEA_2017_Code,332999,,NAICS_2012_Code; weight 1.000; Manufacturing of metal pipe hangers and supports (excluding metal framing)
Census_ASM_PxI,2041675000,BEA_2017_Code,331200,,NAICS_2012_Code; weight 0.500; Manufacturing of steel wire fencing and fence gates
Census_ASM_PxI,2041675000,BEA_2017_Code,332600,,NAICS_2012_Code; weight 0.500; Manufacturing of steel wire fencing and fence gates
Census_ASM_PxI,2041700000,BEA_2017_Code,332320,,"NAICS_2012_Code; weight 1.000; Manufacturing of steel and aluminum fences, gates (other than wire), and railings and window guards"
Census_ASM_PxI,2041725000,BEA_2017_Code,33399A,,"NAICS_2012_Code; weight 1.000; Manufacturing of parts for products used for separating solids, liquids, and gases (excluding parts for filters and strainers and fluid power products)"
Census_ASM_PxI,2041750000,BEA_2017_Code,3259A0,,NAICS_2012_Code; weight 1.000; Manufacturing of explosives and blasting accessories
Census_ASM_PxI,2041775000,BEA_2017_Code,332320,,NAICS_2012_Code; weight 1.000; Manufacturing of metal stalls and corrals
Census_ASM_PxI,2041800000,BEA_2017_Code,334118,,"NAICS_2007_Code; weight 1.000; Manufacturing of parts, attachments, and accessories for computer terminals (excluding point-of-sale and funds-transfer devices)"
Census_ASM_PxI,2041825000,BEA_2017_Code,334118,,"override; weight 1.000; Manufacturing of parts, subassemblies, and accessories for computer peripheral equipment"
Census_ASM_PxI,2041850000,BEA_2017_Code,334118,,override; weight 1.000; Manufacturing of parts and attachments for point-of-sale terminals and fund-transfer devices
Census_ASM_PxI,2041875000,BEA_2017_Code,333318,,NAICS_2007_Code; weight 1.000; Manufacturing of parts and attachments for office machines
Census_ASM_PxI,2041900000,BEA_2017_Code,334112,,"NAICS_2012_Code; weight 1.000; Manufacturing of parts, attachments, and accessories for computer storage devices"
Census_ASM_PxI,2041925000,BEA_2017_Code,334418,,"NAICS_2012_Code; weight 1.000; Manufacturing of printed circuit assemblies, loaded boards and modules (printed circuit boards with inserted electronic components)"
Census_ASM_PxI,2041925003,BEA_2017_Code,334418,,NAICS_2012_Code; weight 1.000; Manufacturing of computer and peripheral printed board assemblies
Census_ASM_PxI,2041925006,BEA_2017_Code,334418,,NAICS_2012_Code; weight 1.000; Manufacturing of communications printed board assemblies
Census_ASM_PxI,2041925009,BEA_2017_Code,334418,,NAICS_2012_Code; weight 1.000; Manufacturing of industrial process control board assemblies
Census_ASM_PxI,2041925012,BEA_2017_Code,334418,,"NAICS_2012_Code; weight 1.000; Manufacturing of instrumentation printed board assemblies, excluding industrial process"
Census_ASM_PxI,2041925015,BEA_2017_Code,334418,,NAICS_2012_Code; weight 1.000; Manufacturing of search and detection printed board assemblies
Census_ASM_PxI,2041925018,BEA_2017_Code,334418,,NAICS_2012_Code; weight 1.000; Manufacturing of consumer electronics printed board assemblies
Census_ASM_PxI,2041925021,BEA_2017_Code,334418,,NAICS_2012_Code; weight 1.000; Manufacturing of other printed board assemblies
Census_ASM_PxI,2041950000,BEA_2017_Code,324110,,NAICS_2012_Code; weight 0.500; Manufacturing of petroleum lubricating oils and greases
Census_ASM_PxI,2041950000,BEA_2017_Code,324190,,NAICS_2012_Code; weight 0.500; Manufacturing of petroleum lubricating oils and greases
Census_ASM_PxI,2041950003,BEA_2017_Code,324110,,"NAICS_2012_Code; weight 0.500; Manufacturing of lubricating oils (including hydraulic fluids, quenching and cutting oils, transformer oils, liquid rust preventives, etc.)"
Census_ASM_PxI,2041950003,BEA_2017_Code,324190,,"NAICS_2012_Code; weight 0.500; Manufacturing of lubricating oils (including hydraulic fluids, quenching and cutting oils, transformer oils, liquid rust preventives, etc.)"
Census_ASM_PxI,2041950006,BEA_2017_Code,324110,,NAICS_2012_Code; weight 0.500; Manufacturing of lubricating greases
Census_ASM_PxI,2041950006,BEA_2017_Code,324190,,NAICS_2012_Code; weight 0.500; Manufacturing of lubricating greases
Census_ASM_PxI,2041975000,BEA_2017_Code,324110,,NAICS_2012_Code; weight 0.500; Manufacturing of microcrystalline petroleum waxes
Census_ASM_PxI,2041975000,BEA_2017_Code,324190,,NAICS_2012_Code; weight 0.500; Manufacturing of microcrystalline petroleum waxes
Census_ASM_PxI,2042000000,BEA_2017_Code,324110,,NAICS_2012_Code; weight 0.667; Manufacturing of crystalline petroleum waxes
Census_ASM_PxI,2042000000,BEA_2017_Code,324190,,NAICS_2012_Code; weight 0.333; Manufacturing of crystalline petroleum waxes
Census_ASM_PxI,2042025000,BEA_2017_Code,324110,,"NAICS_2012_Code; weight 1.000; Manufacturing of other finished petroleum products, including waxes"
Census_ASM_PxI,2042025009,BEA_2017_Code,324110,,NAICS_2012_Code; weight 1.000; Manufacturing of petrolatum
Census_ASM_PxI,2042025012,BEA_2017_Code,324110,,NAICS_2012_Code; weight 1.000; Manufacturing of other finished petroleum products
Census_ASM_PxI,2042050000,BEA_2017_Code,326210,,NAICS_2012_Code; weight 1.000; Manufacturing of passenger car pneumatic tires (casings)
Census_ASM_PxI,2042050003,BEA_2017_Code,326210,,NAICS_2012_Code; weight 1.000; Manufacturing of passenger car pneumatic tires (casings) intended for original equipment manufactures (OEM) sales
Census_ASM_PxI,2042050006,BEA_2017_Code,326210,,NAICS_2012_Code; weight 1.000; Manufacturing of passenger car pneumatic tires (casings) intended for replacement/aftermarket sales
Census_ASM_PxI,2042075000,BEA_2017_Code,326210,,NAICS_2012_Code; weight 1.000; Manufacturing of truck and bus (including off-the-highway) pneumatic tires
Census_ASM_PxI,2042075003,BEA_2017_Code,326210,,NAICS_2012_Code; weight 1.000; Manufacturing of truck and bus (including off-the-highway) pneumatic tires intended for original equipment manufactures (OEM) sales
Census_ASM_PxI,2042075006,BEA_2017_Code,326210,,NAICS_2012_Code; weight 1.000; Manufacturing of truck and bus (including off-the-highway) pneumatic tires intended for replacement/aftermarket sales
Census_ASM_PxI,2042100000,BEA_2017_Code,326210,,NAICS_2012_Code; weight 1.000; Manufacturing of tractor and implement (farm and industrial) pneumatic tires
Census_ASM_PxI,2042125000,BEA_2017_Code,326210,,NAICS_2012_Code; weight 1.000; Manufacturing of industrial and utility pneumatic tires (including garden)
Census_ASM_PxI,2042150000,BEA_2017_Code,326210,,"NAICS_2012_Code; weight 1.000; Manufacturing of other pneumatic tires and casing including motor bike, motorcycle, moped, bicycle, aircraft, and mobile home"
Census_ASM_PxI,2042175000,BEA_2017_Code,326210,,NAICS_2012_Code; weight 1.000; Manufacturing of solid and semipneumatic tires
Census_ASM_PxI,2042200000,BEA_2017_Code,326210,,NAICS_2012_Code; weight 1.000; Manufacturing of inner tubes
Census_ASM_PxI,2042225000,BEA_2017_Code,326210,,"NAICS_2012_Code; weight 1.000; Manufacturing of tread rubber, tire sundries, and repair materials"
Census_ASM_PxI,2042250000,BEA_2017_Code,326210,,NAICS_2012_Code; weight 1.000; Manufacturing of rebuilt and retreaded tires
Census_ASM_PxI,2042275000,BEA_2017_Code,325610,,NAICS_2012_Code; weight 1.000; Manufacturing of automobile polish and cleaners
Census_ASM_PxI,2042275003,BEA_2017_Code,325610,,"NAICS_2012_Code; weight 1.000; Manufacturing of automobile polish and cleaners, household"
Census_ASM_PxI,2042275006,BEA_2017_Code,325610,,"NAICS_2012_Code; weight 1.000; Manufacturing of automobile polish and cleaners, industrial and institutional"
Census_ASM_PxI,2042300000,BEA_2017_Code,325610,,NAICS_2012_Code; weight 1.000; Manufacturing of automotive windshield washer fluid
Census_ASM_PxI,2042325000,BEA_2017_Code,3259A0,,NAICS_2012_Code; weight 1.000; Manufacturing of automotive chemicals
Census_ASM_PxI,2042350000,BEA_2017_Code,336310,,"NAICS_2007_Code; weight 1.000; Manufacturing of carburetors and parts, new and rebuilt (all types)"
Census_ASM_PxI,2042375000,BEA_2017_Code,336310,,"NAICS_2007_Code; weight 1.000; Manufacturing of pistons, piston rings, and piston pins (engine)"
Census_ASM_PxI,2042400000,BEA_2017_Code,336310,,NAICS_2007_Code; weight 1.000; Manufacturing of valves (engine intake and exhaust)
Census_ASM_PxI,2042425000,BEA_2017_Code,336310,,"NAICS_2007_Code; weight 1.000; Manufacturing of gasoline engines and engine parts for motor vehicles, rebuilt"
Census_ASM_PxI,2042425003,BEA_2017_Code,336310,,"NAICS_2007_Code; weight 1.000; Manufacturing of gasoline engines and engine parts for motor vehicles, rebuilt (excluding rebuilt heavy truck and bus gasoline engines)"
Census_ASM_PxI,2042425006,BEA_2017_Code,336310,,"NAICS_2007_Code; weight 1.000; Manufacturing of heavy truck and bus gasoline engines, rebuilt"
Census_ASM_PxI,2042435000,BEA_2017_Code,336310,,"NAICS_2007_Code; weight 1.000; Manufacturing of gasoline engine parts for motor vehicles, new"
Census_ASM_PxI,2042440000,BEA_2017_Code,333618,,"NAICS_2012_Code; weight 1.000; Manufacturing of parts and accessories for internal combustion engines, excluding aircraft and gas automotive engines and turbines"
Census_ASM_PxI,2042450000,BEA_2017_Code,336320,,"NAICS_2007_Code; weight 1.000; Manufacturing of rebuilt battery charging alternators and generators for internal combustion engines (all types), including rebuilt regulators for alternators and generators"
Census_ASM_PxI,2042450003,BEA_2017_Code,336320,,"NAICS_2007_Code; weight 1.000; Manufacturing of rebuilt battery charging alternators and generators for internal combustion engines, all types"
Census_ASM_PxI,2042450006,BEA_2017_Code,336320,,NAICS_2007_Code; weight 1.000; Manufacturing of rebuilt regulators for battery charging alternators and generators 
Census_ASM_PxI,2042475000,BEA_2017_Code,336320,,"NAICS_2007_Code; weight 1.000; Manufacturing of rebuilt starting (engine cranking) motors, all types"
Census_ASM_PxI,2042525000,BEA_2017_Code,335312,,NAICS_2012_Code; weight 1.000; Armature rewinding on a factory basis
Census_ASM_PxI,2042550000,BEA_2017_Code,336320,,"NAICS_2007_Code; weight 1.000; Manufacturing of other rebuilt electrical components (including cruise control and windshield washer-wiper units), excluding engine electrical equipment"
Census_ASM_PxI,2042575000,BEA_2017_Code,3363A0,,NAICS_2012_Code; weight 1.000; Manufacturing of motor vehicle shock absorbers
Census_ASM_PxI,2042600000,BEA_2017_Code,3363A0,,NAICS_2012_Code; weight 1.000; Manufacturing of motor vehicle tie rod ends
Census_ASM_PxI,2042625000,BEA_2017_Code,3363A0,,"NAICS_2012_Code; weight 1.000; Manufacturing of motor vehicle steering idler arms, drag links, and control arms"
Census_ASM_PxI,2042650000,BEA_2017_Code,3363A0,,"NAICS_2012_Code; weight 1.000; Manufacturing of motor vehicle steering wheels, columns, and gearboxes"
Census_ASM_PxI,2042675000,BEA_2017_Code,3363A0,,"NAICS_2012_Code; weight 1.000; Manufacturing of other motor vehicle steering and suspension components, including motor vehicle ball joints"
Census_ASM_PxI,2042700000,BEA_2017_Code,3363A0,,"NAICS_2012_Code; weight 1.000; Manufacturing of motor vehicle drum brake assemblies and parts, new"
Census_ASM_PxI,2042725000,BEA_2017_Code,3363A0,,"NAICS_2012_Code; weight 1.000; Manufacturing of motor vehicle disc brake assemblies and parts, new"
Census_ASM_PxI,2042750000,BEA_2017_Code,3363A0,,"NAICS_2012_Code; weight 1.000; Manufacturing of other motor vehicle brake parts and assemblies, new"
Census_ASM_PxI,2042775000,BEA_2017_Code,3363A0,,"NAICS_2012_Code; weight 1.000; Manufacturing of motor vehicle brake parts and assemblies, rebuilt"
Census_ASM_PxI,2042800000,BEA_2017_Code,336350,,"NAICS_2012_Code; weight 1.000; Manufacturing of parts for manual and automatic transmissions, new"
Census_ASM_PxI,2042825000,BEA_2017_Code,336350,,"NAICS_2012_Code; weight 1.000; Manufacturing of motor vehicle drive train components, rebuilt"
Census_ASM_PxI,2042830000,BEA_2017_Code,332991,,NAICS_2012_Code; weight 1.000; Manufacturing of parts and components for ball and roller bearings (including balls and rollers) (excluding cups and cones)
Census_ASM_PxI,2042830003,BEA_2017_Code,332991,,NAICS_2012_Code; weight 1.000; Manufacturing of ball bearings (excluding cups and cones)
Census_ASM_PxI,2042830006,BEA_2017_Code,332991,,"NAICS_2012_Code; weight 1.000; Manufacturing of other antifriction ball bearing components and parts, including unassembled ball bearings, cages, races, seals, shields, etc. (excluding ball)"
Census_ASM_PxI,2042830009,BEA_2017_Code,332991,,NAICS_2012_Code; weight 1.000; Manufacturing of parts and components for rollers
Census_ASM_PxI,2042830012,BEA_2017_Code,332991,,"NAICS_2012_Code; weight 1.000; Manufacturing of other roller bearings parts and components (excluding rollers), for tapered roller bearings (excluding cup and cone assemblies)"
Census_ASM_PxI,2042830015,BEA_2017_Code,332991,,"NAICS_2012_Code; weight 1.000; Manufacturing of other roller bearings parts and components (excluding rollers), for cylindrical roller bearings"
Census_ASM_PxI,2042830018,BEA_2017_Code,332991,,"NAICS_2012_Code; weight 1.000; Manufacturing of other roller bearings parts and components (excluding rollers), for spherical roller bearings"
Census_ASM_PxI,2042830021,BEA_2017_Code,332991,,"NAICS_2012_Code; weight 1.000; Manufacturing of other roller bearings parts and components (excluding rollers), for other roller bearings"
Census_ASM_PxI,2042830024,BEA_2017_Code,332991,,"NAICS_2012_Code; weight 1.000; Manufacturing of housings and parts and components for housings, including housing closures, collars, spacers, sleeves, adapters, and other miscellaneous items"
Census_ASM_PxI,2042835000,BEA_2017_Code,333613,,NAICS_2012_Code; weight 1.000; Manufacturing of parts for mechanical power transmission equipment
Census_ASM_PxI,2042840000,BEA_2017_Code,336350,,"NAICS_2012_Code; weight 1.000; Manufacturing of motor vehicle axle parts, new"
Census_ASM_PxI,2042845000,BEA_2017_Code,336350,,"NAICS_2012_Code; weight 1.000; Manufacturing of other motor vehicle drive train components, excluding wheels and brakes, new"
Census_ASM_PxI,2042847000,BEA_2017_Code,333612,,"NAICS_2012_Code; weight 1.000; Manufacturing of parts for geared speed changers, industrial high-speed drives, gear motors, speed reducers, and mechanical variable speed drives"
Census_ASM_PxI,2042850000,BEA_2017_Code,336390,,NAICS_2007_Code; weight 1.000; Manufacturing of motor vehicle air-conditioning systems
Census_ASM_PxI,2042875000,BEA_2017_Code,336390,,"NAICS_2007_Code; weight 1.000; Manufacturing of automotive air-conditioning compressors (open-type, with or without motor)"
Census_ASM_PxI,2042900000,BEA_2017_Code,336390,,"NAICS_2007_Code; weight 1.000; Manufacturing of motor vehicle air-conditioning hose assemblies, new"
Census_ASM_PxI,2042925000,BEA_2017_Code,336390,,"NAICS_2007_Code; weight 1.000; Manufacturing of radiators, radiator shells and cores, new"
Census_ASM_PxI,2042925003,BEA_2017_Code,336390,,"NAICS_2007_Code; weight 1.000; Manufacturing of gasoline engine radiators, complete, new, for motor vehicles"
Census_ASM_PxI,2042925006,BEA_2017_Code,336390,,"NAICS_2007_Code; weight 1.000; Manufacturing of gasoline engine radiator shells and cores, new, for motor vehicles"
Census_ASM_PxI,2042925009,BEA_2017_Code,336390,,"NAICS_2007_Code; weight 1.000; Manufacturing of stationary engine radiators for internal combustion engines, excluding aircraft and gasoline automotive engines and gas turbines"
Census_ASM_PxI,2042925012,BEA_2017_Code,336390,,"NAICS_2007_Code; weight 1.000; Manufacturing of motor vehicle heater cores, new"
Census_ASM_PxI,2042950000,BEA_2017_Code,336390,,"NAICS_2007_Code; weight 1.000; Manufacturing of exhaust system parts, new (including mufflers, resonators, pipes, and catalytic converters)"
Census_ASM_PxI,2042975000,BEA_2017_Code,314900,,NAICS_2007_Code; weight 0.333; Manufacturing of miscellaneous motor vehicle parts and components
Census_ASM_PxI,2042975000,BEA_2017_Code,326290,,NAICS_2012_Code; weight 0.333; Manufacturing of miscellaneous motor vehicle parts and components
Census_ASM_PxI,2042975000,BEA_2017_Code,336390,,NAICS_2007_Code; weight 0.333; Manufacturing of miscellaneous motor vehicle parts and components
Census_ASM_PxI,2042975003,BEA_2017_Code,336390,,"NAICS_2007_Code; weight 1.000; Manufacturing of motor vehicle windshield wiper blades, new"
Census_ASM_PxI,2042975012,BEA_2017_Code,326290,,NAICS_2012_Code; weight 1.000; Manufacturing of individual rubber automotive floormats and matting
Census_ASM_PxI,2042975015,BEA_2017_Code,336390,,NAICS_2007_Code; weight 1.000; Manufacturing of parts for automobile and light truck trailers
Census_ASM_PxI,2042975018,BEA_2017_Code,336390,,"NAICS_2007_Code; weight 1.000; Manufacturing of all other motor vehicle parts and accessories, new"
Census_ASM_PxI,2042975021,BEA_2017_Code,314900,,"NAICS_2007_Code; weight 1.000; Manufacturing of canvas truck and boat covers, flat or fitted"
Census_ASM_PxI,2042975024,BEA_2017_Code,336390,,"NAICS_2007_Code; weight 1.000; Manufacturing of other motor vehicle parts, excluding carburetors and engine electrical equipment, rebuilt"
Census_ASM_PxI,2043000000,BEA_2017_Code,331510,,NAICS_2012_Code; weight 1.000; Manufacturing of cast carbon steel railroad car wheels and railway specialties
Census_ASM_PxI,2043025000,BEA_2017_Code,336500,,"NAICS_2012_Code; weight 1.000; Manufacturing of parts and accessories for railroads, streetcars, truck assemblies, railway maintenance of railway way equipment, etc., including brake equipment"
Census_ASM_PxI,2043025003,BEA_2017_Code,336500,,"NAICS_2012_Code; weight 1.000; Manufacturing of airbrakes and other brake equipment, railroad and streetcars"
Census_ASM_PxI,2043025006,BEA_2017_Code,336500,,"NAICS_2012_Code; weight 1.000; Manufacturing of parts and accessories for railroads, streetcars, truck assemblies, railway maintenance of railway way equipment, etc."
Census_ASM_PxI,2043050000,BEA_2017_Code,336500,,"NAICS_2012_Code; weight 1.000; Manufacturing of locomotive parts, excluding fuel lubricating and cooling medium pumps"
Census_ASM_PxI,2043075000,BEA_2017_Code,336390,,"NAICS_2007_Code; weight 1.000; Manufacturing of trailer hitches (for travel trailers, automobile trailers, and light-duty truck trailers)"
Census_ASM_PxI,2043100000,BEA_2017_Code,326290,,NAICS_2012_Code; weight 1.000; Manufacturing of all other miscellaneous rubber goods
Census_ASM_PxI,2043100003,BEA_2017_Code,326290,,"NAICS_2012_Code; weight 1.000; Manufacturing of rubber tank blocks, treads, and band tracks"
Census_ASM_PxI,2043100006,BEA_2017_Code,326290,,NAICS_2012_Code; weight 1.000; Manufacturing of molded and extruded rubber tubing
Census_ASM_PxI,2043125000,BEA_2017_Code,336999,,"NAICS_2012_Code; weight 1.000; Manufacturing of parts for other transportation equipment, excluding automobile and light truck trailers"
Census_ASM_PxI,2043150000,BEA_2017_Code,333111,,"NAICS_2012_Code; weight 1.000; Manufacturing of parts for farm-type wheel tractors (excluding operator cabs), for sale separately"
Census_ASM_PxI,2043170000,BEA_2017_Code,333111,,"NAICS_2012_Code; weight 1.000; Manufacturing of parts for other commercial turf and ground care equipment, excluding mowing equipment"
Census_ASM_PxI,2043175000,BEA_2017_Code,333111,,"NAICS_2012_Code; weight 1.000; Manufacturing of other parts for farm machinery (excluding for wheel tractors ), including operator cabs, for sale separately"
Census_ASM_PxI,2043175003,BEA_2017_Code,333111,,NAICS_2012_Code; weight 1.000; Manufacturing of parts for farm dairy machines and equipment
Census_ASM_PxI,2043175006,BEA_2017_Code,333111,,NAICS_2012_Code; weight 1.000; Manufacturing of parts for sprayers and dusters
Census_ASM_PxI,2043175009,BEA_2017_Code,333111,,NAICS_2012_Code; weight 1.000; Manufacturing of parts for farm blowers
Census_ASM_PxI,2043175012,BEA_2017_Code,333111,,"NAICS_2012_Code; weight 1.000; Manufacturing of parts for planting, seeding, and fertilizing machinery"
Census_ASM_PxI,2043175015,BEA_2017_Code,333111,,NAICS_2012_Code; weight 1.000; Manufacturing of parts for harvest machinery
Census_ASM_PxI,2043175018,BEA_2017_Code,333111,,NAICS_2012_Code; weight 1.000; Manufacturing of parts for haying machinery
Census_ASM_PxI,2043175021,BEA_2017_Code,333111,,"NAICS_2012_Code; weight 1.000; Manufacturing of parts for plows (excluding plowshares), replacement units only"
Census_ASM_PxI,2043175024,BEA_2017_Code,333111,,"NAICS_2012_Code; weight 1.000; Manufacturing of parts for harrows, rollers, pulverizers, and similar equipment"
Census_ASM_PxI,2043175027,BEA_2017_Code,333111,,NAICS_2012_Code; weight 1.000; Manufacturing of parts for cultivators and weeders
Census_ASM_PxI,2043175031,BEA_2017_Code,333111,,NAICS_2012_Code; weight 1.000; Manufacturing of parts for machines preparing crops
Census_ASM_PxI,2043175033,BEA_2017_Code,333111,,NAICS_2012_Code; weight 1.000; Manufacturing of parts for farm poultry equipment
Census_ASM_PxI,2043175036,BEA_2017_Code,333111,,NAICS_2012_Code; weight 1.000; Manufacturing of parts for other barnyard equipment
Census_ASM_PxI,2043175039,BEA_2017_Code,333111,,NAICS_2012_Code; weight 1.000; Manufacturing of parts for self-propelled irrigation systems
Census_ASM_PxI,2043175042,BEA_2017_Code,333111,,NAICS_2012_Code; weight 1.000; Manufacturing of parts for hog equipment
Census_ASM_PxI,2043175045,BEA_2017_Code,333111,,"NAICS_2012_Code; weight 1.000; Manufacturing of parts for farm wagons and other farm transportation equipment, including operator cabs for farm tractors"
Census_ASM_PxI,2043175048,BEA_2017_Code,333111,,NAICS_2012_Code; weight 1.000; Manufacturing of parts for stalk shredders and cutters or rotary mowers (PTO)
Census_ASM_PxI,2043200000,BEA_2017_Code,333120,,"NAICS_2012_Code; weight 1.000; Manufacturing of parts for power cranes, draglines, shovels, and excavators (including surface mining equipment)"
Census_ASM_PxI,2043225000,BEA_2017_Code,333120,,"NAICS_2012_Code; weight 1.000; Manufacturing of parts for contractors' off-highway wheel tractors, crawler tractors, and tractor shovel loaders"
Census_ASM_PxI,2043250000,BEA_2017_Code,333120,,NAICS_2012_Code; weight 1.000; Manufacturing of parts for other construction machinery
Census_ASM_PxI,2043250003,BEA_2017_Code,333120,,"NAICS_2012_Code; weight 1.000; Manufacturing of parts for mixers, pavers, and related equipment"
Census_ASM_PxI,2043250006,BEA_2017_Code,333120,,"NAICS_2012_Code; weight 1.000; Manufacturing of parts for off-highway trucks, coal haulers, truck-type tractor chassis, trailers and wagons"
Census_ASM_PxI,2043250009,BEA_2017_Code,333120,,"NAICS_2012_Code; weight 1.000; Manufacturing of parts for motor graders and light maintainers, rollers and compactors, rough-terrain forklifts, scraper bowls, and self-propelled continuous ditchers and trenchers"
Census_ASM_PxI,2043250012,BEA_2017_Code,333120,,NAICS_2012_Code; weight 1.000; Manufacturing of parts for construction machinery for mounting on tractors and other prime movers
Census_ASM_PxI,2043250015,BEA_2017_Code,333120,,"NAICS_2012_Code; weight 1.000; Manufacturing of parts for other construction machinery and equipment (excluding winches, hoists, and railroad rolling stock)"
Census_ASM_PxI,2043275000,BEA_2017_Code,333130,,NAICS_2012_Code; weight 1.000; Manufacturing of parts and attachments for mining machinery and equipment
Census_ASM_PxI,2043300000,BEA_2017_Code,333130,,NAICS_2012_Code; weight 1.000; Manufacturing of parts for rotary oil and gas field drilling equipment (excluding for portable drilling rigs)
Census_ASM_PxI,2043325000,BEA_2017_Code,333130,,NAICS_2012_Code; weight 1.000; Manufacturing of parts for other oil and gas field drilling equipment (excluding parts for rotary drilling equipment and portable drilling rigs)
Census_ASM_PxI,2043350000,BEA_2017_Code,333130,,NAICS_2012_Code; weight 1.000; Manufacturing of parts for oil and gas field production machinery and tools (excluding parts for portable drilling rigs and other drilling equipment)
Census_ASM_PxI,2043375000,BEA_2017_Code,333130,,NAICS_2012_Code; weight 1.000; Manufacturing of parts for portable drilling rigs used on the surface (above ground)
Census_ASM_PxI,2043400000,BEA_2017_Code,33329A,,NAICS_2007_Code; weight 1.000; Manufacturing of parts for special industry machinery and equipment
Census_ASM_PxI,2043400003,BEA_2017_Code,33329A,,NAICS_2007_Code; weight 1.000; Manufacturing of parts for electroplating equipment
Census_ASM_PxI,2043400006,BEA_2017_Code,33329A,,NAICS_2007_Code; weight 1.000; Manufacturing of parts for metal finishing equipment
Census_ASM_PxI,2043425000,BEA_2017_Code,333517,,NAICS_2007_Code; weight 1.000; Manufacturing of parts for metal cutting machine tools
Census_ASM_PxI,2043450000,BEA_2017_Code,333517,,NAICS_2007_Code; weight 1.000; Manufacturing of parts for metal forming machine tools
Census_ASM_PxI,2043450003,BEA_2017_Code,333517,,NAICS_2007_Code; weight 1.000; Manufacturing of parts for die-casting machines
Census_ASM_PxI,2043450006,BEA_2017_Code,333517,,NAICS_2007_Code; weight 1.000; Manufacturing of other parts for metal forming machine tools
Census_ASM_PxI,2043475000,BEA_2017_Code,33351B,,"NAICS_2007_Code; weight 1.000; Manufacturing of parts, excluding rolls, for rolling mill machinery"
Census_ASM_PxI,2043500000,BEA_2017_Code,33351B,,NAICS_2007_Code; weight 1.000; Manufacturing of parts and attachments for metalworking assembly machines
Census_ASM_PxI,2043525000,BEA_2017_Code,33351B,,NAICS_2007_Code; weight 1.000; Manufacturing of parts and attachments for other metalworking machinery (excluding handheld and ultrasonic)
Census_ASM_PxI,2043575000,BEA_2017_Code,33399A,,NAICS_2012_Code; weight 1.000; Manufacturing of arc welding metal electrodes
Census_ASM_PxI,2043600000,BEA_2017_Code,33399A,,"NAICS_2012_Code; weight 1.000; Manufacturing of gas welding and cutting parts, attachments, and accessories"
Census_ASM_PxI,2043600003,BEA_2017_Code,33399A,,NAICS_2012_Code; weight 1.000; Manufacturing of tips for gas welding and cutting equipment
Census_ASM_PxI,2043600006,BEA_2017_Code,33399A,,NAICS_2012_Code; weight 1.000; Manufacturing of pressure regulators for gas welding and cutting equipment
Census_ASM_PxI,2043600009,BEA_2017_Code,33399A,,"NAICS_2012_Code; weight 1.000; Manufacturing of all other spare parts, accessories, attachments, adaptors, etc., for gas welding and cutting equipment"
Census_ASM_PxI,2043625000,BEA_2017_Code,333920,,"NAICS_2012_Code; weight 1.000; Manufacturing of parts, attachments, and accessories for unit handling conveyors and conveying systems"
Census_ASM_PxI,2043650000,BEA_2017_Code,333920,,"NAICS_2012_Code; weight 1.000; Manufacturing of belt conveyor idlers, pulleys, and all other parts, attachments, and accessories for bulk material handling conveyors and conveying systems"
Census_ASM_PxI,2043675000,BEA_2017_Code,333920,,NAICS_2012_Code; weight 1.000; Manufacturing of parts and attachments for hoists
Census_ASM_PxI,2043700000,BEA_2017_Code,333920,,NAICS_2012_Code; weight 1.000; Manufacturing of parts and attachments for overhead traveling cranes and monorail systems
Census_ASM_PxI,2043700003,BEA_2017_Code,333920,,"NAICS_2012_Code; weight 1.000; Manufacturing of parts and attachments for overhead traveling cranes, except buckets, grabs, and grips"
Census_ASM_PxI,2043700006,BEA_2017_Code,333920,,NAICS_2012_Code; weight 1.000; Manufacturing of parts and attachments for monorail systems
Census_ASM_PxI,2043725000,BEA_2017_Code,333920,,"NAICS_2012_Code; weight 1.000; Manufacturing of parts for winches, aerial work platforms, and automobile hoists"
Census_ASM_PxI,2043725003,BEA_2017_Code,333920,,NAICS_2012_Code; weight 1.000; Manufacturing of parts for winches for mounting on tractors and other prime movers
Census_ASM_PxI,2043725006,BEA_2017_Code,333920,,NAICS_2012_Code; weight 1.000; Manufacturing of parts for winches for aerial work platforms and automobile hoists
Census_ASM_PxI,2043750000,BEA_2017_Code,333920,,NAICS_2012_Code; weight 1.000; Manufacturing of parts and attachments for industrial trucks and tractors
Census_ASM_PxI,2043775000,BEA_2017_Code,333611,,"NAICS_2012_Code; weight 1.000; Manufacturing of parts and accessories for turbines, turbine generators, and turbine generator sets"
Census_ASM_PxI,2043800000,BEA_2017_Code,335311,,"NAICS_2012_Code; weight 1.000; Manufacturing of commercial, institutional, and industrial general-purpose transformers, all voltages"
Census_ASM_PxI,2043825000,BEA_2017_Code,335311,,"NAICS_2012_Code; weight 1.000; Manufacturing of parts, including renewal and repair parts, subassemblies and accessories for all transformers"
Census_ASM_PxI,2043850000,BEA_2017_Code,335312,,"NAICS_2012_Code; weight 1.000; Manufacturing of parts and supplies for motors, generators, generator sets, and other rotating equipment, excluding motors for built-in jobs"
Census_ASM_PxI,2043875000,BEA_2017_Code,335314,,NAICS_2012_Code; weight 1.000; Manufacturing of parts for industrial controls and motor-control accessories
Census_ASM_PxI,2043875003,BEA_2017_Code,335314,,NAICS_2012_Code; weight 1.000; Manufacturing of motor control accessories
Census_ASM_PxI,2043875006,BEA_2017_Code,335314,,NAICS_2012_Code; weight 1.000; Manufacturing of parts for industrial controls
Census_ASM_PxI,2043900000,BEA_2017_Code,335999,,NAICS_2012_Code; weight 1.000; Manufacturing of semiconductor battery chargers
Census_ASM_PxI,2043900003,BEA_2017_Code,335999,,"NAICS_2012_Code; weight 1.000; Manufacturing of semiconductor battery chargers, automotive"
Census_ASM_PxI,2043900006,BEA_2017_Code,335999,,"NAICS_2012_Code; weight 1.000; Manufacturing of semiconductor battery chargers, industrial and railroad"
Census_ASM_PxI,2043910000,BEA_2017_Code,335313,,NAICS_2012_Code; weight 1.000; Manufacturing of parts for switchgear assemblies
Census_ASM_PxI,2043910003,BEA_2017_Code,335313,,"NAICS_2012_Code; weight 1.000; Manufacturing of parts for metal-enclosed load interrupter switchgear assemblies, all voltages"
Census_ASM_PxI,2043910006,BEA_2017_Code,335313,,"NAICS_2012_Code; weight 1.000; Manufacturing of parts for metal-enclosed low voltage power circuit breaker switchgear assemblies 1,000 volts and below, excluding load interrupter switchgear"
Census_ASM_PxI,2043925000,BEA_2017_Code,33329A,,"NAICS_2007_Code; weight 1.000; Manufacturing of parts, attachments, and accessories for woodworking machinery, excluding saw blades and cutting tools"
Census_ASM_PxI,2043950000,BEA_2017_Code,33329A,,NAICS_2007_Code; weight 1.000; Manufacturing of parts for other machinery for working plastics and making products from plastics
Census_ASM_PxI,2043975000,BEA_2017_Code,33329A,,"NAICS_2007_Code; weight 1.000; Manufacturing of parts for rubber working machinery, excluding tire molds"
Census_ASM_PxI,2044000000,BEA_2017_Code,33329A,,NAICS_2007_Code; weight 1.000; Manufacturing of parts and attachments for paper industry wood preparation equipment
Census_ASM_PxI,2044025000,BEA_2017_Code,33329A,,NAICS_2007_Code; weight 1.000; Manufacturing of parts and attachments for paper industry pulp mill machinery
Census_ASM_PxI,2044050000,BEA_2017_Code,33329A,,NAICS_2007_Code; weight 1.000; Manufacturing of parts and attachments for paper industry machines for finishing paper
Census_ASM_PxI,2044075000,BEA_2017_Code,33329A,,"NAICS_2007_Code; weight 1.000; Manufacturing of parts and attachments for paper mill machinery, excluding machines for finishing paper"
Census_ASM_PxI,2044100000,BEA_2017_Code,33329A,,NAICS_2007_Code; weight 1.000; Manufacturing of parts and attachments for paper and paperboard converting equipment
Census_ASM_PxI,2044125000,BEA_2017_Code,33329A,,"NAICS_2007_Code; weight 1.000; Manufacturing of parts, attachments, and accessories for textile machinery"
Census_ASM_PxI,2044150000,BEA_2017_Code,33329A,,"NAICS_2007_Code; weight 1.000; Manufacturing of parts, attachments, and accessories for printing presses, including flying pasters, dryers, folders, and reels, all types"
Census_ASM_PxI,2044175000,BEA_2017_Code,33329A,,"NAICS_2007_Code; weight 1.000; Manufacturing of parts, attachments, and accessories for bindery equipment, all types"
Census_ASM_PxI,2044200000,BEA_2017_Code,33329A,,"NAICS_2007_Code; weight 1.000; Manufacturing of parts, attachments, and accessories for prepress preparatory equipment (excluding typesetting and camera parts)"
Census_ASM_PxI,2044225000,BEA_2017_Code,33329A,,"NAICS_2007_Code; weight 1.000; Manufacturing of parts, attachments, and accessories for other printing trades machinery and equipment, all types"
Census_ASM_PxI,2044250000,BEA_2017_Code,33329A,,NAICS_2007_Code; weight 1.000; Manufacturing of parts and attachments for dairy and milk products plant machinery and equipment
Census_ASM_PxI,2044275000,BEA_2017_Code,33329A,,NAICS_2007_Code; weight 1.000; Manufacturing of parts and attachments for commercial food preparation machines (excluding packaging machinery and food cooking and warming equipment)
Census_ASM_PxI,2044300000,BEA_2017_Code,333318,,NAICS_2007_Code; weight 1.000; Manufacturing of parts and accessories for commercial cooking and food-warming equipment
Census_ASM_PxI,2044325000,BEA_2017_Code,33329A,,"NAICS_2007_Code; weight 1.000; Manufacturing of parts and attachments for bakery furnaces, ovens, presses, crushers, sorting, grading, and other parts and attachments for industrial food products machinery"
Census_ASM_PxI,2044350000,BEA_2017_Code,333993,,"NAICS_2012_Code; weight 1.000; Manufacturing of parts for packing, packaging, and bottling machinery"
Census_ASM_PxI,2044375000,BEA_2017_Code,33329A,,NAICS_2007_Code; weight 1.000; Manufacturing of parts for chemical manufacturing machinery and equipment
Census_ASM_PxI,2044375003,BEA_2017_Code,33329A,,"NAICS_2007_Code; weight 1.000; Manufacturing of parts for chemical manufacturing distilling, rectifying, fractionating, heat exchange, dryers, gas and air liquefying machinery and equipment"
Census_ASM_PxI,2044375006,BEA_2017_Code,33329A,,NAICS_2007_Code; weight 1.000; Manufacturing of parts for other chemical manufacturing machinery and equipment
Census_ASM_PxI,2044400000,BEA_2017_Code,33329A,,NAICS_2007_Code; weight 1.000; Manufacturing of parts for foundry machinery and equipment
Census_ASM_PxI,2044425000,BEA_2017_Code,33329A,,"NAICS_2007_Code; weight 1.000; Manufacturing of parts, attachments, and accessories for printed circuit board manufacturing machinery and equipment, excluding testing"
Census_ASM_PxI,2044450000,BEA_2017_Code,33329A,,NAICS_2007_Code; weight 1.000; Manufacturing of parts for other special industry machinery and equipment
Census_ASM_PxI,2044450003,BEA_2017_Code,33329A,,NAICS_2007_Code; weight 1.000; Manufacturing of parts for petroleum refining machinery
Census_ASM_PxI,2044450006,BEA_2017_Code,33329A,,"NAICS_2007_Code; weight 1.000; Manufacturing of parts for tobacco processing, clay products forming equipment, cement making, desalinization, and special industry machinery and equipment"
Census_ASM_PxI,2044450009,BEA_2017_Code,33329A,,"NAICS_2007_Code; weight 1.000; Manufacturing of parts for machines for working stone, ceramics, and similar materials (including glass)"
Census_ASM_PxI,2044450012,BEA_2017_Code,33329A,,NAICS_2007_Code; weight 1.000; Manufacturing of parts for concrete products forming equipment
Census_ASM_PxI,2044450015,BEA_2017_Code,33329A,,NAICS_2007_Code; weight 1.000; Manufacturing of parts for glassmaking machinery and equipment
Census_ASM_PxI,2044450018,BEA_2017_Code,33329A,,NAICS_2007_Code; weight 1.000; Manufacturing of parts for electric battery making machines
Census_ASM_PxI,2044475000,BEA_2017_Code,333991,,"NAICS_2012_Code; weight 1.000; Manufacturing of parts, attachments, and accessories for pneumatic-powered and hydraulic handtools"
Census_ASM_PxI,2044475003,BEA_2017_Code,333991,,"NAICS_2012_Code; weight 1.000; Manufacturing of parts, attachments, and accessories for pneumatic-powered handtools"
Census_ASM_PxI,2044475006,BEA_2017_Code,333991,,"NAICS_2012_Code; weight 1.000; Manufacturing of parts, attachments, and accessories for hydraulic handtools"
Census_ASM_PxI,2044500000,BEA_2017_Code,333991,,"NAICS_2012_Code; weight 1.000; Manufacturing of parts, attachments, and accessories for battery-powered (cordless) handtools"
Census_ASM_PxI,2044525000,BEA_2017_Code,333991,,"NAICS_2012_Code; weight 1.000; Manufacturing of parts, attachments, and accessories for electric-powered handtools (excluding battery-powered)"
Census_ASM_PxI,2044550000,BEA_2017_Code,333994,,"NAICS_2012_Code; weight 1.000; Manufacturing of parts and attachments for industrial fuel-fired furnaces, ovens, and kilns"
Census_ASM_PxI,2044575000,BEA_2017_Code,333994,,"NAICS_2012_Code; weight 1.000; Manufacturing of parts and attachments for electric industrial furnaces, ovens, and kilns, including high-frequency induction and dielectric heating equipment"
Census_ASM_PxI,2044600000,BEA_2017_Code,333994,,NAICS_2012_Code; weight 1.000; Manufacturing of parts and attachments for electric industrial tubular heaters and all other miscellaneous electrical heating equipment for industrial use
Census_ASM_PxI,2044625000,BEA_2017_Code,332410,,NAICS_2012_Code; weight 1.000; Manufacturing of parts and attachments for steel power boilers (excluding nuclear applications)
Census_ASM_PxI,2044650000,BEA_2017_Code,333914,,"NAICS_2012_Code; weight 1.000; Manufacturing of parts and attachments for pumps and pumping equipment, excluding for hydraulic fluid power, and air and gas compressors (including packaged pumps)"
Census_ASM_PxI,2044675000,BEA_2017_Code,333912,,"NAICS_2012_Code; weight 1.000; Manufacturing of parts and attachments for air and gas compressors (excluding refrigeration, ice making, and air-conditioning equipment), including packaged compressors"
Census_ASM_PxI,2044700000,BEA_2017_Code,333912,,NAICS_2012_Code; weight 1.000; Manufacturing of parts and attachments for industrial spraying equipment
Census_ASM_PxI,2044725000,BEA_2017_Code,33399A,,"NAICS_2012_Code; weight 1.000; Manufacturing of parts, attachments, and accessories for scales and balances"
Census_ASM_PxI,2044725003,BEA_2017_Code,33399A,,NAICS_2012_Code; weight 1.000; Manufacturing of printers for scales and balances
Census_ASM_PxI,2044725006,BEA_2017_Code,33399A,,NAICS_2012_Code; weight 1.000; Manufacturing of digital indicators for scales and balances
Census_ASM_PxI,2044725009,BEA_2017_Code,33399A,,NAICS_2012_Code; weight 1.000; Manufacturing of other accessories and attachments for scales and balances
Census_ASM_PxI,2044725012,BEA_2017_Code,33399A,,NAICS_2012_Code; weight 1.000; Manufacturing of parts for scales and balances
Census_ASM_PxI,2044750000,BEA_2017_Code,33399A,,NAICS_2012_Code; weight 1.000; Manufacturing of parts for all other miscellaneous general industrial machinery and equipment
Census_ASM_PxI,2044775000,BEA_2017_Code,333413,,NAICS_2007_Code; weight 1.000; Manufacturing of parts for industrial air purification equipment
Census_ASM_PxI,2044800000,BEA_2017_Code,333413,,"NAICS_2007_Code; weight 1.000; Manufacturing of penthouses, shutters, guards, and other parts and accessories for industrial centrifugal, axial, and propeller fans and blowers (excluding power roof ventilators)"
Census_ASM_PxI,2044825000,BEA_2017_Code,33291A,,"NAICS_2012_Code; weight 1.000; Manufacturing of gates, globes, angles, straightway (Y-type) check, stop and check, cross, 3- and 4-way, and other industrial valves, excluding parts"
Census_ASM_PxI,2044850000,BEA_2017_Code,33291A,,"NAICS_2012_Code; weight 1.000; Manufacturing of parts for gates, globes, angles, straightway (Y-type) check, stop and check, cross, 3- and 4-way, and other industrial valves"
Census_ASM_PxI,2044875000,BEA_2017_Code,33291A,,"NAICS_2012_Code; weight 1.000; Manufacturing of industrial ball valves (all metals, pressures, and types), including manual and power-operated, on-off valves, excluding parts"
Census_ASM_PxI,2044900000,BEA_2017_Code,33291A,,"NAICS_2012_Code; weight 1.000; Manufacturing of parts for industrial ball valves (all metals, pressures, and types), including manual and power-operated, on-off valves"
Census_ASM_PxI,2044925000,BEA_2017_Code,33291A,,"NAICS_2012_Code; weight 1.000; Manufacturing of industrial butterfly valves (all metals, pressures, and types), including manual and power-operated, on-off valves, excluding parts"
Census_ASM_PxI,2044950000,BEA_2017_Code,33291A,,"NAICS_2012_Code; weight 1.000; Manufacturing of parts for industrial butterfly valves (all metals, pressures, and types), including manual and power-operated, on-off valves"
Census_ASM_PxI,2044975000,BEA_2017_Code,33291A,,"NAICS_2012_Code; weight 1.000; Manufacturing of all other miscellaneous industrial valves (all metals, pressures, and types), including safety valves"
Census_ASM_PxI,2045000000,BEA_2017_Code,33399A,,"NAICS_2012_Code; weight 1.000; Manufacturing of all other miscellaneous machinery products, excluding electrical"
Census_ASM_PxI,2045010000,BEA_2017_Code,334514,,"NAICS_2012_Code; weight 1.000; Manufacturing of parts, components, and accessories for gas and liquid meters"
Census_ASM_PxI,2045015000,BEA_2017_Code,334514,,NAICS_2012_Code; weight 1.000; Manufacturing of parts for counting devices
Census_ASM_PxI,2045020000,BEA_2017_Code,316000,,"NAICS_2007_Code; weight 1.000; Manufacturing of industrial belting and other industrial products, made wholly or mostly of leather"
Census_ASM_PxI,2045025000,BEA_2017_Code,333318,,"NAICS_2007_Code; weight 1.000; Manufacturing of parts for automatic merchandising machines and coin-operated mechanisms, excluding time switches and money changing and dispensing machines"
Census_ASM_PxI,2045050000,BEA_2017_Code,333318,,NAICS_2007_Code; weight 1.000; Manufacturing of parts for money changing and dispensing machines
Census_ASM_PxI,2045075000,BEA_2017_Code,333914,,NAICS_2012_Code; weight 1.000; Manufacturing of parts and attachments for measuring and dispensing pumps
Census_ASM_PxI,2045100000,BEA_2017_Code,333318,,"NAICS_2007_Code; weight 1.000; Manufacturing of parts, attachments, and accessories for commercial laundry equipment and presses"
Census_ASM_PxI,2045125000,BEA_2017_Code,333318,,NAICS_2007_Code; weight 1.000; Manufacturing of parts and attachments for commercial and industrial portable vacuum cleaners
Census_ASM_PxI,2045150000,BEA_2017_Code,333318,,NAICS_2007_Code; weight 1.000; Manufacturing of parts and attachments for automotive maintenance equipment (excluding handtools)
Census_ASM_PxI,2045175000,BEA_2017_Code,332999,,"NAICS_2012_Code; weight 1.000; Manufacturing of flexible hose and tubing (including steel, stainless steel, aluminum, copper, alloys, and other types)"
Census_ASM_PxI,2045200000,BEA_2017_Code,333318,,"NAICS_2007_Code; weight 1.000; Manufacturing of all other parts and attachments for service industry equipment (including parts for water softeners) (excluding tanks), floor and carpet cleaning equipment, and dishwashing machines"
Census_ASM_PxI,2045201000,BEA_2017_Code,334511,,"NAICS_2012_Code; weight 1.000; Manufacturing of parts and components for aeronautical, nautical, and navigational instruments"
Census_ASM_PxI,2045202000,BEA_2017_Code,33451A,,NAICS_2012_Code; weight 1.000; Manufacturing of parts for physical properties testing equipment
Census_ASM_PxI,2045203000,BEA_2017_Code,33451A,,NAICS_2012_Code; weight 1.000; Manufacturing of parts for physical properties inspection equipment
Census_ASM_PxI,2045204000,BEA_2017_Code,33451A,,NAICS_2012_Code; weight 1.000; Manufacturing of parts for kinematic testing and measuring equipment
Census_ASM_PxI,2045205000,BEA_2017_Code,33451A,,NAICS_2012_Code; weight 1.000; Manufacturing of parts and components for nuclear radiation detection and monitoring instruments
Census_ASM_PxI,2045206000,BEA_2017_Code,33451A,,NAICS_2012_Code; weight 1.000; Manufacturing of parts for survey and drafting instruments
Census_ASM_PxI,2045207000,BEA_2017_Code,334513,,NAICS_2012_Code; weight 1.000; Manufacturing of parts for process control instruments
Census_ASM_PxI,2045208000,BEA_2017_Code,334515,,NAICS_2012_Code; weight 1.000; Manufacturing of parts and accessories for electrical integrating meters
Census_ASM_PxI,2045209000,BEA_2017_Code,334515,,NAICS_2012_Code; weight 1.000; Manufacturing of parts and components for test equipment
Census_ASM_PxI,2045210000,BEA_2017_Code,334515,,NAICS_2012_Code; weight 1.000; Manufacturing of parts and accessories for indicating and recording instruments
Census_ASM_PxI,2045211000,BEA_2017_Code,334516,,NAICS_2012_Code; weight 1.000; Manufacturing of parts and components for analytical and scientific instruments
Census_ASM_PxI,2045212000,BEA_2017_Code,334510,,NAICS_2012_Code; weight 1.000; Manufacturing of parts and accessories for electromedical and electrotherapeutic equipment
Census_ASM_PxI,2045213000,BEA_2017_Code,334517,,NAICS_2012_Code; weight 1.000; Manufacturing of parts and accessories for X-ray equipment
Census_ASM_PxI,2045214000,BEA_2017_Code,337127,,NAICS_2012_Code; weight 1.000; Manufacturing of parts for laboratory furniture
Census_ASM_PxI,2045215000,BEA_2017_Code,333314,,NAICS_2012_Code; weight 1.000; Manufacturing of parts and accessories for binoculars and astronomical instruments
Census_ASM_PxI,2045216000,BEA_2017_Code,333314,,NAICS_2012_Code; weight 1.000; Manufacturing of other optical components
Census_ASM_PxI,2045217000,BEA_2017_Code,333314,,NAICS_2012_Code; weight 1.000; Manufacturing of parts and accessories for all other miscellaneous optical instruments and lenses
Census_ASM_PxI,2045218000,BEA_2017_Code,333314,,"NAICS_2012_Code; weight 1.000; Manufacturing of parts and accessories for sighting, tracking, and fire-control equipment"
Census_ASM_PxI,2045225000,BEA_2017_Code,326190,,"NAICS_2012_Code; weight 1.000; Manufacturing of plastics shoe products, including taps, soling slabs, and quarterlinings"
Census_ASM_PxI,2045250000,BEA_2017_Code,326290,,"NAICS_2012_Code; weight 1.000; Manufacturing of shoe products, rubber, elastomer resin"
Census_ASM_PxI,2045275000,BEA_2017_Code,33299A,,NAICS_2012_Code; weight 1.000; Manufacturing of parts and attachments for small firearms
Census_ASM_PxI,2045300000,BEA_2017_Code,333112,,"NAICS_2012_Code; weight 1.000; Manufacturing of parts and attachments for consumer lawn, garden, and snow equipment"
Census_ASM_PxI,2045300003,BEA_2017_Code,333112,,"NAICS_2012_Code; weight 1.000; Manufacturing of parts for consumer nonriding lawn, garden, and snow equipment"
Census_ASM_PxI,2045300006,BEA_2017_Code,333112,,"NAICS_2012_Code; weight 1.000; Manufacturing of attachments for consumer nonriding lawn, garden, and snow equipment"
Census_ASM_PxI,2045300009,BEA_2017_Code,333112,,"NAICS_2012_Code; weight 1.000; Manufacturing of parts for consumer riding lawn, garden, and snow equipment (including tractors, riding mowers, and other equipment)"
Census_ASM_PxI,2045300012,BEA_2017_Code,333112,,"NAICS_2012_Code; weight 1.000; Manufacturing of attachments (all types) for consumer riding lawn, garden, and snow equipment (including tractors, riding mowers, and other equipment)"
Census_ASM_PxI,2045325000,BEA_2017_Code,335120,,"NAICS_2012_Code; weight 1.000; Manufacturing of parts and accessories for nonelectric lighting equipment (including reflectors and fittings, incandescent mantles, etc.)"
Census_ASM_PxI,2045350000,BEA_2017_Code,335311,,NAICS_2012_Code; weight 1.000; Manufacturing of fluorescent lamp ballasts
Census_ASM_PxI,2045375000,BEA_2017_Code,335120,,NAICS_2012_Code; weight 1.000; Manufacturing of parts and accessories other electric lighting equipment
Census_ASM_PxI,2045400000,BEA_2017_Code,335210,,"NAICS_2007_Code; weight 1.000; Manufacturing of parts and attachments for small household electric appliances, including fans"
Census_ASM_PxI,2045425000,BEA_2017_Code,335210,,"NAICS_2007_Code; weight 1.000; Manufacturing of parts for household vacuum cleaners, floor waxing machines and floor polishing machines"
Census_ASM_PxI,2045450000,BEA_2017_Code,335220,,"NAICS_2012_Code; weight 1.000; Manufacturing of parts and attachments for household refrigerators and freezers, excluding hardware"
Census_ASM_PxI,2045475000,BEA_2017_Code,335220,,"NAICS_2012_Code; weight 1.000; Manufacturing of parts, accessories, and attachments for household laundry equipment"
Census_ASM_PxI,2045500000,BEA_2017_Code,335313,,NAICS_2012_Code; weight 1.000; Manufacturing of fuses and fuse equipment less than 2300 volts (excluding power distribution cut-outs)
Census_ASM_PxI,2045525000,BEA_2017_Code,333415,,NAICS_2012_Code; weight 1.000; Manufacturing of parts for dehumidifiers and room air conditioners
Census_ASM_PxI,2045530000,BEA_2017_Code,335220,,NAICS_2012_Code; weight 1.000; Manufacturing of parts and accessories for outdoor and other portable cooking equipment
Census_ASM_PxI,2045535000,BEA_2017_Code,3259A0,,NAICS_2012_Code; weight 0.500; Manufacturing of swimming pool chemical preparations and supplies
Census_ASM_PxI,2045535000,BEA_2017_Code,326190,,NAICS_2012_Code; weight 0.500; Manufacturing of swimming pool chemical preparations and supplies
Census_ASM_PxI,2045535003,BEA_2017_Code,3259A0,,NAICS_2012_Code; weight 1.000; Manufacturing of swimming pool chemical preparations
Census_ASM_PxI,2045535006,BEA_2017_Code,326190,,NAICS_2012_Code; weight 1.000; Manufacturing of plastics swimming pool liners and covers (excluding foam and reinforced plastics)
Census_ASM_PxI,2045540000,BEA_2017_Code,335220,,"NAICS_2012_Code; weight 1.000; Manufacturing of parts and accessories for household electric ranges and ovens (including burners, rotisseries, oven racks, broiler pans, etc.)"
Census_ASM_PxI,2045545000,BEA_2017_Code,335220,,"NAICS_2012_Code; weight 1.000; Manufacturing of parts and accessories for gas household ranges and ovens (including burners, rotisseries, oven racks, broiler pans, etc.)"
Census_ASM_PxI,2045547000,BEA_2017_Code,332500,,"NAICS_2012_Code; weight 0.333; Manufacturing of parts and accessories for dishwashers and other miscellaneous major household appliances (including food waste disposers and trash compactors, etc.)"
Census_ASM_PxI,2045547000,BEA_2017_Code,332720,,"NAICS_2012_Code; weight 0.333; Manufacturing of parts and accessories for dishwashers and other miscellaneous major household appliances (including food waste disposers and trash compactors, etc.)"
Census_ASM_PxI,2045547000,BEA_2017_Code,335220,,"NAICS_2012_Code; weight 0.333; Manufacturing of parts and accessories for dishwashers and other miscellaneous major household appliances (including food waste disposers and trash compactors, etc.)"
Census_ASM_PxI,2045547003,BEA_2017_Code,332500,,NAICS_2012_Code; weight 1.000; Manufacturing of refrigerator and stove hardware
Census_ASM_PxI,2045547006,BEA_2017_Code,335220,,NAICS_2012_Code; weight 1.000; Manufacturing of parts for electric water heaters
Census_ASM_PxI,2045547009,BEA_2017_Code,335220,,NAICS_2012_Code; weight 1.000; Manufacturing of parts for nonelectric water heaters
Census_ASM_PxI,2045547012,BEA_2017_Code,335220,,NAICS_2012_Code; weight 1.000; Manufacturing of parts for household dishwashing machines
Census_ASM_PxI,2045547015,BEA_2017_Code,332720,,"NAICS_2012_Code; weight 1.000; Manufacturing of parts for household appliances (excluding fasteners; including radio and television) made by cold-, warm-, or hot-heading processes"
Census_ASM_PxI,2045547018,BEA_2017_Code,335220,,NAICS_2012_Code; weight 1.000; Manufacturing of all other parts for major household appliances
Census_ASM_PxI,2045550000,BEA_2017_Code,339990,,"NAICS_2012_Code; weight 1.000; Manufacturing of pianos (nonelectronic) and organs, parts, excluding benches"
Census_ASM_PxI,2045560000,BEA_2017_Code,339990,,"NAICS_2012_Code; weight 1.000; Manufacturing of musical instruments, other, parts and accessories (including mouthpieces, music stands, and strings (excluding strings for nonelectronic pianos)), excluding benches and instrument cases"
Census_ASM_PxI,2045565000,BEA_2017_Code,33329A,,NAICS_2007_Code; weight 1.000; Manufacturing of parts for household sewing machines
Census_ASM_PxI,2045575000,BEA_2017_Code,325412,,"NAICS_2012_Code; weight 1.000; Manufacturing of in vivo diagnostic substances, contrast media products (both iodinated and barium products), radioactive reagents, angiourographic agents, and all other in vivo diagnostic substances"
Census_ASM_PxI,2045600000,BEA_2017_Code,325413,,"NAICS_2012_Code; weight 1.000; Manufacturing of in-vitro diagnostic substances (clinical chemistry) reagents, standards and controls, including toxicology, blood bank, coagulation, virology, serology, cytology, etc. products, and culture media"
Census_ASM_PxI,2045625000,BEA_2017_Code,325414,,"NAICS_2012_Code; weight 1.000; Manufacturing of blood and blood derivatives, for human use"
Census_ASM_PxI,2045650000,BEA_2017_Code,325414,,"NAICS_2012_Code; weight 1.000; Manufacturing of vaccines, toxoids, and antigens, excluding allergens, for human use"
Census_ASM_PxI,2045675000,BEA_2017_Code,325414,,"NAICS_2012_Code; weight 1.000; Manufacturing of other biologics, excluding diagnostic, for human use"
Census_ASM_PxI,2045700000,BEA_2017_Code,325414,,"NAICS_2012_Code; weight 1.000; Manufacturing of biological veterinary vaccines, bacterins, toxoids, other antigens, and other biological products"
Census_ASM_PxI,2045725000,BEA_2017_Code,325414,,"NAICS_2012_Code; weight 1.000; Manufacturing of biological products, excluding diagnostic, for veterinary, industrial, and all other miscellaneous uses, biological products for industrial and other uses, non-diagnostic culture media"
Census_ASM_PxI,2045750000,BEA_2017_Code,339112,,NAICS_2012_Code; weight 1.000; Manufacturing of surgical and medical syringes and hypodermic needles
Census_ASM_PxI,2045775000,BEA_2017_Code,339112,,NAICS_2012_Code; weight 1.000; Manufacturing of surgical and medical catheters
Census_ASM_PxI,2045800000,BEA_2017_Code,339112,,"NAICS_2012_Code; weight 1.000; Manufacturing of surgical and medical internal fixation devices (bone nails, plates, and screws, etc.)"
Census_ASM_PxI,2045825000,BEA_2017_Code,339113,,NAICS_2012_Code; weight 1.000; Manufacturing of artificial joints and limbs
Census_ASM_PxI,2045850000,BEA_2017_Code,339113,,NAICS_2012_Code; weight 1.000; Manufacturing of intraocular lenses
Census_ASM_PxI,2045875000,BEA_2017_Code,339113,,"NAICS_2012_Code; weight 1.000; Manufacturing of surgical appliances and supplies, excluding orthopedic and prosthetic appliances"
Census_ASM_PxI,2045875003,BEA_2017_Code,339113,,NAICS_2012_Code; weight 1.000; Manufacturing of sutures
Census_ASM_PxI,2045875006,BEA_2017_Code,339113,,"NAICS_2012_Code; weight 1.000; Manufacturing of surgical gloves, rubber, including household gloves"
Census_ASM_PxI,2045875009,BEA_2017_Code,339113,,"NAICS_2012_Code; weight 1.000; Manufacturing of bandages, elastic"
Census_ASM_PxI,2045875012,BEA_2017_Code,339113,,"NAICS_2012_Code; weight 1.000; Manufacturing of bandages, other types (including muslin and plaster of Paris), excluding self-adhering"
Census_ASM_PxI,2045875015,BEA_2017_Code,339113,,"NAICS_2012_Code; weight 1.000; Manufacturing of adhesive plaster, medicated and non-medicated, including self-adhering"
Census_ASM_PxI,2045875018,BEA_2017_Code,339113,,"NAICS_2012_Code; weight 1.000; Manufacturing of gauze, absorbent and packing"
Census_ASM_PxI,2045875021,BEA_2017_Code,339113,,"NAICS_2012_Code; weight 1.000; Manufacturing of cotton, sterile and non-sterile, including cotton balls"
Census_ASM_PxI,2045875024,BEA_2017_Code,339113,,"NAICS_2012_Code; weight 1.000; Manufacturing of surgical dressings, other types (including compresses, pads, and sponges)"
Census_ASM_PxI,2045875027,BEA_2017_Code,339113,,"NAICS_2012_Code; weight 1.000; Manufacturing of other surgical appliances and supplies, including therapeutic appliances and disposable drapes"
Census_ASM_PxI,2045875031,BEA_2017_Code,339113,,NAICS_2012_Code; weight 1.000; Manufacturing of stents
Census_ASM_PxI,2045875033,BEA_2017_Code,339113,,"NAICS_2012_Code; weight 1.000; Manufacturing of surgical appliances and supplies, parts"
Census_ASM_PxI,2045900000,BEA_2017_Code,326290,,"NAICS_2012_Code; weight 1.000; Manufacturing of other latex foam products (including clothing, insulation and padding, hospital padding, and topper pads)"
Census_ASM_PxI,2045925000,BEA_2017_Code,326190,,"NAICS_2012_Code; weight 1.000; Manufacturing of plastics hospitalware (pitchers, wash basins, trays, bedpans, etc.) (excluding foam and wire coated)"
Census_ASM_PxI,2045950000,BEA_2017_Code,339114,,"NAICS_2012_Code; weight 1.000; Manufacturing of dental supplies, professional, (including tools for use with dental hand pieces, alloys for amalgams, impression materials, filling materials, etc.)"
Census_ASM_PxI,2045975000,BEA_2017_Code,339114,,"NAICS_2012_Code; weight 1.000; Manufacturing of dental metals, artificial teeth not customized for individual application, and other dental laboratory supplies"
Census_ASM_PxI,2046000000,BEA_2017_Code,339116,,"NAICS_2012_Code; weight 1.000; Manufacturing of orthodontic appliances (artificial teeth, bridges, crowns, dentures, etc.), customized for individual application (prescription basis)"
Census_ASM_PxI,2046025000,BEA_2017_Code,325412,,"NAICS_2012_Code; weight 1.000; Manufacturing of pharmaceutical preparations for veterinary use (including medicinal premixes and medicated pet care products; excluding pet flea and tick products), excluding diagnostics"
Census_ASM_PxI,2046025003,BEA_2017_Code,325412,,NAICS_2012_Code; weight 1.000; Manufacturing of veterinary anesthetics
Census_ASM_PxI,2046025006,BEA_2017_Code,325412,,NAICS_2012_Code; weight 1.000; Manufacturing of veterinary anthelmintics
Census_ASM_PxI,2046025009,BEA_2017_Code,325412,,"NAICS_2012_Code; weight 1.000; Manufacturing of veterinary antibiotic preparations, penicillins"
Census_ASM_PxI,2046025012,BEA_2017_Code,325412,,"NAICS_2012_Code; weight 1.000; Manufacturing of veterinary antibiotic preparations, tetracyclines, and other antibiotics"
Census_ASM_PxI,2046025015,BEA_2017_Code,325412,,"NAICS_2012_Code; weight 1.000; Manufacturing of veterinary antiseptics, wound dressings, and fungicides"
Census_ASM_PxI,2046025018,BEA_2017_Code,325412,,"NAICS_2012_Code; weight 1.000; Manufacturing of veterinary hormones, including insulin, ACTH (corticotropin), and other hormone preparations"
Census_ASM_PxI,2046025021,BEA_2017_Code,325412,,"NAICS_2012_Code; weight 1.000; Manufacturing of veterinary nitrofurans, nutrients, and tonics"
Census_ASM_PxI,2046025024,BEA_2017_Code,325412,,"NAICS_2012_Code; weight 1.000; Manufacturing of veterinary parasiticides, external"
Census_ASM_PxI,2046025027,BEA_2017_Code,325412,,"NAICS_2012_Code; weight 1.000; Manufacturing of other pharmaceutical preparations, including vitamins, minerals, tranquilizers, ataractics, intravenous solutions, sulfonamides, electrolytes, hemostatics, and hematinics, for veterinary use"
Census_ASM_PxI,2046050000,BEA_2017_Code,325610,,"NAICS_2012_Code; weight 1.000; Manufacturing of commercial, industrial, and institutional dry, liquid, and aerosol hard surface cleaners"
Census_ASM_PxI,2046075000,BEA_2017_Code,325610,,"NAICS_2012_Code; weight 1.000; Manufacturing of commercial, industrial, and institutional dishwashing detergents"
Census_ASM_PxI,2046100000,BEA_2017_Code,325610,,"NAICS_2012_Code; weight 1.000; Manufacturing of commercial, industrial, and institutional metal cleaners"
Census_ASM_PxI,2046125000,BEA_2017_Code,325610,,"NAICS_2012_Code; weight 1.000; Manufacturing of commercial, industrial, and institutional scouring cleaners"
Census_ASM_PxI,2046150000,BEA_2017_Code,325610,,"NAICS_2012_Code; weight 1.000; Manufacturing of dairy, farm, and food plant cleaners, sanitizers, etc."
Census_ASM_PxI,2046175000,BEA_2017_Code,325610,,"NAICS_2012_Code; weight 1.000; Manufacturing of commercial, industrial, and institutional soaps, excluding specialty cleaners"
Census_ASM_PxI,2046200000,BEA_2017_Code,325610,,NAICS_2012_Code; weight 1.000; Manufacturing of specialty cleaning and sanitation products
Census_ASM_PxI,2046200003,BEA_2017_Code,325610,,"NAICS_2012_Code; weight 1.000; Manufacturing of rug and upholstery cleaners, industrial- and institutional-type preparations"
Census_ASM_PxI,2046200006,BEA_2017_Code,325610,,"NAICS_2012_Code; weight 1.000; Manufacturing of other specialty detergents, including sweeping compounds, wallpaper cleaners, etc."
Census_ASM_PxI,2046225000,BEA_2017_Code,325610,,"NAICS_2012_Code; weight 1.000; Manufacturing of disinfectants, nonagricultural, industrial and institutional"
Census_ASM_PxI,2046250000,BEA_2017_Code,325610,,"NAICS_2012_Code; weight 1.000; Manufacturing of air and room fresheners, aerosol-type, industrial and institutional (excluding potpourri)"
Census_ASM_PxI,2046275000,BEA_2017_Code,325610,,"NAICS_2012_Code; weight 1.000; Manufacturing of glass window cleaning preparations and toilet bowl cleaners, industrial and institutional"
Census_ASM_PxI,2046275003,BEA_2017_Code,325610,,"NAICS_2012_Code; weight 1.000; Manufacturing of glass window cleaning preparations, excluding automotive windshield washer fluid, industrial and institutional"
Census_ASM_PxI,2046275006,BEA_2017_Code,325610,,"NAICS_2012_Code; weight 1.000; Manufacturing of toilet bowl cleaners, industrial and institutional"
Census_ASM_PxI,2046300000,BEA_2017_Code,325610,,"NAICS_2012_Code; weight 1.000; Manufacturing of polishing preparations and related products, industrial and institutional"
Census_ASM_PxI,2046300003,BEA_2017_Code,325610,,"NAICS_2012_Code; weight 1.000; Manufacturing of furniture polish and cleaners, industrial and institutional"
Census_ASM_PxI,2046300006,BEA_2017_Code,325610,,"NAICS_2012_Code; weight 1.000; Manufacturing of floor polish, water emulsion, industrial and institutional"
Census_ASM_PxI,2046300009,BEA_2017_Code,325610,,"NAICS_2012_Code; weight 1.000; Manufacturing of other polishing preparations and related products, including metal polish and polishing cloths and papers"
Census_ASM_PxI,2046325000,BEA_2017_Code,339990,,"NAICS_2012_Code; weight 1.000; Manufacturing of brushes, all other types, excluding personal and paint and varnish"
Census_ASM_PxI,2046325003,BEA_2017_Code,339990,,"NAICS_2012_Code; weight 1.000; Manufacturing of brushes, maintenance (including dusting, floor, scrub, twisted-in-wire, and window), industrial"
Census_ASM_PxI,2046325006,BEA_2017_Code,339990,,"NAICS_2012_Code; weight 1.000; Manufacturing of brushes, other types (including cup, dentists', end, jewelers', power-driven, and rotary), industrial"
Census_ASM_PxI,2046350000,BEA_2017_Code,325610,,"NAICS_2012_Code; weight 1.000; Manufacturing of commercial, industrial, and institutional dry and liquid laundry detergents"
Census_ASM_PxI,2046375000,BEA_2017_Code,325610,,"NAICS_2012_Code; weight 1.000; Manufacturing of liquid laundry fabric softeners and rinses, and other laundry aids"
Census_ASM_PxI,2046375003,BEA_2017_Code,325610,,NAICS_2012_Code; weight 1.000; Manufacturing of industrial and institutional liquid laundry fabric softeners and rinses
Census_ASM_PxI,2046375006,BEA_2017_Code,325610,,"NAICS_2012_Code; weight 1.000; Manufacturing of other laundry aids, including ironing aids and drycleaning spotting preparations"
Census_ASM_PxI,2046400000,BEA_2017_Code,3259A0,,"NAICS_2012_Code; weight 1.000; Manufacturing of photographic presensitized printing plates (unexposed), phototypesetting and imagesetting film, sensitized photographic paper and cloth, silver-halide-type (excluding X-ray)"
Census_ASM_PxI,2046425000,BEA_2017_Code,3259A0,,"NAICS_2012_Code; weight 1.000; Manufacturing of sensitized photographic film and plates (including X-ray), paper, and cloth and photographic diffusion transfer materials (including both imager and receiver sheets), other than silver-halide-type"
Census_ASM_PxI,2046450000,BEA_2017_Code,3259A0,,NAICS_2012_Code; weight 1.000; Manufacturing of prepared photographic chemicals (excluding plate chemicals)
Census_ASM_PxI,2046500000,BEA_2017_Code,3259A0,,"NAICS_2012_Code; weight 1.000; Manufacturing of other prepared photographic chemicals, including plate"
Census_ASM_PxI,2046525000,BEA_2017_Code,314900,,"NAICS_2007_Code; weight 1.000; Manufacturing of canvas products, tents, other types (including air supported and tension structures)"
Census_ASM_PxI,2046550000,BEA_2017_Code,316000,,"NAICS_2007_Code; weight 1.000; Manufacturing of saddlery, harness, and accouterments, made of leather or leather substitutes such as rubber, plastics, fabric or textiles"
Census_ASM_PxI,2046575000,BEA_2017_Code,3219A0,,NAICS_2012_Code; weight 1.000; Manufacturing of small wood wares and wood toilet seats
Census_ASM_PxI,2046575003,BEA_2017_Code,3219A0,,"NAICS_2012_Code; weight 1.000; Manufacturing of wood toothpicks, skewers, candy sticks, ice cream sticks, tongue depressors, drink mixers, and similar small wood wares"
Census_ASM_PxI,2046575006,BEA_2017_Code,3219A0,,"NAICS_2012_Code; weight 1.000; Manufacturing of wood toilet seats, including molded wood"
Census_ASM_PxI,2046600000,BEA_2017_Code,3219A0,,NAICS_2012_Code; weight 1.000; Manufacturing of wood ladders
Census_ASM_PxI,2046600003,BEA_2017_Code,3219A0,,NAICS_2012_Code; weight 1.000; Manufacturing of wood stepladders
Census_ASM_PxI,2046600006,BEA_2017_Code,3219A0,,"NAICS_2012_Code; weight 1.000; Manufacturing of wood rung ladders (nonextension, extension, and scaffolding ladders)"
Census_ASM_PxI,2046625000,BEA_2017_Code,332320,,"NAICS_2012_Code; weight 1.000; Manufacturing of metal scaffolding (suspended and access), shoring and forming for concrete work (iron, steel, aluminum, and all other material combinations)"
Census_ASM_PxI,2046650000,BEA_2017_Code,332999,,"NAICS_2012_Code; weight 1.000; Manufacturing of metal step, platform, and rung-type ladders, metal ladder-type step stools, and ladder accessories"
Census_ASM_PxI,2046675000,BEA_2017_Code,3219A0,,NAICS_2012_Code; weight 1.000; Manufacturing of all other miscellaneous wood products
Census_ASM_PxI,2046675003,BEA_2017_Code,3219A0,,"NAICS_2012_Code; weight 1.000; Manufacturing of cork and cork products of natural, waste (including granulated and ground), and composition cork (excluding gaskets)"
Census_ASM_PxI,2046675006,BEA_2017_Code,3219A0,,NAICS_2012_Code; weight 1.000; Manufacturing of all other miscellaneous wood products
Census_ASM_PxI,2046700000,BEA_2017_Code,3259A0,,"NAICS_2012_Code; weight 1.000; Manufacturing of fireworks and pyrotechnics, including flares, igniters (jet fuel or other), railroad torpedoes, toy pistol caps, etc."
Census_ASM_PxI,2046725000,BEA_2017_Code,326150,,"NAICS_2012_Code; weight 1.000; Manufacturing of products made of foam other than polystyrene or polyurethane, including phenolics, vinyl and cellulose acetate, etc."
Census_ASM_PxI,2046750000,BEA_2017_Code,326190,,"NAICS_2012_Code; weight 1.000; Manufacturing of other consumer, institutional, and commercial plastics products, including plastics laboratory ware (petri dishes, flasks, funnels, etc.) (excluding foam and wire-coated)"
Census_ASM_PxI,2046775000,BEA_2017_Code,326290,,"NAICS_2012_Code; weight 1.000; Manufacturing of rubber balloons (including consumer, advertising, meteorological, etc)"
Census_ASM_PxI,2046800000,BEA_2017_Code,334610,,"NAICS_2012_Code; weight 1.000; Manufacturing of magnetic and optical recording media, including unrecorded disks and tapes"
Census_ASM_PxI,2046800003,BEA_2017_Code,334610,,NAICS_2012_Code; weight 1.000; Manufacturing of optical disks
Census_ASM_PxI,2046800006,BEA_2017_Code,334610,,"NAICS_2012_Code; weight 1.000; Manufacturing of magnetic recording media, including parts"
Census_ASM_PxI,2046825000,BEA_2017_Code,322210,,NAICS_2007_Code; weight 1.000; Manufacturing of cups and liquid-tight paper and paperboard containers
Census_ASM_PxI,2046825003,BEA_2017_Code,322210,,"NAICS_2007_Code; weight 1.000; Manufacturing of liquid-tight and round-nested paperboard food containers, including lids and tops"
Census_ASM_PxI,2046825006,BEA_2017_Code,322210,,NAICS_2007_Code; weight 1.000; Manufacturing of paperboard drinking cups and portion serving cups
Census_ASM_PxI,2046850000,BEA_2017_Code,322210,,"NAICS_2007_Code; weight 1.000; Manufacturing of other sanitary paper and paperboard food containers, boards, and trays, excluding folding"
Census_ASM_PxI,2046850003,BEA_2017_Code,322210,,"NAICS_2007_Code; weight 1.000; Manufacturing of pressed paperboard plates, dishes, spoons, and similar products"
Census_ASM_PxI,2046850006,BEA_2017_Code,322210,,"NAICS_2007_Code; weight 1.000; Manufacturing of other sanitary paper and paperboard items, including tablecloths, soda straws, and ovenable paperboard food trays"
Census_ASM_PxI,2046875000,BEA_2017_Code,326140,,NAICS_2012_Code; weight 1.000; Manufacturing of polystyrene foam food containers
Census_ASM_PxI,2046900000,BEA_2017_Code,326150,,NAICS_2012_Code; weight 1.000; Manufacturing of polyurethane foam food containers
Census_ASM_PxI,2046925000,BEA_2017_Code,326140,,NAICS_2012_Code; weight 1.000; Manufacturing of consumer and institutional polystyrene foam products
Census_ASM_PxI,2046950000,BEA_2017_Code,326150,,NAICS_2012_Code; weight 1.000; Manufacturing of consumer and institutional polyurethane foam products
Census_ASM_PxI,2046975000,BEA_2017_Code,326190,,"NAICS_2012_Code; weight 1.000; Manufacturing of plastics cups (vending machines, over-the-counter, carryout, etc.) (excluding foam)"
Census_ASM_PxI,2047000000,BEA_2017_Code,326190,,"NAICS_2012_Code; weight 1.000; Manufacturing of plastics food trays, and baskets (excluding foam)"
Census_ASM_PxI,2047025000,BEA_2017_Code,322220,,NAICS_2007_Code; weight 1.000; Manufacturing of gift wrap paper
Census_ASM_PxI,2047025003,BEA_2017_Code,322220,,"NAICS_2007_Code; weight 1.000; Manufacturing of all other gift wrap paper, retail counter items, all types and weights"
Census_ASM_PxI,2047025006,BEA_2017_Code,322220,,"NAICS_2007_Code; weight 1.000; Manufacturing of laminated aluminum foil gift wrap, including other paper gift wrapping (counter rolls and flat sheets for stores' own use, and paper gift wrap materials shipped to other manufacturers for further processing)"
Census_ASM_PxI,2047050000,BEA_2017_Code,332999,,"NAICS_2012_Code; weight 1.000; Manufacturing of converted unmounted aluminum foil flexible packaging products, including gift wrap (not laminated to other materials)"
Census_ASM_PxI,2047050003,BEA_2017_Code,332999,,NAICS_2012_Code; weight 1.000; Manufacturing of coated aluminum foil less than .001 inch thickness (not laminated to other materials)
Census_ASM_PxI,2047050006,BEA_2017_Code,332999,,NAICS_2012_Code; weight 1.000; Manufacturing of coated aluminum foil .001 to .003 inch thickness (not laminated to other materials)
Census_ASM_PxI,2047050009,BEA_2017_Code,332999,,NAICS_2012_Code; weight 1.000; Manufacturing of coated aluminum foil greater than .003 inch thickness (not laminated to other materials)
Census_ASM_PxI,2047075000,BEA_2017_Code,322220,,"NAICS_2007_Code; weight 1.000; Manufacturing of single-web paper, rolls and sheets, including waxed, for flexible packaging uses"
Census_ASM_PxI,2047075003,BEA_2017_Code,322220,,"NAICS_2007_Code; weight 1.000; Manufacturing of plastics-coated single-web paper, rolls and sheets, for flexible packaging uses"
Census_ASM_PxI,2047075006,BEA_2017_Code,322220,,"NAICS_2007_Code; weight 1.000; Manufacturing of single-web paper (other than plastics-coated), rolls and sheets, including waxed, for flexible packaging uses"
Census_ASM_PxI,2047100000,BEA_2017_Code,322220,,"NAICS_2007_Code; weight 1.000; Manufacturing of paper/paper multiweb laminated rolls and sheets, for flexible packaging uses"
Census_ASM_PxI,2047125000,BEA_2017_Code,322220,,"NAICS_2007_Code; weight 1.000; Manufacturing of film/paper multiweb laminated rolls and sheets, for flexible packaging uses"
Census_ASM_PxI,2047150000,BEA_2017_Code,322220,,"NAICS_2007_Code; weight 1.000; Manufacturing of laminated aluminum film/foil (without paper) multiweb combinations, rolls and sheets for flexible packaging uses"
Census_ASM_PxI,2047175000,BEA_2017_Code,322220,,"NAICS_2007_Code; weight 1.000; Manufacturing of extrusion-laminated aluminum foil/paper combinations, rolls and sheets for flexible packaging uses"
Census_ASM_PxI,2047200000,BEA_2017_Code,322220,,"NAICS_2007_Code; weight 1.000; Manufacturing of adhesive- or wax-laminated aluminum foil/paper combinations, rolls and sheets for flexible packaging uses"
Census_ASM_PxI,2047225000,BEA_2017_Code,322220,,"NAICS_2007_Code; weight 1.000; Manufacturing of other laminated aluminum foils, including laminated aluminum paper/poly and foil/poly combinations (including foil/foil), rolls and sheets for flexible packaging uses"
Census_ASM_PxI,2047250000,BEA_2017_Code,322220,,"NAICS_2007_Code; weight 1.000; Manufacturing of pasted, lined, laminated, or surface-coated paperboard"
Census_ASM_PxI,2047275000,BEA_2017_Code,326110,,"NAICS_2012_Code; weight 1.000; Manufacturing of single-web film, rolls, and sheets, including coextruded, for flexible packaging uses"
Census_ASM_PxI,2047275003,BEA_2017_Code,326110,,"NAICS_2012_Code; weight 1.000; Manufacturing of polyethylene single-web film, rolls, and sheets, including coextruded, for flexible packaging uses"
Census_ASM_PxI,2047275006,BEA_2017_Code,326110,,"NAICS_2012_Code; weight 1.000; Manufacturing of polypropylene single-web film, rolls, and sheets, including coextruded, for flexible packaging uses"
Census_ASM_PxI,2047275009,BEA_2017_Code,326110,,"NAICS_2012_Code; weight 1.000; Manufacturing of nylon single-web film, rolls, and sheets, including coextruded, for flexible packaging uses"
Census_ASM_PxI,2047275012,BEA_2017_Code,326110,,"NAICS_2012_Code; weight 1.000; Manufacturing of PETG single-web film, rolls, and sheets, including coextruded, for flexible packaging uses"
Census_ASM_PxI,2047275015,BEA_2017_Code,326110,,"NAICS_2012_Code; weight 1.000; Manufacturing of PVC single-web film, rolls, and sheets, including coextruded, for flexible packaging uses"
Census_ASM_PxI,2047275018,BEA_2017_Code,326110,,"NAICS_2012_Code; weight 1.000; Manufacturing of all other single-web film, rolls, and sheets, including coextruded, for flexible packaging uses"
Census_ASM_PxI,2047300000,BEA_2017_Code,326110,,"NAICS_2012_Code; weight 1.000; Manufacturing of coextruded single-web film, for flexible packaging uses"
Census_ASM_PxI,2047325000,BEA_2017_Code,326110,,"NAICS_2012_Code; weight 1.000; Manufacturing of polypropylene/polypropylene multiweb laminated rolls and sheets, for flexible packaging uses"
Census_ASM_PxI,2047350000,BEA_2017_Code,326110,,"NAICS_2012_Code; weight 1.000; Manufacturing of metalized film/film multiweb laminated rolls and sheets, for flexible packaging uses"
Census_ASM_PxI,2047375000,BEA_2017_Code,326110,,"NAICS_2012_Code; weight 1.000; Manufacturing of cellophane/other and other film/film multiweb laminated rolls and sheets, for flexible packaging uses"
Census_ASM_PxI,2047375003,BEA_2017_Code,326110,,"NAICS_2012_Code; weight 1.000; Manufacturing of cellophane/other film multiweb laminated rolls and sheets, for flexible packaging uses"
Census_ASM_PxI,2047375006,BEA_2017_Code,326110,,"NAICS_2012_Code; weight 1.000; Manufacturing of other film/film multiweb laminated rolls and sheets, for flexible packaging uses"
Census_ASM_PxI,2047400000,BEA_2017_Code,322220,,"NAICS_2007_Code; weight 1.000; Manufacturing of specialty bags, pouches, and liners, coated and single-web paper"
Census_ASM_PxI,2047425000,BEA_2017_Code,322220,,"NAICS_2007_Code; weight 1.000; Manufacturing of specialty bags, pouches, and liners, multiweb laminations and foil, excluding film-film"
Census_ASM_PxI,2047425003,BEA_2017_Code,322220,,"NAICS_2007_Code; weight 1.000; Manufacturing of paper/film multiweb specialty bags, pouches, and liners"
Census_ASM_PxI,2047425006,BEA_2017_Code,322220,,"NAICS_2007_Code; weight 1.000; Manufacturing of foil specialty bags, pouches, and liners, and all paper or film combinations with foil"
Census_ASM_PxI,2047425009,BEA_2017_Code,322220,,"NAICS_2007_Code; weight 1.000; Manufacturing of other multiweb specialty bags, pouches, and liners, including paper/paper"
Census_ASM_PxI,2047450000,BEA_2017_Code,322220,,NAICS_2007_Code; weight 1.000; Manufacturing of uncoated paper grocers' bags and sacks
Census_ASM_PxI,2047475000,BEA_2017_Code,322220,,"NAICS_2007_Code; weight 1.000; Manufacturing of uncoated paper variety bags, pouches (merchandise), and shopping bags"
Census_ASM_PxI,2047475003,BEA_2017_Code,322220,,NAICS_2007_Code; weight 1.000; Manufacturing of uncoated paper variety bags and pouches (merchandise)
Census_ASM_PxI,2047475006,BEA_2017_Code,322220,,NAICS_2007_Code; weight 1.000; Manufacturing of uncoated paper shopping bags
Census_ASM_PxI,2047500000,BEA_2017_Code,322220,,"NAICS_2007_Code; weight 1.000; Manufacturing of all other uncoated paper bags and pouches (including specialty bags, mothproof bags, etc.)"
Census_ASM_PxI,2047525000,BEA_2017_Code,326110,,NAICS_2012_Code; weight 1.000; Manufacturing of polyethylene grocery and variety bags and pouches
Census_ASM_PxI,2047550000,BEA_2017_Code,326110,,NAICS_2012_Code; weight 1.000; Manufacturing of polyethylene refuse bags
Census_ASM_PxI,2047550003,BEA_2017_Code,326110,,"NAICS_2012_Code; weight 1.000; Manufacturing of polyethylene refuse bags, industrial"
Census_ASM_PxI,2047550006,BEA_2017_Code,326110,,"NAICS_2012_Code; weight 1.000; Manufacturing of polyethylene refuse bags, household"
Census_ASM_PxI,2047575000,BEA_2017_Code,326110,,NAICS_2012_Code; weight 1.000; Manufacturing of polyethylene textile and clothing bags and pouches
Census_ASM_PxI,2047600000,BEA_2017_Code,326110,,NAICS_2012_Code; weight 1.000; Manufacturing of polyethylene household food storage bags and pouches (sandwich and freezer)
Census_ASM_PxI,2047625000,BEA_2017_Code,326110,,"NAICS_2012_Code; weight 1.000; Manufacturing of other polyethylene bags, pouches, and liners"
Census_ASM_PxI,2047625003,BEA_2017_Code,326110,,NAICS_2012_Code; weight 1.000; Manufacturing of polyethylene produce bags
Census_ASM_PxI,2047625006,BEA_2017_Code,326110,,NAICS_2012_Code; weight 1.000; Manufacturing of polyethylene drum and box liners
Census_ASM_PxI,2047625009,BEA_2017_Code,326110,,NAICS_2012_Code; weight 1.000; Manufacturing of polyethylene bread bags
Census_ASM_PxI,2047625012,BEA_2017_Code,326110,,NAICS_2012_Code; weight 1.000; Manufacturing of polyethylene newspaper sleeves
Census_ASM_PxI,2047625015,BEA_2017_Code,326110,,"NAICS_2012_Code; weight 1.000; Manufacturing of other polyethylene single-web film, specialty bags, pouches, and liners"
Census_ASM_PxI,2047650000,BEA_2017_Code,326110,,"NAICS_2012_Code; weight 1.000; Manufacturing of coextruded single-web film specialty bags, pouches, and liners"
Census_ASM_PxI,2047650003,BEA_2017_Code,326110,,"NAICS_2012_Code; weight 1.000; Manufacturing of coextruded bags, pouches, and liners, used for meat"
Census_ASM_PxI,2047650006,BEA_2017_Code,326110,,"NAICS_2012_Code; weight 1.000; Manufacturing of coextruded bags, pouches, and liners, for medical uses"
Census_ASM_PxI,2047650009,BEA_2017_Code,326110,,"NAICS_2012_Code; weight 1.000; Manufacturing of coextruded bags, pouches, and liners, used for food, excluding produce and meat"
Census_ASM_PxI,2047650012,BEA_2017_Code,326110,,"NAICS_2012_Code; weight 1.000; Manufacturing of coextruded bags, pouches, and liners, used for produce"
Census_ASM_PxI,2047650015,BEA_2017_Code,326110,,"NAICS_2012_Code; weight 1.000; Manufacturing of coextruded bags, pouches, and liners, used for pet food"
Census_ASM_PxI,2047650018,BEA_2017_Code,326110,,"NAICS_2012_Code; weight 1.000; Manufacturing of all other coextruded bags, pouches, and liners, used for non-food"
Census_ASM_PxI,2047675000,BEA_2017_Code,326110,,"NAICS_2012_Code; weight 1.000; Manufacturing of other single-web film specialty bags, pouches, and liners"
Census_ASM_PxI,2047700000,BEA_2017_Code,326110,,"NAICS_2012_Code; weight 1.000; Manufacturing of multiweb film/film combination specialty bags, pouches, and liners"
Census_ASM_PxI,2047725000,BEA_2017_Code,322220,,"NAICS_2007_Code; weight 1.000; Manufacturing of single and double wall shipping sacks and bags, all materials, excluding textiles"
Census_ASM_PxI,2047750000,BEA_2017_Code,322220,,"NAICS_2007_Code; weight 1.000; Manufacturing of multiwall (three-ply or more) shipping sacks and bags, all materials, excluding textiles"
Census_ASM_PxI,2047775000,BEA_2017_Code,326110,,NAICS_2012_Code; weight 1.000; Manufacturing of polyethylene shipping sacks
Census_ASM_PxI,2047800000,BEA_2017_Code,314900,,"NAICS_2007_Code; weight 1.000; Manufacturing of textile bags, excluding duffle bags"
Census_ASM_PxI,2047800003,BEA_2017_Code,314900,,"NAICS_2007_Code; weight 1.000; Manufacturing of  textile storage bags (including laundry, wardrobe, and shoe), with or without external supporting frames"
Census_ASM_PxI,2047800006,BEA_2017_Code,314900,,NAICS_2007_Code; weight 1.000; Manufacturing of other textile bags
Census_ASM_PxI,2047825000,BEA_2017_Code,322210,,"NAICS_2012_Code; weight 1.000; Manufacturing of folding paperboard boxes, packaging, and packaging components"
Census_ASM_PxI,2047850000,BEA_2017_Code,322210,,"NAICS_2007_Code; weight 1.000; Manufacturing of setup (rigid) paperboard boxes, classified by end use"
Census_ASM_PxI,2047850003,BEA_2017_Code,322210,,"NAICS_2007_Code; weight 1.000; Manufacturing of setup (rigid) paperboard boxes for textiles, wearing apparel, and hosiery"
Census_ASM_PxI,2047850006,BEA_2017_Code,322210,,NAICS_2007_Code; weight 1.000; Manufacturing of setup (rigid) paperboard boxes for department stores and other retail stores
Census_ASM_PxI,2047850009,BEA_2017_Code,322210,,NAICS_2007_Code; weight 1.000; Manufacturing of setup (rigid) paperboard boxes for confections
Census_ASM_PxI,2047850012,BEA_2017_Code,322210,,"NAICS_2007_Code; weight 1.000; Manufacturing of setup (rigid) paperboard boxes for cosmetics, including soap"
Census_ASM_PxI,2047850015,BEA_2017_Code,322210,,"NAICS_2007_Code; weight 1.000; Manufacturing of setup (rigid) paperboard boxes for all other end uses (including stationery and office supplies, and hardware and household supplies)"
Census_ASM_PxI,2047875000,BEA_2017_Code,322210,,"NAICS_2007_Code; weight 1.000; Manufacturing of milk and milk-type paperboard cartons, including juice, beverage, and other products"
Census_ASM_PxI,2047900000,BEA_2017_Code,322299,,"NAICS_2012_Code; weight 1.000; Manufacturing of molded pulp goods, including egg cartons, florist pots, food trays, etc."
Census_ASM_PxI,2047925000,BEA_2017_Code,3219A0,,NAICS_2012_Code; weight 1.000; Manufacturing of nailed and lock-corner wood boxes
Census_ASM_PxI,2047950000,BEA_2017_Code,3219A0,,NAICS_2012_Code; weight 1.000; Manufacturing of wood box and crate shook
Census_ASM_PxI,2047975000,BEA_2017_Code,3219A0,,"NAICS_2012_Code; weight 1.000; Manufacturing of wirebound wood boxes (made from lumber, veneer, and plywood) and wood slack and tight cooperage (hogsheads, barrels, kegs, tubs, etc.), new and recoopered used"
Census_ASM_PxI,2048000000,BEA_2017_Code,322210,,NAICS_2012_Code; weight 1.000; Manufacturing of corrugated shipping containers for food and beverages and carryout boxes for retail food
Census_ASM_PxI,2048025000,BEA_2017_Code,322210,,NAICS_2012_Code; weight 1.000; Manufacturing of corrugated shipping containers for paper and allied products
Census_ASM_PxI,2048050000,BEA_2017_Code,322210,,"NAICS_2012_Code; weight 1.000; Manufacturing of corrugated shipping containers for metal and electrical machinery, equipment, supplies, products, and appliances"
Census_ASM_PxI,2048075000,BEA_2017_Code,322210,,NAICS_2012_Code; weight 1.000; Manufacturing of other corrugated shipping containers for all other end uses
Census_ASM_PxI,2048100000,BEA_2017_Code,326190,,NAICS_2012_Code; weight 1.000; Manufacturing of plastics shipping boxes and cases
Census_ASM_PxI,2048125000,BEA_2017_Code,326190,,NAICS_2012_Code; weight 1.000; Manufacturing of plastics individual packing boxes and cases for consumer products (excluding foam)
Census_ASM_PxI,2048150000,BEA_2017_Code,322210,,NAICS_2007_Code; weight 1.000; Manufacturing of paperboard fiber drums with ends of any material
Census_ASM_PxI,2048175000,BEA_2017_Code,322210,,"NAICS_2007_Code; weight 1.000; Manufacturing of fiber cans, all fiber and composite"
Census_ASM_PxI,2048200000,BEA_2017_Code,322210,,NAICS_2007_Code; weight 1.000; Manufacturing of fiber cores and tubes
Census_ASM_PxI,2048225000,BEA_2017_Code,322210,,"NAICS_2007_Code; weight 1.000; Manufacturing of paperboard cones, reels, spools, bobbins, blocks, and all vulcanized fiber products"
Census_ASM_PxI,2048250000,BEA_2017_Code,326190,,"NAICS_2012_Code; weight 1.000; Manufacturing of plastics pails and drums, more than 3 gallons"
Census_ASM_PxI,2048275000,BEA_2017_Code,332430,,NAICS_2012_Code; weight 1.000; Manufacturing of steel pails (1 to 12 gallon capacity) and fabricated steel boxes
Census_ASM_PxI,2048300000,BEA_2017_Code,332430,,NAICS_2012_Code; weight 1.000; Manufacturing of steel shipping barrels and drums (excluding beer barrels) (more than 12 gallon capacity)
Census_ASM_PxI,2048325000,BEA_2017_Code,332430,,"NAICS_2012_Code; weight 1.000; Manufacturing of metal barrels, vacuum and insulated bottles, grain bins and vats, and other barrels"
Census_ASM_PxI,2048325003,BEA_2017_Code,332430,,"NAICS_2012_Code; weight 1.000; Manufacturing of metal fluid milk shipping and delivery containers (excluding crates) and sheet metal grain bins and vats (excluding drying floors, fans, and heaters) (steel and aluminum)"
Census_ASM_PxI,2048325006,BEA_2017_Code,332430,,"NAICS_2012_Code; weight 1.000; Manufacturing of vacuum and insulated bottles, jugs, and chests (excluding those made principally of foam plastics), and other sheet metal bins and vats, including feed storage bins and sheet metal vats (steel and aluminum)"
Census_ASM_PxI,2048325009,BEA_2017_Code,332430,,"NAICS_2012_Code; weight 1.000; Manufacturing of all other metal barrels and containers (including beer barrels, air cargo containers, and parts for metal barrels and pails)"
Census_ASM_PxI,2048350000,BEA_2017_Code,3219A0,,"NAICS_2012_Code; weight 1.000; Manufacturing of wood pallets and pallet containers, wood and metal combination"
Census_ASM_PxI,2048375000,BEA_2017_Code,326190,,NAICS_2012_Code; weight 1.000; Manufacturing of plastics pallets
Census_ASM_PxI,2048400000,BEA_2017_Code,332999,,NAICS_2012_Code; weight 1.000; Manufacturing of metal pallets and skids (excluding wood and metal combinations)
Census_ASM_PxI,2048425000,BEA_2017_Code,326160,,NAICS_2012_Code; weight 1.000; Manufacturing of plastics bottles
Census_ASM_PxI,2048450000,BEA_2017_Code,327200,,NAICS_2012_Code; weight 1.000; Manufacturing of glass containers (including value of packaging)
Census_ASM_PxI,2048475000,BEA_2017_Code,326190,,"NAICS_2012_Code; weight 1.000; Manufacturing of plastics packaging (excluding film and sheet, foam, boxes, pallets, and bottles)"
Census_ASM_PxI,2048475003,BEA_2017_Code,326190,,NAICS_2012_Code; weight 1.000; Manufacturing of plastics tubs (for food products)
Census_ASM_PxI,2048475006,BEA_2017_Code,326190,,"NAICS_2012_Code; weight 1.000; Manufacturing of plastics jars (for toilet goods, cosmetics, and food products)"
Census_ASM_PxI,2048500000,BEA_2017_Code,326190,,NAICS_2012_Code; weight 1.000; Manufacturing of plastics closure products
Census_ASM_PxI,2048500003,BEA_2017_Code,326190,,"NAICS_2012_Code; weight 1.000; Manufacturing of plastics closures, nonpressure, child-resistant, for prescription products"
Census_ASM_PxI,2048500006,BEA_2017_Code,326190,,"NAICS_2012_Code; weight 1.000; Manufacturing of plastics closures, nonpressure and nonchild-resistant, including dispensing and nondispensing"
Census_ASM_PxI,2048500009,BEA_2017_Code,326190,,"NAICS_2012_Code; weight 1.000; Manufacturing of plastics closures for glass, metal, or plastics pressure containers"
Census_ASM_PxI,2048500012,BEA_2017_Code,326190,,"NAICS_2012_Code; weight 1.000; Manufacturing of all other plastics closures, nonpressure, including nonprescription"
Census_ASM_PxI,2048525000,BEA_2017_Code,326190,,NAICS_2012_Code; weight 1.000; Manufacturing of other plastics packaging
Census_ASM_PxI,2048550000,BEA_2017_Code,332430,,"NAICS_2012_Code; weight 1.000; Manufacturing of steel cans and tinware end products (including ice cream cans, lids, ends, and parts)"
Census_ASM_PxI,2048575000,BEA_2017_Code,332430,,"NAICS_2012_Code; weight 1.000; Manufacturing of aluminum cans (including lids, ends, and parts)"
Census_ASM_PxI,2048600000,BEA_2017_Code,332119,,NAICS_2007_Code; weight 1.000; Manufacturing of metal commercial closures and metal home-canning closures
Census_ASM_PxI,2048600003,BEA_2017_Code,332119,,"NAICS_2007_Code; weight 1.000; Manufacturing of metal and metal-composite closures, including home-canning closures"
Census_ASM_PxI,2048600006,BEA_2017_Code,332119,,"NAICS_2007_Code; weight 1.000; Manufacturing of all other metal closures, including metal crowns (including soft drinks and beer) and roll-ons"
Census_ASM_PxI,2048625000,BEA_2017_Code,332999,,"NAICS_2012_Code; weight 1.000; Manufacturing of fabricated metal collapsible tubes, aluminum and all other metals, including tin, tin-coated, tin-lead alloy, and lead"
Census_ASM_PxI,2048650000,BEA_2017_Code,3219A0,,"NAICS_2012_Code; weight 1.000; Manufacturing of wood reels for wire and cable, excluding wood flour"
Census_ASM_PxI,2048675000,BEA_2017_Code,332999,,NAICS_2012_Code; weight 1.000; Manufacturing of metal spools and reels
Census_ASM_PxI,2048700000,BEA_2017_Code,326140,,NAICS_2012_Code; weight 1.000; Manufacturing of polystyrene foam protective shipping pads and shaped cushioning and other foam packaging supplies
Census_ASM_PxI,2048725000,BEA_2017_Code,326140,,NAICS_2012_Code; weight 1.000; Manufacturing of other polystyrene foam products
Census_ASM_PxI,2048750000,BEA_2017_Code,326150,,NAICS_2012_Code; weight 1.000; Manufacturing of packaging polyurethane foam products
Census_ASM_PxI,2048750003,BEA_2017_Code,326150,,"NAICS_2012_Code; weight 1.000; Manufacturing of polyurethane foam protective shipping pads and shaped cushioning (peanuts, disks, etc.)"
Census_ASM_PxI,2048750006,BEA_2017_Code,326150,,NAICS_2012_Code; weight 1.000; Manufacturing of other polyurethane foam packaging products
Census_ASM_PxI,2048775000,BEA_2017_Code,326150,,"NAICS_2012_Code; weight 1.000; Manufacturing of other polyurethane foam products, including medical, clothing, fillers, diapers, etc."
Census_ASM_PxI,2048800000,BEA_2017_Code,326190,,NAICS_2012_Code; weight 1.000; Manufacturing of plastics blister and bubble formed packaging
Census_ASM_PxI,2048825000,BEA_2017_Code,332999,,NAICS_2012_Code; weight 1.000; Manufacturing of flat metal strapping
Census_ASM_PxI,2048850000,BEA_2017_Code,314900,,"NAICS_2007_Code; weight 1.000; Manufacturing of rope, manmade soft fiber, three-sixteenths of an inch in diameter and larger"
Census_ASM_PxI,2048875000,BEA_2017_Code,314900,,"NAICS_2007_Code; weight 1.000; Manufacturing of twine, manmade soft fiber, less than three-sixteenths of an inch in diameter, industrial and agriculture"
Census_ASM_PxI,2048900000,BEA_2017_Code,314900,,"NAICS_2007_Code; weight 1.000; Manufacturing of cordage and twine, manmade soft fiber, all other types"
Census_ASM_PxI,2048925000,BEA_2017_Code,314900,,"NAICS_2007_Code; weight 1.000; Manufacturing of cordage and twine, soft fiber (including hemp, jute, and paper), excluding cotton and manmade fiber"
Census_ASM_PxI,2048950000,BEA_2017_Code,314900,,"NAICS_2007_Code; weight 1.000; Manufacturing of cordage and twine, cotton"
Census_ASM_PxI,2048950003,BEA_2017_Code,314900,,"NAICS_2007_Code; weight 1.000; Manufacturing of cordage and twine, cotton, all other types (including fish nets)"
Census_ASM_PxI,2048950006,BEA_2017_Code,314900,,"NAICS_2007_Code; weight 1.000; Manufacturing of cotton braided cordage, any size, wrapping, seine, and other twine, cotton"
Census_ASM_PxI,2048975000,BEA_2017_Code,314900,,"NAICS_2007_Code; weight 1.000; Manufacturing of cordage and twine, hard fiber"
Census_ASM_PxI,2049000000,BEA_2017_Code,314900,,"NAICS_2007_Code; weight 1.000; Manufacturing of fishing line and fish netting, manmade soft fiber, commercial and recreational"
Census_ASM_PxI,2049000003,BEA_2017_Code,314900,,"NAICS_2007_Code; weight 1.000; Manufacturing of fishing line and fish netting, manmade soft fiber, commercial"
Census_ASM_PxI,2049000006,BEA_2017_Code,314900,,"NAICS_2007_Code; weight 1.000; Manufacturing of fishing line and fish netting, manmade soft fiber, recreational"
Census_ASM_PxI,2049025000,BEA_2017_Code,322210,,"NAICS_2012_Code; weight 1.000; Manufacturing of corrugated paperboard in sheets and rolls, lined and unlined"
Census_ASM_PxI,2049050000,BEA_2017_Code,322210,,"NAICS_2012_Code; weight 1.000; Manufacturing of other corrugated and solid fiber products, including containers, pallets, pads, partitions, point-of-purchase displays, etc."
Census_ASM_PxI,2049075000,BEA_2017_Code,322299,,"NAICS_2012_Code; weight 1.000; Manufacturing of all other paper and paperboard products, including cellulose insulation, wrapping products, filters, crepe paper (excluding fine crepe paper), etc."
Census_ASM_PxI,2049100000,BEA_2017_Code,326190,,NAICS_2012_Code; weight 1.000; Manufacturing of plastics grower flowerpots and accessories (excluding foam and wire coated)
Census_ASM_PxI,2049125000,BEA_2017_Code,322220,,"NAICS_2007_Code; weight 1.000; Manufacturing of gummed sealing tape, paper base and reinforced base, used for sealing and securing including other gummed paper products"
Census_ASM_PxI,2049150000,BEA_2017_Code,322220,,"NAICS_2007_Code; weight 1.000; Manufacturing of all pressure-sensitive products (single- and double-faced), including pressure-sensitive base stock for labels, and other non-label products"
Census_ASM_PxI,2049175000,BEA_2017_Code,326290,,"NAICS_2012_Code; weight 1.000; Manufacturing of pressure-sensitive tape, rubber-backed (including friction)"
Census_ASM_PxI,2049185000,BEA_2017_Code,322220,,"NAICS_2007_Code; weight 1.000; Manufacturing of converted foil, unmounted or coated, plain or printed, including composition for nonpackaging applications"
Census_ASM_PxI,2049200000,BEA_2017_Code,322230,,"NAICS_2007_Code; weight 1.000; Manufacturing of file folders, including hanging, expandable, wallets, jackets, pockets, and all other die-cut paper and paperboard office supplies"
Census_ASM_PxI,2049225000,BEA_2017_Code,322230,,NAICS_2007_Code; weight 1.000; Manufacturing of paper supplies for business machines and other miscellaneous unprinted paper office supplies
Census_ASM_PxI,2049250000,BEA_2017_Code,322230,,"NAICS_2007_Code; weight 1.000; Manufacturing of envelopes, commercial, all types and materials"
Census_ASM_PxI,2049275000,BEA_2017_Code,322230,,NAICS_2007_Code; weight 1.000; Manufacturing of stationery
Census_ASM_PxI,2049275003,BEA_2017_Code,322230,,NAICS_2007_Code; weight 1.000; Manufacturing of boxed stationery and portfolios
Census_ASM_PxI,2049275006,BEA_2017_Code,322230,,"NAICS_2007_Code; weight 1.000; Manufacturing of all other stationery products, including packaged paper and envelopes, noncommercial"
Census_ASM_PxI,2049300000,BEA_2017_Code,322230,,"NAICS_2007_Code; weight 1.000; Manufacturing of tablets and pads, 8 1/2 in. x 11 in. and 8 1/2 in. x 14 in., excluding columnar"
Census_ASM_PxI,2049325000,BEA_2017_Code,322230,,"NAICS_2007_Code; weight 1.000; Manufacturing of all other tablets and pads, including columnar"
Census_ASM_PxI,2049350000,BEA_2017_Code,322230,,"NAICS_2007_Code; weight 1.000; Manufacturing of notebooks, bound with wire (excluding columnar), staples, thread, or plastics (including composition, memo, and stenographic but excluding case-made)"
Census_ASM_PxI,2049375000,BEA_2017_Code,322230,,"NAICS_2007_Code; weight 1.000; Manufacturing of looseleaf paper fillers, school and commercial types"
Census_ASM_PxI,2049400000,BEA_2017_Code,322230,,"NAICS_2007_Code; weight 1.000; Manufacturing of wrapped ream paper (exclude looseleaf fillers, photographic and photocopy paper, and paper for fax machines)"
Census_ASM_PxI,2049425000,BEA_2017_Code,322230,,"NAICS_2007_Code; weight 1.000; Manufacturing of all other miscellaneous tablets, pads, and related products"
Census_ASM_PxI,2049450000,BEA_2017_Code,323110,,"NAICS_2007_Code; weight 1.000; Manufacturing of unit set business forms, loose or bound, including label/form combination, tabulating card sets, and other types"
Census_ASM_PxI,2049475000,BEA_2017_Code,323110,,"NAICS_2007_Code; weight 1.000; Manufacturing of manifold books and pegboard accounting systems, including manifold sales books"
Census_ASM_PxI,2049500000,BEA_2017_Code,323110,,"NAICS_2007_Code; weight 1.000; Manufacturing of custom continuous business forms, including label/form combination, jumbo roll-feed, self-mailer, and other types"
Census_ASM_PxI,2049510000,BEA_2017_Code,339940,,NAICS_2007_Code; weight 1.000; Manufacturing of carbon paper and stencil paper
Census_ASM_PxI,2049525000,BEA_2017_Code,323110,,"NAICS_2007_Code; weight 1.000; Manufacturing of stock continuous business forms, including jumbo roll-feed and other types"
Census_ASM_PxI,2049550000,BEA_2017_Code,323110,,"NAICS_2007_Code; weight 1.000; Manufacturing of checkbooks (including inserts and refills, but excluding those in continuous form and die-cut)"
Census_ASM_PxI,2049575000,BEA_2017_Code,323110,,"NAICS_2007_Code; weight 1.000; Manufacturing of blankbooks, excluding checkbooks and looseleaf types, including albums, time planners-organizers, ledger and account books, address books, etc., and refills"
Census_ASM_PxI,2049600000,BEA_2017_Code,323110,,"NAICS_2007_Code; weight 1.000; Manufacturing of looseleaf binders, devices, inserts, and forms, including post binders, components and products specifically for use in looseleaf binders (excluding looseleaf filler paper), and metals"
Census_ASM_PxI,2049625000,BEA_2017_Code,339940,,"NAICS_2007_Code; weight 1.000; Manufacturing of pens, mechanical pencils, markers, and associated parts"
Census_ASM_PxI,2049650000,BEA_2017_Code,339940,,NAICS_2007_Code; weight 1.000; Manufacturing of nonmechanical (wood-cased) pencils and graphite and colored sticks
Census_ASM_PxI,2049675000,BEA_2017_Code,339940,,"NAICS_2007_Code; weight 1.000; Manufacturing of chalk and crayons, including tailors' chalk (excluding artists')"
Census_ASM_PxI,2049700000,BEA_2017_Code,339940,,NAICS_2007_Code; weight 1.000; Manufacturing of blackboards and whiteboards
Census_ASM_PxI,2049725000,BEA_2017_Code,339940,,"NAICS_2007_Code; weight 1.000; Manufacturing of artists' equipment (including airbrushes, children's school art equipment, drawing tables and boards, palettes, sketch boxes, pantographs, and pyrography goods), excluding brushes"
Census_ASM_PxI,2049750000,BEA_2017_Code,339940,,"NAICS_2007_Code; weight 1.000; Manufacturing of other art materials (including artists' chalk and crayons, modeling clay and other modeling material, tempera colors, fingerpaint, block printing ink, and watercolors), excluding drawing and India ink"
Census_ASM_PxI,2049775000,BEA_2017_Code,339940,,"NAICS_2007_Code; weight 1.000; Manufacturing of inked ribbons, computer (electronic data processing)"
Census_ASM_PxI,2049800000,BEA_2017_Code,339940,,NAICS_2007_Code; weight 1.000; Manufacturing of other inked ribbons
Census_ASM_PxI,2049850000,BEA_2017_Code,3259A0,,"NAICS_2012_Code; weight 1.000; Manufacturing of prepared photographic chemicals, office copy toners"
Census_ASM_PxI,2049875000,BEA_2017_Code,3259A0,,"NAICS_2012_Code; weight 1.000; Manufacturing of writing and stamp pad inks, including indelible ink and marking fluid, excluding drawing inks"
Census_ASM_PxI,2049900000,BEA_2017_Code,339940,,"NAICS_2007_Code; weight 1.000; Manufacturing of office supplies and small office equipment (including tape dispensers, paper cutters and trimmers, pencil sharpeners, staplers, and staple removers)"
Census_ASM_PxI,2049925000,BEA_2017_Code,339940,,"NAICS_2007_Code; weight 1.000; Manufacturing of marking devices, including dies, hand stamps, embossing seals, letters, numerals, stamp pads, stencils, etc."
Census_ASM_PxI,2049950000,BEA_2017_Code,326290,,"NAICS_2012_Code; weight 1.000; Manufacturing of other rubber goods (including bare rubber thread, and rubber stationers' sundries such as bands, finger cots, and erasers) (excluding rubber life preservers)"
Census_ASM_PxI,2049975000,BEA_2017_Code,332200,,"NAICS_2007_Code; weight 1.000; Manufacturing of precision measuring tools (inspection, quality control, tool room, and machinists'), comparators, limit gauges, adjustable size, laser, pneumatic, electronic, and all other precision tools and parts"
Census_ASM_PxI,2050000000,BEA_2017_Code,33351B,,"NAICS_2012_Code; weight 1.000; Manufacturing of cutting tools (including broaches, reamers, hobs) and all other miscellaneous solid and tipped carbide cutting tools for machine tools and metalworking machinery, excluding tips and blanks"
Census_ASM_PxI,2050025000,BEA_2017_Code,33351B,,"NAICS_2012_Code; weight 1.000; Manufacturing of high-speed steel end and solid and tipped carbide end mills, non- and indexable-inserted-blade-type, throwaway-insert-type, and all other miscellaneous milling cutters"
Census_ASM_PxI,2050050000,BEA_2017_Code,33351B,,"NAICS_2012_Code; weight 1.000; Manufacturing of threading tools, including blanks, tips, inserts, and all other miscellaneous high-speed steel cutting tools for machine tools"
Census_ASM_PxI,2050075000,BEA_2017_Code,33351B,,"NAICS_2012_Code; weight 1.000; Manufacturing of carbon and high-speed steel shank and solid and tipped carbide twist drills, including masonry twist drill bits, gun drills, combined drills, countersinks, and counterbores"
Census_ASM_PxI,2050100000,BEA_2017_Code,33351B,,NAICS_2012_Code; weight 1.000; Manufacturing of taps (excluding taps in threading sets and screw plates and inserted chaser types) and precision ground carbide indexible and throwaway inserts for machine tools and metalworking machinery
Census_ASM_PxI,2050125000,BEA_2017_Code,33351B,,"NAICS_2012_Code; weight 1.000; Manufacturing of tool holders, tracer and tapering attachments, lathe chucks, rotary tables, collets, jaws, vises, tool room specialties, and all other attachments and accessories for machine tools and metalworking machinery"
Census_ASM_PxI,2050150000,BEA_2017_Code,332200,,"NAICS_2007_Code; weight 1.000; Manufacturing of mechanics' hand service tools, including slip and solid joint pliers, wrenches (socket, drive, open-end, box, torque, adjustable, etc.), extensions and sockets, and all other mechanics' handtools"
Census_ASM_PxI,2050175000,BEA_2017_Code,332200,,"NAICS_2007_Code; weight 1.000; Manufacturing of other hand-operated edge tools (including agricultural, forestry, professional and craft tools, axes, adzes, hatchets, chisels, palette knives, paperhanger knives, putty knives, animal clippers, etc.)"
Census_ASM_PxI,2050200000,BEA_2017_Code,332200,,"NAICS_2007_Code; weight 1.000; Manufacturing of  steel rule dies (excluding metal cutting), for machines and power-driven handtools"
Census_ASM_PxI,2050225000,BEA_2017_Code,332200,,"NAICS_2007_Code; weight 1.000; Manufacturing of  other cutting dies, for use in cutting cloth, paper, leathers, etc. (excluding dies for cutting metal), for machines and power-driven handtools"
Census_ASM_PxI,2050250000,BEA_2017_Code,332200,,NAICS_2007_Code; weight 1.000; Manufacturing of all other woodcutting machine tools
Census_ASM_PxI,2050250003,BEA_2017_Code,332200,,"NAICS_2007_Code; weight 1.000; Manufacturing of dies and interchangeable woodcutting tools, for machines and power-driven handtools"
Census_ASM_PxI,2050250006,BEA_2017_Code,332200,,NAICS_2007_Code; weight 1.000; Manufacturing of machine knives
Census_ASM_PxI,2050250009,BEA_2017_Code,332200,,"NAICS_2007_Code; weight 1.000; Manufacturing of countersink, drill, and router bits for woodcutting"
Census_ASM_PxI,2050250012,BEA_2017_Code,332200,,NAICS_2007_Code; weight 1.000; Manufacturing of all other woodcutting machine tools (including milling cutters)
Census_ASM_PxI,2050275000,BEA_2017_Code,332200,,"NAICS_2007_Code; weight 1.000; Manufacturing of all other miscellaneous handtools, including wood- and metal-working files and rasps, precision files, shovels, spades, forged tools (hammers, picks, and mauls, etc.), hoes, rakes, non-powered lawn mowers, clamps, screw jacks, etc."
Census_ASM_PxI,2050300000,BEA_2017_Code,332200,,NAICS_2007_Code; weight 1.000; Manufacturing of woodworking power sawblades and accessories
Census_ASM_PxI,2050300003,BEA_2017_Code,332200,,"NAICS_2007_Code; weight 1.000; Manufacturing of power circular saw blades for woodworking, solid tooth"
Census_ASM_PxI,2050300006,BEA_2017_Code,332200,,"NAICS_2007_Code; weight 1.000; Manufacturing of power circular saw blades for woodworking, inserted tooth"
Census_ASM_PxI,2050300009,BEA_2017_Code,332200,,"NAICS_2007_Code; weight 1.000; Manufacturing of all other woodworking power saw blades (scroll, jig, band, etc.) and teeth for inserted power woodworking saws"
Census_ASM_PxI,2050325000,BEA_2017_Code,332200,,NAICS_2007_Code; weight 1.000; Manufacturing of metalworking and other power saw blades and accessories
Census_ASM_PxI,2050325003,BEA_2017_Code,332200,,NAICS_2007_Code; weight 1.000; Manufacturing of power circular saw blades for metalworking (including metal teeth and cutting segments
Census_ASM_PxI,2050325006,BEA_2017_Code,332200,,"NAICS_2007_Code; weight 1.000; Manufacturing of power band saw blades for metalworking (including flexible back, spring temper metal cutting, and high-speed metal cutting)"
Census_ASM_PxI,2050325009,BEA_2017_Code,332200,,"NAICS_2007_Code; weight 1.000; Manufacturing of other metalworking saw blades (including saber, reciprocating etc.), and hack (power only)"
Census_ASM_PxI,2050325012,BEA_2017_Code,332200,,NAICS_2007_Code; weight 1.000; Manufacturing of all other power saw blades
Census_ASM_PxI,2050350000,BEA_2017_Code,332200,,NAICS_2007_Code; weight 1.000; Manufacturing of all other hand-operated saws
Census_ASM_PxI,2050350003,BEA_2017_Code,332200,,NAICS_2007_Code; weight 1.000; Manufacturing of hand-operated hacksaws
Census_ASM_PxI,2050350006,BEA_2017_Code,332200,,NAICS_2007_Code; weight 1.000; Manufacturing of hand-operated carpenter crosscut saws and ripsaws
Census_ASM_PxI,2050350009,BEA_2017_Code,332200,,"NAICS_2007_Code; weight 1.000; Manufacturing of other handsaws (including heavy handsaws, crosscut, buck, miter, coping, pruning, compass, etc.), including frames and blades"
Census_ASM_PxI,2050375000,BEA_2017_Code,339113,,"NAICS_2012_Code; weight 0.500; Manufacturing of personal safety equipment and clothing, industrial and nonindustrial"
Census_ASM_PxI,2050375000,BEA_2017_Code,339115,,"NAICS_2012_Code; weight 0.500; Manufacturing of personal safety equipment and clothing, industrial and nonindustrial"
Census_ASM_PxI,2050375003,BEA_2017_Code,339113,,"NAICS_2012_Code; weight 1.000; Manufacturing of personal safety equipment, respiratory protection (including abrasive, canister, and gas masks)"
Census_ASM_PxI,2050375006,BEA_2017_Code,339113,,"NAICS_2012_Code; weight 1.000; Manufacturing of personal safety equipment, industrial helmets and hardhats"
Census_ASM_PxI,2050375009,BEA_2017_Code,339113,,"NAICS_2012_Code; weight 1.000; Manufacturing of personal safety equipment, eye and face protection (including face shields, masks, and welding helmets), excluding eye protectors and industrial goggles"
Census_ASM_PxI,2050375012,BEA_2017_Code,339113,,"NAICS_2012_Code; weight 1.000; Manufacturing of personal safety equipment, industrial rubber gloves"
Census_ASM_PxI,2050375015,BEA_2017_Code,339113,,"NAICS_2012_Code; weight 1.000; Manufacturing of personal safety equipment, protective clothing (excluding footwear and gloves), including rubber and rubberized"
Census_ASM_PxI,2050400000,BEA_2017_Code,339115,,"NAICS_2012_Code; weight 1.000; Manufacturing of industrial eye protectors, goggles, mountings, and welding circles and plates"
Census_ASM_PxI,2050425000,BEA_2017_Code,325520,,NAICS_2012_Code; weight 1.000; Manufacturing of natural base glues and adhesives
Census_ASM_PxI,2050425003,BEA_2017_Code,325520,,NAICS_2012_Code; weight 1.000; Manufacturing of hide (dry forms) animal glues
Census_ASM_PxI,2050425006,BEA_2017_Code,325520,,"NAICS_2012_Code; weight 1.000; Manufacturing of flexible, nonwarp, and liquid animal glues (not glue stock)"
Census_ASM_PxI,2050425009,BEA_2017_Code,325520,,"NAICS_2012_Code; weight 1.000; Manufacturing of protein adhesives, including casein, blood, fish, soybean, albumen, etc."
Census_ASM_PxI,2050425012,BEA_2017_Code,325520,,NAICS_2012_Code; weight 1.000; Manufacturing of dextrine vegetable adhesives
Census_ASM_PxI,2050425015,BEA_2017_Code,325520,,NAICS_2012_Code; weight 1.000; Manufacturing of starch vegetable adhesives
Census_ASM_PxI,2050425018,BEA_2017_Code,325520,,"NAICS_2012_Code; weight 1.000; Manufacturing of other natural base glues and adhesives made from natural gums, shellac, silicates, lacquers, and oleoresinous varnishes"
Census_ASM_PxI,2050450000,BEA_2017_Code,325520,,NAICS_2012_Code; weight 1.000; Manufacturing of epoxy adhesives
Census_ASM_PxI,2050475000,BEA_2017_Code,325520,,NAICS_2012_Code; weight 1.000; Manufacturing of rubber and synthetic resin combinations
Census_ASM_PxI,2050500000,BEA_2017_Code,325520,,"NAICS_2012_Code; weight 1.000; Manufacturing of hot melt adhesives, including polyamide, polyolefin, and other hot melts"
Census_ASM_PxI,2050525000,BEA_2017_Code,325520,,"NAICS_2012_Code; weight 1.000; Manufacturing of adhesive films, all types, including pressure-sensitive structural and nonstructural adhesive films"
Census_ASM_PxI,2050550000,BEA_2017_Code,325520,,NAICS_2012_Code; weight 1.000; Manufacturing of vinyl-type adhesives
Census_ASM_PxI,2050550003,BEA_2017_Code,325520,,NAICS_2012_Code; weight 1.000; Manufacturing of polyvinyl acetate adhesives
Census_ASM_PxI,2050550006,BEA_2017_Code,325520,,NAICS_2012_Code; weight 1.000; Manufacturing of polyvinyl chloride and copolymer adhesives
Census_ASM_PxI,2050550009,BEA_2017_Code,325520,,NAICS_2012_Code; weight 1.000; Manufacturing of other vinyl-polymer-type adhesives
Census_ASM_PxI,2050575000,BEA_2017_Code,325520,,NAICS_2012_Code; weight 1.000; Manufacturing of other synthetic resin and rubber adhesives
Census_ASM_PxI,2050575003,BEA_2017_Code,325520,,"NAICS_2012_Code; weight 1.000; Manufacturing of phenolics and phenolic derivative adhesives, including resorcinol"
Census_ASM_PxI,2050575006,BEA_2017_Code,325520,,NAICS_2012_Code; weight 1.000; Manufacturing of urea and modified urea adhesives
Census_ASM_PxI,2050575009,BEA_2017_Code,325520,,NAICS_2012_Code; weight 1.000; Manufacturing of acrylic adhesives
Census_ASM_PxI,2050575012,BEA_2017_Code,325520,,NAICS_2012_Code; weight 1.000; Manufacturing of cyanoacrylate adhesives
Census_ASM_PxI,2050575015,BEA_2017_Code,325520,,NAICS_2012_Code; weight 1.000; Manufacturing of polyester adhesives
Census_ASM_PxI,2050575018,BEA_2017_Code,325520,,NAICS_2012_Code; weight 1.000; Manufacturing of urethane adhesives
Census_ASM_PxI,2050575021,BEA_2017_Code,325520,,NAICS_2012_Code; weight 1.000; Manufacturing of styrenic adhesives
Census_ASM_PxI,2050575024,BEA_2017_Code,325520,,NAICS_2012_Code; weight 1.000; Manufacturing of latex-type rubber cement
Census_ASM_PxI,2050575027,BEA_2017_Code,325520,,NAICS_2012_Code; weight 1.000; Manufacturing of solvent-type rubber cement
Census_ASM_PxI,2050575031,BEA_2017_Code,325520,,"NAICS_2012_Code; weight 1.000; Manufacturing of other synthetic resin and rubber adhesives, including cellulose, nitrocellulose, polyamide, anaerobic, etc."
Census_ASM_PxI,2050600000,BEA_2017_Code,3259A0,,"NAICS_2012_Code; weight 1.000; Manufacturing of evaporated salt (bulk, pressed blocks, and packaged), excluding table salt"
Census_ASM_PxI,2050625000,BEA_2017_Code,3259A0,,NAICS_2012_Code; weight 1.000; Manufacturing of water treating compounds
Census_ASM_PxI,2050625003,BEA_2017_Code,3259A0,,NAICS_2012_Code; weight 1.000; Manufacturing of cooling tower compounds
Census_ASM_PxI,2050625006,BEA_2017_Code,3259A0,,"NAICS_2012_Code; weight 1.000; Manufacturing of water treating compounds, excluding swimming pool and cooling tower"
Census_ASM_PxI,2050635000,BEA_2017_Code,3259A0,,NAICS_2012_Code; weight 1.000; Manufacturing of sizes (paper)
Census_ASM_PxI,2050650000,BEA_2017_Code,3259A0,,"NAICS_2012_Code; weight 1.000; Manufacturing of chemical preparations, other"
Census_ASM_PxI,2050675000,BEA_2017_Code,326110,,NAICS_2012_Code; weight 1.000; Manufacturing of unlaminated polyethylene film and sheet
Census_ASM_PxI,2050700000,BEA_2017_Code,326110,,NAICS_2012_Code; weight 1.000; Manufacturing of unlaminated polypropylene film and sheet
Census_ASM_PxI,2050725000,BEA_2017_Code,326110,,NAICS_2012_Code; weight 1.000; Manufacturing of unlaminated vinyl and vinyl copolymer film and sheet
Census_ASM_PxI,2050750000,BEA_2017_Code,326110,,NAICS_2012_Code; weight 1.000; Manufacturing of other unlaminated plastics film and sheet
Census_ASM_PxI,2050750003,BEA_2017_Code,326110,,NAICS_2012_Code; weight 1.000; Manufacturing of unlaminated cellulosic film and sheet
Census_ASM_PxI,2050750006,BEA_2017_Code,326110,,NAICS_2012_Code; weight 1.000; Manufacturing of unlaminated acrylic film and sheet
Census_ASM_PxI,2050750009,BEA_2017_Code,326110,,NAICS_2012_Code; weight 1.000; Manufacturing of other unlaminated plastics film and sheet
Census_ASM_PxI,2050775000,BEA_2017_Code,326120,,"NAICS_2012_Code; weight 1.000; Manufacturing of unlaminated rods, tubes, profiles, and other shapes, including acrylate, methacrylate, polyamide, polyethylene, polypropylene, polystyrene, vinyl, vinyl copolymer, cellulosic, styrene copolymer"
Census_ASM_PxI,2050800000,BEA_2017_Code,326220,,"NAICS_2012_Code; weight 1.000; Manufacturing of industrial rubber and plastics hose without fittings (acid and chemical handling, food and beverage, petroleum curb pump, dock, transfer, and other industrial hose)"
Census_ASM_PxI,2050825000,BEA_2017_Code,326220,,"NAICS_2012_Code; weight 1.000; Manufacturing of rubber and plastics water hose (including fire, irrigation, water suction-discharge, and other water hose)"
Census_ASM_PxI,2050850000,BEA_2017_Code,326220,,NAICS_2012_Code; weight 1.000; Manufacturing of rubber and plastics inner-tube-type air hose (excluding pneumatic power transfer)
Census_ASM_PxI,2050875000,BEA_2017_Code,326220,,"NAICS_2012_Code; weight 1.000; Manufacturing of all other pneumatic and hydraulic hose, without fittings, made of rubber and other materials (plastics, nylon, etc.)"
Census_ASM_PxI,2050900000,BEA_2017_Code,326290,,NAICS_2012_Code; weight 1.000; Manufacturing of all other industrial rubber products
Census_ASM_PxI,2050900003,BEA_2017_Code,326290,,"NAICS_2012_Code; weight 1.000; Manufacturing of vulcanized film and sheet rubber, elastomeric linings, and other rubber products (including jar rings and fuel cells), etc"
Census_ASM_PxI,2050900006,BEA_2017_Code,326290,,"NAICS_2012_Code; weight 1.000; Manufacturing of paper mill, steel mill, plastics, and other industrial roll coverings, rubber"
Census_ASM_PxI,2050925000,BEA_2017_Code,326190,,NAICS_2012_Code; weight 1.000; Manufacturing of other fabricated fiberglass and reinforced products (excluding furniture)
Census_ASM_PxI,2050950000,BEA_2017_Code,332600,,NAICS_2007_Code; weight 1.000; Manufacturing of precision mechanical extension- and torsion-type wire springs
Census_ASM_PxI,2050975000,BEA_2017_Code,332600,,NAICS_2007_Code; weight 1.000; Manufacturing of precision mechanical compression-type wire springs
Census_ASM_PxI,2051000000,BEA_2017_Code,332119,,"NAICS_2007_Code; weight 1.000; Manufacturing of metal spinning products, excluding cooking and kitchen utensils"
Census_ASM_PxI,2051025000,BEA_2017_Code,332119,,"NAICS_2007_Code; weight 1.000; Manufacturing of stamped and pressed metal chemical milling products, milled contoured metal, clad and bonded metal products, and perforated metal end products"
Census_ASM_PxI,2051025003,BEA_2017_Code,332119,,"NAICS_2007_Code; weight 1.000; Manufacturing of stamped and pressed metal chemical milling products, milled contoured metal, and clad and bonded metal products"
Census_ASM_PxI,2051025006,BEA_2017_Code,332119,,NAICS_2007_Code; weight 1.000; Manufacturing of perforated metal end products
Census_ASM_PxI,2051050000,BEA_2017_Code,332430,,NAICS_2012_Code; weight 1.000; Manufacturing of stamped and pressed light gauge metal end products (excluding spinning products and metal electric enclosures)
Census_ASM_PxI,2051050003,BEA_2017_Code,332430,,"NAICS_2012_Code; weight 1.000; Manufacturing of stamped and pressed light gauge galvanized steel pails, ash cans, garbage cans, tubs, etc. (excluding shipping containers)"
Census_ASM_PxI,2051050006,BEA_2017_Code,332430,,"NAICS_2012_Code; weight 1.000; Manufacturing of other stamped and pressed light gauge metal pails, ash cans, garbage cans, tubs, etc. (including other grades of steel) (excluding shipping containers)"
Census_ASM_PxI,2051050009,BEA_2017_Code,332430,,NAICS_2012_Code; weight 1.000; Manufacturing of stamped and pressed light gauge metal mailboxes (commercial and multiple unit residential)
Census_ASM_PxI,2051050012,BEA_2017_Code,332430,,NAICS_2012_Code; weight 1.000; Manufacturing of stamped and pressed light gauge metal truck tool boxes
Census_ASM_PxI,2051050015,BEA_2017_Code,332430,,NAICS_2012_Code; weight 1.000; Manufacturing of stamped and pressed light gauge metal tool boxes (excluding truck tool boxes)
Census_ASM_PxI,2051075000,BEA_2017_Code,332999,,NAICS_2012_Code; weight 1.000; Manufacturing of all other fabricated metal products
Census_ASM_PxI,2051075003,BEA_2017_Code,332999,,"NAICS_2012_Code; weight 1.000; Manufacturing of traps, handcuffs, and leg irons"
Census_ASM_PxI,2051075006,BEA_2017_Code,332999,,"NAICS_2012_Code; weight 1.000; Manufacturing of all other fabricated metal products (including mobile tactical shelters, container units for military helicopters and airplanes, air cargo pallets, and jobsite storage containers)"
Census_ASM_PxI,2051100000,BEA_2017_Code,33299A,,"NAICS_2012_Code; weight 1.000; Manufacturing of ammunition (excluding for small arms), including complete and separate loading artillery rounds, steel and non-steel parts and cases, and all other ammunition (more than 30 mm, more than 1.18 in.)"
Census_ASM_PxI,2051125000,BEA_2017_Code,33299A,,"NAICS_2012_Code; weight 1.000; Manufacturing of other ammunition products, including industrial shells and cartridges, air gun ammunition, percussion caps"
Census_ASM_PxI,2051150000,BEA_2017_Code,313300,,"NAICS_2012_Code; weight 1.000; Manufacturing of vinyl coated fabrics, including expanded vinyl coated"
Census_ASM_PxI,2051175000,BEA_2017_Code,313300,,"NAICS_2012_Code; weight 1.000; Manufacturing of rubber coated fabrics, including inflatable and all other types, excluding garment and footwear"
Census_ASM_PxI,2051200000,BEA_2017_Code,313300,,"NAICS_2012_Code; weight 1.000; Manufacturing of coated or laminated fabrics and coated yarns, including impregnated fabrics"
Census_ASM_PxI,2051225000,BEA_2017_Code,313200,,"NAICS_2012_Code; weight 1.000; Manufacturing of pressed felts, excluding hats"
Census_ASM_PxI,2051250000,BEA_2017_Code,313200,,"NAICS_2012_Code; weight 1.000; Manufacturing of punched or needled felts, including stitch bonded (excluding carpet and rugs suitable for outdoor use (indoor-outdoor)), wool and manmade fibers, excluding hats"
Census_ASM_PxI,2051275000,BEA_2017_Code,314900,,"NAICS_2012_Code; weight 1.000; Manufacturing of fabricated flags, banners, and similar emblems, excluding banner printing"
Census_ASM_PxI,2051300000,BEA_2017_Code,314900,,NAICS_2012_Code; weight 1.000; Manufacturing of parachutes and shop towels
Census_ASM_PxI,2051300003,BEA_2017_Code,314900,,NAICS_2012_Code; weight 1.000; Manufacturing of parachutes
Census_ASM_PxI,2051300006,BEA_2017_Code,314900,,NAICS_2012_Code; weight 1.000; Manufacturing of industrial shop towels
Census_ASM_PxI,2051325000,BEA_2017_Code,313200,,"NAICS_2012_Code; weight 1.000; Manufacturing of wipers (including windshield, industrial, and lithographic), made from nonwoven fabrics"
Census_ASM_PxI,2051350000,BEA_2017_Code,327200,,"NAICS_2012_Code; weight 1.000; Manufacturing of all other machine-made pressed and blown glassware (including lighting, electronic, scientific, laboratory, industrial, and technical)"
Census_ASM_PxI,2051350003,BEA_2017_Code,327200,,"NAICS_2012_Code; weight 1.000; Manufacturing of tubing, rods and canes, all types (excluding electrical and electronic)"
Census_ASM_PxI,2051350006,BEA_2017_Code,327200,,"NAICS_2012_Code; weight 1.000; Manufacturing of scientific and laboratory glassware, reusable"
Census_ASM_PxI,2051350009,BEA_2017_Code,327200,,"NAICS_2012_Code; weight 1.000; Manufacturing of scientific and laboratory glassware, disposable"
Census_ASM_PxI,2051350012,BEA_2017_Code,327200,,NAICS_2012_Code; weight 1.000; Manufacturing of technical and industrial glassware
Census_ASM_PxI,2051350015,BEA_2017_Code,327200,,NAICS_2012_Code; weight 1.000; Manufacturing of opthalmic lens blanks and optical instruments lens blanks
Census_ASM_PxI,2051350018,BEA_2017_Code,327200,,"NAICS_2012_Code; weight 1.000; Manufacturing of other glassware (including balls, radomes, nose cones, nursery bottles, vials, etc.)"
Census_ASM_PxI,2051375000,BEA_2017_Code,327910,,"NAICS_2012_Code; weight 1.000; Manufacturing of nonmetallic coated abrasive products and buffing wheels, polishing wheels, and laps"
Census_ASM_PxI,2051400000,BEA_2017_Code,335110,,NAICS_2012_Code; weight 1.000; Manufacturing of electric lamp bulbs and tubes (including sealed beam lamp bulbs)
Census_ASM_PxI,2051425000,BEA_2017_Code,335110,,"NAICS_2012_Code; weight 1.000; Manufacturing of electric lamp (bulbs and tubes) components (including bases, supports, lead-ins, filaments, etc.), excluding lamp bulb blanks"
Census_ASM_PxI,2051450000,BEA_2017_Code,335999,,"NAICS_2012_Code; weight 1.000; Manufacturing of surge suppressors, designed for equipment operating on 110-120 volt circuits, excluding industrial-use surge suppressors"
Census_ASM_PxI,2051475000,BEA_2017_Code,332114,,"NAICS_2012_Code; weight 1.000; Manufacturing of custom roll formed products (carbon, stainless, and alloy steel), aluminum and other metal, for all other general industry and miscellaneous materials and supplies, not elsewhere classified"
Census_ASM_PxI,2051500000,BEA_2017_Code,314900,,NAICS_2007_Code; weight 1.000; Manufacturing of all other canvas and related products
Census_ASM_PxI,2051550000,BEA_2017_Code,31161A,,NAICS_2012_Code; weight 1.000; Custom slaughtering of animals
Census_ASM_PxI,2051575000,BEA_2017_Code,314900,,NAICS_2012_Code; weight 1.000; Embroidery services (excluding Schiffli machine products)
Census_ASM_PxI,2051625000,BEA_2017_Code,313100,,"NAICS_2007_Code; weight 1.000; Filament yarns, throwing, texturing, winding, warping, etc., on commission"
Census_ASM_PxI,2051625003,BEA_2017_Code,313100,,"NAICS_2007_Code; weight 1.000; Filament yarns, throwing or texturing on commission"
Census_ASM_PxI,2051625006,BEA_2017_Code,313100,,"NAICS_2007_Code; weight 1.000; Filament yarns, winding, warping, etc., on commission"
Census_ASM_PxI,2051650000,BEA_2017_Code,313200,,"NAICS_2007_Code; weight 1.000; Weft (circular) knit fabrics, nonapparel-type, knitting only or knitting and finishing (excluding hosiery) on commission"
Census_ASM_PxI,2051675000,BEA_2017_Code,313200,,"NAICS_2007_Code; weight 1.000; Warp knit fabrics, lace and net goods, knitting only or knitting and finishing on contract or commission"
Census_ASM_PxI,2051700000,BEA_2017_Code,313300,,"NAICS_2007_Code; weight 1.000; Broadwoven fabrics, cotton, print cloth, finishing on job or commission"
Census_ASM_PxI,2051715000,BEA_2017_Code,339990,,"NAICS_2012_Code; weight 1.000; Manufacturing of all other miscellaneous fabricated products, including products made from a combination of materials"
Census_ASM_PxI,2051725000,BEA_2017_Code,313300,,"NAICS_2007_Code; weight 1.000; Broadwoven fabrics, manmade fiber and silk, finishing on job or commission"
Census_ASM_PxI,2051750000,BEA_2017_Code,313300,,"NAICS_2007_Code; weight 1.000; Knit fabrics, weft and warp, owned by others, finishing on commission"
Census_ASM_PxI,2051750003,BEA_2017_Code,313300,,"NAICS_2007_Code; weight 1.000; Knit fabrics, weft and warp, broad (more than 12 inches wide), owned by others, finishing on commission"
Census_ASM_PxI,2051750006,BEA_2017_Code,313300,,"NAICS_2007_Code; weight 1.000; Knit fabrics, weft and warp, narrow (12 inches wide or less), owned by others, finishing on commission"
Census_ASM_PxI,2051750009,BEA_2017_Code,313300,,"NAICS_2007_Code; weight 1.000; Warp lace and net goods, excluding raschel and burned-out lace, dyeing and finishing on contract or commission"
Census_ASM_PxI,2051775000,BEA_2017_Code,315000,,"NAICS_2007_Code; weight 1.000; Contract knitting only or knitting and finishing knitting mill apparel products, excluding underwear and nightwear"
Census_ASM_PxI,2051800000,BEA_2017_Code,315000,,"NAICS_2007_Code; weight 1.000; Contract manufacturing of men's and boys' (including unisex)  tailored suits, coats, jackets, and vests, cut and sew"
Census_ASM_PxI,2051825000,BEA_2017_Code,315000,,"NAICS_2007_Code; weight 1.000; Contract manufacturing of men's and boys' (including unisex) shirts, excluding work shirts, cut and sew"
Census_ASM_PxI,2051850000,BEA_2017_Code,315000,,"NAICS_2007_Code; weight 1.000; Contract manufacturing of men's and boys' underwear and nightwear, including robes, cut and sew"
Census_ASM_PxI,2051875000,BEA_2017_Code,315000,,"NAICS_2007_Code; weight 1.000; Contract manufacturing of men's and boys' (including unisex) sweaters; pants; jeans; shorts; sweatpants; swimwear; coveralls; washable service apparel; nontailored coats, jackets, and vests; jogging and warm-up suits; playsuits; ski apparel; other outerwear; and work apparel, cut and sew"
Census_ASM_PxI,2051900000,BEA_2017_Code,315000,,"NAICS_2007_Code; weight 1.000; Contract manufacturing of men's and boys' team sport uniforms, costumes, and other apparel and apparel accessories, cut and sew"
Census_ASM_PxI,2051925000,BEA_2017_Code,315000,,"NAICS_2007_Code; weight 1.000; Contract manufacturing of women's, misses', girls', and infants' shirts and blouses, cut and sew"
Census_ASM_PxI,2051950000,BEA_2017_Code,315000,,"NAICS_2007_Code; weight 1.000; Contract manufacturing of women's, girls', and infants' dresses, cut and sew"
Census_ASM_PxI,2051975000,BEA_2017_Code,315000,,"NAICS_2007_Code; weight 1.000; Contract manufacturing of women's, girls', and infants' skirts, tailored suits, coats, jackets, and vests, cut and sew"
Census_ASM_PxI,2052000000,BEA_2017_Code,315000,,"NAICS_2007_Code; weight 1.000; Contract manufacturing of women's, girls', and infants' sweaters; slacks; jeans; shorts; sweatpants; swimwear; coveralls; washable service apparel; nontailored coats, jackets, and vests; jogging and warm-up suits; playsuits; ski apparel; other outerwear; and work apparel, cut and sew "
Census_ASM_PxI,2052025000,BEA_2017_Code,315000,,"NAICS_2007_Code; weight 1.000; Contract manufacturing of women's, girls', and infants' underwear and nightwear, including robes and foundation garments, cut and sew"
Census_ASM_PxI,2052050000,BEA_2017_Code,315000,,"NAICS_2007_Code; weight 1.000; Contract manufacturing of women's, girls', and infants', team sport uniforms, costumes, and other apparel and apparel accessories, cut and sew"
Census_ASM_PxI,2052075000,BEA_2017_Code,316000,,NAICS_2012_Code; weight 1.000; Tanning or finishing leather owned by others
Census_ASM_PxI,2052100000,BEA_2017_Code,321100,,NAICS_2012_Code; weight 1.000; Contract or custom sawing of logs owned by others
Census_ASM_PxI,2052125000,BEA_2017_Code,321100,,"NAICS_2012_Code; weight 1.000; Treating wood owned by others with arsenical chemicals, creosote, and other chemicals (including fire-retardant and pentachlorophenol)"
Census_ASM_PxI,2052150000,BEA_2017_Code,321910,,NAICS_2012_Code; weight 1.000; Contract resawing and planing of sawn wood fence stock and wood lath
Census_ASM_PxI,2052175000,BEA_2017_Code,3219A0,,NAICS_2012_Code; weight 1.000; Contract kiln drying of lumber
Census_ASM_PxI,2052200000,BEA_2017_Code,323110,,NAICS_2007_Code; weight 1.000; Magazine and periodical printing (lithographic)
Census_ASM_PxI,2052200003,BEA_2017_Code,323110,,"NAICS_2007_Code; weight 1.000; Magazine and periodical printing (lithographic), excluding magazines and comics for Sunday newspapers"
Census_ASM_PxI,2052200006,BEA_2017_Code,323110,,"NAICS_2007_Code; weight 1.000; Magazine and comic printing for Sunday newspapers (lithographic), excluding printing of newspaper advertising inserts"
Census_ASM_PxI,2052225000,BEA_2017_Code,323110,,"NAICS_2012_Code; weight 1.000; Magazine and periodical printing (gravure), including magazine and comic supplements for Sunday newspapers (excluding printing of newspaper advertising inserts)"
Census_ASM_PxI,2052250000,BEA_2017_Code,323110,,NAICS_2007_Code; weight 1.000; Magazine and periodical printing (letterpress)
Census_ASM_PxI,2052275000,BEA_2017_Code,323110,,"NAICS_2012_Code; weight 1.000; Textbook printing and binding, including all grades (K through college and other post high school level), teachers' editions, workbooks, and standardized tests"
Census_ASM_PxI,2052300000,BEA_2017_Code,323110,,"NAICS_2012_Code; weight 1.000; Technical, scientific, and professional book printing and binding"
Census_ASM_PxI,2052325000,BEA_2017_Code,323110,,NAICS_2012_Code; weight 1.000; Religious book printing and binding
Census_ASM_PxI,2052350000,BEA_2017_Code,323110,,"NAICS_2012_Code; weight 1.000; General book printing and binding, including book club, mail order, mass market, and other trade books for adults and juveniles (including toy and coloring books)"
Census_ASM_PxI,2052375000,BEA_2017_Code,323110,,"NAICS_2012_Code; weight 1.000; Other book printing and binding, including reference (encyclopedias, dictionaries, etc.), university press, music, and all other books printed and bound"
Census_ASM_PxI,2052400000,BEA_2017_Code,323110,,"NAICS_2012_Code; weight 1.000; Books, printing only, not bound"
Census_ASM_PxI,2052425000,BEA_2017_Code,323110,,"NAICS_2012_Code; weight 1.000; Pamphlets, printing only or printing and binding (excluding advertising pamphlets)"
Census_ASM_PxI,2052450000,BEA_2017_Code,323120,,NAICS_2007_Code; weight 1.000; Hardcover edition binding of books printed elsewhere
Census_ASM_PxI,2052450003,BEA_2017_Code,323120,,"NAICS_2007_Code; weight 1.000; Hardbound edition binding of elementary, high school, and college textbooks, and technical, scientific, business, and professional books printed elsewhere"
Census_ASM_PxI,2052450006,BEA_2017_Code,323120,,"NAICS_2007_Code; weight 1.000; Hardbound edition binding of general consumer, trade, religious, reference, and all other books (including book club and direct mail) printed elsewhere"
Census_ASM_PxI,2052475000,BEA_2017_Code,323120,,"NAICS_2007_Code; weight 1.000; Library binding, hardcover binding of periodicals and records, and other hardcover binding (excluding edition) of books printed elsewhere"
Census_ASM_PxI,2052500000,BEA_2017_Code,323120,,"NAICS_2007_Code; weight 1.000; Softcover, pamphlet, and other binding of books and materials (excluding sample books) printed elsewhere"
Census_ASM_PxI,2052525000,BEA_2017_Code,323120,,"NAICS_2007_Code; weight 1.000; Sample books, swatches, and cards (color, carpet, upholstery, drapery, etc.), including sample mounting"
Census_ASM_PxI,2052550000,BEA_2017_Code,323110,,"NAICS_2007_Code; weight 1.000; Direct mail advertising printing (lithographic), including circulars, letters, pamphlets, cards, etc., excluding catalogs"
Census_ASM_PxI,2052575000,BEA_2017_Code,323110,,"NAICS_2007_Code; weight 1.000; Advertising printing, excluding direct mail (lithographic)"
Census_ASM_PxI,2052575003,BEA_2017_Code,323110,,"NAICS_2007_Code; weight 1.000; Display advertising printing (lithographic), including posters and counter, floor display, point-of-purchase, and other advertising display material"
Census_ASM_PxI,2052575006,BEA_2017_Code,323110,,NAICS_2007_Code; weight 1.000; Preprinted newspaper advertising insert printing (lithographic) (advertising supplements not regularly issued)
Census_ASM_PxI,2052575009,BEA_2017_Code,323110,,"NAICS_2007_Code; weight 1.000; Other advertising printing (lithographic), including brochures, pamphlets, magazine inserts, shopping news, etc."
Census_ASM_PxI,2052600000,BEA_2017_Code,323110,,NAICS_2012_Code; weight 1.000; Advertising printing (gravure)
Census_ASM_PxI,2052600003,BEA_2017_Code,323110,,"NAICS_2012_Code; weight 1.000; Direct mail advertising printing (gravure), including circulars, letters, pamphlets, cards, and printed envelopes (excluding catalogs)"
Census_ASM_PxI,2052600006,BEA_2017_Code,323110,,"NAICS_2012_Code; weight 1.000; Advertising printing excluding direct mail (gravure), including newspaper advertising inserts, advertising display materials, brochures, pamphlets, magazine inserts, etc. (excluding catalogs)"
Census_ASM_PxI,2052625000,BEA_2017_Code,323110,,"NAICS_2007_Code; weight 1.000; Advertising printing (flexographic), including direct mail, display, magazine and preprinted newspaper inserts, brochures, pamphlets, etc., excluding label and wrapper printing"
Census_ASM_PxI,2052650000,BEA_2017_Code,323110,,"NAICS_2012_Code; weight 1.000; Advertising printing (screen), including point-of-purchase, counter, window, and floor display materials, posters, inserts, brochures, etc."
Census_ASM_PxI,2052675000,BEA_2017_Code,323110,,"NAICS_2007_Code; weight 1.000; Advertising printing (letterpress), including direct mail (excluding catalogs), display advertising materials, newspaper and magazine inserts, brochures, circulars, etc."
Census_ASM_PxI,2052700000,BEA_2017_Code,323110,,NAICS_2007_Code; weight 1.000; Financial and legal printing (lithographic)
Census_ASM_PxI,2052700003,BEA_2017_Code,323110,,"NAICS_2007_Code; weight 1.000; Annual report, SEC filing, prospectus, and other corporate financial printing (lithographic)"
Census_ASM_PxI,2052700006,BEA_2017_Code,323110,,"NAICS_2007_Code; weight 1.000; Bank and bank form printing (lithographic), including debit-credit slips, ledger and statement sheets, installment-loan coupons, etc. (excluding checkbooks)"
Census_ASM_PxI,2052700009,BEA_2017_Code,323110,,"NAICS_2007_Code; weight 1.000; Other financial and legal printing (lithographic), including insurance forms, briefs, etc. (excluding checkbooks)"
Census_ASM_PxI,2052725000,BEA_2017_Code,323110,,"NAICS_2007_Code; weight 1.000; Financial and legal printing (flexographic), including annual corporate reports, bank printing, etc."
Census_ASM_PxI,2052750000,BEA_2017_Code,323110,,NAICS_2007_Code; weight 1.000; Financial and legal printing (letterpress)
Census_ASM_PxI,2052775000,BEA_2017_Code,323110,,"NAICS_2007_Code; weight 1.000; Catalog and directory printing (lithographic), including direct mail catalogs, business reference services directories, and all other catalogs and directories"
Census_ASM_PxI,2052800000,BEA_2017_Code,323110,,"NAICS_2012_Code; weight 1.000; Catalog and directory printing (gravure), including direct mail catalogs, business reference services directories, and all other catalogs and directories"
Census_ASM_PxI,2052825000,BEA_2017_Code,323110,,NAICS_2007_Code; weight 1.000; Catalog and directory printing (letterpress)
Census_ASM_PxI,2052850000,BEA_2017_Code,323110,,NAICS_2007_Code; weight 1.000; Engraving (printing)
Census_ASM_PxI,2052850003,BEA_2017_Code,323110,,NAICS_2007_Code; weight 1.000; Security engraving (printing)
Census_ASM_PxI,2052850006,BEA_2017_Code,323110,,NAICS_2007_Code; weight 1.000; Social engraving (printing)
Census_ASM_PxI,2052850009,BEA_2017_Code,323110,,NAICS_2007_Code; weight 1.000; Business stationery and other commercial engraving (printing)
Census_ASM_PxI,2052875000,BEA_2017_Code,323110,,NAICS_2007_Code; weight 1.000; Quick printing
Census_ASM_PxI,2052900000,BEA_2017_Code,323110,,NAICS_2007_Code; weight 1.000; Digital printing
Census_ASM_PxI,2052925000,BEA_2017_Code,323110,,"NAICS_2007_Code; weight 1.000; Newspaper, art reproduction and picture print, and greeting cards printing (lithographic)"
Census_ASM_PxI,2052925003,BEA_2017_Code,323110,,NAICS_2007_Code; weight 1.000; Newspaper printing (lithographic)
Census_ASM_PxI,2052925006,BEA_2017_Code,323110,,NAICS_2007_Code; weight 1.000; Art reproduction and picture print printing (lithographic)
Census_ASM_PxI,2052925009,BEA_2017_Code,323110,,"NAICS_2007_Code; weight 1.000; Greeting cards, printed for publication by others (lithographic)"
Census_ASM_PxI,2052950000,BEA_2017_Code,323110,,"NAICS_2007_Code; weight 1.000; Lithographic printing on metal, excluding sign and display manufacturing"
Census_ASM_PxI,2052975000,BEA_2017_Code,323120,,"NAICS_2007_Code; weight 1.000; Miscellaneous binding and postpress work, including collating, perforating, folding, gluing, die-cutting, gold or foil stamping, etc."
Census_ASM_PxI,2053000000,BEA_2017_Code,323110,,"NAICS_2012_Code; weight 1.000; Other commercial and general job printing (screen), excluding on textiles and apparel"
Census_ASM_PxI,2053000003,BEA_2017_Code,323110,,"NAICS_2012_Code; weight 1.000; Screen printing on metal, excluding sign and display manufacturing"
Census_ASM_PxI,2053000006,BEA_2017_Code,323110,,NAICS_2012_Code; weight 1.000; Screen printing on glass or plastics containers for others
Census_ASM_PxI,2053000009,BEA_2017_Code,323110,,"NAICS_2012_Code; weight 1.000; All other commercial and general job printing (screen), excluding on textiles and apparel, including customized stationery"
Census_ASM_PxI,2053025000,BEA_2017_Code,323110,,"NAICS_2007_Code; weight 1.000; Calendar, map, and atlas printing (lithographic), including calendar pads and globe covers"
Census_ASM_PxI,2053050000,BEA_2017_Code,323110,,NAICS_2007_Code; weight 1.000; Other commercial and general job printing (letterpress)
Census_ASM_PxI,2053050003,BEA_2017_Code,323110,,"NAICS_2007_Code; weight 1.000; Printed decalcomanias and pressure-sensitives (self-adhesive) (letterpress), including bumper stickers, etc., excluding labels"
Census_ASM_PxI,2053050006,BEA_2017_Code,323110,,"NAICS_2007_Code; weight 1.000; Tag printing (including embossed) and business form printing (letterpress), excluding manifold, financial, legal, and looseleaf forms"
Census_ASM_PxI,2053050009,BEA_2017_Code,323110,,"NAICS_2007_Code; weight 1.000; Ticket, coupon, and food and beverage check printing (letterpress), including transportation and amusement"
Census_ASM_PxI,2053050012,BEA_2017_Code,323110,,NAICS_2007_Code; weight 1.000; Calendar and calendar pad printing (letterpress)
Census_ASM_PxI,2053050015,BEA_2017_Code,323110,,"NAICS_2007_Code; weight 1.000; Embossing or embossing and printing plastics cards (credit, ID, etc.)"
Census_ASM_PxI,2053050018,BEA_2017_Code,323110,,"NAICS_2007_Code; weight 1.000; All other commercial and general job printing (letterpress), including customized stationery"
Census_ASM_PxI,2053075000,BEA_2017_Code,323110,,"NAICS_2007_Code; weight 1.000; All other commercial and general job printing (excluding lithographic (offset), gravure, flexographic, screen, quick, digital, letterpress, and engraving printing)"
Census_ASM_PxI,2053075003,BEA_2017_Code,323110,,NAICS_2007_Code; weight 1.000; Pad printing
Census_ASM_PxI,2053075006,BEA_2017_Code,323110,,"NAICS_2007_Code; weight 1.000; All other commercial and general job printing (excluding lithographic (offset), gravure, flexographic, screen, quick, digital, letterpress, engraving, and pad printing)"
Census_ASM_PxI,2053100000,BEA_2017_Code,323110,,NAICS_2007_Code; weight 1.000; Other commercial and general job printing (lithographic)
Census_ASM_PxI,2053100003,BEA_2017_Code,323110,,NAICS_2007_Code; weight 1.000; Scientific and technical recording chart and chart paper printing (lithographic)
Census_ASM_PxI,2053100009,BEA_2017_Code,323110,,"NAICS_2007_Code; weight 1.000; Printed decalcomanias and pressure-sensitives (self-adhesive) (lithographic), including bumper stickers, etc., excluding labels"
Census_ASM_PxI,2053100012,BEA_2017_Code,323110,,"NAICS_2007_Code; weight 1.000; Ticket, credit card, business stationery, and all other commercial and general job printing (lithographic)"
Census_ASM_PxI,2053125000,BEA_2017_Code,323110,,"NAICS_2012_Code; weight 1.000; Other commercial and general job printing (gravure), including customized stationery"
Census_ASM_PxI,2053150000,BEA_2017_Code,323110,,"NAICS_2007_Code; weight 1.000; All other commercial and general job printing (flexographic), including customized stationery"
Census_ASM_PxI,2053175000,BEA_2017_Code,323110,,"NAICS_2012_Code; weight 1.000; Screen printed decalcomanias and pressure-sensitives (self-adhesive) (including bumper stickers, etc.), excluding labels"
Census_ASM_PxI,2053200000,BEA_2017_Code,323110,,"NAICS_2012_Code; weight 1.000; Screen printing on garments, apparel accessories, and other fabric articles, excluding labels and banners"
Census_ASM_PxI,2053225000,BEA_2017_Code,323110,,NAICS_2007_Code; weight 1.000; Label and wrapper printing (lithographic)
Census_ASM_PxI,2053225003,BEA_2017_Code,323110,,NAICS_2007_Code; weight 1.000; Label printing (lithographic)
Census_ASM_PxI,2053225006,BEA_2017_Code,323110,,NAICS_2007_Code; weight 1.000; Printed rolls and sheets for packaging purposes (printing only) (lithographic)
Census_ASM_PxI,2053250000,BEA_2017_Code,323110,,NAICS_2012_Code; weight 1.000; Label printing (gravure)
Census_ASM_PxI,2053275000,BEA_2017_Code,323110,,NAICS_2012_Code; weight 1.000; Printed rolls and sheets for packaging purposes (printing only) (gravure)
Census_ASM_PxI,2053300000,BEA_2017_Code,323110,,NAICS_2007_Code; weight 1.000; Label printing (flexographic)
Census_ASM_PxI,2053325000,BEA_2017_Code,323110,,NAICS_2007_Code; weight 1.000; Printed rolls and sheets for packaging purposes (printing only) (flexographic)
Census_ASM_PxI,2053350000,BEA_2017_Code,323110,,NAICS_2007_Code; weight 1.000; Label and wrapper printing (letterpress)
Census_ASM_PxI,2053350003,BEA_2017_Code,323110,,NAICS_2007_Code; weight 1.000; Label printing (letterpress)
Census_ASM_PxI,2053350006,BEA_2017_Code,323110,,NAICS_2007_Code; weight 1.000; Printed rolls and sheets for packaging purposes (printing only) (letterpress)
Census_ASM_PxI,2053375000,BEA_2017_Code,323110,,NAICS_2012_Code; weight 1.000; Label printing (screen)
Census_ASM_PxI,2053400000,BEA_2017_Code,323120,,"NAICS_2007_Code; weight 1.000; Prepress services, excluding platemaking (including film, assembled flats, color separations, typesetting, imagesetting, etc.)"
Census_ASM_PxI,2053410000,BEA_2017_Code,323120,,"NAICS_2007_Code; weight 1.000; Printing plates and cylinders, prepared for printing (excluding blank plates and blank cylinders)"
Census_ASM_PxI,2053410003,BEA_2017_Code,323120,,"NAICS_2007_Code; weight 1.000; Lithographic plates, prepared for printing (excluding blank plates)"
Census_ASM_PxI,2053410006,BEA_2017_Code,323120,,"NAICS_2007_Code; weight 1.000; Flexographic plates, prepared for printing (excluding blank plates)"
Census_ASM_PxI,2053410009,BEA_2017_Code,323120,,"NAICS_2007_Code; weight 1.000; Gravure plates and cylinders, prepared for printing (excluding blank plates and blank cylinders)"
Census_ASM_PxI,2053410012,BEA_2017_Code,323120,,NAICS_2007_Code; weight 1.000; All other printing plates prepared for printing (excluding blank plates)
Census_ASM_PxI,2053425000,BEA_2017_Code,3259A0,,NAICS_2012_Code; weight 1.000; Filling pressurized aerosol containers with materials owned by others (excluding interplant transfers)
Census_ASM_PxI,2053450000,BEA_2017_Code,332800,,"NAICS_2012_Code; weight 1.000; Heat treating of metal for the trade (heat treating, pickling, annealing, brazing, shot peening, tempering, etc.)"
Census_ASM_PxI,2053475000,BEA_2017_Code,332800,,"NAICS_2012_Code; weight 1.000; Metal coating, engraving (excluding jewelry and silverware), and allied services to manufacturers"
Census_ASM_PxI,2053475003,BEA_2017_Code,332800,,NAICS_2012_Code; weight 1.000; Physical vapor deposition (PVD) thin film vacuum coating of metals
Census_ASM_PxI,2053475006,BEA_2017_Code,332800,,NAICS_2012_Code; weight 1.000; Chemical vapor deposition (CVD) thin film vacuum coating of metals
Census_ASM_PxI,2053475009,BEA_2017_Code,332800,,"NAICS_2012_Code; weight 1.000; All other thin film vacuum coating (electronics, plastics, glass, etc.)"
Census_ASM_PxI,2053475012,BEA_2017_Code,332800,,"NAICS_2012_Code; weight 1.000; All other metal coating, engraving and etching (excluding jewelry and silverware), and allied services to manufacturers"
Census_ASM_PxI,2053500000,BEA_2017_Code,332800,,"NAICS_2012_Code; weight 1.000; Electroplating, plating, polishing, anodizing, and coloring"
Census_ASM_PxI,2053525000,BEA_2017_Code,332710,,NAICS_2012_Code; weight 1.000; Machine shop job work and job order repairs
Census_ASM_PxI,2053625000,BEA_2017_Code,334610,,NAICS_2007_Code; weight 1.000; Software reproducing
Census_ASM_PxI,2053650000,BEA_2017_Code,334610,,"NAICS_2007_Code; weight 1.000; Reproduction of audio discs, records, and compact discs (CD), full-length"
Census_ASM_PxI,2053675000,BEA_2017_Code,334610,,"NAICS_2007_Code; weight 1.000; Reproduction of audio tapes, cassette full-length"
Census_ASM_PxI,2053700000,BEA_2017_Code,334610,,NAICS_2007_Code; weight 1.000; Reproduction of audio discs and compact disc (CD) singles-maxisingles
Census_ASM_PxI,2053725000,BEA_2017_Code,334610,,"NAICS_2007_Code; weight 1.000; Reproduction of video recording media, including video discs, DVD, and video tapes"
Census_ASM_PxI,2053750000,BEA_2017_Code,334610,,"NAICS_2007_Code; weight 1.000; All other reproduction of recording media, including audio tape and cassette singles-maxisingles"
Census_ASM_PxI,2053825000,BEA_2017_Code,336411,,NAICS_2012_Code; weight 1.000; Aeronautical services on complete aircraft for military customers
Census_ASM_PxI,2053835000,BEA_2017_Code,336411,,NAICS_2012_Code; weight 1.000; Aeronautical services on complete aircraft for civilian customers
Census_ASM_PxI,2053850000,BEA_2017_Code,336412,,NAICS_2012_Code; weight 1.000; Aeronautical services on aircraft engines
Census_ASM_PxI,2053850003,BEA_2017_Code,336412,,NAICS_2012_Code; weight 1.000; Aeronautical services on military aircraft engines (including other aircraft engines built to military specifications)
Census_ASM_PxI,2053850006,BEA_2017_Code,336412,,NAICS_2012_Code; weight 1.000; Aeronautical services on civilian aircraft engines
Census_ASM_PxI,2053875000,BEA_2017_Code,336414,,NAICS_2012_Code; weight 1.000; Manufacturing services on complete guided missiles
Census_ASM_PxI,2053900000,BEA_2017_Code,336414,,NAICS_2012_Code; weight 1.000; Manufacturing services on complete space vehicles
Census_ASM_PxI,2053900003,BEA_2017_Code,336414,,NAICS_2012_Code; weight 1.000; Manufacturing services on complete space vehicles for U.S. Government military customers
Census_ASM_PxI,2053900006,BEA_2017_Code,336414,,NAICS_2012_Code; weight 1.000; Manufacturing services on complete space vehicles for other customers
Census_ASM_PxI,2053925000,BEA_2017_Code,33641A,,"NAICS_2012_Code; weight 1.000; Manufacturing services on complete missiles, space vehicle engines, and propulsion units"
Census_ASM_PxI,2053950000,BEA_2017_Code,336611,,"NAICS_2012_Code; weight 1.000; Ship modification, conversion, overhaul, and other manufacturing services, military"
Census_ASM_PxI,2053975000,BEA_2017_Code,336611,,"NAICS_2012_Code; weight 1.000; Ship modification, conversion, overhaul, and other manufacturing services, nonmilitary"
Census_ASM_PxI,2054000000,BEA_2017_Code,336500,,"NAICS_2012_Code; weight 1.000; Railroad vehicle modification, conversion, overhaul, and other manufacturing services"
Census_ASM_PxI,2054025000,BEA_2017_Code,336211,,NAICS_2012_Code; weight 1.000; Upfitting
Census_ASM_PxI,2054050000,BEA_2017_Code,336411,,"NAICS_2012_Code; weight 1.000; Modification, conversion, and overhaul of previously accepted aircraft"
Census_ASM_PxI,2054050003,BEA_2017_Code,336411,,"NAICS_2012_Code; weight 1.000; Modification, conversion, and overhaul of military aircraft and all other aircraft built to military specifications"
Census_ASM_PxI,2054050006,BEA_2017_Code,336411,,"NAICS_2012_Code; weight 1.000; Modification, conversion, and overhaul of previously accepted aircraft for civilian customers"
Census_ASM_PxI,2054075000,BEA_2017_Code,339910,,"NAICS_2007_Code; weight 1.000; Lapidary work, except for watch jewels"
Census_ASM_PxI,3000075000,BEA_2017_Code,3219A0,,"NAICS_2012_Code; weight 1.000; Constructions of manufactured (mobile) homes, all width sizes (including multisection)"
Census_ASM_PxI,3000925000,BEA_2017_Code,3219A0,,"NAICS_2012_Code; weight 1.000; Nonresidential mobile building constructions, office and other commercial"
Census_ASM_PxI,3000950000,BEA_2017_Code,3219A0,,"NAICS_2012_Code; weight 1.000; Other nonresidential mobile building constructions, including classroom and industrial"
