ActivitySourceName,Activity,SectorSourceName,Sector,SectorType,Note
BEA_NIPA,"Motor vehicles, parts, and supplies wholesalers",BEA_2017_Code,336111,,Motor vehicles and parts; NAICS 4231; C4211
BEA_NIPA,"Motor vehicles, parts, and supplies wholesalers",BEA_2017_Code,336112,,Motor vehicles and parts; NAICS 4231; C4211
BEA_NIPA,"Motor vehicles, parts, and supplies wholesalers",BEA_2017_Code,336120,,Motor vehicles and parts; NAICS 4231; C4211
BEA_NIPA,"Motor vehicles, parts, and supplies wholesalers",BEA_2017_Code,336211,,Motor vehicles and parts; NAICS 4231; C4211
BEA_NIPA,"Motor vehicles, parts, and supplies wholesalers",BEA_2017_Code,336212,,Motor vehicles and parts; NAICS 4231; C4211
BEA_NIPA,"Motor vehicles, parts, and supplies wholesalers",BEA_2017_Code,336213,,Motor vehicles and parts; NAICS 4231; C4211
BEA_NIPA,"Motor vehicles, parts, and supplies wholesalers",BEA_2017_Code,336214,,Motor vehicles and parts; NAICS 4231; C4211
BEA_NIPA,"Motor vehicles, parts, and supplies wholesalers",BEA_2017_Code,336310,,Motor vehicles and parts; NAICS 4231; C4211
BEA_NIPA,"Motor vehicles, parts, and supplies wholesalers",BEA_2017_Code,336320,,Motor vehicles and parts; NAICS 4231; C4211
BEA_NIPA,"Motor vehicles, parts, and supplies wholesalers",BEA_2017_Code,336350,,Motor vehicles and parts; NAICS 4231; C4211
BEA_NIPA,"Motor vehicles, parts, and supplies wholesalers",BEA_2017_Code,336360,,Motor vehicles and parts; NAICS 4231; C4211
BEA_NIPA,"Motor vehicles, parts, and supplies wholesalers",BEA_2017_Code,336370,,Motor vehicles and parts; NAICS 4231; C4211
BEA_NIPA,"Motor vehicles, parts, and supplies wholesalers",BEA_2017_Code,336390,,Motor vehicles and parts; NAICS 4231; C4211
BEA_NIPA,"Motor vehicles, parts, and supplies wholesalers",BEA_2017_Code,3363A0,,Motor vehicles and parts; NAICS 4231; C4211
BEA_NIPA,Furniture and home furnishings wholesalers,BEA_2017_Code,314110,,Furniture and home furnishings; NAICS 4232; C4212
BEA_NIPA,Furniture and home furnishings wholesalers,BEA_2017_Code,314120,,Furniture and home furnishings; NAICS 4232; C4212
BEA_NIPA,Furniture and home furnishings wholesalers,BEA_2017_Code,337110,,Furniture and home furnishings; NAICS 4232; C4212
BEA_NIPA,Furniture and home furnishings wholesalers,BEA_2017_Code,337121,,Furniture and home furnishings; NAICS 4232; C4212
BEA_NIPA,Furniture and home furnishings wholesalers,BEA_2017_Code,337122,,Furniture and home furnishings; NAICS 4232; C4212
BEA_NIPA,Furniture and home furnishings wholesalers,BEA_2017_Code,337127,,Furniture and home furnishings; NAICS 4232; C4212
BEA_NIPA,Furniture and home furnishings wholesalers,BEA_2017_Code,33712N,,Furniture and home furnishings; NAICS 4232; C4212
BEA_NIPA,Furniture and home furnishings wholesalers,BEA_2017_Code,337215,,Furniture and home furnishings; NAICS 4232; C4212
BEA_NIPA,Furniture and home furnishings wholesalers,BEA_2017_Code,33721A,,Furniture and home furnishings; NAICS 4232; C4212
BEA_NIPA,Furniture and home furnishings wholesalers,BEA_2017_Code,337900,,Furniture and home furnishings; NAICS 4232; C4212
BEA_NIPA,Lumber and other construction materials wholesalers,BEA_2017_Code,321100,,Lumber and construction materials; NAICS 4233; C4213
BEA_NIPA,Lumber and other construction materials wholesalers,BEA_2017_Code,321200,,Lumber and construction materials; NAICS 4233; C4213
BEA_NIPA,Lumber and other construction materials wholesalers,BEA_2017_Code,321910,,Lumber and construction materials; NAICS 4233; C4213
BEA_NIPA,Lumber and other construction materials wholesalers,BEA_2017_Code,3219A0,,Lumber and construction materials; NAICS 4233; C4213
BEA_NIPA,Lumber and other construction materials wholesalers,BEA_2017_Code,327100,,Lumber and construction materials; NAICS 4233; C4213
BEA_NIPA,Lumber and other construction materials wholesalers,BEA_2017_Code,327200,,Lumber and construction materials; NAICS 4233; C4213
BEA_NIPA,Lumber and other construction materials wholesalers,BEA_2017_Code,327310,,Lumber and construction materials; NAICS 4233; C4213
BEA_NIPA,Lumber and other construction materials wholesalers,BEA_2017_Code,327320,,Lumber and construction materials; NAICS 4233; C4213
BEA_NIPA,Lumber and other construction materials wholesalers,BEA_2017_Code,327330,,Lumber and construction materials; NAICS 4233; C4213
BEA_NIPA,Lumber and other construction materials wholesalers,BEA_2017_Code,327390,,Lumber and construction materials; NAICS 4233; C4213
BEA_NIPA,Lumber and other construction materials wholesalers,BEA_2017_Code,327400,,Lumber and construction materials; NAICS 4233; C4213
BEA_NIPA,Lumber and other construction materials wholesalers,BEA_2017_Code,327910,,Lumber and construction materials; NAICS 4233; C4213
BEA_NIPA,Lumber and other construction materials wholesalers,BEA_2017_Code,327991,,Lumber and construction materials; NAICS 4233; C4213
BEA_NIPA,Lumber and other construction materials wholesalers,BEA_2017_Code,327992,,Lumber and construction materials; NAICS 4233; C4213
BEA_NIPA,Lumber and other construction materials wholesalers,BEA_2017_Code,327993,,Lumber and construction materials; NAICS 4233; C4213
BEA_NIPA,Lumber and other construction materials wholesalers,BEA_2017_Code,327999,,Lumber and construction materials; NAICS 4233; C4213
BEA_NIPA,Lumber and other construction materials wholesalers,BEA_2017_Code,332310,,Lumber and construction materials; NAICS 4233; C4213
BEA_NIPA,Lumber and other construction materials wholesalers,BEA_2017_Code,332320,,Lumber and construction materials; NAICS 4233; C4213
BEA_NIPA,Computers and software wholesalers,BEA_2017_Code,334111,,Computers and software; NAICS 42343; C42143
BEA_NIPA,Computers and software wholesalers,BEA_2017_Code,334112,,Computers and software; NAICS 42343; C42143
BEA_NIPA,Computers and software wholesalers,BEA_2017_Code,334118,,Computers and software; NAICS 42343; C42143
BEA_NIPA,Computers and software wholesalers,BEA_2017_Code,511200,,Computers and software; NAICS 42343; C42143
BEA_NIPA,Other professional and commercial equipment wholesalers,BEA_2017_Code,333314,,Other professional and commercial equipment; NAICS 4234; C4214X
BEA_NIPA,Other professional and commercial equipment wholesalers,BEA_2017_Code,333316,,Other professional and commercial equipment; NAICS 4234; C4214X
BEA_NIPA,Other professional and commercial equipment wholesalers,BEA_2017_Code,333318,,Other professional and commercial equipment; NAICS 4234; C4214X
BEA_NIPA,Other professional and commercial equipment wholesalers,BEA_2017_Code,334510,,Other professional and commercial equipment; NAICS 4234; C4214X
BEA_NIPA,Other professional and commercial equipment wholesalers,BEA_2017_Code,334511,,Other professional and commercial equipment; NAICS 4234; C4214X
BEA_NIPA,Other professional and commercial equipment wholesalers,BEA_2017_Code,334512,,Other professional and commercial equipment; NAICS 4234; C4214X
BEA_NIPA,Other professional and commercial equipment wholesalers,BEA_2017_Code,334513,,Other professional and commercial equipment; NAICS 4234; C4214X
BEA_NIPA,Other professional and commercial equipment wholesalers,BEA_2017_Code,334514,,Other professional and commercial equipment; NAICS 4234; C4214X
BEA_NIPA,Other professional and commercial equipment wholesalers,BEA_2017_Code,334515,,Other professional and commercial equipment; NAICS 4234; C4214X
BEA_NIPA,Other professional and commercial equipment wholesalers,BEA_2017_Code,334516,,Other professional and commercial equipment; NAICS 4234; C4214X
BEA_NIPA,Other professional and commercial equipment wholesalers,BEA_2017_Code,334517,,Other professional and commercial equipment; NAICS 4234; C4214X
BEA_NIPA,Other professional and commercial equipment wholesalers,BEA_2017_Code,33451A,,Other professional and commercial equipment; NAICS 4234; C4214X
BEA_NIPA,Other professional and commercial equipment wholesalers,BEA_2017_Code,339112,,Other professional and commercial equipment; NAICS 4234; C4214X
BEA_NIPA,Other professional and commercial equipment wholesalers,BEA_2017_Code,339113,,Other professional and commercial equipment; NAICS 4234; C4214X
BEA_NIPA,Other professional and commercial equipment wholesalers,BEA_2017_Code,339114,,Other professional and commercial equipment; NAICS 4234; C4214X
BEA_NIPA,Other professional and commercial equipment wholesalers,BEA_2017_Code,339115,,Other professional and commercial equipment; NAICS 4234; C4214X
BEA_NIPA,Other professional and commercial equipment wholesalers,BEA_2017_Code,339116,,Other professional and commercial equipment; NAICS 4234; C4214X
BEA_NIPA,Metal and mineral (except petroleum) wholesalers,BEA_2017_Code,212230,,Metals and minerals except petroleum; NAICS 4235; C4215
BEA_NIPA,Metal and mineral (except petroleum) wholesalers,BEA_2017_Code,2122A0,,Metals and minerals except petroleum; NAICS 4235; C4215
BEA_NIPA,Metal and mineral (except petroleum) wholesalers,BEA_2017_Code,212310,,Metals and minerals except petroleum; NAICS 4235; C4215
BEA_NIPA,Metal and mineral (except petroleum) wholesalers,BEA_2017_Code,2123A0,,Metals and minerals except petroleum; NAICS 4235; C4215
BEA_NIPA,Metal and mineral (except petroleum) wholesalers,BEA_2017_Code,331110,,Metals and minerals except petroleum; NAICS 4235; C4215
BEA_NIPA,Metal and mineral (except petroleum) wholesalers,BEA_2017_Code,331200,,Metals and minerals except petroleum; NAICS 4235; C4215
BEA_NIPA,Metal and mineral (except petroleum) wholesalers,BEA_2017_Code,331313,,Metals and minerals except petroleum; NAICS 4235; C4215
BEA_NIPA,Metal and mineral (except petroleum) wholesalers,BEA_2017_Code,33131B,,Metals and minerals except petroleum; NAICS 4235; C4215
BEA_NIPA,Metal and mineral (except petroleum) wholesalers,BEA_2017_Code,331410,,Metals and minerals except petroleum; NAICS 4235; C4215
BEA_NIPA,Metal and mineral (except petroleum) wholesalers,BEA_2017_Code,331420,,Metals and minerals except petroleum; NAICS 4235; C4215
BEA_NIPA,Metal and mineral (except petroleum) wholesalers,BEA_2017_Code,331490,,Metals and minerals except petroleum; NAICS 4235; C4215
BEA_NIPA,Metal and mineral (except petroleum) wholesalers,BEA_2017_Code,331510,,Metals and minerals except petroleum; NAICS 4235; C4215
BEA_NIPA,Metal and mineral (except petroleum) wholesalers,BEA_2017_Code,331520,,Metals and minerals except petroleum; NAICS 4235; C4215
BEA_NIPA,Electrical goods wholesalers,BEA_2017_Code,334210,,Electrical and electronic goods; NAICS 4236; C4216
BEA_NIPA,Electrical goods wholesalers,BEA_2017_Code,334220,,Electrical and electronic goods; NAICS 4236; C4216
BEA_NIPA,Electrical goods wholesalers,BEA_2017_Code,334290,,Electrical and electronic goods; NAICS 4236; C4216
BEA_NIPA,Electrical goods wholesalers,BEA_2017_Code,334300,,Electrical and electronic goods; NAICS 4236; C4216
BEA_NIPA,Electrical goods wholesalers,BEA_2017_Code,334413,,Electrical and electronic goods; NAICS 4236; C4216
BEA_NIPA,Electrical goods wholesalers,BEA_2017_Code,334418,,Electrical and electronic goods; NAICS 4236; C4216
BEA_NIPA,Electrical goods wholesalers,BEA_2017_Code,33441A,,Electrical and electronic goods; NAICS 4236; C4216
BEA_NIPA,Electrical goods wholesalers,BEA_2017_Code,335110,,Electrical and electronic goods; NAICS 4236; C4216
BEA_NIPA,Electrical goods wholesalers,BEA_2017_Code,335120,,Electrical and electronic goods; NAICS 4236; C4216
BEA_NIPA,Electrical goods wholesalers,BEA_2017_Code,335210,,Electrical and electronic goods; NAICS 4236; C4216
BEA_NIPA,Electrical goods wholesalers,BEA_2017_Code,335220,,Electrical and electronic goods; NAICS 4236; C4216
BEA_NIPA,Electrical goods wholesalers,BEA_2017_Code,335311,,Electrical and electronic goods; NAICS 4236; C4216
BEA_NIPA,Electrical goods wholesalers,BEA_2017_Code,335312,,Electrical and electronic goods; NAICS 4236; C4216
BEA_NIPA,Electrical goods wholesalers,BEA_2017_Code,335313,,Electrical and electronic goods; NAICS 4236; C4216
BEA_NIPA,Electrical goods wholesalers,BEA_2017_Code,335314,,Electrical and electronic goods; NAICS 4236; C4216
BEA_NIPA,Electrical goods wholesalers,BEA_2017_Code,335911,,Electrical and electronic goods; NAICS 4236; C4216
BEA_NIPA,Electrical goods wholesalers,BEA_2017_Code,335912,,Electrical and electronic goods; NAICS 4236; C4216
BEA_NIPA,Electrical goods wholesalers,BEA_2017_Code,335920,,Electrical and electronic goods; NAICS 4236; C4216
BEA_NIPA,Electrical goods wholesalers,BEA_2017_Code,335930,,Electrical and electronic goods; NAICS 4236; C4216
BEA_NIPA,Electrical goods wholesalers,BEA_2017_Code,335991,,Electrical and electronic goods; NAICS 4236; C4216
BEA_NIPA,Electrical goods wholesalers,BEA_2017_Code,335999,,Electrical and electronic goods; NAICS 4236; C4216
BEA_NIPA,Hardware and plumbing and heating equipment wholesalers,BEA_2017_Code,332410,,"Hardware, plumbing and heating equipment; NAICS 4237; C4217"
BEA_NIPA,Hardware and plumbing and heating equipment wholesalers,BEA_2017_Code,332420,,"Hardware, plumbing and heating equipment; NAICS 4237; C4217"
BEA_NIPA,Hardware and plumbing and heating equipment wholesalers,BEA_2017_Code,332430,,"Hardware, plumbing and heating equipment; NAICS 4237; C4217"
BEA_NIPA,Hardware and plumbing and heating equipment wholesalers,BEA_2017_Code,332710,,"Hardware, plumbing and heating equipment; NAICS 4237; C4217"
BEA_NIPA,Hardware and plumbing and heating equipment wholesalers,BEA_2017_Code,332720,,"Hardware, plumbing and heating equipment; NAICS 4237; C4217"
BEA_NIPA,Hardware and plumbing and heating equipment wholesalers,BEA_2017_Code,332913,,"Hardware, plumbing and heating equipment; NAICS 4237; C4217"
BEA_NIPA,Hardware and plumbing and heating equipment wholesalers,BEA_2017_Code,33291A,,"Hardware, plumbing and heating equipment; NAICS 4237; C4217"
BEA_NIPA,Hardware and plumbing and heating equipment wholesalers,BEA_2017_Code,332991,,"Hardware, plumbing and heating equipment; NAICS 4237; C4217"
BEA_NIPA,Hardware and plumbing and heating equipment wholesalers,BEA_2017_Code,332996,,"Hardware, plumbing and heating equipment; NAICS 4237; C4217"
BEA_NIPA,Hardware and plumbing and heating equipment wholesalers,BEA_2017_Code,332999,,"Hardware, plumbing and heating equipment; NAICS 4237; C4217"
BEA_NIPA,Hardware and plumbing and heating equipment wholesalers,BEA_2017_Code,33299A,,"Hardware, plumbing and heating equipment; NAICS 4237; C4217"
BEA_NIPA,"Machinery, equipment, and supplies wholesalers",BEA_2017_Code,333111,,"Machinery, equipment and supplies; NAICS 4238; C4218"
BEA_NIPA,"Machinery, equipment, and supplies wholesalers",BEA_2017_Code,333112,,"Machinery, equipment and supplies; NAICS 4238; C4218"
BEA_NIPA,"Machinery, equipment, and supplies wholesalers",BEA_2017_Code,333120,,"Machinery, equipment and supplies; NAICS 4238; C4218"
BEA_NIPA,"Machinery, equipment, and supplies wholesalers",BEA_2017_Code,333130,,"Machinery, equipment and supplies; NAICS 4238; C4218"
BEA_NIPA,"Machinery, equipment, and supplies wholesalers",BEA_2017_Code,333242,,"Machinery, equipment and supplies; NAICS 4238; C4218"
BEA_NIPA,"Machinery, equipment, and supplies wholesalers",BEA_2017_Code,33329A,,"Machinery, equipment and supplies; NAICS 4238; C4218"
BEA_NIPA,"Machinery, equipment, and supplies wholesalers",BEA_2017_Code,333314,,"Machinery, equipment and supplies; NAICS 4238; C4218"
BEA_NIPA,"Machinery, equipment, and supplies wholesalers",BEA_2017_Code,333316,,"Machinery, equipment and supplies; NAICS 4238; C4218"
BEA_NIPA,"Machinery, equipment, and supplies wholesalers",BEA_2017_Code,333318,,"Machinery, equipment and supplies; NAICS 4238; C4218"
BEA_NIPA,"Machinery, equipment, and supplies wholesalers",BEA_2017_Code,333413,,"Machinery, equipment and supplies; NAICS 4238; C4218"
BEA_NIPA,"Machinery, equipment, and supplies wholesalers",BEA_2017_Code,333414,,"Machinery, equipment and supplies; NAICS 4238; C4218"
BEA_NIPA,"Machinery, equipment, and supplies wholesalers",BEA_2017_Code,333415,,"Machinery, equipment and supplies; NAICS 4238; C4218"
BEA_NIPA,"Machinery, equipment, and supplies wholesalers",BEA_2017_Code,333511,,"Machinery, equipment and supplies; NAICS 4238; C4218"
BEA_NIPA,"Machinery, equipment, and supplies wholesalers",BEA_2017_Code,333514,,"Machinery, equipment and supplies; NAICS 4238; C4218"
BEA_NIPA,"Machinery, equipment, and supplies wholesalers",BEA_2017_Code,333517,,"Machinery, equipment and supplies; NAICS 4238; C4218"
BEA_NIPA,"Machinery, equipment, and supplies wholesalers",BEA_2017_Code,33351B,,"Machinery, equipment and supplies; NAICS 4238; C4218"
BEA_NIPA,"Machinery, equipment, and supplies wholesalers",BEA_2017_Code,333611,,"Machinery, equipment and supplies; NAICS 4238; C4218"
BEA_NIPA,"Machinery, equipment, and supplies wholesalers",BEA_2017_Code,333612,,"Machinery, equipment and supplies; NAICS 4238; C4218"
BEA_NIPA,"Machinery, equipment, and supplies wholesalers",BEA_2017_Code,333613,,"Machinery, equipment and supplies; NAICS 4238; C4218"
BEA_NIPA,"Machinery, equipment, and supplies wholesalers",BEA_2017_Code,333618,,"Machinery, equipment and supplies; NAICS 4238; C4218"
BEA_NIPA,"Machinery, equipment, and supplies wholesalers",BEA_2017_Code,333912,,"Machinery, equipment and supplies; NAICS 4238; C4218"
BEA_NIPA,"Machinery, equipment, and supplies wholesalers",BEA_2017_Code,333914,,"Machinery, equipment and supplies; NAICS 4238; C4218"
BEA_NIPA,"Machinery, equipment, and supplies wholesalers",BEA_2017_Code,333920,,"Machinery, equipment and supplies; NAICS 4238; C4218"
BEA_NIPA,"Machinery, equipment, and supplies wholesalers",BEA_2017_Code,333991,,"Machinery, equipment and supplies; NAICS 4238; C4218"
BEA_NIPA,"Machinery, equipment, and supplies wholesalers",BEA_2017_Code,333993,,"Machinery, equipment and supplies; NAICS 4238; C4218"
BEA_NIPA,"Machinery, equipment, and supplies wholesalers",BEA_2017_Code,333994,,"Machinery, equipment and supplies; NAICS 4238; C4218"
BEA_NIPA,"Machinery, equipment, and supplies wholesalers",BEA_2017_Code,33399A,,"Machinery, equipment and supplies; NAICS 4238; C4218"
BEA_NIPA,"Machinery, equipment, and supplies wholesalers",BEA_2017_Code,33399B,,"Machinery, equipment and supplies; NAICS 4238; C4218"
BEA_NIPA,"Machinery, equipment, and supplies wholesalers",BEA_2017_Code,336411,,"Machinery, equipment and supplies; NAICS 4238; C4218"
BEA_NIPA,"Machinery, equipment, and supplies wholesalers",BEA_2017_Code,336412,,"Machinery, equipment and supplies; NAICS 4238; C4218"
BEA_NIPA,"Machinery, equipment, and supplies wholesalers",BEA_2017_Code,336413,,"Machinery, equipment and supplies; NAICS 4238; C4218"
BEA_NIPA,"Machinery, equipment, and supplies wholesalers",BEA_2017_Code,336414,,"Machinery, equipment and supplies; NAICS 4238; C4218"
BEA_NIPA,"Machinery, equipment, and supplies wholesalers",BEA_2017_Code,33641A,,"Machinery, equipment and supplies; NAICS 4238; C4218"
BEA_NIPA,"Machinery, equipment, and supplies wholesalers",BEA_2017_Code,336500,,"Machinery, equipment and supplies; NAICS 4238; C4218"
BEA_NIPA,"Machinery, equipment, and supplies wholesalers",BEA_2017_Code,336611,,"Machinery, equipment and supplies; NAICS 4238; C4218"
BEA_NIPA,"Machinery, equipment, and supplies wholesalers",BEA_2017_Code,336612,,"Machinery, equipment and supplies; NAICS 4238; C4218"
BEA_NIPA,Miscellaneous durable goods wholesalers,BEA_2017_Code,314900,,Miscellaneous durable goods; NAICS 4239; C4219
BEA_NIPA,Miscellaneous durable goods wholesalers,BEA_2017_Code,316000,,Miscellaneous durable goods; NAICS 4239; C4219
BEA_NIPA,Miscellaneous durable goods wholesalers,BEA_2017_Code,339910,,Miscellaneous durable goods; NAICS 4239; C4219
BEA_NIPA,Miscellaneous durable goods wholesalers,BEA_2017_Code,339920,,Miscellaneous durable goods; NAICS 4239; C4219
BEA_NIPA,Miscellaneous durable goods wholesalers,BEA_2017_Code,339930,,Miscellaneous durable goods; NAICS 4239; C4219
BEA_NIPA,Miscellaneous durable goods wholesalers,BEA_2017_Code,339940,,Miscellaneous durable goods; NAICS 4239; C4219
BEA_NIPA,Miscellaneous durable goods wholesalers,BEA_2017_Code,339950,,Miscellaneous durable goods; NAICS 4239; C4219
BEA_NIPA,Miscellaneous durable goods wholesalers,BEA_2017_Code,339990,,Miscellaneous durable goods; NAICS 4239; C4219
BEA_NIPA,Miscellaneous durable goods wholesalers,BEA_2017_Code,S00401,,Miscellaneous durable goods; NAICS 4239; C4219
BEA_NIPA,Paper and paper products wholesalers,BEA_2017_Code,322110,,Paper and paper products; NAICS 4241; C4221
BEA_NIPA,Paper and paper products wholesalers,BEA_2017_Code,322120,,Paper and paper products; NAICS 4241; C4221
BEA_NIPA,Paper and paper products wholesalers,BEA_2017_Code,322130,,Paper and paper products; NAICS 4241; C4221
BEA_NIPA,Paper and paper products wholesalers,BEA_2017_Code,322210,,Paper and paper products; NAICS 4241; C4221
BEA_NIPA,Paper and paper products wholesalers,BEA_2017_Code,322220,,Paper and paper products; NAICS 4241; C4221
BEA_NIPA,Paper and paper products wholesalers,BEA_2017_Code,322230,,Paper and paper products; NAICS 4241; C4221
BEA_NIPA,Paper and paper products wholesalers,BEA_2017_Code,322291,,Paper and paper products; NAICS 4241; C4221
BEA_NIPA,Paper and paper products wholesalers,BEA_2017_Code,322299,,Paper and paper products; NAICS 4241; C4221
BEA_NIPA,Drugs and druggists' sundries wholesalers,BEA_2017_Code,325411,,Drugs and druggists' sundries; NAICS 4242; C4222
BEA_NIPA,Drugs and druggists' sundries wholesalers,BEA_2017_Code,325412,,Drugs and druggists' sundries; NAICS 4242; C4222
BEA_NIPA,Drugs and druggists' sundries wholesalers,BEA_2017_Code,325413,,Drugs and druggists' sundries; NAICS 4242; C4222
BEA_NIPA,Drugs and druggists' sundries wholesalers,BEA_2017_Code,325414,,Drugs and druggists' sundries; NAICS 4242; C4222
BEA_NIPA,"Apparel, piece goods, and notions wholesalers",BEA_2017_Code,313100,,"Apparel, piece goods and notions; NAICS 4243; C4223"
BEA_NIPA,"Apparel, piece goods, and notions wholesalers",BEA_2017_Code,313200,,"Apparel, piece goods and notions; NAICS 4243; C4223"
BEA_NIPA,"Apparel, piece goods, and notions wholesalers",BEA_2017_Code,313300,,"Apparel, piece goods and notions; NAICS 4243; C4223"
BEA_NIPA,"Apparel, piece goods, and notions wholesalers",BEA_2017_Code,314110,,"Apparel, piece goods and notions; NAICS 4243; C4223"
BEA_NIPA,"Apparel, piece goods, and notions wholesalers",BEA_2017_Code,314120,,"Apparel, piece goods and notions; NAICS 4243; C4223"
BEA_NIPA,"Apparel, piece goods, and notions wholesalers",BEA_2017_Code,314900,,"Apparel, piece goods and notions; NAICS 4243; C4223"
BEA_NIPA,"Apparel, piece goods, and notions wholesalers",BEA_2017_Code,315000,,"Apparel, piece goods and notions; NAICS 4243; C4223"
BEA_NIPA,"Apparel, piece goods, and notions wholesalers",BEA_2017_Code,316000,,"Apparel, piece goods and notions; NAICS 4243; C4223"
BEA_NIPA,Grocery and related products wholesalers,BEA_2017_Code,311111,,Grocery and related products; NAICS 4244; C4224
BEA_NIPA,Grocery and related products wholesalers,BEA_2017_Code,311119,,Grocery and related products; NAICS 4244; C4224
BEA_NIPA,Grocery and related products wholesalers,BEA_2017_Code,311210,,Grocery and related products; NAICS 4244; C4224
BEA_NIPA,Grocery and related products wholesalers,BEA_2017_Code,311221,,Grocery and related products; NAICS 4244; C4224
BEA_NIPA,Grocery and related products wholesalers,BEA_2017_Code,311224,,Grocery and related products; NAICS 4244; C4224
BEA_NIPA,Grocery and related products wholesalers,BEA_2017_Code,311225,,Grocery and related products; NAICS 4244; C4224
BEA_NIPA,Grocery and related products wholesalers,BEA_2017_Code,311230,,Grocery and related products; NAICS 4244; C4224
BEA_NIPA,Grocery and related products wholesalers,BEA_2017_Code,311300,,Grocery and related products; NAICS 4244; C4224
BEA_NIPA,Grocery and related products wholesalers,BEA_2017_Code,311410,,Grocery and related products; NAICS 4244; C4224
BEA_NIPA,Grocery and related products wholesalers,BEA_2017_Code,311420,,Grocery and related products; NAICS 4244; C4224
BEA_NIPA,Grocery and related products wholesalers,BEA_2017_Code,311513,,Grocery and related products; NAICS 4244; C4224
BEA_NIPA,Grocery and related products wholesalers,BEA_2017_Code,311514,,Grocery and related products; NAICS 4244; C4224
BEA_NIPA,Grocery and related products wholesalers,BEA_2017_Code,31151A,,Grocery and related products; NAICS 4244; C4224
BEA_NIPA,Grocery and related products wholesalers,BEA_2017_Code,311520,,Grocery and related products; NAICS 4244; C4224
BEA_NIPA,Grocery and related products wholesalers,BEA_2017_Code,311615,,Grocery and related products; NAICS 4244; C4224
BEA_NIPA,Grocery and related products wholesalers,BEA_2017_Code,31161A,,Grocery and related products; NAICS 4244; C4224
BEA_NIPA,Grocery and related products wholesalers,BEA_2017_Code,311700,,Grocery and related products; NAICS 4244; C4224
BEA_NIPA,Grocery and related products wholesalers,BEA_2017_Code,311810,,Grocery and related products; NAICS 4244; C4224
BEA_NIPA,Grocery and related products wholesalers,BEA_2017_Code,3118A0,,Grocery and related products; NAICS 4244; C4224
BEA_NIPA,Grocery and related products wholesalers,BEA_2017_Code,311910,,Grocery and related products; NAICS 4244; C4224
BEA_NIPA,Grocery and related products wholesalers,BEA_2017_Code,311920,,Grocery and related products; NAICS 4244; C4224
BEA_NIPA,Grocery and related products wholesalers,BEA_2017_Code,311930,,Grocery and related products; NAICS 4244; C4224
BEA_NIPA,Grocery and related products wholesalers,BEA_2017_Code,311940,,Grocery and related products; NAICS 4244; C4224
BEA_NIPA,Grocery and related products wholesalers,BEA_2017_Code,311990,,Grocery and related products; NAICS 4244; C4224
BEA_NIPA,Farm product raw material wholesalers,BEA_2017_Code,1111A0,,Farm product raw materials; NAICS 4245; C4225
BEA_NIPA,Farm product raw material wholesalers,BEA_2017_Code,1111B0,,Farm product raw materials; NAICS 4245; C4225
BEA_NIPA,Farm product raw material wholesalers,BEA_2017_Code,111200,,Farm product raw materials; NAICS 4245; C4225
BEA_NIPA,Farm product raw material wholesalers,BEA_2017_Code,111300,,Farm product raw materials; NAICS 4245; C4225
BEA_NIPA,Farm product raw material wholesalers,BEA_2017_Code,111400,,Farm product raw materials; NAICS 4245; C4225
BEA_NIPA,Farm product raw material wholesalers,BEA_2017_Code,111900,,Farm product raw materials; NAICS 4245; C4225
BEA_NIPA,Farm product raw material wholesalers,BEA_2017_Code,112120,,Farm product raw materials; NAICS 4245; C4225
BEA_NIPA,Farm product raw material wholesalers,BEA_2017_Code,1121A0,,Farm product raw materials; NAICS 4245; C4225
BEA_NIPA,Farm product raw material wholesalers,BEA_2017_Code,112300,,Farm product raw materials; NAICS 4245; C4225
BEA_NIPA,Farm product raw material wholesalers,BEA_2017_Code,112A00,,Farm product raw materials; NAICS 4245; C4225
BEA_NIPA,Farm product raw material wholesalers,BEA_2017_Code,113000,,Farm product raw materials; NAICS 4245; C4225
BEA_NIPA,Farm product raw material wholesalers,BEA_2017_Code,114000,,Farm product raw materials; NAICS 4245; C4225
BEA_NIPA,Chemical and allied products wholesalers,BEA_2017_Code,325110,,Chemical and allied products; NAICS 4246; C4226
BEA_NIPA,Chemical and allied products wholesalers,BEA_2017_Code,325120,,Chemical and allied products; NAICS 4246; C4226
BEA_NIPA,Chemical and allied products wholesalers,BEA_2017_Code,325130,,Chemical and allied products; NAICS 4246; C4226
BEA_NIPA,Chemical and allied products wholesalers,BEA_2017_Code,325180,,Chemical and allied products; NAICS 4246; C4226
BEA_NIPA,Chemical and allied products wholesalers,BEA_2017_Code,325190,,Chemical and allied products; NAICS 4246; C4226
BEA_NIPA,Chemical and allied products wholesalers,BEA_2017_Code,325211,,Chemical and allied products; NAICS 4246; C4226
BEA_NIPA,Chemical and allied products wholesalers,BEA_2017_Code,3252A0,,Chemical and allied products; NAICS 4246; C4226
BEA_NIPA,Chemical and allied products wholesalers,BEA_2017_Code,325310,,Chemical and allied products; NAICS 4246; C4226
BEA_NIPA,Chemical and allied products wholesalers,BEA_2017_Code,325320,,Chemical and allied products; NAICS 4246; C4226
BEA_NIPA,Chemical and allied products wholesalers,BEA_2017_Code,325510,,Chemical and allied products; NAICS 4246; C4226
BEA_NIPA,Chemical and allied products wholesalers,BEA_2017_Code,325520,,Chemical and allied products; NAICS 4246; C4226
BEA_NIPA,Chemical and allied products wholesalers,BEA_2017_Code,325610,,Chemical and allied products; NAICS 4246; C4226
BEA_NIPA,Chemical and allied products wholesalers,BEA_2017_Code,325620,,Chemical and allied products; NAICS 4246; C4226
BEA_NIPA,Chemical and allied products wholesalers,BEA_2017_Code,325910,,Chemical and allied products; NAICS 4246; C4226
BEA_NIPA,Chemical and allied products wholesalers,BEA_2017_Code,3259A0,,Chemical and allied products; NAICS 4246; C4226
BEA_NIPA,Petroleum and petroleum products wholesalers,BEA_2017_Code,324110,,Petroleum and petroleum products; NAICS 4247; C4227
BEA_NIPA,Petroleum and petroleum products wholesalers,BEA_2017_Code,324121,,Petroleum and petroleum products; NAICS 4247; C4227
BEA_NIPA,Petroleum and petroleum products wholesalers,BEA_2017_Code,324122,,Petroleum and petroleum products; NAICS 4247; C4227
BEA_NIPA,Petroleum and petroleum products wholesalers,BEA_2017_Code,324190,,Petroleum and petroleum products; NAICS 4247; C4227
BEA_NIPA,"Beer, wine, and distilled alcoholic beverages wholesalers",BEA_2017_Code,312110,,"Beer, wine and distilled alcoholic beverages; NAICS 4248; C4228"
BEA_NIPA,"Beer, wine, and distilled alcoholic beverages wholesalers",BEA_2017_Code,312120,,"Beer, wine and distilled alcoholic beverages; NAICS 4248; C4228"
BEA_NIPA,"Beer, wine, and distilled alcoholic beverages wholesalers",BEA_2017_Code,312130,,"Beer, wine and distilled alcoholic beverages; NAICS 4248; C4228"
BEA_NIPA,"Beer, wine, and distilled alcoholic beverages wholesalers",BEA_2017_Code,312140,,"Beer, wine and distilled alcoholic beverages; NAICS 4248; C4228"
BEA_NIPA,Miscellaneous nondurable goods wholesalers,BEA_2017_Code,312200,,Miscellaneous nondurable goods; NAICS 4249; C4229
BEA_NIPA,Miscellaneous nondurable goods wholesalers,BEA_2017_Code,316000,,Miscellaneous nondurable goods; NAICS 4249; C4229
BEA_NIPA,Miscellaneous nondurable goods wholesalers,BEA_2017_Code,325910,,Miscellaneous nondurable goods; NAICS 4249; C4229
BEA_NIPA,Miscellaneous nondurable goods wholesalers,BEA_2017_Code,3259A0,,Miscellaneous nondurable goods; NAICS 4249; C4229
BEA_NIPA,Miscellaneous nondurable goods wholesalers,BEA_2017_Code,511110,,Miscellaneous nondurable goods; NAICS 4249; C4229
BEA_NIPA,Miscellaneous nondurable goods wholesalers,BEA_2017_Code,511120,,Miscellaneous nondurable goods; NAICS 4249; C4229
BEA_NIPA,Miscellaneous nondurable goods wholesalers,BEA_2017_Code,511130,,Miscellaneous nondurable goods; NAICS 4249; C4229
BEA_NIPA,Miscellaneous nondurable goods wholesalers,BEA_2017_Code,5111A0,,Miscellaneous nondurable goods; NAICS 4249; C4229
BEA_NIPA,"Nonmerchant wholesale, durable goods",BEA_2017_Code,321100,,"Nonmerchant wholesale, durable goods; NAICS 4251; C42ND"
BEA_NIPA,"Nonmerchant wholesale, durable goods",BEA_2017_Code,321200,,"Nonmerchant wholesale, durable goods; NAICS 4251; C42ND"
BEA_NIPA,"Nonmerchant wholesale, durable goods",BEA_2017_Code,321910,,"Nonmerchant wholesale, durable goods; NAICS 4251; C42ND"
BEA_NIPA,"Nonmerchant wholesale, durable goods",BEA_2017_Code,3219A0,,"Nonmerchant wholesale, durable goods; NAICS 4251; C42ND"
BEA_NIPA,"Nonmerchant wholesale, durable goods",BEA_2017_Code,327100,,"Nonmerchant wholesale, durable goods; NAICS 4251; C42ND"
BEA_NIPA,"Nonmerchant wholesale, durable goods",BEA_2017_Code,327200,,"Nonmerchant wholesale, durable goods; NAICS 4251; C42ND"
BEA_NIPA,"Nonmerchant wholesale, durable goods",BEA_2017_Code,327310,,"Nonmerchant wholesale, durable goods; NAICS 4251; C42ND"
BEA_NIPA,"Nonmerchant wholesale, durable goods",BEA_2017_Code,327320,,"Nonmerchant wholesale, durable goods; NAICS 4251; C42ND"
BEA_NIPA,"Nonmerchant wholesale, durable goods",BEA_2017_Code,327330,,"Nonmerchant wholesale, durable goods; NAICS 4251; C42ND"
BEA_NIPA,"Nonmerchant wholesale, durable goods",BEA_2017_Code,327390,,"Nonmerchant wholesale, durable goods; NAICS 4251; C42ND"
BEA_NIPA,"Nonmerchant wholesale, durable goods",BEA_2017_Code,327400,,"Nonmerchant wholesale, durable goods; NAICS 4251; C42ND"
BEA_NIPA,"Nonmerchant wholesale, durable goods",BEA_2017_Code,327910,,"Nonmerchant wholesale, durable goods; NAICS 4251; C42ND"
BEA_NIPA,"Nonmerchant wholesale, durable goods",BEA_2017_Code,327991,,"Nonmerchant wholesale, durable goods; NAICS 4251; C42ND"
BEA_NIPA,"Nonmerchant wholesale, durable goods",BEA_2017_Code,327992,,"Nonmerchant wholesale, durable goods; NAICS 4251; C42ND"
BEA_NIPA,"Nonmerchant wholesale, durable goods",BEA_2017_Code,327993,,"Nonmerchant wholesale, durable goods; NAICS 4251; C42ND"
BEA_NIPA,"Nonmerchant wholesale, durable goods",BEA_2017_Code,327999,,"Nonmerchant wholesale, durable goods; NAICS 4251; C42ND"
BEA_NIPA,"Nonmerchant wholesale, durable goods",BEA_2017_Code,331110,,"Nonmerchant wholesale, durable goods; NAICS 4251; C42ND"
BEA_NIPA,"Nonmerchant wholesale, durable goods",BEA_2017_Code,331200,,"Nonmerchant wholesale, durable goods; NAICS 4251; C42ND"
BEA_NIPA,"Nonmerchant wholesale, durable goods",BEA_2017_Code,331313,,"Nonmerchant wholesale, durable goods; NAICS 4251; C42ND"
BEA_NIPA,"Nonmerchant wholesale, durable goods",BEA_2017_Code,33131B,,"Nonmerchant wholesale, durable goods; NAICS 4251; C42ND"
BEA_NIPA,"Nonmerchant wholesale, durable goods",BEA_2017_Code,331410,,"Nonmerchant wholesale, durable goods; NAICS 4251; C42ND"
BEA_NIPA,"Nonmerchant wholesale, durable goods",BEA_2017_Code,331420,,"Nonmerchant wholesale, durable goods; NAICS 4251; C42ND"
BEA_NIPA,"Nonmerchant wholesale, durable goods",BEA_2017_Code,331490,,"Nonmerchant wholesale, durable goods; NAICS 4251; C42ND"
BEA_NIPA,"Nonmerchant wholesale, durable goods",BEA_2017_Code,331510,,"Nonmerchant wholesale, durable goods; NAICS 4251; C42ND"
BEA_NIPA,"Nonmerchant wholesale, durable goods",BEA_2017_Code,331520,,"Nonmerchant wholesale, durable goods; NAICS 4251; C42ND"
BEA_NIPA,"Nonmerchant wholesale, durable goods",BEA_2017_Code,332114,,"Nonmerchant wholesale, durable goods; NAICS 4251; C42ND"
BEA_NIPA,"Nonmerchant wholesale, durable goods",BEA_2017_Code,332119,,"Nonmerchant wholesale, durable goods; NAICS 4251; C42ND"
BEA_NIPA,"Nonmerchant wholesale, durable goods",BEA_2017_Code,33211A,,"Nonmerchant wholesale, durable goods; NAICS 4251; C42ND"
BEA_NIPA,"Nonmerchant wholesale, durable goods",BEA_2017_Code,332200,,"Nonmerchant wholesale, durable goods; NAICS 4251; C42ND"
BEA_NIPA,"Nonmerchant wholesale, durable goods",BEA_2017_Code,332310,,"Nonmerchant wholesale, durable goods; NAICS 4251; C42ND"
BEA_NIPA,"Nonmerchant wholesale, durable goods",BEA_2017_Code,332320,,"Nonmerchant wholesale, durable goods; NAICS 4251; C42ND"
BEA_NIPA,"Nonmerchant wholesale, durable goods",BEA_2017_Code,332410,,"Nonmerchant wholesale, durable goods; NAICS 4251; C42ND"
BEA_NIPA,"Nonmerchant wholesale, durable goods",BEA_2017_Code,332420,,"Nonmerchant wholesale, durable goods; NAICS 4251; C42ND"
BEA_NIPA,"Nonmerchant wholesale, durable goods",BEA_2017_Code,332430,,"Nonmerchant wholesale, durable goods; NAICS 4251; C42ND"
BEA_NIPA,"Nonmerchant wholesale, durable goods",BEA_2017_Code,332500,,"Nonmerchant wholesale, durable goods; NAICS 4251; C42ND"
BEA_NIPA,"Nonmerchant wholesale, durable goods",BEA_2017_Code,332600,,"Nonmerchant wholesale, durable goods; NAICS 4251; C42ND"
BEA_NIPA,"Nonmerchant wholesale, durable goods",BEA_2017_Code,332710,,"Nonmerchant wholesale, durable goods; NAICS 4251; C42ND"
BEA_NIPA,"Nonmerchant wholesale, durable goods",BEA_2017_Code,332720,,"Nonmerchant wholesale, durable goods; NAICS 4251; C42ND"
BEA_NIPA,"Nonmerchant wholesale, durable goods",BEA_2017_Code,332800,,"Nonmerchant wholesale, durable goods; NAICS 4251; C42ND"
BEA_NIPA,"Nonmerchant wholesale, durable goods",BEA_2017_Code,332913,,"Nonmerchant wholesale, durable goods; NAICS 4251; C42ND"
BEA_NIPA,"Nonmerchant wholesale, durable goods",BEA_2017_Code,33291A,,"Nonmerchant wholesale, durable goods; NAICS 4251; C42ND"
BEA_NIPA,"Nonmerchant wholesale, durable goods",BEA_2017_Code,332991,,"Nonmerchant wholesale, durable goods; NAICS 4251; C42ND"
BEA_NIPA,"Nonmerchant wholesale, durable goods",BEA_2017_Code,332996,,"Nonmerchant wholesale, durable goods; NAICS 4251; C42ND"
BEA_NIPA,"Nonmerchant wholesale, durable goods",BEA_2017_Code,332999,,"Nonmerchant wholesale, durable goods; NAICS 4251; C42ND"
BEA_NIPA,"Nonmerchant wholesale, durable goods",BEA_2017_Code,33299A,,"Nonmerchant wholesale, durable goods; NAICS 4251; C42ND"
BEA_NIPA,"Nonmerchant wholesale, durable goods",BEA_2017_Code,333111,,"Nonmerchant wholesale, durable goods; NAICS 4251; C42ND"
BEA_NIPA,"Nonmerchant wholesale, durable goods",BEA_2017_Code,333112,,"Nonmerchant wholesale, durable goods; NAICS 4251; C42ND"
BEA_NIPA,"Nonmerchant wholesale, durable goods",BEA_2017_Code,333120,,"Nonmerchant wholesale, durable goods; NAICS 4251; C42ND"
BEA_NIPA,"Nonmerchant wholesale, durable goods",BEA_2017_Code,333130,,"Nonmerchant wholesale, durable goods; NAICS 4251; C42ND"
BEA_NIPA,"Nonmerchant wholesale, durable goods",BEA_2017_Code,333242,,"Nonmerchant wholesale, durable goods; NAICS 4251; C42ND"
BEA_NIPA,"Nonmerchant wholesale, durable goods",BEA_2017_Code,33329A,,"Nonmerchant wholesale, durable goods; NAICS 4251; C42ND"
BEA_NIPA,"Nonmerchant wholesale, durable goods",BEA_2017_Code,333314,,"Nonmerchant wholesale, durable goods; NAICS 4251; C42ND"
BEA_NIPA,"Nonmerchant wholesale, durable goods",BEA_2017_Code,333316,,"Nonmerchant wholesale, durable goods; NAICS 4251; C42ND"
BEA_NIPA,"Nonmerchant wholesale, durable goods",BEA_2017_Code,333318,,"Nonmerchant wholesale, durable goods; NAICS 4251; C42ND"
BEA_NIPA,"Nonmerchant wholesale, durable goods",BEA_2017_Code,333413,,"Nonmerchant wholesale, durable goods; NAICS 4251; C42ND"
BEA_NIPA,"Nonmerchant wholesale, durable goods",BEA_2017_Code,333414,,"Nonmerchant wholesale, durable goods; NAICS 4251; C42ND"
BEA_NIPA,"Nonmerchant wholesale, durable goods",BEA_2017_Code,333415,,"Nonmerchant wholesale, durable goods; NAICS 4251; C42ND"
BEA_NIPA,"Nonmerchant wholesale, durable goods",BEA_2017_Code,333511,,"Nonmerchant wholesale, durable goods; NAICS 4251; C42ND"
BEA_NIPA,"Nonmerchant wholesale, durable goods",BEA_2017_Code,333514,,"Nonmerchant wholesale, durable goods; NAICS 4251; C42ND"
BEA_NIPA,"Nonmerchant wholesale, durable goods",BEA_2017_Code,333517,,"Nonmerchant wholesale, durable goods; NAICS 4251; C42ND"
BEA_NIPA,"Nonmerchant wholesale, durable goods",BEA_2017_Code,33351B,,"Nonmerchant wholesale, durable goods; NAICS 4251; C42ND"
BEA_NIPA,"Nonmerchant wholesale, durable goods",BEA_2017_Code,333611,,"Nonmerchant wholesale, durable goods; NAICS 4251; C42ND"
BEA_NIPA,"Nonmerchant wholesale, durable goods",BEA_2017_Code,333612,,"Nonmerchant wholesale, durable goods; NAICS 4251; C42ND"
BEA_NIPA,"Nonmerchant wholesale, durable goods",BEA_2017_Code,333613,,"Nonmerchant wholesale, durable goods; NAICS 4251; C42ND"
BEA_NIPA,"Nonmerchant wholesale, durable goods",BEA_2017_Code,333618,,"Nonmerchant wholesale, durable goods; NAICS 4251; C42ND"
BEA_NIPA,"Nonmerchant wholesale, durable goods",BEA_2017_Code,333912,,"Nonmerchant wholesale, durable goods; NAICS 4251; C42ND"
BEA_NIPA,"Nonmerchant wholesale, durable goods",BEA_2017_Code,333914,,"Nonmerchant wholesale, durable goods; NAICS 4251; C42ND"
BEA_NIPA,"Nonmerchant wholesale, durable goods",BEA_2017_Code,333920,,"Nonmerchant wholesale, durable goods; NAICS 4251; C42ND"
BEA_NIPA,"Nonmerchant wholesale, durable goods",BEA_2017_Code,333991,,"Nonmerchant wholesale, durable goods; NAICS 4251; C42ND"
BEA_NIPA,"Nonmerchant wholesale, durable goods",BEA_2017_Code,333993,,"Nonmerchant wholesale, durable goods; NAICS 4251; C42ND"
BEA_NIPA,"Nonmerchant wholesale, durable goods",BEA_2017_Code,333994,,"Nonmerchant wholesale, durable goods; NAICS 4251; C42ND"
BEA_NIPA,"Nonmerchant wholesale, durable goods",BEA_2017_Code,33399A,,"Nonmerchant wholesale, durable goods; NAICS 4251; C42ND"
BEA_NIPA,"Nonmerchant wholesale, durable goods",BEA_2017_Code,33399B,,"Nonmerchant wholesale, durable goods; NAICS 4251; C42ND"
BEA_NIPA,"Nonmerchant wholesale, durable goods",BEA_2017_Code,334111,,"Nonmerchant wholesale, durable goods; NAICS 4251; C42ND"
BEA_NIPA,"Nonmerchant wholesale, durable goods",BEA_2017_Code,334112,,"Nonmerchant wholesale, durable goods; NAICS 4251; C42ND"
BEA_NIPA,"Nonmerchant wholesale, durable goods",BEA_2017_Code,334118,,"Nonmerchant wholesale, durable goods; NAICS 4251; C42ND"
BEA_NIPA,"Nonmerchant wholesale, durable goods",BEA_2017_Code,334210,,"Nonmerchant wholesale, durable goods; NAICS 4251; C42ND"
BEA_NIPA,"Nonmerchant wholesale, durable goods",BEA_2017_Code,334220,,"Nonmerchant wholesale, durable goods; NAICS 4251; C42ND"
BEA_NIPA,"Nonmerchant wholesale, durable goods",BEA_2017_Code,334290,,"Nonmerchant wholesale, durable goods; NAICS 4251; C42ND"
BEA_NIPA,"Nonmerchant wholesale, durable goods",BEA_2017_Code,334300,,"Nonmerchant wholesale, durable goods; NAICS 4251; C42ND"
BEA_NIPA,"Nonmerchant wholesale, durable goods",BEA_2017_Code,334413,,"Nonmerchant wholesale, durable goods; NAICS 4251; C42ND"
BEA_NIPA,"Nonmerchant wholesale, durable goods",BEA_2017_Code,334418,,"Nonmerchant wholesale, durable goods; NAICS 4251; C42ND"
BEA_NIPA,"Nonmerchant wholesale, durable goods",BEA_2017_Code,33441A,,"Nonmerchant wholesale, durable goods; NAICS 4251; C42ND"
BEA_NIPA,"Nonmerchant wholesale, durable goods",BEA_2017_Code,334510,,"Nonmerchant wholesale, durable goods; NAICS 4251; C42ND"
BEA_NIPA,"Nonmerchant wholesale, durable goods",BEA_2017_Code,334511,,"Nonmerchant wholesale, durable goods; NAICS 4251; C42ND"
BEA_NIPA,"Nonmerchant wholesale, durable goods",BEA_2017_Code,334512,,"Nonmerchant wholesale, durable goods; NAICS 4251; C42ND"
BEA_NIPA,"Nonmerchant wholesale, durable goods",BEA_2017_Code,334513,,"Nonmerchant wholesale, durable goods; NAICS 4251; C42ND"
BEA_NIPA,"Nonmerchant wholesale, durable goods",BEA_2017_Code,334514,,"Nonmerchant wholesale, durable goods; NAICS 4251; C42ND"
BEA_NIPA,"Nonmerchant wholesale, durable goods",BEA_2017_Code,334515,,"Nonmerchant wholesale, durable goods; NAICS 4251; C42ND"
BEA_NIPA,"Nonmerchant wholesale, durable goods",BEA_2017_Code,334516,,"Nonmerchant wholesale, durable goods; NAICS 4251; C42ND"
BEA_NIPA,"Nonmerchant wholesale, durable goods",BEA_2017_Code,334517,,"Nonmerchant wholesale, durable goods; NAICS 4251; C42ND"
BEA_NIPA,"Nonmerchant wholesale, durable goods",BEA_2017_Code,33451A,,"Nonmerchant wholesale, durable goods; NAICS 4251; C42ND"
BEA_NIPA,"Nonmerchant wholesale, durable goods",BEA_2017_Code,334610,,"Nonmerchant wholesale, durable goods; NAICS 4251; C42ND"
BEA_NIPA,"Nonmerchant wholesale, durable goods",BEA_2017_Code,335110,,"Nonmerchant wholesale, durable goods; NAICS 4251; C42ND"
BEA_NIPA,"Nonmerchant wholesale, durable goods",BEA_2017_Code,335120,,"Nonmerchant wholesale, durable goods; NAICS 4251; C42ND"
BEA_NIPA,"Nonmerchant wholesale, durable goods",BEA_2017_Code,335210,,"Nonmerchant wholesale, durable goods; NAICS 4251; C42ND"
BEA_NIPA,"Nonmerchant wholesale, durable goods",BEA_2017_Code,335220,,"Nonmerchant wholesale, durable goods; NAICS 4251; C42ND"
BEA_NIPA,"Nonmerchant wholesale, durable goods",BEA_2017_Code,335311,,"Nonmerchant wholesale, durable goods; NAICS 4251; C42ND"
BEA_NIPA,"Nonmerchant wholesale, durable goods",BEA_2017_Code,335312,,"Nonmerchant wholesale, durable goods; NAICS 4251; C42ND"
BEA_NIPA,"Nonmerchant wholesale, durable goods",BEA_2017_Code,335313,,"Nonmerchant wholesale, durable goods; NAICS 4251; C42ND"
BEA_NIPA,"Nonmerchant wholesale, durable goods",BEA_2017_Code,335314,,"Nonmerchant wholesale, durable goods; NAICS 4251; C42ND"
BEA_NIPA,"Nonmerchant wholesale, durable goods",BEA_2017_Code,335911,,"Nonmerchant wholesale, durable goods; NAICS 4251; C42ND"
BEA_NIPA,"Nonmerchant wholesale, durable goods",BEA_2017_Code,335912,,"Nonmerchant wholesale, durable goods; NAICS 4251; C42ND"
BEA_NIPA,"Nonmerchant wholesale, durable goods",BEA_2017_Code,335920,,"Nonmerchant wholesale, durable goods; NAICS 4251; C42ND"
BEA_NIPA,"Nonmerchant wholesale, durable goods",BEA_2017_Code,335930,,"Nonmerchant wholesale, durable goods; NAICS 4251; C42ND"
BEA_NIPA,"Nonmerchant wholesale, durable goods",BEA_2017_Code,335991,,"Nonmerchant wholesale, durable goods; NAICS 4251; C42ND"
BEA_NIPA,"Nonmerchant wholesale, durable goods",BEA_2017_Code,335999,,"Nonmerchant wholesale, durable goods; NAICS 4251; C42ND"
BEA_NIPA,"Nonmerchant wholesale, durable goods",BEA_2017_Code,336111,,"Nonmerchant wholesale, durable goods; NAICS 4251; C42ND"
BEA_NIPA,"Nonmerchant wholesale, durable goods",BEA_2017_Code,336112,,"Nonmerchant wholesale, durable goods; NAICS 4251; C42ND"
BEA_NIPA,"Nonmerchant wholesale, durable goods",BEA_2017_Code,336120,,"Nonmerchant wholesale, durable goods; NAICS 4251; C42ND"
BEA_NIPA,"Nonmerchant wholesale, durable goods",BEA_2017_Code,336211,,"Nonmerchant wholesale, durable goods; NAICS 4251; C42ND"
BEA_NIPA,"Nonmerchant wholesale, durable goods",BEA_2017_Code,336212,,"Nonmerchant wholesale, durable goods; NAICS 4251; C42ND"
BEA_NIPA,"Nonmerchant wholesale, durable goods",BEA_2017_Code,336213,,"Nonmerchant wholesale, durable goods; NAICS 4251; C42ND"
BEA_NIPA,"Nonmerchant wholesale, durable goods",BEA_2017_Code,336214,,"Nonmerchant wholesale, durable goods; NAICS 4251; C42ND"
BEA_NIPA,"Nonmerchant wholesale, durable goods",BEA_2017_Code,336310,,"Nonmerchant wholesale, durable goods; NAICS 4251; C42ND"
BEA_NIPA,"Nonmerchant wholesale, durable goods",BEA_2017_Code,336320,,"Nonmerchant wholesale, durable goods; NAICS 4251; C42ND"
BEA_NIPA,"Nonmerchant wholesale, durable goods",BEA_2017_Code,336350,,"Nonmerchant wholesale, durable goods; NAICS 4251; C42ND"
BEA_NIPA,"Nonmerchant wholesale, durable goods",BEA_2017_Code,336360,,"Nonmerchant wholesale, durable goods; NAICS 4251; C42ND"
BEA_NIPA,"Nonmerchant wholesale, durable goods",BEA_2017_Code,336370,,"Nonmerchant wholesale, durable goods; NAICS 4251; C42ND"
BEA_NIPA,"Nonmerchant wholesale, durable goods",BEA_2017_Code,336390,,"Nonmerchant wholesale, durable goods; NAICS 4251; C42ND"
BEA_NIPA,"Nonmerchant wholesale, durable goods",BEA_2017_Code,3363A0,,"Nonmerchant wholesale, durable goods; NAICS 4251; C42ND"
BEA_NIPA,"Nonmerchant wholesale, durable goods",BEA_2017_Code,336411,,"Nonmerchant wholesale, durable goods; NAICS 4251; C42ND"
BEA_NIPA,"Nonmerchant wholesale, durable goods",BEA_2017_Code,336412,,"Nonmerchant wholesale, durable goods; NAICS 4251; C42ND"
BEA_NIPA,"Nonmerchant wholesale, durable goods",BEA_2017_Code,336413,,"Nonmerchant wholesale, durable goods; NAICS 4251; C42ND"
BEA_NIPA,"Nonmerchant wholesale, durable goods",BEA_2017_Code,336414,,"Nonmerchant wholesale, durable goods; NAICS 4251; C42ND"
BEA_NIPA,"Nonmerchant wholesale, durable goods",BEA_2017_Code,33641A,,"Nonmerchant wholesale, durable goods; NAICS 4251; C42ND"
BEA_NIPA,"Nonmerchant wholesale, durable goods",BEA_2017_Code,336500,,"Nonmerchant wholesale, durable goods; NAICS 4251; C42ND"
BEA_NIPA,"Nonmerchant wholesale, durable goods",BEA_2017_Code,336611,,"Nonmerchant wholesale, durable goods; NAICS 4251; C42ND"
BEA_NIPA,"Nonmerchant wholesale, durable goods",BEA_2017_Code,336612,,"Nonmerchant wholesale, durable goods; NAICS 4251; C42ND"
BEA_NIPA,"Nonmerchant wholesale, durable goods",BEA_2017_Code,336991,,"Nonmerchant wholesale, durable goods; NAICS 4251; C42ND"
BEA_NIPA,"Nonmerchant wholesale, durable goods",BEA_2017_Code,336992,,"Nonmerchant wholesale, durable goods; NAICS 4251; C42ND"
BEA_NIPA,"Nonmerchant wholesale, durable goods",BEA_2017_Code,336999,,"Nonmerchant wholesale, durable goods; NAICS 4251; C42ND"
BEA_NIPA,"Nonmerchant wholesale, durable goods",BEA_2017_Code,337110,,"Nonmerchant wholesale, durable goods; NAICS 4251; C42ND"
BEA_NIPA,"Nonmerchant wholesale, durable goods",BEA_2017_Code,337121,,"Nonmerchant wholesale, durable goods; NAICS 4251; C42ND"
BEA_NIPA,"Nonmerchant wholesale, durable goods",BEA_2017_Code,337122,,"Nonmerchant wholesale, durable goods; NAICS 4251; C42ND"
BEA_NIPA,"Nonmerchant wholesale, durable goods",BEA_2017_Code,337127,,"Nonmerchant wholesale, durable goods; NAICS 4251; C42ND"
BEA_NIPA,"Nonmerchant wholesale, durable goods",BEA_2017_Code,33712N,,"Nonmerchant wholesale, durable goods; NAICS 4251; C42ND"
BEA_NIPA,"Nonmerchant wholesale, durable goods",BEA_2017_Code,337215,,"Nonmerchant wholesale, durable goods; NAICS 4251; C42ND"
BEA_NIPA,"Nonmerchant wholesale, durable goods",BEA_2017_Code,33721A,,"Nonmerchant wholesale, durable goods; NAICS 4251; C42ND"
BEA_NIPA,"Nonmerchant wholesale, durable goods",BEA_2017_Code,337900,,"Nonmerchant wholesale, durable goods; NAICS 4251; C42ND"
BEA_NIPA,"Nonmerchant wholesale, durable goods",BEA_2017_Code,339112,,"Nonmerchant wholesale, durable goods; NAICS 4251; C42ND"
BEA_NIPA,"Nonmerchant wholesale, durable goods",BEA_2017_Code,339113,,"Nonmerchant wholesale, durable goods; NAICS 4251; C42ND"
BEA_NIPA,"Nonmerchant wholesale, durable goods",BEA_2017_Code,339114,,"Nonmerchant wholesale, durable goods; NAICS 4251; C42ND"
BEA_NIPA,"Nonmerchant wholesale, durable goods",BEA_2017_Code,339115,,"Nonmerchant wholesale, durable goods; NAICS 4251; C42ND"
BEA_NIPA,"Nonmerchant wholesale, durable goods",BEA_2017_Code,339116,,"Nonmerchant wholesale, durable goods; NAICS 4251; C42ND"
BEA_NIPA,"Nonmerchant wholesale, durable goods",BEA_2017_Code,339910,,"Nonmerchant wholesale, durable goods; NAICS 4251; C42ND"
BEA_NIPA,"Nonmerchant wholesale, durable goods",BEA_2017_Code,339920,,"Nonmerchant wholesale, durable goods; NAICS 4251; C42ND"
BEA_NIPA,"Nonmerchant wholesale, durable goods",BEA_2017_Code,339930,,"Nonmerchant wholesale, durable goods; NAICS 4251; C42ND"
BEA_NIPA,"Nonmerchant wholesale, durable goods",BEA_2017_Code,339940,,"Nonmerchant wholesale, durable goods; NAICS 4251; C42ND"
BEA_NIPA,"Nonmerchant wholesale, durable goods",BEA_2017_Code,339950,,"Nonmerchant wholesale, durable goods; NAICS 4251; C42ND"
BEA_NIPA,"Nonmerchant wholesale, durable goods",BEA_2017_Code,339990,,"Nonmerchant wholesale, durable goods; NAICS 4251; C42ND"
BEA_NIPA,"Nonmerchant wholesale, nondurable goods",BEA_2017_Code,311111,,"Nonmerchant wholesale, nondurable goods; NAICS 4251; C42NN"
BEA_NIPA,"Nonmerchant wholesale, nondurable goods",BEA_2017_Code,311119,,"Nonmerchant wholesale, nondurable goods; NAICS 4251; C42NN"
BEA_NIPA,"Nonmerchant wholesale, nondurable goods",BEA_2017_Code,311210,,"Nonmerchant wholesale, nondurable goods; NAICS 4251; C42NN"
BEA_NIPA,"Nonmerchant wholesale, nondurable goods",BEA_2017_Code,311221,,"Nonmerchant wholesale, nondurable goods; NAICS 4251; C42NN"
BEA_NIPA,"Nonmerchant wholesale, nondurable goods",BEA_2017_Code,311224,,"Nonmerchant wholesale, nondurable goods; NAICS 4251; C42NN"
BEA_NIPA,"Nonmerchant wholesale, nondurable goods",BEA_2017_Code,311225,,"Nonmerchant wholesale, nondurable goods; NAICS 4251; C42NN"
BEA_NIPA,"Nonmerchant wholesale, nondurable goods",BEA_2017_Code,311230,,"Nonmerchant wholesale, nondurable goods; NAICS 4251; C42NN"
BEA_NIPA,"Nonmerchant wholesale, nondurable goods",BEA_2017_Code,311300,,"Nonmerchant wholesale, nondurable goods; NAICS 4251; C42NN"
BEA_NIPA,"Nonmerchant wholesale, nondurable goods",BEA_2017_Code,311410,,"Nonmerchant wholesale, nondurable goods; NAICS 4251; C42NN"
BEA_NIPA,"Nonmerchant wholesale, nondurable goods",BEA_2017_Code,311420,,"Nonmerchant wholesale, nondurable goods; NAICS 4251; C42NN"
BEA_NIPA,"Nonmerchant wholesale, nondurable goods",BEA_2017_Code,311513,,"Nonmerchant wholesale, nondurable goods; NAICS 4251; C42NN"
BEA_NIPA,"Nonmerchant wholesale, nondurable goods",BEA_2017_Code,311514,,"Nonmerchant wholesale, nondurable goods; NAICS 4251; C42NN"
BEA_NIPA,"Nonmerchant wholesale, nondurable goods",BEA_2017_Code,31151A,,"Nonmerchant wholesale, nondurable goods; NAICS 4251; C42NN"
BEA_NIPA,"Nonmerchant wholesale, nondurable goods",BEA_2017_Code,311520,,"Nonmerchant wholesale, nondurable goods; NAICS 4251; C42NN"
BEA_NIPA,"Nonmerchant wholesale, nondurable goods",BEA_2017_Code,311615,,"Nonmerchant wholesale, nondurable goods; NAICS 4251; C42NN"
BEA_NIPA,"Nonmerchant wholesale, nondurable goods",BEA_2017_Code,31161A,,"Nonmerchant wholesale, nondurable goods; NAICS 4251; C42NN"
BEA_NIPA,"Nonmerchant wholesale, nondurable goods",BEA_2017_Code,311700,,"Nonmerchant wholesale, nondurable goods; NAICS 4251; C42NN"
BEA_NIPA,"Nonmerchant wholesale, nondurable goods",BEA_2017_Code,311810,,"Nonmerchant wholesale, nondurable goods; NAICS 4251; C42NN"
BEA_NIPA,"Nonmerchant wholesale, nondurable goods",BEA_2017_Code,3118A0,,"Nonmerchant wholesale, nondurable goods; NAICS 4251; C42NN"
BEA_NIPA,"Nonmerchant wholesale, nondurable goods",BEA_2017_Code,311910,,"Nonmerchant wholesale, nondurable goods; NAICS 4251; C42NN"
BEA_NIPA,"Nonmerchant wholesale, nondurable goods",BEA_2017_Code,311920,,"Nonmerchant wholesale, nondurable goods; NAICS 4251; C42NN"
BEA_NIPA,"Nonmerchant wholesale, nondurable goods",BEA_2017_Code,311930,,"Nonmerchant wholesale, nondurable goods; NAICS 4251; C42NN"
BEA_NIPA,"Nonmerchant wholesale, nondurable goods",BEA_2017_Code,311940,,"Nonmerchant wholesale, nondurable goods; NAICS 4251; C42NN"
BEA_NIPA,"Nonmerchant wholesale, nondurable goods",BEA_2017_Code,311990,,"Nonmerchant wholesale, nondurable goods; NAICS 4251; C42NN"
BEA_NIPA,"Nonmerchant wholesale, nondurable goods",BEA_2017_Code,312110,,"Nonmerchant wholesale, nondurable goods; NAICS 4251; C42NN"
BEA_NIPA,"Nonmerchant wholesale, nondurable goods",BEA_2017_Code,312120,,"Nonmerchant wholesale, nondurable goods; NAICS 4251; C42NN"
BEA_NIPA,"Nonmerchant wholesale, nondurable goods",BEA_2017_Code,312130,,"Nonmerchant wholesale, nondurable goods; NAICS 4251; C42NN"
BEA_NIPA,"Nonmerchant wholesale, nondurable goods",BEA_2017_Code,312140,,"Nonmerchant wholesale, nondurable goods; NAICS 4251; C42NN"
BEA_NIPA,"Nonmerchant wholesale, nondurable goods",BEA_2017_Code,312200,,"Nonmerchant wholesale, nondurable goods; NAICS 4251; C42NN"
BEA_NIPA,"Nonmerchant wholesale, nondurable goods",BEA_2017_Code,313100,,"Nonmerchant wholesale, nondurable goods; NAICS 4251; C42NN"
BEA_NIPA,"Nonmerchant wholesale, nondurable goods",BEA_2017_Code,313200,,"Nonmerchant wholesale, nondurable goods; NAICS 4251; C42NN"
BEA_NIPA,"Nonmerchant wholesale, nondurable goods",BEA_2017_Code,313300,,"Nonmerchant wholesale, nondurable goods; NAICS 4251; C42NN"
BEA_NIPA,"Nonmerchant wholesale, nondurable goods",BEA_2017_Code,314110,,"Nonmerchant wholesale, nondurable goods; NAICS 4251; C42NN"
BEA_NIPA,"Nonmerchant wholesale, nondurable goods",BEA_2017_Code,314120,,"Nonmerchant wholesale, nondurable goods; NAICS 4251; C42NN"
BEA_NIPA,"Nonmerchant wholesale, nondurable goods",BEA_2017_Code,314900,,"Nonmerchant wholesale, nondurable goods; NAICS 4251; C42NN"
BEA_NIPA,"Nonmerchant wholesale, nondurable goods",BEA_2017_Code,315000,,"Nonmerchant wholesale, nondurable goods; NAICS 4251; C42NN"
BEA_NIPA,"Nonmerchant wholesale, nondurable goods",BEA_2017_Code,316000,,"Nonmerchant wholesale, nondurable goods; NAICS 4251; C42NN"
BEA_NIPA,"Nonmerchant wholesale, nondurable goods",BEA_2017_Code,322110,,"Nonmerchant wholesale, nondurable goods; NAICS 4251; C42NN"
BEA_NIPA,"Nonmerchant wholesale, nondurable goods",BEA_2017_Code,322120,,"Nonmerchant wholesale, nondurable goods; NAICS 4251; C42NN"
BEA_NIPA,"Nonmerchant wholesale, nondurable goods",BEA_2017_Code,322130,,"Nonmerchant wholesale, nondurable goods; NAICS 4251; C42NN"
BEA_NIPA,"Nonmerchant wholesale, nondurable goods",BEA_2017_Code,322210,,"Nonmerchant wholesale, nondurable goods; NAICS 4251; C42NN"
BEA_NIPA,"Nonmerchant wholesale, nondurable goods",BEA_2017_Code,322220,,"Nonmerchant wholesale, nondurable goods; NAICS 4251; C42NN"
BEA_NIPA,"Nonmerchant wholesale, nondurable goods",BEA_2017_Code,322230,,"Nonmerchant wholesale, nondurable goods; NAICS 4251; C42NN"
BEA_NIPA,"Nonmerchant wholesale, nondurable goods",BEA_2017_Code,322291,,"Nonmerchant wholesale, nondurable goods; NAICS 4251; C42NN"
BEA_NIPA,"Nonmerchant wholesale, nondurable goods",BEA_2017_Code,322299,,"Nonmerchant wholesale, nondurable goods; NAICS 4251; C42NN"
BEA_NIPA,"Nonmerchant wholesale, nondurable goods",BEA_2017_Code,323110,,"Nonmerchant wholesale, nondurable goods; NAICS 4251; C42NN"
BEA_NIPA,"Nonmerchant wholesale, nondurable goods",BEA_2017_Code,323120,,"Nonmerchant wholesale, nondurable goods; NAICS 4251; C42NN"
BEA_NIPA,"Nonmerchant wholesale, nondurable goods",BEA_2017_Code,324110,,"Nonmerchant wholesale, nondurable goods; NAICS 4251; C42NN"
BEA_NIPA,"Nonmerchant wholesale, nondurable goods",BEA_2017_Code,324121,,"Nonmerchant wholesale, nondurable goods; NAICS 4251; C42NN"
BEA_NIPA,"Nonmerchant wholesale, nondurable goods",BEA_2017_Code,324122,,"Nonmerchant wholesale, nondurable goods; NAICS 4251; C42NN"
BEA_NIPA,"Nonmerchant wholesale, nondurable goods",BEA_2017_Code,324190,,"Nonmerchant wholesale, nondurable goods; NAICS 4251; C42NN"
BEA_NIPA,"Nonmerchant wholesale, nondurable goods",BEA_2017_Code,325110,,"Nonmerchant wholesale, nondurable goods; NAICS 4251; C42NN"
BEA_NIPA,"Nonmerchant wholesale, nondurable goods",BEA_2017_Code,325120,,"Nonmerchant wholesale, nondurable goods; NAICS 4251; C42NN"
BEA_NIPA,"Nonmerchant wholesale, nondurable goods",BEA_2017_Code,325130,,"Nonmerchant wholesale, nondurable goods; NAICS 4251; C42NN"
BEA_NIPA,"Nonmerchant wholesale, nondurable goods",BEA_2017_Code,325180,,"Nonmerchant wholesale, nondurable goods; NAICS 4251; C42NN"
BEA_NIPA,"Nonmerchant wholesale, nondurable goods",BEA_2017_Code,325190,,"Nonmerchant wholesale, nondurable goods; NAICS 4251; C42NN"
BEA_NIPA,"Nonmerchant wholesale, nondurable goods",BEA_2017_Code,325211,,"Nonmerchant wholesale, nondurable goods; NAICS 4251; C42NN"
BEA_NIPA,"Nonmerchant wholesale, nondurable goods",BEA_2017_Code,3252A0,,"Nonmerchant wholesale, nondurable goods; NAICS 4251; C42NN"
BEA_NIPA,"Nonmerchant wholesale, nondurable goods",BEA_2017_Code,325310,,"Nonmerchant wholesale, nondurable goods; NAICS 4251; C42NN"
BEA_NIPA,"Nonmerchant wholesale, nondurable goods",BEA_2017_Code,325320,,"Nonmerchant wholesale, nondurable goods; NAICS 4251; C42NN"
BEA_NIPA,"Nonmerchant wholesale, nondurable goods",BEA_2017_Code,325411,,"Nonmerchant wholesale, nondurable goods; NAICS 4251; C42NN"
BEA_NIPA,"Nonmerchant wholesale, nondurable goods",BEA_2017_Code,325412,,"Nonmerchant wholesale, nondurable goods; NAICS 4251; C42NN"
BEA_NIPA,"Nonmerchant wholesale, nondurable goods",BEA_2017_Code,325413,,"Nonmerchant wholesale, nondurable goods; NAICS 4251; C42NN"
BEA_NIPA,"Nonmerchant wholesale, nondurable goods",BEA_2017_Code,325414,,"Nonmerchant wholesale, nondurable goods; NAICS 4251; C42NN"
BEA_NIPA,"Nonmerchant wholesale, nondurable goods",BEA_2017_Code,325510,,"Nonmerchant wholesale, nondurable goods; NAICS 4251; C42NN"
BEA_NIPA,"Nonmerchant wholesale, nondurable goods",BEA_2017_Code,325520,,"Nonmerchant wholesale, nondurable goods; NAICS 4251; C42NN"
BEA_NIPA,"Nonmerchant wholesale, nondurable goods",BEA_2017_Code,325610,,"Nonmerchant wholesale, nondurable goods; NAICS 4251; C42NN"
BEA_NIPA,"Nonmerchant wholesale, nondurable goods",BEA_2017_Code,325620,,"Nonmerchant wholesale, nondurable goods; NAICS 4251; C42NN"
BEA_NIPA,"Nonmerchant wholesale, nondurable goods",BEA_2017_Code,325910,,"Nonmerchant wholesale, nondurable goods; NAICS 4251; C42NN"
BEA_NIPA,"Nonmerchant wholesale, nondurable goods",BEA_2017_Code,3259A0,,"Nonmerchant wholesale, nondurable goods; NAICS 4251; C42NN"
BEA_NIPA,"Nonmerchant wholesale, nondurable goods",BEA_2017_Code,326110,,"Nonmerchant wholesale, nondurable goods; NAICS 4251; C42NN"
BEA_NIPA,"Nonmerchant wholesale, nondurable goods",BEA_2017_Code,326120,,"Nonmerchant wholesale, nondurable goods; NAICS 4251; C42NN"
BEA_NIPA,"Nonmerchant wholesale, nondurable goods",BEA_2017_Code,326130,,"Nonmerchant wholesale, nondurable goods; NAICS 4251; C42NN"
BEA_NIPA,"Nonmerchant wholesale, nondurable goods",BEA_2017_Code,326140,,"Nonmerchant wholesale, nondurable goods; NAICS 4251; C42NN"
BEA_NIPA,"Nonmerchant wholesale, nondurable goods",BEA_2017_Code,326150,,"Nonmerchant wholesale, nondurable goods; NAICS 4251; C42NN"
BEA_NIPA,"Nonmerchant wholesale, nondurable goods",BEA_2017_Code,326160,,"Nonmerchant wholesale, nondurable goods; NAICS 4251; C42NN"
BEA_NIPA,"Nonmerchant wholesale, nondurable goods",BEA_2017_Code,326190,,"Nonmerchant wholesale, nondurable goods; NAICS 4251; C42NN"
BEA_NIPA,"Nonmerchant wholesale, nondurable goods",BEA_2017_Code,326210,,"Nonmerchant wholesale, nondurable goods; NAICS 4251; C42NN"
BEA_NIPA,"Nonmerchant wholesale, nondurable goods",BEA_2017_Code,326220,,"Nonmerchant wholesale, nondurable goods; NAICS 4251; C42NN"
BEA_NIPA,"Nonmerchant wholesale, nondurable goods",BEA_2017_Code,326290,,"Nonmerchant wholesale, nondurable goods; NAICS 4251; C42NN"
BEA_NIPA,Motor vehicle and parts dealers,BEA_2017_Code,336111,,Motor vehicle and parts dealers; NAICS 441; N631RC
BEA_NIPA,Motor vehicle and parts dealers,BEA_2017_Code,336112,,Motor vehicle and parts dealers; NAICS 441; N631RC
BEA_NIPA,Motor vehicle and parts dealers,BEA_2017_Code,336120,,Motor vehicle and parts dealers; NAICS 441; N631RC
BEA_NIPA,Motor vehicle and parts dealers,BEA_2017_Code,336211,,Motor vehicle and parts dealers; NAICS 441; N631RC
BEA_NIPA,Motor vehicle and parts dealers,BEA_2017_Code,336212,,Motor vehicle and parts dealers; NAICS 441; N631RC
BEA_NIPA,Motor vehicle and parts dealers,BEA_2017_Code,336213,,Motor vehicle and parts dealers; NAICS 441; N631RC
BEA_NIPA,Motor vehicle and parts dealers,BEA_2017_Code,336214,,Motor vehicle and parts dealers; NAICS 441; N631RC
BEA_NIPA,Motor vehicle and parts dealers,BEA_2017_Code,336310,,Motor vehicle and parts dealers; NAICS 441; N631RC
BEA_NIPA,Motor vehicle and parts dealers,BEA_2017_Code,336320,,Motor vehicle and parts dealers; NAICS 441; N631RC
BEA_NIPA,Motor vehicle and parts dealers,BEA_2017_Code,336350,,Motor vehicle and parts dealers; NAICS 441; N631RC
BEA_NIPA,Motor vehicle and parts dealers,BEA_2017_Code,336360,,Motor vehicle and parts dealers; NAICS 441; N631RC
BEA_NIPA,Motor vehicle and parts dealers,BEA_2017_Code,336370,,Motor vehicle and parts dealers; NAICS 441; N631RC
BEA_NIPA,Motor vehicle and parts dealers,BEA_2017_Code,336390,,Motor vehicle and parts dealers; NAICS 441; N631RC
BEA_NIPA,Motor vehicle and parts dealers,BEA_2017_Code,3363A0,,Motor vehicle and parts dealers; NAICS 441; N631RC
BEA_NIPA,"Furniture, furnishings, electronics, and appliance stores",BEA_2017_Code,314110,,"Furniture, furnishings, electronics and appliance stores; NAICS 442; C4423"
BEA_NIPA,"Furniture, furnishings, electronics, and appliance stores",BEA_2017_Code,314120,,"Furniture, furnishings, electronics and appliance stores; NAICS 442; C4423"
BEA_NIPA,"Furniture, furnishings, electronics, and appliance stores",BEA_2017_Code,334111,,"Furniture, furnishings, electronics and appliance stores; NAICS 442; C4423"
BEA_NIPA,"Furniture, furnishings, electronics, and appliance stores",BEA_2017_Code,334112,,"Furniture, furnishings, electronics and appliance stores; NAICS 442; C4423"
BEA_NIPA,"Furniture, furnishings, electronics, and appliance stores",BEA_2017_Code,334118,,"Furniture, furnishings, electronics and appliance stores; NAICS 442; C4423"
BEA_NIPA,"Furniture, furnishings, electronics, and appliance stores",BEA_2017_Code,334300,,"Furniture, furnishings, electronics and appliance stores; NAICS 442; C4423"
BEA_NIPA,"Furniture, furnishings, electronics, and appliance stores",BEA_2017_Code,335210,,"Furniture, furnishings, electronics and appliance stores; NAICS 442; C4423"
BEA_NIPA,"Furniture, furnishings, electronics, and appliance stores",BEA_2017_Code,335220,,"Furniture, furnishings, electronics and appliance stores; NAICS 442; C4423"
BEA_NIPA,"Furniture, furnishings, electronics, and appliance stores",BEA_2017_Code,337110,,"Furniture, furnishings, electronics and appliance stores; NAICS 442; C4423"
BEA_NIPA,"Furniture, furnishings, electronics, and appliance stores",BEA_2017_Code,337121,,"Furniture, furnishings, electronics and appliance stores; NAICS 442; C4423"
BEA_NIPA,"Furniture, furnishings, electronics, and appliance stores",BEA_2017_Code,337122,,"Furniture, furnishings, electronics and appliance stores; NAICS 442; C4423"
BEA_NIPA,"Furniture, furnishings, electronics, and appliance stores",BEA_2017_Code,337127,,"Furniture, furnishings, electronics and appliance stores; NAICS 442; C4423"
BEA_NIPA,"Furniture, furnishings, electronics, and appliance stores",BEA_2017_Code,33712N,,"Furniture, furnishings, electronics and appliance stores; NAICS 442; C4423"
BEA_NIPA,"Furniture, furnishings, electronics, and appliance stores",BEA_2017_Code,337215,,"Furniture, furnishings, electronics and appliance stores; NAICS 442; C4423"
BEA_NIPA,"Furniture, furnishings, electronics, and appliance stores",BEA_2017_Code,33721A,,"Furniture, furnishings, electronics and appliance stores; NAICS 442; C4423"
BEA_NIPA,"Furniture, furnishings, electronics, and appliance stores",BEA_2017_Code,337900,,"Furniture, furnishings, electronics and appliance stores; NAICS 442; C4423"
BEA_NIPA,Building material and garden equipment and supplies dealers,BEA_2017_Code,111300,,Building material and garden equipment dealers; NAICS 444; C444
BEA_NIPA,Building material and garden equipment and supplies dealers,BEA_2017_Code,321100,,Building material and garden equipment dealers; NAICS 444; C444
BEA_NIPA,Building material and garden equipment and supplies dealers,BEA_2017_Code,321200,,Building material and garden equipment dealers; NAICS 444; C444
BEA_NIPA,Building material and garden equipment and supplies dealers,BEA_2017_Code,321910,,Building material and garden equipment dealers; NAICS 444; C444
BEA_NIPA,Building material and garden equipment and supplies dealers,BEA_2017_Code,3219A0,,Building material and garden equipment dealers; NAICS 444; C444
BEA_NIPA,Building material and garden equipment and supplies dealers,BEA_2017_Code,327100,,Building material and garden equipment dealers; NAICS 444; C444
BEA_NIPA,Building material and garden equipment and supplies dealers,BEA_2017_Code,327200,,Building material and garden equipment dealers; NAICS 444; C444
BEA_NIPA,Building material and garden equipment and supplies dealers,BEA_2017_Code,327310,,Building material and garden equipment dealers; NAICS 444; C444
BEA_NIPA,Building material and garden equipment and supplies dealers,BEA_2017_Code,327320,,Building material and garden equipment dealers; NAICS 444; C444
BEA_NIPA,Building material and garden equipment and supplies dealers,BEA_2017_Code,327330,,Building material and garden equipment dealers; NAICS 444; C444
BEA_NIPA,Building material and garden equipment and supplies dealers,BEA_2017_Code,327390,,Building material and garden equipment dealers; NAICS 444; C444
BEA_NIPA,Building material and garden equipment and supplies dealers,BEA_2017_Code,327400,,Building material and garden equipment dealers; NAICS 444; C444
BEA_NIPA,Building material and garden equipment and supplies dealers,BEA_2017_Code,327910,,Building material and garden equipment dealers; NAICS 444; C444
BEA_NIPA,Building material and garden equipment and supplies dealers,BEA_2017_Code,327991,,Building material and garden equipment dealers; NAICS 444; C444
BEA_NIPA,Building material and garden equipment and supplies dealers,BEA_2017_Code,327992,,Building material and garden equipment dealers; NAICS 444; C444
BEA_NIPA,Building material and garden equipment and supplies dealers,BEA_2017_Code,327993,,Building material and garden equipment dealers; NAICS 444; C444
BEA_NIPA,Building material and garden equipment and supplies dealers,BEA_2017_Code,327999,,Building material and garden equipment dealers; NAICS 444; C444
BEA_NIPA,Building material and garden equipment and supplies dealers,BEA_2017_Code,332310,,Building material and garden equipment dealers; NAICS 444; C444
BEA_NIPA,Building material and garden equipment and supplies dealers,BEA_2017_Code,332320,,Building material and garden equipment dealers; NAICS 444; C444
BEA_NIPA,Food and beverage stores,BEA_2017_Code,311111,,Food and beverage stores; NAICS 445; N542RC
BEA_NIPA,Food and beverage stores,BEA_2017_Code,311119,,Food and beverage stores; NAICS 445; N542RC
BEA_NIPA,Food and beverage stores,BEA_2017_Code,311210,,Food and beverage stores; NAICS 445; N542RC
BEA_NIPA,Food and beverage stores,BEA_2017_Code,311221,,Food and beverage stores; NAICS 445; N542RC
BEA_NIPA,Food and beverage stores,BEA_2017_Code,311224,,Food and beverage stores; NAICS 445; N542RC
BEA_NIPA,Food and beverage stores,BEA_2017_Code,311225,,Food and beverage stores; NAICS 445; N542RC
BEA_NIPA,Food and beverage stores,BEA_2017_Code,311230,,Food and beverage stores; NAICS 445; N542RC
BEA_NIPA,Food and beverage stores,BEA_2017_Code,311300,,Food and beverage stores; NAICS 445; N542RC
BEA_NIPA,Food and beverage stores,BEA_2017_Code,311410,,Food and beverage stores; NAICS 445; N542RC
BEA_NIPA,Food and beverage stores,BEA_2017_Code,311420,,Food and beverage stores; NAICS 445; N542RC
BEA_NIPA,Food and beverage stores,BEA_2017_Code,311513,,Food and beverage stores; NAICS 445; N542RC
BEA_NIPA,Food and beverage stores,BEA_2017_Code,311514,,Food and beverage stores; NAICS 445; N542RC
BEA_NIPA,Food and beverage stores,BEA_2017_Code,31151A,,Food and beverage stores; NAICS 445; N542RC
BEA_NIPA,Food and beverage stores,BEA_2017_Code,311520,,Food and beverage stores; NAICS 445; N542RC
BEA_NIPA,Food and beverage stores,BEA_2017_Code,311615,,Food and beverage stores; NAICS 445; N542RC
BEA_NIPA,Food and beverage stores,BEA_2017_Code,31161A,,Food and beverage stores; NAICS 445; N542RC
BEA_NIPA,Food and beverage stores,BEA_2017_Code,311700,,Food and beverage stores; NAICS 445; N542RC
BEA_NIPA,Food and beverage stores,BEA_2017_Code,311810,,Food and beverage stores; NAICS 445; N542RC
BEA_NIPA,Food and beverage stores,BEA_2017_Code,3118A0,,Food and beverage stores; NAICS 445; N542RC
BEA_NIPA,Food and beverage stores,BEA_2017_Code,311910,,Food and beverage stores; NAICS 445; N542RC
BEA_NIPA,Food and beverage stores,BEA_2017_Code,311920,,Food and beverage stores; NAICS 445; N542RC
BEA_NIPA,Food and beverage stores,BEA_2017_Code,311930,,Food and beverage stores; NAICS 445; N542RC
BEA_NIPA,Food and beverage stores,BEA_2017_Code,311940,,Food and beverage stores; NAICS 445; N542RC
BEA_NIPA,Food and beverage stores,BEA_2017_Code,311990,,Food and beverage stores; NAICS 445; N542RC
BEA_NIPA,Food and beverage stores,BEA_2017_Code,312110,,Food and beverage stores; NAICS 445; N542RC
BEA_NIPA,Food and beverage stores,BEA_2017_Code,312120,,Food and beverage stores; NAICS 445; N542RC
BEA_NIPA,Food and beverage stores,BEA_2017_Code,312130,,Food and beverage stores; NAICS 445; N542RC
BEA_NIPA,Food and beverage stores,BEA_2017_Code,312140,,Food and beverage stores; NAICS 445; N542RC
BEA_NIPA,Clothing and clothing accessories stores,BEA_2017_Code,315000,,Clothing and clothing accessories stores; NAICS 448; C448
BEA_NIPA,Clothing and clothing accessories stores,BEA_2017_Code,316000,,Clothing and clothing accessories stores; NAICS 448; C448
BEA_NIPA,General merchandise stores,BEA_2017_Code,311111,,General merchandise stores; NAICS 452; N543RC
BEA_NIPA,General merchandise stores,BEA_2017_Code,311119,,General merchandise stores; NAICS 452; N543RC
BEA_NIPA,General merchandise stores,BEA_2017_Code,311210,,General merchandise stores; NAICS 452; N543RC
BEA_NIPA,General merchandise stores,BEA_2017_Code,311221,,General merchandise stores; NAICS 452; N543RC
BEA_NIPA,General merchandise stores,BEA_2017_Code,311224,,General merchandise stores; NAICS 452; N543RC
BEA_NIPA,General merchandise stores,BEA_2017_Code,311225,,General merchandise stores; NAICS 452; N543RC
BEA_NIPA,General merchandise stores,BEA_2017_Code,311230,,General merchandise stores; NAICS 452; N543RC
BEA_NIPA,General merchandise stores,BEA_2017_Code,311300,,General merchandise stores; NAICS 452; N543RC
BEA_NIPA,General merchandise stores,BEA_2017_Code,311410,,General merchandise stores; NAICS 452; N543RC
BEA_NIPA,General merchandise stores,BEA_2017_Code,311420,,General merchandise stores; NAICS 452; N543RC
BEA_NIPA,General merchandise stores,BEA_2017_Code,311513,,General merchandise stores; NAICS 452; N543RC
BEA_NIPA,General merchandise stores,BEA_2017_Code,311514,,General merchandise stores; NAICS 452; N543RC
BEA_NIPA,General merchandise stores,BEA_2017_Code,31151A,,General merchandise stores; NAICS 452; N543RC
BEA_NIPA,General merchandise stores,BEA_2017_Code,311520,,General merchandise stores; NAICS 452; N543RC
BEA_NIPA,General merchandise stores,BEA_2017_Code,311615,,General merchandise stores; NAICS 452; N543RC
BEA_NIPA,General merchandise stores,BEA_2017_Code,31161A,,General merchandise stores; NAICS 452; N543RC
BEA_NIPA,General merchandise stores,BEA_2017_Code,311700,,General merchandise stores; NAICS 452; N543RC
BEA_NIPA,General merchandise stores,BEA_2017_Code,311810,,General merchandise stores; NAICS 452; N543RC
BEA_NIPA,General merchandise stores,BEA_2017_Code,3118A0,,General merchandise stores; NAICS 452; N543RC
BEA_NIPA,General merchandise stores,BEA_2017_Code,311910,,General merchandise stores; NAICS 452; N543RC
BEA_NIPA,General merchandise stores,BEA_2017_Code,311920,,General merchandise stores; NAICS 452; N543RC
BEA_NIPA,General merchandise stores,BEA_2017_Code,311930,,General merchandise stores; NAICS 452; N543RC
BEA_NIPA,General merchandise stores,BEA_2017_Code,311940,,General merchandise stores; NAICS 452; N543RC
BEA_NIPA,General merchandise stores,BEA_2017_Code,311990,,General merchandise stores; NAICS 452; N543RC
BEA_NIPA,General merchandise stores,BEA_2017_Code,312110,,General merchandise stores; NAICS 452; N543RC
BEA_NIPA,General merchandise stores,BEA_2017_Code,312120,,General merchandise stores; NAICS 452; N543RC
BEA_NIPA,General merchandise stores,BEA_2017_Code,312130,,General merchandise stores; NAICS 452; N543RC
BEA_NIPA,General merchandise stores,BEA_2017_Code,312140,,General merchandise stores; NAICS 452; N543RC
BEA_NIPA,General merchandise stores,BEA_2017_Code,312200,,General merchandise stores; NAICS 452; N543RC
BEA_NIPA,General merchandise stores,BEA_2017_Code,315000,,General merchandise stores; NAICS 452; N543RC
BEA_NIPA,General merchandise stores,BEA_2017_Code,316000,,General merchandise stores; NAICS 452; N543RC
BEA_NIPA,General merchandise stores,BEA_2017_Code,325110,,General merchandise stores; NAICS 452; N543RC
BEA_NIPA,General merchandise stores,BEA_2017_Code,325120,,General merchandise stores; NAICS 452; N543RC
BEA_NIPA,General merchandise stores,BEA_2017_Code,325130,,General merchandise stores; NAICS 452; N543RC
BEA_NIPA,General merchandise stores,BEA_2017_Code,325180,,General merchandise stores; NAICS 452; N543RC
BEA_NIPA,General merchandise stores,BEA_2017_Code,325190,,General merchandise stores; NAICS 452; N543RC
BEA_NIPA,General merchandise stores,BEA_2017_Code,325211,,General merchandise stores; NAICS 452; N543RC
BEA_NIPA,General merchandise stores,BEA_2017_Code,3252A0,,General merchandise stores; NAICS 452; N543RC
BEA_NIPA,General merchandise stores,BEA_2017_Code,325310,,General merchandise stores; NAICS 452; N543RC
BEA_NIPA,General merchandise stores,BEA_2017_Code,325320,,General merchandise stores; NAICS 452; N543RC
BEA_NIPA,General merchandise stores,BEA_2017_Code,325411,,General merchandise stores; NAICS 452; N543RC
BEA_NIPA,General merchandise stores,BEA_2017_Code,325412,,General merchandise stores; NAICS 452; N543RC
BEA_NIPA,General merchandise stores,BEA_2017_Code,325413,,General merchandise stores; NAICS 452; N543RC
BEA_NIPA,General merchandise stores,BEA_2017_Code,325414,,General merchandise stores; NAICS 452; N543RC
BEA_NIPA,General merchandise stores,BEA_2017_Code,325510,,General merchandise stores; NAICS 452; N543RC
BEA_NIPA,General merchandise stores,BEA_2017_Code,325520,,General merchandise stores; NAICS 452; N543RC
BEA_NIPA,General merchandise stores,BEA_2017_Code,325610,,General merchandise stores; NAICS 452; N543RC
BEA_NIPA,General merchandise stores,BEA_2017_Code,325620,,General merchandise stores; NAICS 452; N543RC
BEA_NIPA,General merchandise stores,BEA_2017_Code,325910,,General merchandise stores; NAICS 452; N543RC
BEA_NIPA,General merchandise stores,BEA_2017_Code,3259A0,,General merchandise stores; NAICS 452; N543RC
BEA_NIPA,General merchandise stores,BEA_2017_Code,334111,,General merchandise stores; NAICS 452; N543RC
BEA_NIPA,General merchandise stores,BEA_2017_Code,334112,,General merchandise stores; NAICS 452; N543RC
BEA_NIPA,General merchandise stores,BEA_2017_Code,334118,,General merchandise stores; NAICS 452; N543RC
BEA_NIPA,General merchandise stores,BEA_2017_Code,334210,,General merchandise stores; NAICS 452; N543RC
BEA_NIPA,General merchandise stores,BEA_2017_Code,334220,,General merchandise stores; NAICS 452; N543RC
BEA_NIPA,General merchandise stores,BEA_2017_Code,334290,,General merchandise stores; NAICS 452; N543RC
BEA_NIPA,General merchandise stores,BEA_2017_Code,334300,,General merchandise stores; NAICS 452; N543RC
BEA_NIPA,General merchandise stores,BEA_2017_Code,334413,,General merchandise stores; NAICS 452; N543RC
BEA_NIPA,General merchandise stores,BEA_2017_Code,334418,,General merchandise stores; NAICS 452; N543RC
BEA_NIPA,General merchandise stores,BEA_2017_Code,33441A,,General merchandise stores; NAICS 452; N543RC
BEA_NIPA,General merchandise stores,BEA_2017_Code,334510,,General merchandise stores; NAICS 452; N543RC
BEA_NIPA,General merchandise stores,BEA_2017_Code,334511,,General merchandise stores; NAICS 452; N543RC
BEA_NIPA,General merchandise stores,BEA_2017_Code,334512,,General merchandise stores; NAICS 452; N543RC
BEA_NIPA,General merchandise stores,BEA_2017_Code,334513,,General merchandise stores; NAICS 452; N543RC
BEA_NIPA,General merchandise stores,BEA_2017_Code,334514,,General merchandise stores; NAICS 452; N543RC
BEA_NIPA,General merchandise stores,BEA_2017_Code,334515,,General merchandise stores; NAICS 452; N543RC
BEA_NIPA,General merchandise stores,BEA_2017_Code,334516,,General merchandise stores; NAICS 452; N543RC
BEA_NIPA,General merchandise stores,BEA_2017_Code,334517,,General merchandise stores; NAICS 452; N543RC
BEA_NIPA,General merchandise stores,BEA_2017_Code,33451A,,General merchandise stores; NAICS 452; N543RC
BEA_NIPA,General merchandise stores,BEA_2017_Code,334610,,General merchandise stores; NAICS 452; N543RC
BEA_NIPA,General merchandise stores,BEA_2017_Code,335110,,General merchandise stores; NAICS 452; N543RC
BEA_NIPA,General merchandise stores,BEA_2017_Code,335120,,General merchandise stores; NAICS 452; N543RC
BEA_NIPA,General merchandise stores,BEA_2017_Code,335210,,General merchandise stores; NAICS 452; N543RC
BEA_NIPA,General merchandise stores,BEA_2017_Code,335220,,General merchandise stores; NAICS 452; N543RC
BEA_NIPA,General merchandise stores,BEA_2017_Code,335311,,General merchandise stores; NAICS 452; N543RC
BEA_NIPA,General merchandise stores,BEA_2017_Code,335312,,General merchandise stores; NAICS 452; N543RC
BEA_NIPA,General merchandise stores,BEA_2017_Code,335313,,General merchandise stores; NAICS 452; N543RC
BEA_NIPA,General merchandise stores,BEA_2017_Code,335314,,General merchandise stores; NAICS 452; N543RC
BEA_NIPA,General merchandise stores,BEA_2017_Code,335911,,General merchandise stores; NAICS 452; N543RC
BEA_NIPA,General merchandise stores,BEA_2017_Code,335912,,General merchandise stores; NAICS 452; N543RC
BEA_NIPA,General merchandise stores,BEA_2017_Code,335920,,General merchandise stores; NAICS 452; N543RC
BEA_NIPA,General merchandise stores,BEA_2017_Code,335930,,General merchandise stores; NAICS 452; N543RC
BEA_NIPA,General merchandise stores,BEA_2017_Code,335991,,General merchandise stores; NAICS 452; N543RC
BEA_NIPA,General merchandise stores,BEA_2017_Code,335999,,General merchandise stores; NAICS 452; N543RC
BEA_NIPA,General merchandise stores,BEA_2017_Code,337110,,General merchandise stores; NAICS 452; N543RC
BEA_NIPA,General merchandise stores,BEA_2017_Code,337121,,General merchandise stores; NAICS 452; N543RC
BEA_NIPA,General merchandise stores,BEA_2017_Code,337122,,General merchandise stores; NAICS 452; N543RC
BEA_NIPA,General merchandise stores,BEA_2017_Code,337127,,General merchandise stores; NAICS 452; N543RC
BEA_NIPA,General merchandise stores,BEA_2017_Code,33712N,,General merchandise stores; NAICS 452; N543RC
BEA_NIPA,General merchandise stores,BEA_2017_Code,337215,,General merchandise stores; NAICS 452; N543RC
BEA_NIPA,General merchandise stores,BEA_2017_Code,33721A,,General merchandise stores; NAICS 452; N543RC
BEA_NIPA,General merchandise stores,BEA_2017_Code,337900,,General merchandise stores; NAICS 452; N543RC
BEA_NIPA,General merchandise stores,BEA_2017_Code,339112,,General merchandise stores; NAICS 452; N543RC
BEA_NIPA,General merchandise stores,BEA_2017_Code,339113,,General merchandise stores; NAICS 452; N543RC
BEA_NIPA,General merchandise stores,BEA_2017_Code,339114,,General merchandise stores; NAICS 452; N543RC
BEA_NIPA,General merchandise stores,BEA_2017_Code,339115,,General merchandise stores; NAICS 452; N543RC
BEA_NIPA,General merchandise stores,BEA_2017_Code,339116,,General merchandise stores; NAICS 452; N543RC
BEA_NIPA,General merchandise stores,BEA_2017_Code,339910,,General merchandise stores; NAICS 452; N543RC
BEA_NIPA,General merchandise stores,BEA_2017_Code,339920,,General merchandise stores; NAICS 452; N543RC
BEA_NIPA,General merchandise stores,BEA_2017_Code,339930,,General merchandise stores; NAICS 452; N543RC
BEA_NIPA,General merchandise stores,BEA_2017_Code,339940,,General merchandise stores; NAICS 452; N543RC
BEA_NIPA,General merchandise stores,BEA_2017_Code,339950,,General merchandise stores; NAICS 452; N543RC
BEA_NIPA,General merchandise stores,BEA_2017_Code,339990,,General merchandise stores; NAICS 452; N543RC
BEA_NIPA,Department stores,BEA_2017_Code,311111,,Department stores; NAICS 4522; C4521
BEA_NIPA,Department stores,BEA_2017_Code,311119,,Department stores; NAICS 4522; C4521
BEA_NIPA,Department stores,BEA_2017_Code,311210,,Department stores; NAICS 4522; C4521
BEA_NIPA,Department stores,BEA_2017_Code,311221,,Department stores; NAICS 4522; C4521
BEA_NIPA,Department stores,BEA_2017_Code,311224,,Department stores; NAICS 4522; C4521
BEA_NIPA,Department stores,BEA_2017_Code,311225,,Department stores; NAICS 4522; C4521
BEA_NIPA,Department stores,BEA_2017_Code,311230,,Department stores; NAICS 4522; C4521
BEA_NIPA,Department stores,BEA_2017_Code,311300,,Department stores; NAICS 4522; C4521
BEA_NIPA,Department stores,BEA_2017_Code,311410,,Department stores; NAICS 4522; C4521
BEA_NIPA,Department stores,BEA_2017_Code,311420,,Department stores; NAICS 4522; C4521
BEA_NIPA,Department stores,BEA_2017_Code,311513,,Department stores; NAICS 4522; C4521
BEA_NIPA,Department stores,BEA_2017_Code,311514,,Department stores; NAICS 4522; C4521
BEA_NIPA,Department stores,BEA_2017_Code,31151A,,Department stores; NAICS 4522; C4521
BEA_NIPA,Department stores,BEA_2017_Code,311520,,Department stores; NAICS 4522; C4521
BEA_NIPA,Department stores,BEA_2017_Code,311615,,Department stores; NAICS 4522; C4521
BEA_NIPA,Department stores,BEA_2017_Code,31161A,,Department stores; NAICS 4522; C4521
BEA_NIPA,Department stores,BEA_2017_Code,311700,,Department stores; NAICS 4522; C4521
BEA_NIPA,Department stores,BEA_2017_Code,311810,,Department stores; NAICS 4522; C4521
BEA_NIPA,Department stores,BEA_2017_Code,3118A0,,Department stores; NAICS 4522; C4521
BEA_NIPA,Department stores,BEA_2017_Code,311910,,Department stores; NAICS 4522; C4521
BEA_NIPA,Department stores,BEA_2017_Code,311920,,Department stores; NAICS 4522; C4521
BEA_NIPA,Department stores,BEA_2017_Code,311930,,Department stores; NAICS 4522; C4521
BEA_NIPA,Department stores,BEA_2017_Code,311940,,Department stores; NAICS 4522; C4521
BEA_NIPA,Department stores,BEA_2017_Code,311990,,Department stores; NAICS 4522; C4521
BEA_NIPA,Department stores,BEA_2017_Code,312110,,Department stores; NAICS 4522; C4521
BEA_NIPA,Department stores,BEA_2017_Code,312120,,Department stores; NAICS 4522; C4521
BEA_NIPA,Department stores,BEA_2017_Code,312130,,Department stores; NAICS 4522; C4521
BEA_NIPA,Department stores,BEA_2017_Code,312140,,Department stores; NAICS 4522; C4521
BEA_NIPA,Department stores,BEA_2017_Code,312200,,Department stores; NAICS 4522; C4521
BEA_NIPA,Department stores,BEA_2017_Code,315000,,Department stores; NAICS 4522; C4521
BEA_NIPA,Department stores,BEA_2017_Code,316000,,Department stores; NAICS 4522; C4521
BEA_NIPA,Department stores,BEA_2017_Code,325110,,Department stores; NAICS 4522; C4521
BEA_NIPA,Department stores,BEA_2017_Code,325120,,Department stores; NAICS 4522; C4521
BEA_NIPA,Department stores,BEA_2017_Code,325130,,Department stores; NAICS 4522; C4521
BEA_NIPA,Department stores,BEA_2017_Code,325180,,Department stores; NAICS 4522; C4521
BEA_NIPA,Department stores,BEA_2017_Code,325190,,Department stores; NAICS 4522; C4521
BEA_NIPA,Department stores,BEA_2017_Code,325211,,Department stores; NAICS 4522; C4521
BEA_NIPA,Department stores,BEA_2017_Code,3252A0,,Department stores; NAICS 4522; C4521
BEA_NIPA,Department stores,BEA_2017_Code,325310,,Department stores; NAICS 4522; C4521
BEA_NIPA,Department stores,BEA_2017_Code,325320,,Department stores; NAICS 4522; C4521
BEA_NIPA,Department stores,BEA_2017_Code,325411,,Department stores; NAICS 4522; C4521
BEA_NIPA,Department stores,BEA_2017_Code,325412,,Department stores; NAICS 4522; C4521
BEA_NIPA,Department stores,BEA_2017_Code,325413,,Department stores; NAICS 4522; C4521
BEA_NIPA,Department stores,BEA_2017_Code,325414,,Department stores; NAICS 4522; C4521
BEA_NIPA,Department stores,BEA_2017_Code,325510,,Department stores; NAICS 4522; C4521
BEA_NIPA,Department stores,BEA_2017_Code,325520,,Department stores; NAICS 4522; C4521
BEA_NIPA,Department stores,BEA_2017_Code,325610,,Department stores; NAICS 4522; C4521
BEA_NIPA,Department stores,BEA_2017_Code,325620,,Department stores; NAICS 4522; C4521
BEA_NIPA,Department stores,BEA_2017_Code,325910,,Department stores; NAICS 4522; C4521
BEA_NIPA,Department stores,BEA_2017_Code,3259A0,,Department stores; NAICS 4522; C4521
BEA_NIPA,Department stores,BEA_2017_Code,334111,,Department stores; NAICS 4522; C4521
BEA_NIPA,Department stores,BEA_2017_Code,334112,,Department stores; NAICS 4522; C4521
BEA_NIPA,Department stores,BEA_2017_Code,334118,,Department stores; NAICS 4522; C4521
BEA_NIPA,Department stores,BEA_2017_Code,334210,,Department stores; NAICS 4522; C4521
BEA_NIPA,Department stores,BEA_2017_Code,334220,,Department stores; NAICS 4522; C4521
BEA_NIPA,Department stores,BEA_2017_Code,334290,,Department stores; NAICS 4522; C4521
BEA_NIPA,Department stores,BEA_2017_Code,334300,,Department stores; NAICS 4522; C4521
BEA_NIPA,Department stores,BEA_2017_Code,334413,,Department stores; NAICS 4522; C4521
BEA_NIPA,Department stores,BEA_2017_Code,334418,,Department stores; NAICS 4522; C4521
BEA_NIPA,Department stores,BEA_2017_Code,33441A,,Department stores; NAICS 4522; C4521
BEA_NIPA,Department stores,BEA_2017_Code,334510,,Department stores; NAICS 4522; C4521
BEA_NIPA,Department stores,BEA_2017_Code,334511,,Department stores; NAICS 4522; C4521
BEA_NIPA,Department stores,BEA_2017_Code,334512,,Department stores; NAICS 4522; C4521
BEA_NIPA,Department stores,BEA_2017_Code,334513,,Department stores; NAICS 4522; C4521
BEA_NIPA,Department stores,BEA_2017_Code,334514,,Department stores; NAICS 4522; C4521
BEA_NIPA,Department stores,BEA_2017_Code,334515,,Department stores; NAICS 4522; C4521
BEA_NIPA,Department stores,BEA_2017_Code,334516,,Department stores; NAICS 4522; C4521
BEA_NIPA,Department stores,BEA_2017_Code,334517,,Department stores; NAICS 4522; C4521
BEA_NIPA,Department stores,BEA_2017_Code,33451A,,Department stores; NAICS 4522; C4521
BEA_NIPA,Department stores,BEA_2017_Code,334610,,Department stores; NAICS 4522; C4521
BEA_NIPA,Department stores,BEA_2017_Code,335110,,Department stores; NAICS 4522; C4521
BEA_NIPA,Department stores,BEA_2017_Code,335120,,Department stores; NAICS 4522; C4521
BEA_NIPA,Department stores,BEA_2017_Code,335210,,Department stores; NAICS 4522; C4521
BEA_NIPA,Department stores,BEA_2017_Code,335220,,Department stores; NAICS 4522; C4521
BEA_NIPA,Department stores,BEA_2017_Code,335311,,Department stores; NAICS 4522; C4521
BEA_NIPA,Department stores,BEA_2017_Code,335312,,Department stores; NAICS 4522; C4521
BEA_NIPA,Department stores,BEA_2017_Code,335313,,Department stores; NAICS 4522; C4521
BEA_NIPA,Department stores,BEA_2017_Code,335314,,Department stores; NAICS 4522; C4521
BEA_NIPA,Department stores,BEA_2017_Code,335911,,Department stores; NAICS 4522; C4521
BEA_NIPA,Department stores,BEA_2017_Code,335912,,Department stores; NAICS 4522; C4521
BEA_NIPA,Department stores,BEA_2017_Code,335920,,Department stores; NAICS 4522; C4521
BEA_NIPA,Department stores,BEA_2017_Code,335930,,Department stores; NAICS 4522; C4521
BEA_NIPA,Department stores,BEA_2017_Code,335991,,Department stores; NAICS 4522; C4521
BEA_NIPA,Department stores,BEA_2017_Code,335999,,Department stores; NAICS 4522; C4521
BEA_NIPA,Department stores,BEA_2017_Code,337110,,Department stores; NAICS 4522; C4521
BEA_NIPA,Department stores,BEA_2017_Code,337121,,Department stores; NAICS 4522; C4521
BEA_NIPA,Department stores,BEA_2017_Code,337122,,Department stores; NAICS 4522; C4521
BEA_NIPA,Department stores,BEA_2017_Code,337127,,Department stores; NAICS 4522; C4521
BEA_NIPA,Department stores,BEA_2017_Code,33712N,,Department stores; NAICS 4522; C4521
BEA_NIPA,Department stores,BEA_2017_Code,337215,,Department stores; NAICS 4522; C4521
BEA_NIPA,Department stores,BEA_2017_Code,33721A,,Department stores; NAICS 4522; C4521
BEA_NIPA,Department stores,BEA_2017_Code,337900,,Department stores; NAICS 4522; C4521
BEA_NIPA,Department stores,BEA_2017_Code,339112,,Department stores; NAICS 4522; C4521
BEA_NIPA,Department stores,BEA_2017_Code,339113,,Department stores; NAICS 4522; C4521
BEA_NIPA,Department stores,BEA_2017_Code,339114,,Department stores; NAICS 4522; C4521
BEA_NIPA,Department stores,BEA_2017_Code,339115,,Department stores; NAICS 4522; C4521
BEA_NIPA,Department stores,BEA_2017_Code,339116,,Department stores; NAICS 4522; C4521
BEA_NIPA,Department stores,BEA_2017_Code,339910,,Department stores; NAICS 4522; C4521
BEA_NIPA,Department stores,BEA_2017_Code,339920,,Department stores; NAICS 4522; C4521
BEA_NIPA,Department stores,BEA_2017_Code,339930,,Department stores; NAICS 4522; C4521
BEA_NIPA,Department stores,BEA_2017_Code,339940,,Department stores; NAICS 4522; C4521
BEA_NIPA,Department stores,BEA_2017_Code,339950,,Department stores; NAICS 4522; C4521
BEA_NIPA,Department stores,BEA_2017_Code,339990,,Department stores; NAICS 4522; C4521
BEA_NIPA,Other general merchandise stores,BEA_2017_Code,311111,,Other general merchandise stores; NAICS 4523; C4529
BEA_NIPA,Other general merchandise stores,BEA_2017_Code,311119,,Other general merchandise stores; NAICS 4523; C4529
BEA_NIPA,Other general merchandise stores,BEA_2017_Code,311210,,Other general merchandise stores; NAICS 4523; C4529
BEA_NIPA,Other general merchandise stores,BEA_2017_Code,311221,,Other general merchandise stores; NAICS 4523; C4529
BEA_NIPA,Other general merchandise stores,BEA_2017_Code,311224,,Other general merchandise stores; NAICS 4523; C4529
BEA_NIPA,Other general merchandise stores,BEA_2017_Code,311225,,Other general merchandise stores; NAICS 4523; C4529
BEA_NIPA,Other general merchandise stores,BEA_2017_Code,311230,,Other general merchandise stores; NAICS 4523; C4529
BEA_NIPA,Other general merchandise stores,BEA_2017_Code,311300,,Other general merchandise stores; NAICS 4523; C4529
BEA_NIPA,Other general merchandise stores,BEA_2017_Code,311410,,Other general merchandise stores; NAICS 4523; C4529
BEA_NIPA,Other general merchandise stores,BEA_2017_Code,311420,,Other general merchandise stores; NAICS 4523; C4529
BEA_NIPA,Other general merchandise stores,BEA_2017_Code,311513,,Other general merchandise stores; NAICS 4523; C4529
BEA_NIPA,Other general merchandise stores,BEA_2017_Code,311514,,Other general merchandise stores; NAICS 4523; C4529
BEA_NIPA,Other general merchandise stores,BEA_2017_Code,31151A,,Other general merchandise stores; NAICS 4523; C4529
BEA_NIPA,Other general merchandise stores,BEA_2017_Code,311520,,Other general merchandise stores; NAICS 4523; C4529
BEA_NIPA,Other general merchandise stores,BEA_2017_Code,311615,,Other general merchandise stores; NAICS 4523; C4529
BEA_NIPA,Other general merchandise stores,BEA_2017_Code,31161A,,Other general merchandise stores; NAICS 4523; C4529
BEA_NIPA,Other general merchandise stores,BEA_2017_Code,311700,,Other general merchandise stores; NAICS 4523; C4529
BEA_NIPA,Other general merchandise stores,BEA_2017_Code,311810,,Other general merchandise stores; NAICS 4523; C4529
BEA_NIPA,Other general merchandise stores,BEA_2017_Code,3118A0,,Other general merchandise stores; NAICS 4523; C4529
BEA_NIPA,Other general merchandise stores,BEA_2017_Code,311910,,Other general merchandise stores; NAICS 4523; C4529
BEA_NIPA,Other general merchandise stores,BEA_2017_Code,311920,,Other general merchandise stores; NAICS 4523; C4529
BEA_NIPA,Other general merchandise stores,BEA_2017_Code,311930,,Other general merchandise stores; NAICS 4523; C4529
BEA_NIPA,Other general merchandise stores,BEA_2017_Code,311940,,Other general merchandise stores; NAICS 4523; C4529
BEA_NIPA,Other general merchandise stores,BEA_2017_Code,311990,,Other general merchandise stores; NAICS 4523; C4529
BEA_NIPA,Other general merchandise stores,BEA_2017_Code,312110,,Other general merchandise stores; NAICS 4523; C4529
BEA_NIPA,Other general merchandise stores,BEA_2017_Code,312120,,Other general merchandise stores; NAICS 4523; C4529
BEA_NIPA,Other general merchandise stores,BEA_2017_Code,312130,,Other general merchandise stores; NAICS 4523; C4529
BEA_NIPA,Other general merchandise stores,BEA_2017_Code,312140,,Other general merchandise stores; NAICS 4523; C4529
BEA_NIPA,Other general merchandise stores,BEA_2017_Code,312200,,Other general merchandise stores; NAICS 4523; C4529
BEA_NIPA,Other general merchandise stores,BEA_2017_Code,315000,,Other general merchandise stores; NAICS 4523; C4529
BEA_NIPA,Other general merchandise stores,BEA_2017_Code,316000,,Other general merchandise stores; NAICS 4523; C4529
BEA_NIPA,Other general merchandise stores,BEA_2017_Code,325110,,Other general merchandise stores; NAICS 4523; C4529
BEA_NIPA,Other general merchandise stores,BEA_2017_Code,325120,,Other general merchandise stores; NAICS 4523; C4529
BEA_NIPA,Other general merchandise stores,BEA_2017_Code,325130,,Other general merchandise stores; NAICS 4523; C4529
BEA_NIPA,Other general merchandise stores,BEA_2017_Code,325180,,Other general merchandise stores; NAICS 4523; C4529
BEA_NIPA,Other general merchandise stores,BEA_2017_Code,325190,,Other general merchandise stores; NAICS 4523; C4529
BEA_NIPA,Other general merchandise stores,BEA_2017_Code,325211,,Other general merchandise stores; NAICS 4523; C4529
BEA_NIPA,Other general merchandise stores,BEA_2017_Code,3252A0,,Other general merchandise stores; NAICS 4523; C4529
BEA_NIPA,Other general merchandise stores,BEA_2017_Code,325310,,Other general merchandise stores; NAICS 4523; C4529
BEA_NIPA,Other general merchandise stores,BEA_2017_Code,325320,,Other general merchandise stores; NAICS 4523; C4529
BEA_NIPA,Other general merchandise stores,BEA_2017_Code,325411,,Other general merchandise stores; NAICS 4523; C4529
BEA_NIPA,Other general merchandise stores,BEA_2017_Code,325412,,Other general merchandise stores; NAICS 4523; C4529
BEA_NIPA,Other general merchandise stores,BEA_2017_Code,325413,,Other general merchandise stores; NAICS 4523; C4529
BEA_NIPA,Other general merchandise stores,BEA_2017_Code,325414,,Other general merchandise stores; NAICS 4523; C4529
BEA_NIPA,Other general merchandise stores,BEA_2017_Code,325510,,Other general merchandise stores; NAICS 4523; C4529
BEA_NIPA,Other general merchandise stores,BEA_2017_Code,325520,,Other general merchandise stores; NAICS 4523; C4529
BEA_NIPA,Other general merchandise stores,BEA_2017_Code,325610,,Other general merchandise stores; NAICS 4523; C4529
BEA_NIPA,Other general merchandise stores,BEA_2017_Code,325620,,Other general merchandise stores; NAICS 4523; C4529
BEA_NIPA,Other general merchandise stores,BEA_2017_Code,325910,,Other general merchandise stores; NAICS 4523; C4529
BEA_NIPA,Other general merchandise stores,BEA_2017_Code,3259A0,,Other general merchandise stores; NAICS 4523; C4529
BEA_NIPA,Other general merchandise stores,BEA_2017_Code,334111,,Other general merchandise stores; NAICS 4523; C4529
BEA_NIPA,Other general merchandise stores,BEA_2017_Code,334112,,Other general merchandise stores; NAICS 4523; C4529
BEA_NIPA,Other general merchandise stores,BEA_2017_Code,334118,,Other general merchandise stores; NAICS 4523; C4529
BEA_NIPA,Other general merchandise stores,BEA_2017_Code,334210,,Other general merchandise stores; NAICS 4523; C4529
BEA_NIPA,Other general merchandise stores,BEA_2017_Code,334220,,Other general merchandise stores; NAICS 4523; C4529
BEA_NIPA,Other general merchandise stores,BEA_2017_Code,334290,,Other general merchandise stores; NAICS 4523; C4529
BEA_NIPA,Other general merchandise stores,BEA_2017_Code,334300,,Other general merchandise stores; NAICS 4523; C4529
BEA_NIPA,Other general merchandise stores,BEA_2017_Code,334413,,Other general merchandise stores; NAICS 4523; C4529
BEA_NIPA,Other general merchandise stores,BEA_2017_Code,334418,,Other general merchandise stores; NAICS 4523; C4529
BEA_NIPA,Other general merchandise stores,BEA_2017_Code,33441A,,Other general merchandise stores; NAICS 4523; C4529
BEA_NIPA,Other general merchandise stores,BEA_2017_Code,334510,,Other general merchandise stores; NAICS 4523; C4529
BEA_NIPA,Other general merchandise stores,BEA_2017_Code,334511,,Other general merchandise stores; NAICS 4523; C4529
BEA_NIPA,Other general merchandise stores,BEA_2017_Code,334512,,Other general merchandise stores; NAICS 4523; C4529
BEA_NIPA,Other general merchandise stores,BEA_2017_Code,334513,,Other general merchandise stores; NAICS 4523; C4529
BEA_NIPA,Other general merchandise stores,BEA_2017_Code,334514,,Other general merchandise stores; NAICS 4523; C4529
BEA_NIPA,Other general merchandise stores,BEA_2017_Code,334515,,Other general merchandise stores; NAICS 4523; C4529
BEA_NIPA,Other general merchandise stores,BEA_2017_Code,334516,,Other general merchandise stores; NAICS 4523; C4529
BEA_NIPA,Other general merchandise stores,BEA_2017_Code,334517,,Other general merchandise stores; NAICS 4523; C4529
BEA_NIPA,Other general merchandise stores,BEA_2017_Code,33451A,,Other general merchandise stores; NAICS 4523; C4529
BEA_NIPA,Other general merchandise stores,BEA_2017_Code,334610,,Other general merchandise stores; NAICS 4523; C4529
BEA_NIPA,Other general merchandise stores,BEA_2017_Code,335110,,Other general merchandise stores; NAICS 4523; C4529
BEA_NIPA,Other general merchandise stores,BEA_2017_Code,335120,,Other general merchandise stores; NAICS 4523; C4529
BEA_NIPA,Other general merchandise stores,BEA_2017_Code,335210,,Other general merchandise stores; NAICS 4523; C4529
BEA_NIPA,Other general merchandise stores,BEA_2017_Code,335220,,Other general merchandise stores; NAICS 4523; C4529
BEA_NIPA,Other general merchandise stores,BEA_2017_Code,335311,,Other general merchandise stores; NAICS 4523; C4529
BEA_NIPA,Other general merchandise stores,BEA_2017_Code,335312,,Other general merchandise stores; NAICS 4523; C4529
BEA_NIPA,Other general merchandise stores,BEA_2017_Code,335313,,Other general merchandise stores; NAICS 4523; C4529
BEA_NIPA,Other general merchandise stores,BEA_2017_Code,335314,,Other general merchandise stores; NAICS 4523; C4529
BEA_NIPA,Other general merchandise stores,BEA_2017_Code,335911,,Other general merchandise stores; NAICS 4523; C4529
BEA_NIPA,Other general merchandise stores,BEA_2017_Code,335912,,Other general merchandise stores; NAICS 4523; C4529
BEA_NIPA,Other general merchandise stores,BEA_2017_Code,335920,,Other general merchandise stores; NAICS 4523; C4529
BEA_NIPA,Other general merchandise stores,BEA_2017_Code,335930,,Other general merchandise stores; NAICS 4523; C4529
BEA_NIPA,Other general merchandise stores,BEA_2017_Code,335991,,Other general merchandise stores; NAICS 4523; C4529
BEA_NIPA,Other general merchandise stores,BEA_2017_Code,335999,,Other general merchandise stores; NAICS 4523; C4529
BEA_NIPA,Other general merchandise stores,BEA_2017_Code,337110,,Other general merchandise stores; NAICS 4523; C4529
BEA_NIPA,Other general merchandise stores,BEA_2017_Code,337121,,Other general merchandise stores; NAICS 4523; C4529
BEA_NIPA,Other general merchandise stores,BEA_2017_Code,337122,,Other general merchandise stores; NAICS 4523; C4529
BEA_NIPA,Other general merchandise stores,BEA_2017_Code,337127,,Other general merchandise stores; NAICS 4523; C4529
BEA_NIPA,Other general merchandise stores,BEA_2017_Code,33712N,,Other general merchandise stores; NAICS 4523; C4529
BEA_NIPA,Other general merchandise stores,BEA_2017_Code,337215,,Other general merchandise stores; NAICS 4523; C4529
BEA_NIPA,Other general merchandise stores,BEA_2017_Code,33721A,,Other general merchandise stores; NAICS 4523; C4529
BEA_NIPA,Other general merchandise stores,BEA_2017_Code,337900,,Other general merchandise stores; NAICS 4523; C4529
BEA_NIPA,Other general merchandise stores,BEA_2017_Code,339112,,Other general merchandise stores; NAICS 4523; C4529
BEA_NIPA,Other general merchandise stores,BEA_2017_Code,339113,,Other general merchandise stores; NAICS 4523; C4529
BEA_NIPA,Other general merchandise stores,BEA_2017_Code,339114,,Other general merchandise stores; NAICS 4523; C4529
BEA_NIPA,Other general merchandise stores,BEA_2017_Code,339115,,Other general merchandise stores; NAICS 4523; C4529
BEA_NIPA,Other general merchandise stores,BEA_2017_Code,339116,,Other general merchandise stores; NAICS 4523; C4529
BEA_NIPA,Other general merchandise stores,BEA_2017_Code,339910,,Other general merchandise stores; NAICS 4523; C4529
BEA_NIPA,Other general merchandise stores,BEA_2017_Code,339920,,Other general merchandise stores; NAICS 4523; C4529
BEA_NIPA,Other general merchandise stores,BEA_2017_Code,339930,,Other general merchandise stores; NAICS 4523; C4529
BEA_NIPA,Other general merchandise stores,BEA_2017_Code,339940,,Other general merchandise stores; NAICS 4523; C4529
BEA_NIPA,Other general merchandise stores,BEA_2017_Code,339950,,Other general merchandise stores; NAICS 4523; C4529
BEA_NIPA,Other general merchandise stores,BEA_2017_Code,339990,,Other general merchandise stores; NAICS 4523; C4529
BEA_NIPA,Other retail stores,BEA_2017_Code,311111,,Other retail stores; NAICS 451/453/454; C44X
BEA_NIPA,Other retail stores,BEA_2017_Code,311119,,Other retail stores; NAICS 451/453/454; C44X
BEA_NIPA,Other retail stores,BEA_2017_Code,311210,,Other retail stores; NAICS 451/453/454; C44X
BEA_NIPA,Other retail stores,BEA_2017_Code,311221,,Other retail stores; NAICS 451/453/454; C44X
BEA_NIPA,Other retail stores,BEA_2017_Code,311224,,Other retail stores; NAICS 451/453/454; C44X
BEA_NIPA,Other retail stores,BEA_2017_Code,311225,,Other retail stores; NAICS 451/453/454; C44X
BEA_NIPA,Other retail stores,BEA_2017_Code,311230,,Other retail stores; NAICS 451/453/454; C44X
BEA_NIPA,Other retail stores,BEA_2017_Code,311300,,Other retail stores; NAICS 451/453/454; C44X
BEA_NIPA,Other retail stores,BEA_2017_Code,311410,,Other retail stores; NAICS 451/453/454; C44X
BEA_NIPA,Other retail stores,BEA_2017_Code,311420,,Other retail stores; NAICS 451/453/454; C44X
BEA_NIPA,Other retail stores,BEA_2017_Code,311513,,Other retail stores; NAICS 451/453/454; C44X
BEA_NIPA,Other retail stores,BEA_2017_Code,311514,,Other retail stores; NAICS 451/453/454; C44X
BEA_NIPA,Other retail stores,BEA_2017_Code,31151A,,Other retail stores; NAICS 451/453/454; C44X
BEA_NIPA,Other retail stores,BEA_2017_Code,311520,,Other retail stores; NAICS 451/453/454; C44X
BEA_NIPA,Other retail stores,BEA_2017_Code,311615,,Other retail stores; NAICS 451/453/454; C44X
BEA_NIPA,Other retail stores,BEA_2017_Code,31161A,,Other retail stores; NAICS 451/453/454; C44X
BEA_NIPA,Other retail stores,BEA_2017_Code,311700,,Other retail stores; NAICS 451/453/454; C44X
BEA_NIPA,Other retail stores,BEA_2017_Code,311810,,Other retail stores; NAICS 451/453/454; C44X
BEA_NIPA,Other retail stores,BEA_2017_Code,3118A0,,Other retail stores; NAICS 451/453/454; C44X
BEA_NIPA,Other retail stores,BEA_2017_Code,311910,,Other retail stores; NAICS 451/453/454; C44X
BEA_NIPA,Other retail stores,BEA_2017_Code,311920,,Other retail stores; NAICS 451/453/454; C44X
BEA_NIPA,Other retail stores,BEA_2017_Code,311930,,Other retail stores; NAICS 451/453/454; C44X
BEA_NIPA,Other retail stores,BEA_2017_Code,311940,,Other retail stores; NAICS 451/453/454; C44X
BEA_NIPA,Other retail stores,BEA_2017_Code,311990,,Other retail stores; NAICS 451/453/454; C44X
BEA_NIPA,Other retail stores,BEA_2017_Code,312110,,Other retail stores; NAICS 451/453/454; C44X
BEA_NIPA,Other retail stores,BEA_2017_Code,312120,,Other retail stores; NAICS 451/453/454; C44X
BEA_NIPA,Other retail stores,BEA_2017_Code,312130,,Other retail stores; NAICS 451/453/454; C44X
BEA_NIPA,Other retail stores,BEA_2017_Code,312140,,Other retail stores; NAICS 451/453/454; C44X
BEA_NIPA,Other retail stores,BEA_2017_Code,312200,,Other retail stores; NAICS 451/453/454; C44X
BEA_NIPA,Other retail stores,BEA_2017_Code,315000,,Other retail stores; NAICS 451/453/454; C44X
BEA_NIPA,Other retail stores,BEA_2017_Code,316000,,Other retail stores; NAICS 451/453/454; C44X
BEA_NIPA,Other retail stores,BEA_2017_Code,325110,,Other retail stores; NAICS 451/453/454; C44X
BEA_NIPA,Other retail stores,BEA_2017_Code,325120,,Other retail stores; NAICS 451/453/454; C44X
BEA_NIPA,Other retail stores,BEA_2017_Code,325130,,Other retail stores; NAICS 451/453/454; C44X
BEA_NIPA,Other retail stores,BEA_2017_Code,325180,,Other retail stores; NAICS 451/453/454; C44X
BEA_NIPA,Other retail stores,BEA_2017_Code,325190,,Other retail stores; NAICS 451/453/454; C44X
BEA_NIPA,Other retail stores,BEA_2017_Code,325211,,Other retail stores; NAICS 451/453/454; C44X
BEA_NIPA,Other retail stores,BEA_2017_Code,3252A0,,Other retail stores; NAICS 451/453/454; C44X
BEA_NIPA,Other retail stores,BEA_2017_Code,325310,,Other retail stores; NAICS 451/453/454; C44X
BEA_NIPA,Other retail stores,BEA_2017_Code,325320,,Other retail stores; NAICS 451/453/454; C44X
BEA_NIPA,Other retail stores,BEA_2017_Code,325411,,Other retail stores; NAICS 451/453/454; C44X
BEA_NIPA,Other retail stores,BEA_2017_Code,325412,,Other retail stores; NAICS 451/453/454; C44X
BEA_NIPA,Other retail stores,BEA_2017_Code,325413,,Other retail stores; NAICS 451/453/454; C44X
BEA_NIPA,Other retail stores,BEA_2017_Code,325414,,Other retail stores; NAICS 451/453/454; C44X
BEA_NIPA,Other retail stores,BEA_2017_Code,325510,,Other retail stores; NAICS 451/453/454; C44X
BEA_NIPA,Other retail stores,BEA_2017_Code,325520,,Other retail stores; NAICS 451/453/454; C44X
BEA_NIPA,Other retail stores,BEA_2017_Code,325610,,Other retail stores; NAICS 451/453/454; C44X
BEA_NIPA,Other retail stores,BEA_2017_Code,325620,,Other retail stores; NAICS 451/453/454; C44X
BEA_NIPA,Other retail stores,BEA_2017_Code,325910,,Other retail stores; NAICS 451/453/454; C44X
BEA_NIPA,Other retail stores,BEA_2017_Code,3259A0,,Other retail stores; NAICS 451/453/454; C44X
BEA_NIPA,Other retail stores,BEA_2017_Code,334111,,Other retail stores; NAICS 451/453/454; C44X
BEA_NIPA,Other retail stores,BEA_2017_Code,334112,,Other retail stores; NAICS 451/453/454; C44X
BEA_NIPA,Other retail stores,BEA_2017_Code,334118,,Other retail stores; NAICS 451/453/454; C44X
BEA_NIPA,Other retail stores,BEA_2017_Code,334210,,Other retail stores; NAICS 451/453/454; C44X
BEA_NIPA,Other retail stores,BEA_2017_Code,334220,,Other retail stores; NAICS 451/453/454; C44X
BEA_NIPA,Other retail stores,BEA_2017_Code,334290,,Other retail stores; NAICS 451/453/454; C44X
BEA_NIPA,Other retail stores,BEA_2017_Code,334300,,Other retail stores; NAICS 451/453/454; C44X
BEA_NIPA,Other retail stores,BEA_2017_Code,334413,,Other retail stores; NAICS 451/453/454; C44X
BEA_NIPA,Other retail stores,BEA_2017_Code,334418,,Other retail stores; NAICS 451/453/454; C44X
BEA_NIPA,Other retail stores,BEA_2017_Code,33441A,,Other retail stores; NAICS 451/453/454; C44X
BEA_NIPA,Other retail stores,BEA_2017_Code,334510,,Other retail stores; NAICS 451/453/454; C44X
BEA_NIPA,Other retail stores,BEA_2017_Code,334511,,Other retail stores; NAICS 451/453/454; C44X
BEA_NIPA,Other retail stores,BEA_2017_Code,334512,,Other retail stores; NAICS 451/453/454; C44X
BEA_NIPA,Other retail stores,BEA_2017_Code,334513,,Other retail stores; NAICS 451/453/454; C44X
BEA_NIPA,Other retail stores,BEA_2017_Code,334514,,Other retail stores; NAICS 451/453/454; C44X
BEA_NIPA,Other retail stores,BEA_2017_Code,334515,,Other retail stores; NAICS 451/453/454; C44X
BEA_NIPA,Other retail stores,BEA_2017_Code,334516,,Other retail stores; NAICS 451/453/454; C44X
BEA_NIPA,Other retail stores,BEA_2017_Code,334517,,Other retail stores; NAICS 451/453/454; C44X
BEA_NIPA,Other retail stores,BEA_2017_Code,33451A,,Other retail stores; NAICS 451/453/454; C44X
BEA_NIPA,Other retail stores,BEA_2017_Code,334610,,Other retail stores; NAICS 451/453/454; C44X
BEA_NIPA,Other retail stores,BEA_2017_Code,335110,,Other retail stores; NAICS 451/453/454; C44X
BEA_NIPA,Other retail stores,BEA_2017_Code,335120,,Other retail stores; NAICS 451/453/454; C44X
BEA_NIPA,Other retail stores,BEA_2017_Code,335210,,Other retail stores; NAICS 451/453/454; C44X
BEA_NIPA,Other retail stores,BEA_2017_Code,335220,,Other retail stores; NAICS 451/453/454; C44X
BEA_NIPA,Other retail stores,BEA_2017_Code,335311,,Other retail stores; NAICS 451/453/454; C44X
BEA_NIPA,Other retail stores,BEA_2017_Code,335312,,Other retail stores; NAICS 451/453/454; C44X
BEA_NIPA,Other retail stores,BEA_2017_Code,335313,,Other retail stores; NAICS 451/453/454; C44X
BEA_NIPA,Other retail stores,BEA_2017_Code,335314,,Other retail stores; NAICS 451/453/454; C44X
BEA_NIPA,Other retail stores,BEA_2017_Code,335911,,Other retail stores; NAICS 451/453/454; C44X
BEA_NIPA,Other retail stores,BEA_2017_Code,335912,,Other retail stores; NAICS 451/453/454; C44X
BEA_NIPA,Other retail stores,BEA_2017_Code,335920,,Other retail stores; NAICS 451/453/454; C44X
BEA_NIPA,Other retail stores,BEA_2017_Code,335930,,Other retail stores; NAICS 451/453/454; C44X
BEA_NIPA,Other retail stores,BEA_2017_Code,335991,,Other retail stores; NAICS 451/453/454; C44X
BEA_NIPA,Other retail stores,BEA_2017_Code,335999,,Other retail stores; NAICS 451/453/454; C44X
BEA_NIPA,Other retail stores,BEA_2017_Code,337110,,Other retail stores; NAICS 451/453/454; C44X
BEA_NIPA,Other retail stores,BEA_2017_Code,337121,,Other retail stores; NAICS 451/453/454; C44X
BEA_NIPA,Other retail stores,BEA_2017_Code,337122,,Other retail stores; NAICS 451/453/454; C44X
BEA_NIPA,Other retail stores,BEA_2017_Code,337127,,Other retail stores; NAICS 451/453/454; C44X
BEA_NIPA,Other retail stores,BEA_2017_Code,33712N,,Other retail stores; NAICS 451/453/454; C44X
BEA_NIPA,Other retail stores,BEA_2017_Code,337215,,Other retail stores; NAICS 451/453/454; C44X
BEA_NIPA,Other retail stores,BEA_2017_Code,33721A,,Other retail stores; NAICS 451/453/454; C44X
BEA_NIPA,Other retail stores,BEA_2017_Code,337900,,Other retail stores; NAICS 451/453/454; C44X
BEA_NIPA,Other retail stores,BEA_2017_Code,339112,,Other retail stores; NAICS 451/453/454; C44X
BEA_NIPA,Other retail stores,BEA_2017_Code,339113,,Other retail stores; NAICS 451/453/454; C44X
BEA_NIPA,Other retail stores,BEA_2017_Code,339114,,Other retail stores; NAICS 451/453/454; C44X
BEA_NIPA,Other retail stores,BEA_2017_Code,339115,,Other retail stores; NAICS 451/453/454; C44X
BEA_NIPA,Other retail stores,BEA_2017_Code,339116,,Other retail stores; NAICS 451/453/454; C44X
BEA_NIPA,Other retail stores,BEA_2017_Code,339910,,Other retail stores; NAICS 451/453/454; C44X
BEA_NIPA,Other retail stores,BEA_2017_Code,339920,,Other retail stores; NAICS 451/453/454; C44X
BEA_NIPA,Other retail stores,BEA_2017_Code,339930,,Other retail stores; NAICS 451/453/454; C44X
BEA_NIPA,Other retail stores,BEA_2017_Code,339940,,Other retail stores; NAICS 451/453/454; C44X
BEA_NIPA,Other retail stores,BEA_2017_Code,339950,,Other retail stores; NAICS 451/453/454; C44X
BEA_NIPA,Other retail stores,BEA_2017_Code,339990,,Other retail stores; NAICS 451/453/454; C44X
BEA_NIPA,Other retail stores,BEA_2017_Code,511110,,Other retail stores; NAICS 451/453/454; C44X
BEA_NIPA,Other retail stores,BEA_2017_Code,511120,,Other retail stores; NAICS 451/453/454; C44X
BEA_NIPA,Other retail stores,BEA_2017_Code,511130,,Other retail stores; NAICS 451/453/454; C44X
BEA_NIPA,Other retail stores,BEA_2017_Code,5111A0,,Other retail stores; NAICS 451/453/454; C44X
BEA_NIPA,Other retail stores,BEA_2017_Code,512100,,Other retail stores; NAICS 451/453/454; C44X
BEA_NIPA,Other retail stores,BEA_2017_Code,512200,,Other retail stores; NAICS 451/453/454; C44X
BEA_NIPA,Other retail stores,BEA_2017_Code,S00402,,Other retail stores; NAICS 451/453/454; C44X
